customer_id,first_name,last_name,email,phone,city,state,region,signup_date,loyalty_member,email_missing
1,Richard,Perez,richard.perez1@example.com,(343) 688-6301,Boston,MA,Northeast,2020-01-27,True,False
2,James,Rodriguez,james.rodriguez2@example.com,(657) 971-5374,Houston,TX,South,2020-08-22,False,False
3,Elizabeth,Jackson,elizabeth.jackson3@example.com,(211) 467-6890,San Francisco,CA,West,2024-06-04,True,False
4,Mary,Perez,mary.perez4@example.com,(514) 363-7642,Boston,MA,Northeast,2023-03-22,False,False
5,Matthew,Brown,matthew.brown5@example.com,(576) 829-4618,Los Angeles,CA,West,2021-04-23,True,False
6,John,Thomas,john.thomas6@example.com,(965) 820-7121,Philadelphia,PA,Northeast,2023-02-07,False,False
7,Matthew,Moore,matthew.moore7@example.com,(975) 750-4578,Phoenix,AZ,West,2023-04-13,True,False
8,Nancy,Harris,nancy.harris8@example.com,(738) 657-9653,Miami,FL,South,2018-12-02,False,False
9,Robert,Robinson,robert.robinson9@example.com,(263) 760-9281,Miami,FL,South,2019-04-05,True,False
10,Charles,Moore,charles.moore10@example.com,(535) 732-8239,Philadelphia,PA,Northeast,2019-11-05,True,False
11,Nancy,Miller,nancy.miller11@example.com,(700) 293-9361,San Francisco,CA,West,2024-07-16,False,False
12,Betty,Johnson,betty.johnson12@example.com,(725) 625-8484,Dallas,TX,South,2019-06-25,True,False
13,Sarah,Anderson,sarah.anderson13@example.com,(940) 222-7487,Los Angeles,CA,West,2021-06-16,False,False
14,Mark,Smith,mark.smith14@example.com,(792) 274-1742,San Francisco,CA,West,2020-06-11,False,False
15,Barbara,Thompson,barbara.thompson15@example.com,(261) 270-8734,Boston,MA,Northeast,2024-01-26,True,False
16,Elizabeth,Wilson,elizabeth.wilson16@example.com,(984) 856-7887,Philadelphia,PA,Northeast,2019-07-09,False,False
17,Steven,Gonzalez,steven.gonzalez17@example.com,(584) 282-9835,Dallas,TX,South,2022-03-27,True,False
18,Daniel,Ramirez,daniel.ramirez18@example.com,(382) 750-7439,Minneapolis,MN,Midwest,2019-05-01,True,False
19,Lisa,Davis,lisa.davis19@example.com,(974) 223-5888,Denver,CO,West,2018-01-15,False,False
20,Nancy,White,nancy.white20@example.com,(744) 588-4762,Atlanta,GA,South,2022-10-04,True,False
21,Joseph,Lopez,joseph.lopez21@example.com,(393) 942-2848,Philadelphia,PA,Northeast,2021-02-03,True,False
22,Betty,Perez,betty.perez22@example.com,(984) 216-4943,Houston,TX,South,2024-11-23,True,False
23,Robert,Brown,robert.brown23@example.com,(657) 812-1797,Miami,FL,South,2018-05-18,True,False
24,Lisa,Johnson,lisa.johnson24@example.com,(439) 752-4559,Houston,TX,South,2022-12-03,True,False
25,John,Taylor,john.taylor25@example.com,(949) 789-6224,Detroit,MI,Midwest,2020-08-17,False,False
26,Linda,Martinez,linda.martinez26@example.com,(876) 733-4621,Phoenix,AZ,West,2019-08-10,False,False
27,Elizabeth,Rodriguez,elizabeth.rodriguez27@example.com,(805) 952-3869,New York,NY,Northeast,2024-03-30,False,False
28,Sarah,Thomas,sarah.thomas28@example.com,(858) 887-7244,New York,NY,Northeast,2021-11-11,False,False
29,Matthew,Wilson,matthew.wilson29@example.com,(507) 585-4012,Houston,TX,South,2019-09-04,False,False
30,Linda,Ramirez,linda.ramirez30@example.com,(924) 347-8586,Chicago,IL,Midwest,2021-05-16,True,False
31,Sarah,Wilson,sarah.wilson31@example.com,(742) 337-7363,Houston,TX,South,2024-04-01,True,False
32,William,Miller,william.miller32@example.com,(280) 660-7079,Minneapolis,MN,Midwest,2025-04-02,True,False
33,Sarah,White,sarah.white33@example.com,(252) 474-7179,Denver,CO,West,2020-02-20,True,False
34,Margaret,Williams,margaret.williams34@example.com,(941) 887-4555,Chicago,IL,Midwest,2024-08-03,False,False
35,Michael,Ramirez,michael.ramirez35@example.com,(510) 215-4470,Phoenix,AZ,West,2021-09-25,True,False
36,Lisa,Brown,lisa.brown36@example.com,(448) 912-4350,San Francisco,CA,West,2023-05-16,False,False
37,Sandra,Davis,sandra.davis37@example.com,(994) 489-7236,Atlanta,GA,South,2021-08-10,False,False
38,Sarah,Lee,sarah.lee38@example.com,(467) 568-9401,Minneapolis,MN,Midwest,2021-06-17,False,False
39,Joseph,Brown,joseph.brown39@example.com,(979) 527-4328,Seattle,WA,West,2023-04-08,False,False
40,David,Wilson,david.wilson40@example.com,(426) 959-3390,New York,NY,Northeast,2024-04-23,True,False
41,William,Moore,william.moore41@example.com,(793) 937-7841,Phoenix,AZ,West,2024-07-20,False,False
42,John,Miller,john.miller42@example.com,(588) 783-5026,Minneapolis,MN,Midwest,2020-07-31,False,False
43,Sarah,Lee,sarah.lee43@example.com,(463) 981-9005,Los Angeles,CA,West,2021-10-14,False,False
44,Joseph,Garcia,joseph.garcia44@example.com,(373) 343-9954,San Francisco,CA,West,2021-12-13,False,False
45,Jennifer,Robinson,jennifer.robinson45@example.com,(857) 260-9584,Phoenix,AZ,West,2024-01-30,True,False
46,Mark,Ramirez,mark.ramirez46@example.com,(249) 982-1104,Boston,MA,Northeast,2025-06-30,False,False
47,John,Clark,john.clark47@example.com,(269) 924-3474,Los Angeles,CA,West,2020-08-05,True,False
48,Michael,Taylor,michael.taylor48@example.com,(261) 832-8916,Dallas,TX,South,2022-03-09,False,False
49,James,Smith,james.smith49@example.com,(621) 212-1274,Atlanta,GA,South,2024-03-09,False,False
50,Sarah,Martinez,sarah.martinez50@example.com,(914) 890-8054,New York,NY,Northeast,2023-08-20,True,False
51,Patricia,Robinson,patricia.robinson51@example.com,(352) 446-4144,Boston,MA,Northeast,2023-11-18,False,False
52,Mark,Lopez,mark.lopez52@example.com,(280) 582-7652,Detroit,MI,Midwest,2022-06-14,False,False
53,Charles,Davis,charles.davis53@example.com,(507) 900-2320,San Francisco,CA,West,2020-07-14,True,False
54,Robert,Gonzalez,robert.gonzalez54@example.com,(765) 687-1919,Houston,TX,South,2022-03-25,True,False
55,Matthew,Garcia,matthew.garcia55@example.com,(644) 860-6427,Boston,MA,Northeast,2023-08-10,True,False
56,Steven,Taylor,steven.taylor56@example.com,(435) 416-8790,Phoenix,AZ,West,2018-06-24,False,False
57,Mary,Robinson,mary.robinson57@example.com,(487) 756-1539,Boston,MA,Northeast,2025-09-04,True,False
58,Sandra,Ramirez,sandra.ramirez58@example.com,(412) 801-3362,Minneapolis,MN,Midwest,2018-03-06,False,False
59,Sandra,Williams,sandra.williams59@example.com,(777) 446-7375,Detroit,MI,Midwest,2019-10-28,False,False
60,Richard,Harris,richard.harris60@example.com,(905) 941-2284,San Francisco,CA,West,2019-07-28,False,False
61,Mary,Brown,mary.brown61@example.com,(277) 548-7499,Houston,TX,South,2020-08-08,False,False
62,James,Lee,james.lee62@example.com,(702) 433-6829,Detroit,MI,Midwest,2023-01-20,False,False
63,Susan,Garcia,susan.garcia63@example.com,(876) 589-2404,Los Angeles,CA,West,2024-07-27,False,False
64,Betty,Davis,betty.davis64@example.com,(284) 474-3526,San Francisco,CA,West,2018-10-29,False,False
65,Matthew,Sanchez,matthew.sanchez65@example.com,(957) 598-6188,Los Angeles,CA,West,2019-09-24,False,False
66,Patricia,Williams,patricia.williams66@example.com,(655) 568-5419,New York,NY,Northeast,2021-06-16,True,False
67,John,Williams,john.williams67@example.com,(659) 770-9395,Philadelphia,PA,Northeast,2022-11-01,False,False
68,Patricia,Smith,patricia.smith68@example.com,(767) 295-6315,Boston,MA,Northeast,2021-12-20,False,False
69,James,Martinez,james.martinez69@example.com,(997) 286-4977,Houston,TX,South,2022-05-08,True,False
70,Nancy,Gonzalez,nancy.gonzalez70@example.com,(475) 508-5397,Philadelphia,PA,Northeast,2019-07-23,False,False
71,John,Williams,john.williams71@example.com,(482) 631-5911,Philadelphia,PA,Northeast,2022-11-16,False,False
72,Betty,Williams,betty.williams72@example.com,(452) 938-9123,Minneapolis,MN,Midwest,2020-10-27,True,False
73,Joseph,Brown,joseph.brown73@example.com,(206) 605-6443,Philadelphia,PA,Northeast,2021-06-01,False,False
74,Betty,Ramirez,betty.ramirez74@example.com,(542) 640-3230,Minneapolis,MN,Midwest,2022-12-09,False,False
75,David,Martin,david.martin75@example.com,(690) 521-3910,San Francisco,CA,West,2020-04-02,False,False
76,David,Martinez,david.martinez76@example.com,(848) 702-4971,San Francisco,CA,West,2025-10-17,False,False
77,Richard,Rodriguez,richard.rodriguez77@example.com,(573) 316-4273,Denver,CO,West,2022-05-29,True,False
78,Nancy,Harris,nancy.harris78@example.com,(944) 672-4434,Atlanta,GA,South,2018-04-21,False,False
79,Betty,Martinez,betty.martinez79@example.com,(270) 618-9180,Denver,CO,West,2025-10-08,True,False
80,Daniel,Martinez,daniel.martinez80@example.com,(874) 357-7932,Chicago,IL,Midwest,2020-10-31,False,False
81,Robert,Anderson,robert.anderson81@example.com,(796) 610-9755,Miami,FL,South,2023-05-17,False,False
82,Sarah,Johnson,sarah.johnson82@example.com,(918) 749-2392,Seattle,WA,West,2022-01-12,True,False
83,Anthony,Davis,anthony.davis83@example.com,(563) 370-1725,Los Angeles,CA,West,2025-06-15,False,False
84,Anthony,Hernandez,anthony.hernandez84@example.com,(308) 210-2615,Seattle,WA,West,2022-10-30,False,False
85,Linda,Taylor,linda.taylor85@example.com,(771) 794-4621,San Francisco,CA,West,2023-10-26,False,False
86,Barbara,Gonzalez,barbara.gonzalez86@example.com,(802) 907-9199,Dallas,TX,South,2025-08-15,True,False
87,Barbara,Smith,barbara.smith87@example.com,(502) 625-2406,Dallas,TX,South,2019-03-05,True,False
88,Mark,White,mark.white88@example.com,(519) 551-8460,Philadelphia,PA,Northeast,2021-11-27,True,False
89,Thomas,Thomas,thomas.thomas89@example.com,(299) 648-8412,Minneapolis,MN,Midwest,2023-05-05,False,False
90,Robert,Martinez,robert.martinez90@example.com,(223) 551-2791,New York,NY,Northeast,2019-04-17,True,False
91,Sandra,White,sandra.white91@example.com,(378) 765-3623,Chicago,IL,Midwest,2023-10-15,False,False
92,Sarah,Wilson,sarah.wilson92@example.com,(614) 844-4022,Dallas,TX,South,2020-08-07,True,False
93,Daniel,Perez,daniel.perez93@example.com,(229) 955-4232,Houston,TX,South,2022-06-09,False,False
94,Charles,Wilson,charles.wilson94@example.com,(921) 419-4371,Houston,TX,South,2018-01-19,False,False
95,Anthony,Thompson,anthony.thompson95@example.com,(791) 304-9796,Seattle,WA,West,2018-09-14,True,False
96,Barbara,Hernandez,barbara.hernandez96@example.com,(316) 468-9019,Chicago,IL,Midwest,2023-02-18,False,False
97,Karen,Gonzalez,karen.gonzalez97@example.com,(801) 316-6700,Miami,FL,South,2022-05-27,False,False
98,Margaret,Anderson,margaret.anderson98@example.com,(889) 922-5873,Miami,FL,South,2019-12-08,True,False
99,Nancy,Jones,nancy.jones99@example.com,(444) 512-2916,Minneapolis,MN,Midwest,2019-04-28,True,False
100,Barbara,Thompson,barbara.thompson100@example.com,(597) 628-3258,Philadelphia,PA,Northeast,2023-09-24,False,False
101,Susan,Garcia,susan.garcia101@example.com,(750) 910-3838,Dallas,TX,South,2025-02-16,True,False
102,Jessica,Martinez,jessica.martinez102@example.com,(522) 661-1878,Philadelphia,PA,Northeast,2020-02-06,False,False
103,James,Thomas,james.thomas103@example.com,(593) 775-9281,Philadelphia,PA,Northeast,2020-03-10,False,False
104,Susan,Perez,susan.perez104@example.com,(927) 654-9006,Dallas,TX,South,2022-08-30,True,False
105,Robert,Jackson,robert.jackson105@example.com,(499) 233-5503,New York,NY,Northeast,2020-06-22,True,False
106,Sarah,Martinez,sarah.martinez106@example.com,(779) 960-9115,Philadelphia,PA,Northeast,2023-02-17,True,False
107,Charles,Brown,charles.brown107@example.com,(575) 755-1681,Detroit,MI,Midwest,2024-02-03,False,False
108,Sarah,Miller,sarah.miller108@example.com,(953) 869-5055,Houston,TX,South,2019-02-24,False,False
109,Margaret,Johnson,margaret.johnson109@example.com,(556) 289-8193,Dallas,TX,South,2020-12-12,True,False
110,Anthony,Sanchez,anthony.sanchez110@example.com,(955) 802-6744,Chicago,IL,Midwest,2020-05-09,False,False
111,Jennifer,Martin,jennifer.martin111@example.com,(411) 260-6747,Philadelphia,PA,Northeast,2020-04-26,False,False
112,Karen,Moore,karen.moore112@example.com,(920) 499-5740,Philadelphia,PA,Northeast,2021-08-18,False,False
113,Margaret,Taylor,margaret.taylor113@example.com,(297) 338-7743,Phoenix,AZ,West,2025-08-14,True,False
114,William,Ramirez,william.ramirez114@example.com,(918) 335-5090,Los Angeles,CA,West,2019-06-04,True,False
115,Matthew,Hernandez,matthew.hernandez115@example.com,(979) 892-7434,Denver,CO,West,2020-10-10,False,False
116,John,Jackson,john.jackson116@example.com,(842) 624-7146,Los Angeles,CA,West,2021-01-05,False,False
117,Robert,Lee,robert.lee117@example.com,(612) 727-5558,Seattle,WA,West,2019-01-17,False,False
118,Joseph,Thomas,joseph.thomas118@example.com,(202) 992-2526,Minneapolis,MN,Midwest,2024-07-11,False,False
119,Daniel,Perez,daniel.perez119@example.com,(264) 747-7516,San Francisco,CA,West,2022-01-07,True,False
120,Susan,Clark,susan.clark120@example.com,(474) 530-5646,Chicago,IL,Midwest,2023-07-20,False,False
121,Sarah,Jackson,sarah.jackson121@example.com,(696) 551-1793,Philadelphia,PA,Northeast,2024-05-07,True,False
122,Patricia,Lee,patricia.lee122@example.com,(216) 327-3588,Seattle,WA,West,2023-02-26,False,False
123,Joseph,Smith,joseph.smith123@example.com,(905) 335-5945,Houston,TX,South,2020-04-08,True,False
124,Margaret,Robinson,margaret.robinson124@example.com,(295) 870-6905,Phoenix,AZ,West,2021-01-27,False,False
125,Robert,Lopez,robert.lopez125@example.com,(369) 253-7493,Los Angeles,CA,West,2025-04-11,False,False
126,Lisa,Thompson,lisa.thompson126@example.com,(639) 871-2494,Seattle,WA,West,2020-08-17,True,False
127,James,Miller,james.miller127@example.com,(335) 807-4705,Dallas,TX,South,2018-11-16,False,False
128,James,Smith,james.smith128@example.com,(323) 632-3165,San Francisco,CA,West,2021-11-08,False,False
129,Robert,Davis,robert.davis129@example.com,(948) 304-2690,Houston,TX,South,2019-01-01,False,False
130,Barbara,Lewis,barbara.lewis130@example.com,(591) 992-3181,Detroit,MI,Midwest,2019-07-16,True,False
131,Robert,Taylor,robert.taylor131@example.com,(824) 865-3688,Miami,FL,South,2018-02-04,False,False
132,Barbara,White,barbara.white132@example.com,(966) 355-7745,Chicago,IL,Midwest,2025-01-16,False,False
133,Margaret,Miller,margaret.miller133@example.com,(343) 970-3017,Boston,MA,Northeast,2019-02-16,False,False
134,Barbara,Wilson,barbara.wilson134@example.com,(453) 483-2380,Minneapolis,MN,Midwest,2019-07-27,True,False
135,Sarah,Martin,sarah.martin135@example.com,(491) 997-1439,Miami,FL,South,2024-10-24,False,False
136,Michael,Taylor,michael.taylor136@example.com,(393) 965-7418,Miami,FL,South,2023-09-19,False,False
137,Daniel,Johnson,daniel.johnson137@example.com,(706) 595-2847,Seattle,WA,West,2020-09-07,True,False
138,Jessica,Lee,jessica.lee138@example.com,(740) 212-6916,Miami,FL,South,2018-10-18,False,False
139,John,Gonzalez,john.gonzalez139@example.com,(630) 574-9951,Denver,CO,West,2024-05-17,True,False
140,Anthony,Thomas,anthony.thomas140@example.com,(217) 801-2106,Seattle,WA,West,2018-10-26,True,False
141,William,Miller,william.miller141@example.com,(607) 718-5693,New York,NY,Northeast,2018-09-05,False,False
142,Susan,Thompson,susan.thompson142@example.com,(855) 749-9808,Houston,TX,South,2018-12-04,True,False
143,William,Williams,william.williams143@example.com,(723) 408-3545,Detroit,MI,Midwest,2018-11-20,False,False
144,Richard,Jackson,richard.jackson144@example.com,(897) 858-2083,Los Angeles,CA,West,2025-04-15,False,False
145,Matthew,Wilson,matthew.wilson145@example.com,(259) 450-2412,San Francisco,CA,West,2020-09-04,False,False
146,Patricia,Anderson,patricia.anderson146@example.com,(256) 516-3877,Miami,FL,South,2024-10-29,True,False
147,James,Thompson,james.thompson147@example.com,(211) 367-9133,Philadelphia,PA,Northeast,2025-11-13,False,False
148,Thomas,Taylor,thomas.taylor148@example.com,(370) 580-3079,Seattle,WA,West,2020-11-27,False,False
149,Lisa,Lewis,lisa.lewis149@example.com,(543) 639-5456,Boston,MA,Northeast,2018-05-01,True,False
150,William,Thompson,william.thompson150@example.com,(278) 708-8457,Miami,FL,South,2025-01-14,False,False
151,Mary,Thomas,mary.thomas151@example.com,(370) 576-3577,Denver,CO,West,2024-05-10,False,False
152,Anthony,Brown,anthony.brown152@example.com,(890) 940-2889,Phoenix,AZ,West,2024-06-08,True,False
153,Lisa,Taylor,lisa.taylor153@example.com,(212) 450-1753,New York,NY,Northeast,2018-06-30,False,False
154,Barbara,Gonzalez,barbara.gonzalez154@example.com,(383) 236-7870,Phoenix,AZ,West,2019-09-07,True,False
155,David,Davis,david.davis155@example.com,(477) 279-7108,Houston,TX,South,2021-08-03,True,False
156,Thomas,Perez,thomas.perez156@example.com,(383) 428-9450,Phoenix,AZ,West,2018-08-04,True,False
157,Richard,Williams,richard.williams157@example.com,(489) 992-6090,Phoenix,AZ,West,2023-03-21,False,False
158,Robert,Moore,robert.moore158@example.com,(577) 405-5777,Dallas,TX,South,2018-02-02,False,False
159,Lisa,Martin,lisa.martin159@example.com,(577) 805-9083,Chicago,IL,Midwest,2023-03-16,True,False
160,Lisa,Lewis,lisa.lewis160@example.com,(354) 206-7718,Atlanta,GA,South,2020-10-01,True,False
161,Linda,Moore,linda.moore161@example.com,(910) 209-6488,Minneapolis,MN,Midwest,2025-02-17,True,False
162,Anthony,Perez,anthony.perez162@example.com,(306) 410-9680,Houston,TX,South,2021-06-13,True,False
163,Susan,Thomas,susan.thomas163@example.com,(928) 486-2524,New York,NY,Northeast,2019-08-07,True,False
164,Sandra,Davis,sandra.davis164@example.com,(622) 917-7102,Phoenix,AZ,West,2023-10-30,False,False
165,Lisa,Williams,lisa.williams165@example.com,(717) 336-7461,Miami,FL,South,2019-01-27,True,False
166,Charles,Jackson,charles.jackson166@example.com,(878) 333-4879,New York,NY,Northeast,2022-11-17,False,False
167,William,Ramirez,william.ramirez167@example.com,(917) 953-6345,Minneapolis,MN,Midwest,2022-05-29,False,False
168,Joseph,Rodriguez,joseph.rodriguez168@example.com,(407) 339-2785,Chicago,IL,Midwest,2018-11-02,True,False
169,Patricia,Garcia,patricia.garcia169@example.com,(521) 616-2978,Dallas,TX,South,2023-03-24,False,False
170,Anthony,Miller,anthony.miller170@example.com,(674) 471-2964,Dallas,TX,South,2021-06-16,True,False
171,Jennifer,Sanchez,jennifer.sanchez171@example.com,(921) 913-1660,Los Angeles,CA,West,2021-05-31,True,False
172,Mark,Ramirez,mark.ramirez172@example.com,(293) 928-5066,Minneapolis,MN,Midwest,2019-08-31,False,False
173,Richard,Taylor,richard.taylor173@example.com,(506) 466-3848,New York,NY,Northeast,2025-08-05,True,False
174,Richard,Ramirez,richard.ramirez174@example.com,(966) 763-5093,Dallas,TX,South,2024-03-27,True,False
175,Joseph,Brown,joseph.brown175@example.com,(324) 212-2010,Seattle,WA,West,2019-07-27,True,False
176,John,Miller,john.miller176@example.com,(581) 902-2376,Denver,CO,West,2022-06-29,False,False
177,Sandra,Clark,sandra.clark177@example.com,(266) 402-8265,Boston,MA,Northeast,2018-03-31,True,False
178,Robert,Lewis,robert.lewis178@example.com,(325) 243-8552,Denver,CO,West,2021-09-20,True,False
179,Jennifer,Robinson,jennifer.robinson179@example.com,(941) 604-9128,Miami,FL,South,2022-11-10,True,False
180,Richard,Perez,richard.perez180@example.com,(562) 419-4066,Houston,TX,South,2019-12-09,False,False
181,William,Anderson,william.anderson181@example.com,(235) 828-5026,Phoenix,AZ,West,2019-09-01,False,False
182,Jessica,Wilson,jessica.wilson182@example.com,(690) 262-2437,Phoenix,AZ,West,2024-03-05,False,False
183,Richard,Jones,richard.jones183@example.com,(858) 738-5082,Houston,TX,South,2020-03-27,True,False
184,Richard,Sanchez,richard.sanchez184@example.com,(691) 757-8940,San Francisco,CA,West,2022-01-10,False,False
185,Sandra,Jackson,sandra.jackson185@example.com,(597) 476-3946,Atlanta,GA,South,2021-08-10,True,False
186,David,Martin,david.martin186@example.com,(997) 487-1959,Chicago,IL,Midwest,2018-05-01,False,False
187,Thomas,Lopez,thomas.lopez187@example.com,(438) 363-2640,Seattle,WA,West,2024-07-20,True,False
188,Nancy,Davis,nancy.davis188@example.com,(954) 257-4594,Detroit,MI,Midwest,2023-12-26,False,False
189,Barbara,Robinson,barbara.robinson189@example.com,(380) 442-6210,Denver,CO,West,2019-12-13,False,False
190,Sandra,Jackson,sandra.jackson190@example.com,(917) 560-3328,New York,NY,Northeast,2025-11-21,True,False
191,Mark,Sanchez,mark.sanchez191@example.com,(755) 516-3876,Phoenix,AZ,West,2023-07-10,False,False
192,Mary,Williams,mary.williams192@example.com,(816) 424-1326,New York,NY,Northeast,2020-08-10,False,False
193,James,Hernandez,james.hernandez193@example.com,(406) 333-6582,Phoenix,AZ,West,2024-11-20,True,False
194,Sandra,Sanchez,sandra.sanchez194@example.com,(260) 222-3420,Denver,CO,West,2021-08-18,True,False
195,Anthony,Brown,anthony.brown195@example.com,(573) 274-7120,Denver,CO,West,2023-11-26,False,False
196,Charles,Brown,charles.brown196@example.com,(530) 339-3580,Minneapolis,MN,Midwest,2021-05-21,False,False
197,Betty,Lee,betty.lee197@example.com,(524) 378-6846,Dallas,TX,South,2025-04-13,True,False
198,Nancy,Jackson,nancy.jackson198@example.com,(587) 514-5825,Denver,CO,West,2019-12-20,True,False
199,Jennifer,White,jennifer.white199@example.com,(786) 600-1530,New York,NY,Northeast,2025-11-15,True,False
200,Karen,Hernandez,karen.hernandez200@example.com,(426) 854-2705,Phoenix,AZ,West,2024-11-09,False,False
201,John,Hernandez,john.hernandez201@example.com,(443) 555-6234,San Francisco,CA,West,2018-11-15,True,False
202,Daniel,Lewis,daniel.lewis202@example.com,(854) 946-6500,Boston,MA,Northeast,2025-07-07,False,False
203,James,Rodriguez,james.rodriguez203@example.com,(909) 269-6742,Chicago,IL,Midwest,2020-10-19,False,False
204,Betty,Brown,betty.brown204@example.com,(249) 595-8179,San Francisco,CA,West,2018-01-06,False,False
205,Jennifer,Lewis,jennifer.lewis205@example.com,(587) 559-9946,Houston,TX,South,2023-07-13,False,False
206,Patricia,Clark,patricia.clark206@example.com,(866) 976-4695,Dallas,TX,South,2024-06-25,True,False
207,Joseph,Williams,joseph.williams207@example.com,(501) 220-6221,Seattle,WA,West,2018-05-17,False,False
208,Patricia,Williams,patricia.williams208@example.com,(584) 364-2228,Minneapolis,MN,Midwest,2019-11-28,True,False
209,David,Martin,david.martin209@example.com,(921) 231-8066,Miami,FL,South,2023-06-01,True,False
210,Karen,Lewis,karen.lewis210@example.com,(254) 303-6424,Houston,TX,South,2019-10-06,True,False
211,Michael,Wilson,michael.wilson211@example.com,(939) 947-9849,San Francisco,CA,West,2024-03-19,False,False
212,Nancy,Martinez,nancy.martinez212@example.com,(298) 250-7437,Detroit,MI,Midwest,2020-08-30,False,False
213,John,Johnson,john.johnson213@example.com,(637) 289-5825,Minneapolis,MN,Midwest,2018-01-16,False,False
214,Michael,Brown,michael.brown214@example.com,(374) 853-5781,New York,NY,Northeast,2020-04-27,True,False
215,Jessica,Ramirez,jessica.ramirez215@example.com,(607) 682-9013,Boston,MA,Northeast,2021-06-17,False,False
216,Robert,Lee,robert.lee216@example.com,(389) 579-7249,Atlanta,GA,South,2022-05-07,False,False
217,Jennifer,Anderson,jennifer.anderson217@example.com,(650) 676-5315,New York,NY,Northeast,2020-12-14,True,False
218,Mark,Rodriguez,mark.rodriguez218@example.com,(354) 970-2584,Miami,FL,South,2018-09-10,True,False
219,Nancy,Lopez,nancy.lopez219@example.com,(623) 974-4727,Seattle,WA,West,2024-01-27,True,False
220,Mark,Gonzalez,mark.gonzalez220@example.com,(628) 748-8779,Denver,CO,West,2023-11-11,True,False
221,Jessica,Martinez,jessica.martinez221@example.com,(931) 235-9226,Boston,MA,Northeast,2022-06-06,True,False
222,Patricia,Harris,patricia.harris222@example.com,(371) 416-4157,Dallas,TX,South,2019-12-10,True,False
223,Mary,Wilson,mary.wilson223@example.com,(645) 406-3422,Boston,MA,Northeast,2025-08-30,False,False
224,David,Robinson,david.robinson224@example.com,(289) 597-7510,San Francisco,CA,West,2018-10-02,False,False
225,Margaret,Rodriguez,margaret.rodriguez225@example.com,(212) 917-9561,Atlanta,GA,South,2023-02-20,False,False
226,Patricia,Wilson,patricia.wilson226@example.com,(780) 802-2641,Philadelphia,PA,Northeast,2019-08-31,True,False
227,Charles,Harris,charles.harris227@example.com,(748) 552-7732,Boston,MA,Northeast,2021-03-17,False,False
228,Richard,Lee,richard.lee228@example.com,(823) 684-1613,Dallas,TX,South,2024-06-01,True,False
229,William,Gonzalez,william.gonzalez229@example.com,(823) 897-7581,Philadelphia,PA,Northeast,2024-12-07,True,False
230,Richard,Lewis,richard.lewis230@example.com,(907) 443-1807,Phoenix,AZ,West,2021-09-19,False,False
231,Sandra,Rodriguez,sandra.rodriguez231@example.com,(220) 545-5965,Phoenix,AZ,West,2022-03-06,False,False
232,William,Clark,william.clark232@example.com,(901) 300-4734,Dallas,TX,South,2025-10-22,True,False
233,Elizabeth,White,elizabeth.white233@example.com,(475) 946-7828,Dallas,TX,South,2021-08-07,True,False
234,Michael,Anderson,michael.anderson234@example.com,(958) 696-9462,Chicago,IL,Midwest,2022-07-26,False,False
235,Mark,Johnson,mark.johnson235@example.com,(267) 518-9303,Atlanta,GA,South,2019-10-14,False,False
236,John,Harris,john.harris236@example.com,(782) 229-3846,Denver,CO,West,2023-11-18,True,False
237,Steven,Clark,steven.clark237@example.com,(455) 233-8478,Chicago,IL,Midwest,2018-08-25,True,False
238,Sandra,Lopez,sandra.lopez238@example.com,(480) 577-8605,San Francisco,CA,West,2020-03-26,False,False
239,Daniel,Robinson,daniel.robinson239@example.com,(231) 447-7102,Boston,MA,Northeast,2025-08-22,False,False
240,Karen,Anderson,karen.anderson240@example.com,(800) 764-6730,Philadelphia,PA,Northeast,2023-04-28,False,False
241,Jennifer,Clark,jennifer.clark241@example.com,(966) 905-2480,Phoenix,AZ,West,2020-11-25,False,False
242,James,Gonzalez,james.gonzalez242@example.com,(785) 998-4511,New York,NY,Northeast,2019-10-30,True,False
243,Daniel,Davis,daniel.davis243@example.com,(475) 867-7709,Los Angeles,CA,West,2020-04-26,True,False
244,Margaret,Harris,margaret.harris244@example.com,(209) 685-3167,Seattle,WA,West,2025-08-26,True,False
245,Karen,Sanchez,karen.sanchez245@example.com,(458) 822-6004,New York,NY,Northeast,2020-07-05,False,False
246,Susan,Lewis,susan.lewis246@example.com,(670) 458-4575,Houston,TX,South,2021-11-29,False,False
247,Elizabeth,Perez,elizabeth.perez247@example.com,(606) 798-2676,Atlanta,GA,South,2024-12-29,True,False
248,Thomas,Perez,thomas.perez248@example.com,(774) 862-5631,Denver,CO,West,2022-03-13,False,False
249,Nancy,Brown,nancy.brown249@example.com,(544) 483-6327,Dallas,TX,South,2018-09-19,False,False
250,William,Lee,william.lee250@example.com,(505) 392-3456,San Francisco,CA,West,2025-04-22,True,False
251,Steven,Johnson,steven.johnson251@example.com,(613) 876-6236,Seattle,WA,West,2024-09-23,True,False
252,Lisa,Smith,lisa.smith252@example.com,(502) 465-7857,Los Angeles,CA,West,2023-07-31,False,False
253,Richard,White,richard.white253@example.com,(925) 785-4111,New York,NY,Northeast,2024-07-16,False,False
254,Lisa,Thompson,lisa.thompson254@example.com,(747) 853-8794,Chicago,IL,Midwest,2025-09-12,False,False
255,Thomas,Martinez,thomas.martinez255@example.com,(873) 771-3967,Denver,CO,West,2019-11-28,False,False
256,Patricia,Thomas,patricia.thomas256@example.com,(942) 772-3999,Philadelphia,PA,Northeast,2020-11-25,False,False
257,Daniel,Williams,daniel.williams257@example.com,(428) 962-6031,Chicago,IL,Midwest,2021-12-26,False,False
258,Betty,Lewis,betty.lewis258@example.com,(466) 799-5817,Minneapolis,MN,Midwest,2022-03-03,False,False
259,Margaret,Brown,margaret.brown259@example.com,(849) 797-2166,Dallas,TX,South,2018-08-08,False,False
260,Steven,Miller,steven.miller260@example.com,(897) 590-9680,Atlanta,GA,South,2019-05-06,False,False
261,Susan,Johnson,susan.johnson261@example.com,(340) 405-6614,Denver,CO,West,2019-09-10,False,False
262,Charles,Lewis,charles.lewis262@example.com,(346) 523-3954,Phoenix,AZ,West,2023-02-18,True,False
263,Jessica,Hernandez,jessica.hernandez263@example.com,(520) 849-1950,Los Angeles,CA,West,2019-12-26,True,False
264,Joseph,Rodriguez,joseph.rodriguez264@example.com,(790) 982-3595,Chicago,IL,Midwest,2019-11-22,False,False
265,Betty,Harris,betty.harris265@example.com,(332) 829-8105,Seattle,WA,West,2018-12-27,False,False
266,Richard,Wilson,richard.wilson266@example.com,(204) 238-9745,Dallas,TX,South,2022-04-20,True,False
267,Lisa,Lopez,lisa.lopez267@example.com,(975) 743-4122,New York,NY,Northeast,2021-08-12,True,False
268,Nancy,Smith,nancy.smith268@example.com,(431) 910-6641,Los Angeles,CA,West,2020-10-16,False,False
269,John,Brown,john.brown269@example.com,(802) 513-3736,Houston,TX,South,2023-08-24,True,False
270,Mark,Johnson,mark.johnson270@example.com,(666) 945-9524,Detroit,MI,Midwest,2021-04-06,False,False
271,Susan,Lewis,susan.lewis271@example.com,(550) 701-6885,Los Angeles,CA,West,2019-07-03,True,False
272,Jennifer,Robinson,jennifer.robinson272@example.com,(219) 433-4675,Phoenix,AZ,West,2022-07-11,True,False
273,Michael,White,michael.white273@example.com,(716) 373-3017,New York,NY,Northeast,2024-08-12,False,False
274,Matthew,Lee,matthew.lee274@example.com,(584) 855-5190,Seattle,WA,West,2018-06-03,True,False
275,Karen,Johnson,karen.johnson275@example.com,(869) 220-1790,Los Angeles,CA,West,2019-03-19,True,False
276,Susan,Anderson,susan.anderson276@example.com,(760) 458-8772,Houston,TX,South,2019-05-22,True,False
277,Michael,Thompson,michael.thompson277@example.com,(209) 508-7895,Los Angeles,CA,West,2025-01-25,True,False
278,Nancy,Taylor,nancy.taylor278@example.com,(820) 917-3247,Detroit,MI,Midwest,2024-12-25,False,False
279,Mark,Lewis,mark.lewis279@example.com,(936) 832-2928,Boston,MA,Northeast,2023-09-27,False,False
280,Patricia,Sanchez,patricia.sanchez280@example.com,(403) 823-4272,Boston,MA,Northeast,2023-08-01,False,False
281,Mark,Taylor,mark.taylor281@example.com,(920) 619-5839,Chicago,IL,Midwest,2022-01-06,True,False
282,Mary,Moore,mary.moore282@example.com,(904) 692-6416,Dallas,TX,South,2020-04-30,True,False
283,James,Smith,james.smith283@example.com,(313) 787-9095,Los Angeles,CA,West,2018-12-31,True,False
284,Robert,Harris,robert.harris284@example.com,(940) 940-2659,Atlanta,GA,South,2018-11-04,False,False
285,Daniel,Davis,daniel.davis285@example.com,(470) 675-1820,Dallas,TX,South,2021-04-27,True,False
286,Mark,Garcia,mark.garcia286@example.com,(497) 568-6123,Denver,CO,West,2018-06-11,False,False
287,Lisa,Brown,lisa.brown287@example.com,(209) 341-3793,Boston,MA,Northeast,2018-07-07,False,False
288,Barbara,Lewis,barbara.lewis288@example.com,(474) 950-2522,Dallas,TX,South,2024-12-21,False,False
289,Mark,Hernandez,mark.hernandez289@example.com,(610) 609-8479,Philadelphia,PA,Northeast,2019-04-12,False,False
290,Mark,Gonzalez,mark.gonzalez290@example.com,(631) 864-3732,San Francisco,CA,West,2023-05-13,True,False
291,John,Thompson,john.thompson291@example.com,(363) 306-7816,San Francisco,CA,West,2018-08-29,False,False
292,Betty,Jackson,betty.jackson292@example.com,(385) 825-7221,Los Angeles,CA,West,2022-11-30,False,False
293,Karen,Smith,karen.smith293@example.com,(944) 333-8914,Denver,CO,West,2025-09-04,False,False
294,Patricia,Lewis,patricia.lewis294@example.com,(247) 264-5286,Houston,TX,South,2022-12-11,False,False
295,James,Thompson,james.thompson295@example.com,(737) 985-4669,Denver,CO,West,2025-08-08,False,False
296,Thomas,Taylor,thomas.taylor296@example.com,(833) 297-8091,San Francisco,CA,West,2025-11-09,True,False
297,Jessica,Lopez,jessica.lopez297@example.com,(856) 594-3435,Los Angeles,CA,West,2025-08-02,True,False
298,James,Lee,james.lee298@example.com,(717) 680-9123,Phoenix,AZ,West,2019-10-05,True,False
299,Robert,Harris,robert.harris299@example.com,(446) 538-5557,Dallas,TX,South,2021-08-06,True,False
300,Thomas,Davis,thomas.davis300@example.com,(587) 612-4850,Atlanta,GA,South,2025-03-20,True,False
301,Joseph,Anderson,joseph.anderson301@example.com,(658) 290-9166,Seattle,WA,West,2024-06-05,False,False
302,David,Brown,david.brown302@example.com,(218) 305-7609,Dallas,TX,South,2025-04-30,False,False
303,Mary,Moore,mary.moore303@example.com,(293) 818-5990,Atlanta,GA,South,2018-01-01,True,False
304,Daniel,Perez,daniel.perez304@example.com,(572) 255-4652,Dallas,TX,South,2021-10-28,False,False
305,David,Moore,david.moore305@example.com,(814) 684-6952,Seattle,WA,West,2024-12-13,False,False
306,Patricia,Brown,patricia.brown306@example.com,(427) 202-6592,Seattle,WA,West,2025-05-22,False,False
307,Mark,Lee,mark.lee307@example.com,(760) 734-7125,Seattle,WA,West,2021-04-10,True,False
308,Mary,Lewis,mary.lewis308@example.com,(343) 934-7704,Philadelphia,PA,Northeast,2023-07-10,True,False
309,William,Martin,william.martin309@example.com,(323) 602-4532,Chicago,IL,Midwest,2020-02-08,False,False
310,Mark,Sanchez,mark.sanchez310@example.com,(310) 975-7790,Chicago,IL,Midwest,2021-10-16,True,False
311,Sandra,Lee,sandra.lee311@example.com,(802) 326-8381,Denver,CO,West,2025-07-16,False,False
312,Nancy,Jackson,nancy.jackson312@example.com,(710) 204-9689,Atlanta,GA,South,2019-07-06,True,False
313,Sarah,Robinson,sarah.robinson313@example.com,(694) 720-3903,Houston,TX,South,2024-07-24,True,False
314,Lisa,Clark,lisa.clark314@example.com,(596) 873-6273,Philadelphia,PA,Northeast,2019-03-01,False,False
315,Susan,Martin,susan.martin315@example.com,(980) 454-5482,Phoenix,AZ,West,2025-10-07,False,False
316,David,Martinez,david.martinez316@example.com,(341) 622-9393,Dallas,TX,South,2019-07-01,False,False
317,Mark,Thompson,mark.thompson317@example.com,(928) 954-4560,Atlanta,GA,South,2021-07-09,True,False
318,Michael,Martin,michael.martin318@example.com,(903) 553-3173,San Francisco,CA,West,2021-04-05,True,False
319,Thomas,Moore,thomas.moore319@example.com,(530) 927-2890,San Francisco,CA,West,2025-02-21,False,False
320,Sarah,Thomas,sarah.thomas320@example.com,(883) 927-7839,Miami,FL,South,2024-05-26,False,False
321,Steven,Ramirez,steven.ramirez321@example.com,(735) 309-1414,Houston,TX,South,2018-02-22,False,False
322,John,Johnson,john.johnson322@example.com,(404) 473-3636,Los Angeles,CA,West,2018-08-20,False,False
323,Nancy,Rodriguez,nancy.rodriguez323@example.com,(907) 502-4342,Philadelphia,PA,Northeast,2018-09-12,True,False
324,Barbara,Clark,barbara.clark324@example.com,(830) 891-4675,Dallas,TX,South,2019-02-24,False,False
325,Linda,Taylor,linda.taylor325@example.com,(494) 909-1769,Seattle,WA,West,2025-10-22,False,False
326,Richard,Wilson,richard.wilson326@example.com,(520) 765-1881,Seattle,WA,West,2025-09-07,True,False
327,Lisa,Rodriguez,lisa.rodriguez327@example.com,(999) 653-4695,Chicago,IL,Midwest,2024-12-16,False,False
328,Anthony,Jackson,anthony.jackson328@example.com,(401) 994-4170,Atlanta,GA,South,2024-10-07,False,False
329,Joseph,Garcia,joseph.garcia329@example.com,(391) 377-9418,Los Angeles,CA,West,2018-11-02,True,False
330,Richard,Johnson,richard.johnson330@example.com,(769) 470-3131,Houston,TX,South,2021-02-17,True,False
331,Charles,Ramirez,charles.ramirez331@example.com,(538) 677-3536,Detroit,MI,Midwest,2018-01-24,True,False
332,John,Robinson,john.robinson332@example.com,(252) 992-5934,Minneapolis,MN,Midwest,2024-09-10,False,False
333,Betty,Jackson,betty.jackson333@example.com,(274) 924-6207,Atlanta,GA,South,2022-01-06,True,False
334,Jennifer,Taylor,jennifer.taylor334@example.com,(363) 625-9897,Boston,MA,Northeast,2023-09-01,False,False
335,Robert,Lopez,robert.lopez335@example.com,(879) 539-6424,Chicago,IL,Midwest,2020-05-23,False,False
336,Elizabeth,Miller,elizabeth.miller336@example.com,(743) 686-1144,Seattle,WA,West,2024-12-07,True,False
337,Nancy,Lopez,nancy.lopez337@example.com,(857) 828-4994,Dallas,TX,South,2020-09-11,True,False
338,Nancy,Lewis,nancy.lewis338@example.com,(316) 595-5203,Minneapolis,MN,Midwest,2022-04-12,False,False
339,James,Robinson,james.robinson339@example.com,(726) 720-8300,Atlanta,GA,South,2022-03-16,False,False
340,Mary,Martinez,mary.martinez340@example.com,(397) 528-9419,Phoenix,AZ,West,2025-04-22,True,False
341,Patricia,Garcia,patricia.garcia341@example.com,(746) 207-2072,Seattle,WA,West,2024-01-13,True,False
342,Nancy,Lee,nancy.lee342@example.com,(901) 634-2702,Seattle,WA,West,2020-05-23,True,False
343,Sarah,Clark,sarah.clark343@example.com,(862) 273-3519,San Francisco,CA,West,2022-11-18,True,False
344,Joseph,Thompson,joseph.thompson344@example.com,(289) 275-1889,Minneapolis,MN,Midwest,2018-06-05,True,False
345,Betty,Rodriguez,betty.rodriguez345@example.com,(788) 433-5237,Atlanta,GA,South,2018-10-16,False,False
346,Richard,Anderson,richard.anderson346@example.com,(643) 523-1276,Los Angeles,CA,West,2022-07-15,False,False
347,Nancy,Brown,nancy.brown347@example.com,(856) 937-2036,Atlanta,GA,South,2018-01-25,True,False
348,Matthew,Ramirez,matthew.ramirez348@example.com,(714) 308-5748,Boston,MA,Northeast,2022-01-05,False,False
349,Karen,Williams,karen.williams349@example.com,(590) 604-1504,Detroit,MI,Midwest,2022-11-28,False,False
350,Jennifer,Moore,jennifer.moore350@example.com,(964) 600-9941,Chicago,IL,Midwest,2019-07-13,False,False
351,Daniel,Jones,daniel.jones351@example.com,(946) 863-7113,Detroit,MI,Midwest,2025-08-06,True,False
352,Sarah,Ramirez,sarah.ramirez352@example.com,(326) 242-1082,Atlanta,GA,South,2019-08-03,False,False
353,Sarah,Moore,sarah.moore353@example.com,(415) 966-6633,Boston,MA,Northeast,2021-06-02,True,False
354,Susan,Lewis,susan.lewis354@example.com,,Los Angeles,CA,West,2023-10-01,True,False
355,Karen,Clark,karen.clark355@example.com,(317) 385-1891,Detroit,MI,Midwest,2020-03-06,False,False
356,Daniel,Moore,daniel.moore356@example.com,(887) 268-5107,Boston,MA,Northeast,2021-04-05,True,False
357,Michael,White,michael.white357@example.com,(538) 565-3100,Miami,FL,South,2023-06-19,True,False
358,Patricia,Martinez,patricia.martinez358@example.com,(398) 525-8960,Miami,FL,South,2018-10-13,False,False
359,David,Martin,david.martin359@example.com,(910) 798-3496,Los Angeles,CA,West,2021-06-06,False,False
360,Betty,Hernandez,betty.hernandez360@example.com,(204) 520-5033,Houston,TX,South,2019-11-22,True,False
361,Matthew,White,matthew.white361@example.com,(483) 568-3200,Los Angeles,CA,West,2022-11-22,False,False
362,Steven,Thomas,steven.thomas362@example.com,(567) 993-6004,Dallas,TX,South,2022-12-30,False,False
363,Sarah,Brown,sarah.brown363@example.com,(821) 283-5597,Philadelphia,PA,Northeast,2025-03-29,True,False
364,Steven,Moore,steven.moore364@example.com,(951) 841-2252,Chicago,IL,Midwest,2020-12-14,True,False
365,Steven,Smith,steven.smith365@example.com,(846) 231-7637,Denver,CO,West,2023-09-09,True,False
366,Sandra,Johnson,sandra.johnson366@example.com,(756) 752-8734,Atlanta,GA,South,2020-12-03,True,False
367,Barbara,Gonzalez,barbara.gonzalez367@example.com,(950) 497-3193,Chicago,IL,Midwest,2024-08-12,False,False
368,Thomas,Taylor,thomas.taylor368@example.com,(572) 714-1173,Boston,MA,Northeast,2022-06-14,True,False
369,Margaret,Sanchez,margaret.sanchez369@example.com,(369) 975-9423,Miami,FL,South,2025-09-03,True,False
370,Joseph,Garcia,joseph.garcia370@example.com,(779) 875-3395,Philadelphia,PA,Northeast,2024-05-08,False,False
371,Barbara,Johnson,barbara.johnson371@example.com,(437) 264-5331,Chicago,IL,Midwest,2023-06-21,False,False
372,Linda,Johnson,linda.johnson372@example.com,(730) 569-7358,Los Angeles,CA,West,2020-04-26,False,False
373,Sandra,Anderson,sandra.anderson373@example.com,(240) 864-6309,Phoenix,AZ,West,2018-07-10,True,False
374,Matthew,Taylor,matthew.taylor374@example.com,(959) 469-9918,Los Angeles,CA,West,2021-01-25,True,False
375,Richard,Lee,richard.lee375@example.com,(801) 869-2275,Houston,TX,South,2022-02-05,False,False
376,Richard,Robinson,richard.robinson376@example.com,(615) 561-6653,Chicago,IL,Midwest,2023-10-17,False,False
377,Betty,Thomas,betty.thomas377@example.com,(206) 713-3276,Phoenix,AZ,West,2024-10-10,False,False
378,Jennifer,Davis,jennifer.davis378@example.com,(858) 487-4465,Boston,MA,Northeast,2023-10-09,True,False
379,Jennifer,Garcia,jennifer.garcia379@example.com,(934) 321-4773,Minneapolis,MN,Midwest,2024-10-01,False,False
380,Betty,Hernandez,betty.hernandez380@example.com,(693) 891-8844,San Francisco,CA,West,2019-04-10,False,False
381,Michael,Jackson,michael.jackson381@example.com,(620) 222-4992,Philadelphia,PA,Northeast,2025-04-05,True,False
382,John,Jackson,john.jackson382@example.com,(337) 844-9399,Miami,FL,South,2019-10-22,True,False
383,Steven,Jackson,steven.jackson383@example.com,(370) 464-3949,Philadelphia,PA,Northeast,2018-08-18,False,False
384,Karen,Jackson,karen.jackson384@example.com,(936) 945-5644,Los Angeles,CA,West,2018-03-18,True,False
385,Michael,Anderson,michael.anderson385@example.com,(693) 374-4594,Miami,FL,South,2023-04-15,False,False
386,Karen,Jones,karen.jones386@example.com,(985) 386-9369,Seattle,WA,West,2024-07-14,False,False
387,Jennifer,White,jennifer.white387@example.com,(664) 810-2127,Los Angeles,CA,West,2021-11-04,True,False
388,Richard,Gonzalez,richard.gonzalez388@example.com,(216) 407-9564,Philadelphia,PA,Northeast,2019-03-21,False,False
389,Mark,Jones,mark.jones389@example.com,(381) 687-1639,Miami,FL,South,2019-01-30,True,False
390,Robert,Thomas,robert.thomas390@example.com,(817) 752-1019,Los Angeles,CA,West,2019-06-18,False,False
391,Thomas,Wilson,thomas.wilson391@example.com,(914) 742-8028,Minneapolis,MN,Midwest,2018-06-27,True,False
392,Betty,Thomas,betty.thomas392@example.com,(558) 803-2600,Seattle,WA,West,2022-04-11,False,False
393,John,Rodriguez,john.rodriguez393@example.com,(285) 490-9908,Dallas,TX,South,2020-08-10,False,False
394,William,Miller,william.miller394@example.com,(791) 735-2930,New York,NY,Northeast,2018-01-30,True,False
395,Richard,Lee,richard.lee395@example.com,(523) 618-6935,Chicago,IL,Midwest,2025-09-18,True,False
396,John,Wilson,john.wilson396@example.com,(459) 467-9783,Los Angeles,CA,West,2024-07-25,False,False
397,Charles,Lopez,charles.lopez397@example.com,(896) 606-4337,Miami,FL,South,2021-02-02,False,False
398,Sarah,Sanchez,sarah.sanchez398@example.com,(383) 579-8925,Atlanta,GA,South,2023-05-31,False,False
399,Elizabeth,Jackson,elizabeth.jackson399@example.com,(607) 953-3262,Minneapolis,MN,Midwest,2025-11-29,True,False
400,Lisa,Davis,lisa.davis400@example.com,(365) 302-4513,Dallas,TX,South,2025-11-04,False,False
401,Betty,Hernandez,betty.hernandez401@example.com,(828) 913-1852,Seattle,WA,West,2024-03-05,True,False
402,Richard,Lee,richard.lee402@example.com,(348) 682-8133,New York,NY,Northeast,2019-01-09,True,False
403,Robert,Rodriguez,robert.rodriguez403@example.com,(281) 823-1618,Chicago,IL,Midwest,2022-02-27,False,False
404,Sandra,Gonzalez,sandra.gonzalez404@example.com,(733) 493-1941,Miami,FL,South,2025-05-11,True,False
405,Daniel,Thomas,daniel.thomas405@example.com,(406) 872-9489,Dallas,TX,South,2018-02-13,False,False
406,Michael,Johnson,michael.johnson406@example.com,(722) 728-4795,Seattle,WA,West,2024-09-21,True,False
407,Nancy,Johnson,nancy.johnson407@example.com,(870) 200-3579,Minneapolis,MN,Midwest,2020-09-06,True,False
408,William,Harris,william.harris408@example.com,(885) 604-7642,Houston,TX,South,2021-12-17,True,False
409,Thomas,Smith,thomas.smith409@example.com,(270) 292-5661,San Francisco,CA,West,2025-11-22,False,False
410,Barbara,Clark,barbara.clark410@example.com,(820) 399-8450,Detroit,MI,Midwest,2020-07-15,False,False
411,Charles,Smith,charles.smith411@example.com,(616) 718-2744,Detroit,MI,Midwest,2019-12-18,True,False
412,Thomas,Martinez,thomas.martinez412@example.com,(725) 463-9813,Minneapolis,MN,Midwest,2019-04-25,False,False
413,Matthew,Anderson,matthew.anderson413@example.com,(695) 988-4985,Houston,TX,South,2024-04-25,False,False
414,Anthony,Anderson,anthony.anderson414@example.com,(800) 228-8896,Los Angeles,CA,West,2023-03-03,True,False
415,William,Williams,william.williams415@example.com,(425) 893-4767,Houston,TX,South,2025-02-08,False,False
416,Susan,Lopez,susan.lopez416@example.com,(209) 917-5314,Atlanta,GA,South,2024-01-04,True,False
417,Elizabeth,Williams,elizabeth.williams417@example.com,(966) 550-2245,Houston,TX,South,2025-07-22,True,False
418,Jessica,Hernandez,jessica.hernandez418@example.com,(787) 475-3994,Minneapolis,MN,Midwest,2020-06-14,True,False
419,Jessica,White,jessica.white419@example.com,(953) 447-5348,Chicago,IL,Midwest,2020-08-19,True,False
420,Linda,Miller,linda.miller420@example.com,(833) 564-3555,Denver,CO,West,2020-10-19,True,False
421,Patricia,Robinson,patricia.robinson421@example.com,(879) 704-1108,Boston,MA,Northeast,2025-07-31,True,False
422,Margaret,Thomas,margaret.thomas422@example.com,(522) 704-5501,Minneapolis,MN,Midwest,2024-12-17,False,False
423,Jennifer,Harris,jennifer.harris423@example.com,(486) 607-4638,Phoenix,AZ,West,2023-09-25,True,False
424,Mary,Taylor,mary.taylor424@example.com,(689) 753-1533,Seattle,WA,West,2022-09-30,False,False
425,Richard,Ramirez,richard.ramirez425@example.com,(668) 323-9490,Los Angeles,CA,West,2019-12-17,False,False
426,David,Thompson,david.thompson426@example.com,(890) 415-7216,New York,NY,Northeast,2018-02-18,True,False
427,David,Lopez,david.lopez427@example.com,(391) 761-5306,Miami,FL,South,2020-11-29,True,False
428,William,Thomas,william.thomas428@example.com,(574) 388-9171,Miami,FL,South,2021-11-06,False,False
429,Michael,Wilson,michael.wilson429@example.com,(573) 610-5581,San Francisco,CA,West,2022-03-05,False,False
430,Jennifer,Jackson,jennifer.jackson430@example.com,(902) 434-2636,Philadelphia,PA,Northeast,2024-06-16,False,False
431,Betty,Davis,betty.davis431@example.com,(590) 400-3389,Atlanta,GA,South,2022-11-06,True,False
432,Jessica,Sanchez,jessica.sanchez432@example.com,(631) 711-3203,New York,NY,Northeast,2019-12-25,False,False
433,Betty,Thomas,betty.thomas433@example.com,(775) 781-1781,Detroit,MI,Midwest,2020-10-24,False,False
434,Patricia,Thompson,patricia.thompson434@example.com,(420) 460-8807,Philadelphia,PA,Northeast,2018-09-03,True,False
435,Joseph,White,joseph.white435@example.com,(569) 568-5222,Minneapolis,MN,Midwest,2020-11-30,False,False
436,James,Wilson,james.wilson436@example.com,(895) 820-4259,Boston,MA,Northeast,2021-12-09,True,False
437,Anthony,Martinez,anthony.martinez437@example.com,(889) 722-8987,Minneapolis,MN,Midwest,2021-08-24,False,False
438,Steven,Williams,steven.williams438@example.com,(493) 674-3373,Houston,TX,South,2024-11-18,True,False
439,Daniel,Sanchez,daniel.sanchez439@example.com,(631) 846-7631,Phoenix,AZ,West,2021-10-13,True,False
440,Robert,Garcia,robert.garcia440@example.com,(521) 524-5773,Minneapolis,MN,Midwest,2020-07-23,False,False
441,Karen,Lee,karen.lee441@example.com,(655) 999-6950,Houston,TX,South,2021-01-16,False,False
442,Susan,Garcia,susan.garcia442@example.com,(328) 945-4844,Philadelphia,PA,Northeast,2018-04-05,False,False
443,Lisa,Thompson,lisa.thompson443@example.com,(415) 370-7505,San Francisco,CA,West,2018-11-24,True,False
444,Patricia,Williams,patricia.williams444@example.com,(761) 255-1431,Phoenix,AZ,West,2023-04-23,False,False
445,Thomas,Harris,thomas.harris445@example.com,(468) 832-3544,Boston,MA,Northeast,2019-03-02,True,False
446,Daniel,Robinson,daniel.robinson446@example.com,(516) 434-5053,Phoenix,AZ,West,2022-05-16,False,False
447,Joseph,Lee,joseph.lee447@example.com,(739) 374-1468,Philadelphia,PA,Northeast,2019-06-22,True,False
448,Nancy,Lopez,nancy.lopez448@example.com,(687) 678-9856,Denver,CO,West,2021-08-25,False,False
449,Sarah,Anderson,sarah.anderson449@example.com,(752) 381-8480,Philadelphia,PA,Northeast,2025-10-28,False,False
450,Thomas,Lee,thomas.lee450@example.com,(517) 555-8891,Los Angeles,CA,West,2023-12-27,True,False
451,Betty,Williams,betty.williams451@example.com,(574) 622-5256,Dallas,TX,South,2021-06-15,True,False
452,Elizabeth,Smith,elizabeth.smith452@example.com,(976) 339-6634,New York,NY,Northeast,2023-11-14,False,False
453,Jessica,Moore,jessica.moore453@example.com,(703) 973-8816,New York,NY,Northeast,2025-09-18,False,False
454,James,Harris,james.harris454@example.com,(811) 436-1118,Houston,TX,South,2021-04-14,False,False
455,Michael,Wilson,michael.wilson455@example.com,(647) 604-5094,Phoenix,AZ,West,2024-04-15,True,False
456,Matthew,White,matthew.white456@example.com,(587) 425-5308,Los Angeles,CA,West,2022-05-16,True,False
457,Susan,Lee,susan.lee457@example.com,(982) 827-5454,Chicago,IL,Midwest,2023-10-18,False,False
458,Daniel,White,daniel.white458@example.com,(622) 392-2121,Atlanta,GA,South,2021-01-06,True,False
459,John,Martinez,john.martinez459@example.com,(666) 832-8418,Boston,MA,Northeast,2025-02-21,False,False
460,Matthew,Martin,matthew.martin460@example.com,(528) 219-3492,Dallas,TX,South,2020-02-09,True,False
461,Sarah,Smith,sarah.smith461@example.com,(488) 475-3048,Philadelphia,PA,Northeast,2019-02-23,False,False
462,Lisa,Smith,lisa.smith462@example.com,(354) 215-9086,Chicago,IL,Midwest,2019-01-05,True,False
463,David,Wilson,david.wilson463@example.com,(580) 674-1519,Detroit,MI,Midwest,2023-08-04,False,False
464,Robert,Clark,robert.clark464@example.com,(257) 472-7429,Seattle,WA,West,2019-08-22,True,False
465,Sarah,Thomas,sarah.thomas465@example.com,(456) 590-1206,Philadelphia,PA,Northeast,2020-02-27,True,False
466,Anthony,Thompson,anthony.thompson466@example.com,(989) 653-5049,Chicago,IL,Midwest,2022-04-26,True,False
467,Michael,Anderson,michael.anderson467@example.com,(733) 881-4415,San Francisco,CA,West,2019-01-20,False,False
468,Richard,Perez,richard.perez468@example.com,(362) 844-1691,Detroit,MI,Midwest,2021-08-16,True,False
469,William,Thomas,william.thomas469@example.com,(403) 569-1853,Los Angeles,CA,West,2021-05-08,True,False
470,Patricia,Davis,patricia.davis470@example.com,(532) 215-3742,Los Angeles,CA,West,2022-11-14,False,False
471,Charles,Brown,charles.brown471@example.com,(209) 243-8786,Houston,TX,South,2020-09-22,True,False
472,Barbara,Harris,barbara.harris472@example.com,(361) 711-2497,Boston,MA,Northeast,2020-10-15,False,False
473,Sandra,Harris,sandra.harris473@example.com,(261) 564-3521,Los Angeles,CA,West,2018-09-03,True,False
474,John,Thomas,john.thomas474@example.com,(771) 860-6690,Chicago,IL,Midwest,2021-07-21,False,False
475,Lisa,Miller,lisa.miller475@example.com,(586) 566-3207,New York,NY,Northeast,2025-09-24,False,False
476,Steven,Johnson,steven.johnson476@example.com,(648) 772-5828,Dallas,TX,South,2025-12-04,False,False
477,Michael,Jackson,michael.jackson477@example.com,(556) 531-8674,Philadelphia,PA,Northeast,2024-02-05,False,False
478,Margaret,Clark,margaret.clark478@example.com,(364) 270-9702,Miami,FL,South,2024-03-21,True,False
479,Joseph,Martinez,joseph.martinez479@example.com,(754) 575-8439,Denver,CO,West,2020-12-14,True,False
480,Anthony,Lee,anthony.lee480@example.com,(951) 389-1306,Atlanta,GA,South,2022-04-02,False,False
481,Anthony,Martin,anthony.martin481@example.com,(938) 264-9830,Chicago,IL,Midwest,2021-08-06,False,False
482,Michael,Taylor,michael.taylor482@example.com,(984) 764-3525,Los Angeles,CA,West,2023-07-31,False,False
483,David,Wilson,david.wilson483@example.com,(313) 298-9572,Los Angeles,CA,West,2021-08-12,True,False
484,Mary,Clark,mary.clark484@example.com,(232) 406-2753,Philadelphia,PA,Northeast,2020-01-02,False,False
485,Michael,Brown,michael.brown485@example.com,(857) 597-9026,New York,NY,Northeast,2024-05-27,False,False
486,Mary,Lopez,mary.lopez486@example.com,(935) 272-1214,Chicago,IL,Midwest,2024-10-17,True,False
487,Daniel,Thomas,daniel.thomas487@example.com,(679) 854-1994,Phoenix,AZ,West,2018-11-24,False,False
488,Sarah,White,sarah.white488@example.com,(577) 925-1955,Phoenix,AZ,West,2022-08-31,False,False
489,Thomas,Johnson,thomas.johnson489@example.com,(511) 279-4537,San Francisco,CA,West,2018-10-16,True,False
490,Patricia,White,patricia.white490@example.com,(594) 394-4164,Chicago,IL,Midwest,2023-12-18,True,False
491,Charles,Lee,charles.lee491@example.com,(967) 771-7802,Philadelphia,PA,Northeast,2024-04-06,True,False
492,Anthony,Lee,anthony.lee492@example.com,(890) 669-7997,Miami,FL,South,2022-01-06,True,False
493,Jennifer,Sanchez,jennifer.sanchez493@example.com,(611) 716-6529,Philadelphia,PA,Northeast,2024-03-02,True,False
494,Sarah,Martin,sarah.martin494@example.com,(522) 763-6319,Dallas,TX,South,2021-12-14,False,False
495,Susan,Harris,susan.harris495@example.com,(943) 531-4943,Los Angeles,CA,West,2022-10-30,True,False
496,Richard,Harris,richard.harris496@example.com,(568) 663-8331,Atlanta,GA,South,2020-11-06,False,False
497,James,White,james.white497@example.com,(810) 216-9480,New York,NY,Northeast,2021-03-11,True,False
498,Steven,Martinez,steven.martinez498@example.com,(427) 419-6159,New York,NY,Northeast,2021-05-15,True,False
499,Anthony,Clark,anthony.clark499@example.com,(766) 723-3534,San Francisco,CA,West,2021-02-04,True,False
500,Mary,Anderson,mary.anderson500@example.com,(341) 471-7014,Minneapolis,MN,Midwest,2019-10-02,True,False
501,Linda,Rodriguez,linda.rodriguez501@example.com,(294) 784-7550,Seattle,WA,West,2021-05-15,True,False
502,Lisa,Williams,lisa.williams502@example.com,(694) 377-8999,San Francisco,CA,West,2021-08-22,True,False
503,Karen,Lee,karen.lee503@example.com,(948) 790-7251,Detroit,MI,Midwest,2018-06-03,True,False
504,Anthony,Johnson,anthony.johnson504@example.com,(556) 644-7824,Phoenix,AZ,West,2021-10-01,True,False
505,Margaret,Harris,margaret.harris505@example.com,(816) 211-7266,Chicago,IL,Midwest,2025-04-27,True,False
506,Elizabeth,Taylor,elizabeth.taylor506@example.com,(752) 778-3450,New York,NY,Northeast,2021-07-31,False,False
507,Thomas,Thompson,thomas.thompson507@example.com,(251) 889-7436,Chicago,IL,Midwest,2019-09-20,False,False
508,Anthony,Martin,anthony.martin508@example.com,(292) 427-8076,Miami,FL,South,2023-08-30,False,False
509,Betty,Gonzalez,betty.gonzalez509@example.com,(544) 284-8796,Philadelphia,PA,Northeast,2019-06-26,True,False
510,Sarah,Gonzalez,sarah.gonzalez510@example.com,(608) 713-8118,Detroit,MI,Midwest,2018-12-15,True,False
511,Anthony,Jones,anthony.jones511@example.com,(402) 699-7476,Dallas,TX,South,2024-04-09,True,False
512,Sarah,Martin,sarah.martin512@example.com,(452) 448-2173,San Francisco,CA,West,2023-11-18,False,False
513,Anthony,Wilson,anthony.wilson513@example.com,(789) 291-2843,Minneapolis,MN,Midwest,2025-09-05,False,False
514,Susan,Lopez,susan.lopez514@example.com,(528) 552-1396,Minneapolis,MN,Midwest,2020-02-20,False,False
515,Jennifer,Lopez,jennifer.lopez515@example.com,(838) 349-8216,Miami,FL,South,2022-12-17,True,False
516,Sandra,Clark,sandra.clark516@example.com,(901) 582-3555,Chicago,IL,Midwest,2020-03-28,True,False
517,Patricia,White,patricia.white517@example.com,(835) 351-5713,New York,NY,Northeast,2020-09-22,True,False
518,David,Thompson,david.thompson518@example.com,(512) 660-8719,Seattle,WA,West,2019-04-01,True,False
519,David,Miller,david.miller519@example.com,(416) 408-9952,San Francisco,CA,West,2024-01-13,False,False
520,Sarah,Thomas,sarah.thomas520@example.com,(911) 915-1301,Miami,FL,South,2019-08-02,False,False
521,Charles,Lewis,charles.lewis521@example.com,(244) 461-3790,Los Angeles,CA,West,2023-11-28,True,False
522,Elizabeth,Miller,elizabeth.miller522@example.com,(832) 477-1869,Seattle,WA,West,2025-10-23,False,False
523,Daniel,Smith,daniel.smith523@example.com,(876) 477-6901,Boston,MA,Northeast,2022-05-11,True,False
524,James,Martinez,james.martinez524@example.com,(595) 436-7237,Denver,CO,West,2025-04-13,True,False
525,Steven,Hernandez,steven.hernandez525@example.com,(744) 290-4054,Dallas,TX,South,2024-09-11,True,False
526,Thomas,Anderson,thomas.anderson526@example.com,(240) 453-9673,Atlanta,GA,South,2018-03-30,False,False
527,David,Thomas,david.thomas527@example.com,(218) 555-6765,Houston,TX,South,2019-10-06,False,False
528,Daniel,Martinez,daniel.martinez528@example.com,(482) 263-5221,Chicago,IL,Midwest,2023-08-16,False,False
529,Steven,Clark,steven.clark529@example.com,(486) 430-3485,New York,NY,Northeast,2024-03-23,False,False
530,Steven,Gonzalez,steven.gonzalez530@example.com,(289) 947-7262,Los Angeles,CA,West,2019-07-17,True,False
531,Susan,Davis,susan.davis531@example.com,(636) 519-6395,Miami,FL,South,2019-09-18,False,False
532,Sarah,Jones,sarah.jones532@example.com,(341) 794-9869,Chicago,IL,Midwest,2025-04-26,True,False
533,Margaret,Jones,margaret.jones533@example.com,(922) 736-3215,Detroit,MI,Midwest,2025-09-21,False,False
534,Sandra,Harris,sandra.harris534@example.com,(778) 361-6201,Philadelphia,PA,Northeast,2025-05-11,True,False
535,Sarah,Moore,sarah.moore535@example.com,(388) 525-3384,San Francisco,CA,West,2019-04-30,True,False
536,Anthony,Hernandez,anthony.hernandez536@example.com,(621) 510-8258,Phoenix,AZ,West,2022-08-23,False,False
537,John,Harris,john.harris537@example.com,(334) 389-1429,Chicago,IL,Midwest,2019-03-14,False,False
538,Karen,Jackson,karen.jackson538@example.com,(810) 437-4783,Miami,FL,South,2020-08-03,True,False
539,Barbara,Williams,barbara.williams539@example.com,(337) 714-8680,San Francisco,CA,West,2023-05-07,False,False
540,Jennifer,Ramirez,jennifer.ramirez540@example.com,(685) 340-3683,Houston,TX,South,2023-07-06,True,False
541,Linda,Johnson,linda.johnson541@example.com,(476) 622-4646,Houston,TX,South,2018-03-03,True,False
542,Anthony,Miller,anthony.miller542@example.com,(649) 831-9027,Boston,MA,Northeast,2019-12-27,False,False
543,Margaret,Anderson,margaret.anderson543@example.com,(637) 614-1685,Phoenix,AZ,West,2020-10-07,False,False
544,Lisa,Hernandez,lisa.hernandez544@example.com,(960) 785-9784,Houston,TX,South,2024-11-09,True,False
545,Thomas,Brown,thomas.brown545@example.com,(243) 451-9498,Dallas,TX,South,2023-02-15,False,False
546,Lisa,Johnson,lisa.johnson546@example.com,(728) 983-1807,Atlanta,GA,South,2022-05-06,True,False
547,Elizabeth,Anderson,elizabeth.anderson547@example.com,(992) 492-8558,Houston,TX,South,2021-06-01,True,False
548,Susan,Martinez,susan.martinez548@example.com,(906) 729-3330,Miami,FL,South,2018-08-12,False,False
549,Mark,Lee,mark.lee549@example.com,(939) 712-2854,Dallas,TX,South,2019-01-06,True,False
550,Anthony,Jackson,anthony.jackson550@example.com,(759) 338-7440,Phoenix,AZ,West,2025-10-22,False,False
551,David,Anderson,david.anderson551@example.com,(664) 804-4308,New York,NY,Northeast,2020-01-03,False,False
552,Robert,Rodriguez,robert.rodriguez552@example.com,(864) 928-3686,Minneapolis,MN,Midwest,2025-10-04,True,False
553,Robert,Brown,robert.brown553@example.com,(849) 571-2397,San Francisco,CA,West,2023-01-15,False,False
554,Lisa,Sanchez,lisa.sanchez554@example.com,(363) 587-7235,Atlanta,GA,South,2024-11-12,True,False
555,Anthony,Garcia,anthony.garcia555@example.com,(779) 875-3459,Phoenix,AZ,West,2021-10-04,True,False
556,Margaret,Jones,margaret.jones556@example.com,(629) 515-6071,Philadelphia,PA,Northeast,2018-07-30,False,False
557,Elizabeth,Lee,elizabeth.lee557@example.com,(334) 407-1057,Philadelphia,PA,Northeast,2019-04-27,False,False
558,James,Anderson,james.anderson558@example.com,(756) 205-9084,Dallas,TX,South,2023-08-05,True,False
559,Michael,Jackson,michael.jackson559@example.com,(664) 619-8239,Los Angeles,CA,West,2023-05-03,True,False
560,Karen,Martin,karen.martin560@example.com,(760) 484-4401,New York,NY,Northeast,2020-09-29,True,False
561,Jennifer,Jones,jennifer.jones561@example.com,(557) 237-3381,New York,NY,Northeast,2025-04-29,True,False
562,Nancy,Jackson,nancy.jackson562@example.com,(505) 539-2436,Denver,CO,West,2024-10-07,True,False
563,Patricia,Wilson,patricia.wilson563@example.com,(888) 491-3906,Philadelphia,PA,Northeast,2019-10-23,False,False
564,Lisa,Jackson,lisa.jackson564@example.com,(295) 986-5903,Minneapolis,MN,Midwest,2018-05-27,False,False
565,Barbara,Lewis,barbara.lewis565@example.com,(976) 637-2063,Houston,TX,South,2018-10-05,False,False
566,Jessica,Jones,jessica.jones566@example.com,(481) 537-9635,Boston,MA,Northeast,2025-10-16,False,False
567,Thomas,Miller,thomas.miller567@example.com,(826) 259-2790,San Francisco,CA,West,2020-05-06,True,False
568,Jessica,White,jessica.white568@example.com,(923) 494-7996,San Francisco,CA,West,2024-10-13,False,False
569,William,Taylor,william.taylor569@example.com,(562) 332-9132,Miami,FL,South,2024-12-27,False,False
570,Jessica,Sanchez,jessica.sanchez570@example.com,(438) 925-5759,Philadelphia,PA,Northeast,2024-11-01,True,False
571,James,Brown,james.brown571@example.com,(840) 320-4396,New York,NY,Northeast,2023-03-20,False,False
572,Susan,Johnson,susan.johnson572@example.com,(773) 852-4478,Minneapolis,MN,Midwest,2021-12-03,True,False
573,Daniel,Miller,daniel.miller573@example.com,(460) 269-6042,San Francisco,CA,West,2021-02-27,False,False
574,Thomas,Moore,thomas.moore574@example.com,(316) 902-6460,Minneapolis,MN,Midwest,2018-01-26,False,False
575,Richard,White,richard.white575@example.com,(229) 379-4178,Miami,FL,South,2024-11-28,False,False
576,Mark,Hernandez,mark.hernandez576@example.com,(690) 685-1582,Phoenix,AZ,West,2025-07-17,True,False
577,Jessica,Jones,jessica.jones577@example.com,(749) 543-8577,Los Angeles,CA,West,2023-03-02,False,False
578,Sandra,White,sandra.white578@example.com,(506) 778-6169,New York,NY,Northeast,2023-11-05,True,False
579,Michael,Jackson,michael.jackson579@example.com,(562) 267-3446,Los Angeles,CA,West,2021-09-20,False,False
580,Mark,Smith,mark.smith580@example.com,(841) 747-3719,Minneapolis,MN,Midwest,2022-03-17,False,False
581,Jennifer,Martin,jennifer.martin581@example.com,(922) 522-1518,Boston,MA,Northeast,2021-06-16,False,False
582,Susan,Williams,susan.williams582@example.com,(580) 662-5958,Dallas,TX,South,2020-08-31,True,False
583,Thomas,Martinez,thomas.martinez583@example.com,(583) 238-4311,Philadelphia,PA,Northeast,2019-04-05,True,False
584,Joseph,Taylor,joseph.taylor584@example.com,(712) 357-4116,New York,NY,Northeast,2023-05-31,False,False
585,Sandra,Thomas,sandra.thomas585@example.com,(517) 994-6363,San Francisco,CA,West,2023-11-15,True,False
586,Anthony,Ramirez,anthony.ramirez586@example.com,(892) 335-4361,Boston,MA,Northeast,2023-10-16,True,False
587,Joseph,Gonzalez,joseph.gonzalez587@example.com,(318) 204-6095,San Francisco,CA,West,2023-11-10,True,False
588,Nancy,Ramirez,nancy.ramirez588@example.com,(541) 678-1755,Miami,FL,South,2018-12-23,True,False
589,Thomas,Harris,thomas.harris589@example.com,(223) 791-6114,Los Angeles,CA,West,2021-07-03,True,False
590,David,Miller,david.miller590@example.com,(483) 745-6228,Chicago,IL,Midwest,2021-03-19,False,False
591,Nancy,Brown,nancy.brown591@example.com,(361) 480-2875,Detroit,MI,Midwest,2019-09-04,True,False
592,Karen,Moore,karen.moore592@example.com,(411) 755-6739,Atlanta,GA,South,2019-02-24,False,False
593,William,Jones,william.jones593@example.com,(787) 450-3806,San Francisco,CA,West,2021-03-06,True,False
594,Elizabeth,Martin,elizabeth.martin594@example.com,(753) 654-1831,Phoenix,AZ,West,2021-10-19,True,False
595,James,Thomas,james.thomas595@example.com,(251) 308-7284,Phoenix,AZ,West,2025-07-29,True,False
596,Robert,Wilson,robert.wilson596@example.com,(921) 810-8304,Houston,TX,South,2020-01-04,False,False
597,Elizabeth,Hernandez,elizabeth.hernandez597@example.com,(930) 976-9740,Denver,CO,West,2020-03-22,True,False
598,Sandra,Harris,sandra.harris598@example.com,(781) 334-2522,Seattle,WA,West,2023-03-23,False,False
599,Patricia,Anderson,patricia.anderson599@example.com,(859) 927-8625,Detroit,MI,Midwest,2025-09-04,False,False
600,Linda,Davis,linda.davis600@example.com,(464) 572-7423,Philadelphia,PA,Northeast,2024-12-01,True,False
601,Matthew,Robinson,matthew.robinson601@example.com,(532) 664-8987,Los Angeles,CA,West,2021-09-15,True,False
602,Robert,Thomas,robert.thomas602@example.com,(690) 672-3798,Boston,MA,Northeast,2021-12-10,False,False
603,Anthony,Lopez,anthony.lopez603@example.com,(330) 720-2686,Miami,FL,South,2024-06-11,False,False
604,Mark,Thompson,mark.thompson604@example.com,(533) 769-2162,Seattle,WA,West,2019-03-15,False,False
605,Sarah,Anderson,sarah.anderson605@example.com,(623) 444-4992,Houston,TX,South,2024-08-15,True,False
606,Jessica,Gonzalez,jessica.gonzalez606@example.com,(413) 910-8063,Boston,MA,Northeast,2021-10-27,False,False
607,Charles,Sanchez,charles.sanchez607@example.com,(910) 441-3835,Minneapolis,MN,Midwest,2024-02-09,True,False
608,Lisa,Robinson,lisa.robinson608@example.com,(698) 317-8584,San Francisco,CA,West,2024-06-09,False,False
609,Sarah,Brown,sarah.brown609@example.com,(380) 515-7648,Denver,CO,West,2022-12-29,True,False
610,Karen,Brown,karen.brown610@example.com,(989) 588-6364,Los Angeles,CA,West,2024-09-08,False,False
611,Daniel,Perez,daniel.perez611@example.com,(422) 342-1003,New York,NY,Northeast,2019-01-06,True,False
612,Nancy,Jones,nancy.jones612@example.com,(498) 599-8326,Dallas,TX,South,2023-12-17,True,False
613,Michael,Perez,michael.perez613@example.com,(506) 783-5989,Phoenix,AZ,West,2021-07-20,False,False
614,Matthew,Robinson,matthew.robinson614@example.com,(796) 208-9362,Minneapolis,MN,Midwest,2019-01-01,False,False
615,Margaret,Jones,margaret.jones615@example.com,(263) 578-9992,Denver,CO,West,2021-04-19,True,False
616,James,Thompson,james.thompson616@example.com,(312) 488-1510,Atlanta,GA,South,2022-01-11,True,False
617,Susan,Thompson,susan.thompson617@example.com,(840) 525-7271,Miami,FL,South,2022-06-03,False,False
618,Richard,Wilson,richard.wilson618@example.com,(878) 377-8780,Atlanta,GA,South,2020-05-15,True,False
619,Michael,Moore,michael.moore619@example.com,(627) 357-5726,Houston,TX,South,2022-01-15,True,False
620,John,Smith,john.smith620@example.com,(216) 347-8974,Boston,MA,Northeast,2025-04-09,False,False
621,John,Williams,john.williams621@example.com,(625) 666-7974,Philadelphia,PA,Northeast,2025-03-15,True,False
622,Joseph,Taylor,joseph.taylor622@example.com,(660) 593-6821,Houston,TX,South,2024-03-11,True,False
623,Jennifer,Wilson,jennifer.wilson623@example.com,(791) 710-4878,Miami,FL,South,2018-01-31,False,False
624,Susan,Robinson,susan.robinson624@example.com,(575) 234-1620,Atlanta,GA,South,2024-06-18,False,False
625,Matthew,Lopez,matthew.lopez625@example.com,(693) 907-2311,Boston,MA,Northeast,2024-07-04,True,False
626,Lisa,White,lisa.white626@example.com,(676) 729-2281,Atlanta,GA,South,2021-02-18,True,False
627,Linda,Thomas,linda.thomas627@example.com,(884) 279-9834,Los Angeles,CA,West,2025-06-11,False,False
628,Karen,Johnson,karen.johnson628@example.com,(747) 997-1176,Phoenix,AZ,West,2021-11-08,False,False
629,Joseph,Taylor,joseph.taylor629@example.com,(787) 951-6431,Phoenix,AZ,West,2023-04-06,False,False
630,Barbara,Sanchez,barbara.sanchez630@example.com,(371) 236-5981,Detroit,MI,Midwest,2021-03-30,False,False
631,Mary,Lee,mary.lee631@example.com,(373) 786-1845,Dallas,TX,South,2024-06-26,False,False
632,Betty,White,betty.white632@example.com,(493) 696-2351,Miami,FL,South,2018-04-22,True,False
633,Thomas,Williams,thomas.williams633@example.com,(458) 335-5603,Denver,CO,West,2021-02-12,False,False
634,Margaret,Rodriguez,margaret.rodriguez634@example.com,(818) 378-3476,New York,NY,Northeast,2019-04-02,False,False
635,Barbara,Sanchez,barbara.sanchez635@example.com,(917) 441-8944,Philadelphia,PA,Northeast,2020-12-06,True,False
636,Betty,Taylor,betty.taylor636@example.com,(551) 286-3376,Denver,CO,West,2018-05-16,True,False
637,Mark,Thomas,mark.thomas637@example.com,(988) 592-4898,Seattle,WA,West,2022-08-19,False,False
638,Lisa,Lee,lisa.lee638@example.com,(791) 951-6653,Philadelphia,PA,Northeast,2020-05-13,True,False
639,Daniel,Rodriguez,daniel.rodriguez639@example.com,(253) 371-8602,Seattle,WA,West,2019-04-21,False,False
640,Jessica,Martinez,jessica.martinez640@example.com,(439) 588-7390,Dallas,TX,South,2023-12-22,False,False
641,William,Jones,william.jones641@example.com,(212) 495-8353,Atlanta,GA,South,2022-11-16,False,False
642,Nancy,Hernandez,nancy.hernandez642@example.com,(242) 299-9704,Atlanta,GA,South,2025-08-29,False,False
643,Margaret,Wilson,margaret.wilson643@example.com,(479) 543-5429,Miami,FL,South,2025-04-24,False,False
644,Betty,Brown,betty.brown644@example.com,(798) 600-8554,Detroit,MI,Midwest,2025-05-04,True,False
645,Lisa,Perez,lisa.perez645@example.com,(732) 545-3947,Miami,FL,South,2020-03-09,False,False
646,Sarah,Smith,sarah.smith646@example.com,(269) 212-7737,Los Angeles,CA,West,2018-02-04,True,False
647,Thomas,Brown,thomas.brown647@example.com,(559) 424-5641,Los Angeles,CA,West,2023-01-01,False,False
648,Michael,Johnson,michael.johnson648@example.com,(294) 258-4552,New York,NY,Northeast,2024-12-12,True,False
649,Matthew,Brown,matthew.brown649@example.com,(333) 584-4027,Boston,MA,Northeast,2024-10-12,True,False
650,Matthew,Garcia,matthew.garcia650@example.com,(678) 876-2240,Detroit,MI,Midwest,2021-04-21,False,False
651,Sandra,Rodriguez,sandra.rodriguez651@example.com,(908) 883-6298,Seattle,WA,West,2022-10-15,False,False
652,Jennifer,Harris,jennifer.harris652@example.com,(995) 263-7271,Boston,MA,Northeast,2021-02-09,False,False
653,David,Johnson,david.johnson653@example.com,(382) 651-2137,Detroit,MI,Midwest,2020-12-20,False,False
654,Sandra,Miller,sandra.miller654@example.com,(382) 860-9061,Miami,FL,South,2022-05-28,True,False
655,John,Moore,john.moore655@example.com,(423) 828-2740,Seattle,WA,West,2022-11-02,False,False
656,Matthew,Rodriguez,matthew.rodriguez656@example.com,(274) 272-5105,Boston,MA,Northeast,2018-05-23,False,False
657,James,Lewis,james.lewis657@example.com,(868) 855-1014,Dallas,TX,South,2019-09-02,True,False
658,Nancy,Gonzalez,nancy.gonzalez658@example.com,(916) 537-7411,Detroit,MI,Midwest,2019-09-13,True,False
659,Thomas,Thompson,thomas.thompson659@example.com,(689) 646-7617,Seattle,WA,West,2023-07-03,True,False
660,Sarah,Davis,sarah.davis660@example.com,(905) 998-8898,New York,NY,Northeast,2022-04-24,True,False
661,Charles,Moore,charles.moore661@example.com,(541) 898-5961,Phoenix,AZ,West,2022-01-10,False,False
662,Mary,Lee,mary.lee662@example.com,(574) 747-6571,Los Angeles,CA,West,2019-01-07,True,False
663,Mark,Anderson,mark.anderson663@example.com,(863) 407-3893,Seattle,WA,West,2021-04-02,True,False
664,Richard,Perez,richard.perez664@example.com,(912) 599-2749,Chicago,IL,Midwest,2021-05-09,False,False
665,Jessica,Williams,jessica.williams665@example.com,(648) 952-4104,Phoenix,AZ,West,2025-02-04,True,False
666,Mary,Miller,mary.miller666@example.com,(444) 700-7369,New York,NY,Northeast,2024-08-25,True,False
667,Betty,Moore,betty.moore667@example.com,(711) 746-8361,Los Angeles,CA,West,2021-06-14,True,False
668,Mary,Hernandez,mary.hernandez668@example.com,(938) 243-7643,New York,NY,Northeast,2021-10-15,True,False
669,Michael,Sanchez,michael.sanchez669@example.com,(735) 669-9791,Los Angeles,CA,West,2025-06-26,True,False
670,Lisa,Jackson,lisa.jackson670@example.com,(237) 953-3319,Chicago,IL,Midwest,2018-10-23,False,False
671,Daniel,Smith,daniel.smith671@example.com,(246) 448-3138,Dallas,TX,South,2024-12-07,True,False
672,Jennifer,Lee,jennifer.lee672@example.com,(299) 667-3796,New York,NY,Northeast,2021-06-12,True,False
673,Mark,Clark,mark.clark673@example.com,(709) 809-4613,Boston,MA,Northeast,2019-04-13,True,False
674,Betty,Miller,betty.miller674@example.com,(955) 894-7586,Houston,TX,South,2021-10-13,False,False
675,Patricia,Perez,patricia.perez675@example.com,(340) 529-4493,Miami,FL,South,2024-02-14,True,False
676,Charles,Garcia,charles.garcia676@example.com,(323) 480-3314,Minneapolis,MN,Midwest,2018-09-16,False,False
677,Jennifer,Thompson,jennifer.thompson677@example.com,(368) 649-4991,Minneapolis,MN,Midwest,2024-03-16,True,False
678,John,Brown,john.brown678@example.com,(827) 585-3584,Seattle,WA,West,2025-02-02,True,False
679,Steven,Thomas,steven.thomas679@example.com,(207) 383-2460,Boston,MA,Northeast,2018-01-27,False,False
680,Susan,Thompson,susan.thompson680@example.com,(908) 329-4377,Seattle,WA,West,2023-05-04,True,False
681,Daniel,Rodriguez,daniel.rodriguez681@example.com,(621) 444-3859,Atlanta,GA,South,2023-01-19,True,False
682,Karen,Garcia,karen.garcia682@example.com,(826) 290-5934,San Francisco,CA,West,2023-08-10,False,False
683,Susan,Smith,susan.smith683@example.com,(396) 320-9686,Atlanta,GA,South,2020-08-23,True,False
684,Karen,Lopez,karen.lopez684@example.com,(719) 424-8605,Denver,CO,West,2024-01-20,True,False
685,William,Johnson,william.johnson685@example.com,(352) 901-8772,Chicago,IL,Midwest,2019-04-07,False,False
686,Jennifer,Garcia,jennifer.garcia686@example.com,(255) 860-6966,Los Angeles,CA,West,2018-06-26,False,False
687,Michael,Wilson,michael.wilson687@example.com,(831) 976-8424,Detroit,MI,Midwest,2021-10-01,True,False
688,Patricia,White,patricia.white688@example.com,(380) 361-1476,New York,NY,Northeast,2024-01-11,False,False
689,Thomas,Brown,thomas.brown689@example.com,(938) 655-6340,Boston,MA,Northeast,2020-08-21,False,False
690,Michael,White,michael.white690@example.com,(435) 997-2804,Los Angeles,CA,West,2021-08-27,False,False
691,Linda,Brown,linda.brown691@example.com,(404) 584-4615,Chicago,IL,Midwest,2022-08-17,True,False
692,Jessica,Jackson,jessica.jackson692@example.com,(646) 348-4541,Dallas,TX,South,2018-08-11,False,False
693,Jennifer,Gonzalez,jennifer.gonzalez693@example.com,(668) 937-4181,Minneapolis,MN,Midwest,2019-07-13,False,False
694,William,Miller,william.miller694@example.com,(232) 908-1977,Minneapolis,MN,Midwest,2019-06-06,False,False
695,John,Brown,john.brown695@example.com,(669) 628-3804,Denver,CO,West,2023-03-22,False,False
696,Linda,Lewis,linda.lewis696@example.com,(360) 853-3784,Detroit,MI,Midwest,2024-10-08,True,False
697,Robert,Wilson,robert.wilson697@example.com,(700) 421-8757,Denver,CO,West,2023-11-08,False,False
698,William,Smith,william.smith698@example.com,(953) 452-5060,San Francisco,CA,West,2022-10-20,False,False
699,Susan,Jackson,susan.jackson699@example.com,(352) 787-1083,Chicago,IL,Midwest,2024-08-20,False,False
700,Mary,Johnson,mary.johnson700@example.com,(234) 635-9701,Dallas,TX,South,2023-08-28,False,False
701,Jessica,Sanchez,jessica.sanchez701@example.com,(300) 663-9114,Seattle,WA,West,2025-10-24,True,False
702,Robert,Moore,robert.moore702@example.com,(909) 949-7662,Seattle,WA,West,2018-02-20,True,False
703,John,Lopez,john.lopez703@example.com,(863) 292-1260,Detroit,MI,Midwest,2020-09-06,False,False
704,Nancy,Martinez,nancy.martinez704@example.com,(670) 784-1399,Philadelphia,PA,Northeast,2025-11-20,False,False
705,Joseph,Harris,joseph.harris705@example.com,(615) 389-7068,Philadelphia,PA,Northeast,2025-11-20,False,False
706,Matthew,Lee,matthew.lee706@example.com,(272) 594-6454,New York,NY,Northeast,2025-01-13,True,False
707,Elizabeth,Wilson,elizabeth.wilson707@example.com,(914) 827-9887,Seattle,WA,West,2021-01-10,True,False
708,Betty,Perez,betty.perez708@example.com,(543) 953-1898,Boston,MA,Northeast,2024-12-16,False,False
709,Steven,Johnson,steven.johnson709@example.com,(574) 676-1669,Boston,MA,Northeast,2022-04-18,False,False
710,Barbara,Garcia,barbara.garcia710@example.com,(921) 268-4354,Los Angeles,CA,West,2024-04-07,True,False
711,David,Davis,david.davis711@example.com,(864) 689-4437,Atlanta,GA,South,2019-04-11,True,False
712,David,Lopez,david.lopez712@example.com,(715) 896-7929,Phoenix,AZ,West,2020-12-31,False,False
713,Mary,Williams,mary.williams713@example.com,(663) 697-9215,Minneapolis,MN,Midwest,2021-11-15,True,False
714,Jessica,Thompson,jessica.thompson714@example.com,(745) 499-8405,Atlanta,GA,South,2025-08-10,False,False
715,Betty,Perez,betty.perez715@example.com,(392) 668-2430,San Francisco,CA,West,2018-09-26,True,False
716,Richard,Lewis,richard.lewis716@example.com,(278) 311-3699,Philadelphia,PA,Northeast,2021-03-27,False,False
717,Patricia,Thompson,patricia.thompson717@example.com,(354) 409-9530,Philadelphia,PA,Northeast,2023-07-26,True,False
718,Elizabeth,Wilson,elizabeth.wilson718@example.com,(335) 685-6680,Los Angeles,CA,West,2024-01-27,False,False
719,Joseph,White,joseph.white719@example.com,(498) 393-2031,Los Angeles,CA,West,2018-03-29,True,False
720,Margaret,Sanchez,margaret.sanchez720@example.com,(860) 543-7745,Chicago,IL,Midwest,2023-10-30,False,False
721,Daniel,Lee,daniel.lee721@example.com,(697) 807-9686,Seattle,WA,West,2021-08-29,False,False
722,Joseph,Martinez,joseph.martinez722@example.com,(513) 375-5259,Miami,FL,South,2019-06-25,True,False
723,Jessica,Lopez,jessica.lopez723@example.com,(351) 561-5659,Detroit,MI,Midwest,2018-07-13,False,False
724,Jennifer,Martin,jennifer.martin724@example.com,(928) 748-5673,Phoenix,AZ,West,2019-10-21,True,False
725,Jennifer,Clark,jennifer.clark725@example.com,(882) 357-3641,San Francisco,CA,West,2025-10-08,True,False
726,Patricia,Johnson,patricia.johnson726@example.com,(329) 651-5266,Minneapolis,MN,Midwest,2024-06-11,False,False
727,Jennifer,Miller,jennifer.miller727@example.com,(235) 881-6192,Atlanta,GA,South,2025-12-06,False,False
728,John,Lopez,john.lopez728@example.com,(366) 746-5940,Dallas,TX,South,2024-01-21,True,False
729,Sandra,Smith,sandra.smith729@example.com,(986) 348-8504,Houston,TX,South,2023-08-08,False,False
730,John,Smith,john.smith730@example.com,(719) 539-5842,San Francisco,CA,West,2024-02-16,False,False
731,Steven,Martinez,steven.martinez731@example.com,(882) 350-8243,Seattle,WA,West,2024-06-07,False,False
732,Matthew,Brown,matthew.brown732@example.com,(241) 342-2914,San Francisco,CA,West,2023-05-16,False,False
733,James,Gonzalez,james.gonzalez733@example.com,(656) 565-2515,Miami,FL,South,2020-06-21,False,False
734,Mary,Martin,mary.martin734@example.com,(797) 739-4639,Los Angeles,CA,West,2020-03-10,False,False
735,Michael,Smith,michael.smith735@example.com,(656) 893-2431,Boston,MA,Northeast,2024-01-15,False,False
736,Michael,Thomas,michael.thomas736@example.com,(819) 723-1918,Minneapolis,MN,Midwest,2024-10-06,False,False
737,Richard,Jones,richard.jones737@example.com,(578) 595-7108,San Francisco,CA,West,2022-10-18,True,False
738,Elizabeth,Lopez,elizabeth.lopez738@example.com,(656) 774-2435,Minneapolis,MN,Midwest,2021-06-15,True,False
739,Lisa,Lewis,lisa.lewis739@example.com,(653) 495-3683,Dallas,TX,South,2022-08-30,False,False
740,Lisa,Lewis,lisa.lewis740@example.com,(801) 812-2410,Houston,TX,South,2019-07-26,True,False
741,Michael,Martinez,michael.martinez741@example.com,(543) 267-7156,Dallas,TX,South,2023-11-22,True,False
742,James,Wilson,james.wilson742@example.com,(624) 379-8571,Los Angeles,CA,West,2021-01-24,True,False
743,Michael,Garcia,michael.garcia743@example.com,(496) 767-9037,Denver,CO,West,2022-04-13,True,False
744,Mark,Clark,mark.clark744@example.com,(511) 705-8593,Detroit,MI,Midwest,2024-07-25,True,False
745,James,Sanchez,james.sanchez745@example.com,(468) 507-8742,New York,NY,Northeast,2019-09-23,True,False
746,Daniel,Perez,daniel.perez746@example.com,(627) 383-9059,Phoenix,AZ,West,2021-03-24,True,False
747,James,Brown,james.brown747@example.com,(704) 268-6927,Seattle,WA,West,2021-02-09,False,False
748,Charles,Wilson,charles.wilson748@example.com,(843) 902-8799,Denver,CO,West,2020-11-22,True,False
749,Barbara,Taylor,barbara.taylor749@example.com,(217) 465-3668,San Francisco,CA,West,2024-06-14,True,False
750,John,Hernandez,john.hernandez750@example.com,(338) 565-3675,Dallas,TX,South,2025-10-10,True,False
751,William,Lopez,william.lopez751@example.com,(564) 249-5749,Houston,TX,South,2025-02-19,False,False
752,Thomas,Lee,thomas.lee752@example.com,(726) 398-4002,Phoenix,AZ,West,2018-11-11,True,False
753,Karen,Harris,karen.harris753@example.com,(530) 523-5932,Philadelphia,PA,Northeast,2024-02-06,False,False
754,Nancy,Thompson,nancy.thompson754@example.com,(298) 747-6761,San Francisco,CA,West,2022-01-24,True,False
755,James,Jones,james.jones755@example.com,(581) 997-8944,Atlanta,GA,South,2021-02-26,False,False
756,David,Robinson,david.robinson756@example.com,(304) 423-3532,Phoenix,AZ,West,2019-10-30,True,False
757,Mark,Miller,mark.miller757@example.com,(828) 906-9612,Seattle,WA,West,2024-04-07,True,False
758,Susan,Anderson,susan.anderson758@example.com,(319) 334-1284,Phoenix,AZ,West,2018-11-09,False,False
759,Barbara,Martinez,barbara.martinez759@example.com,(342) 652-9570,San Francisco,CA,West,2022-01-25,False,False
760,Jennifer,Thompson,jennifer.thompson760@example.com,(962) 321-4643,Detroit,MI,Midwest,2018-04-28,True,False
761,Margaret,Thompson,margaret.thompson761@example.com,(432) 514-3053,Philadelphia,PA,Northeast,2025-09-19,True,False
762,John,Williams,john.williams762@example.com,(981) 314-2273,Houston,TX,South,2025-09-30,True,False
763,Anthony,Thomas,anthony.thomas763@example.com,(243) 401-2766,Seattle,WA,West,2022-11-02,True,False
764,Betty,Perez,betty.perez764@example.com,(260) 680-2948,Atlanta,GA,South,2024-08-26,False,False
765,Mary,Williams,mary.williams765@example.com,(210) 972-2581,Detroit,MI,Midwest,2025-06-27,True,False
766,Sandra,Martin,sandra.martin766@example.com,(404) 389-6759,Chicago,IL,Midwest,2024-08-03,True,False
767,Robert,Jones,robert.jones767@example.com,(793) 556-6770,Denver,CO,West,2021-02-10,True,False
768,Margaret,Taylor,margaret.taylor768@example.com,(447) 717-2119,Seattle,WA,West,2024-11-15,True,False
769,Mark,Jackson,mark.jackson769@example.com,(741) 422-4138,Seattle,WA,West,2018-02-27,False,False
770,Jennifer,Lewis,jennifer.lewis770@example.com,(204) 942-2616,Seattle,WA,West,2024-01-10,True,False
771,Sandra,Taylor,sandra.taylor771@example.com,(686) 575-4033,Denver,CO,West,2025-12-08,False,False
772,Nancy,Brown,nancy.brown772@example.com,(588) 634-4510,Philadelphia,PA,Northeast,2021-12-24,True,False
773,Susan,Brown,susan.brown773@example.com,(326) 677-2807,Seattle,WA,West,2021-07-11,True,False
774,Jessica,Harris,jessica.harris774@example.com,(495) 770-1665,Minneapolis,MN,Midwest,2025-11-26,True,False
775,David,Thomas,david.thomas775@example.com,(490) 667-6111,Boston,MA,Northeast,2022-04-26,False,False
776,Linda,Moore,linda.moore776@example.com,(638) 393-2140,Houston,TX,South,2021-04-05,False,False
777,Nancy,Lopez,nancy.lopez777@example.com,(890) 703-2723,Philadelphia,PA,Northeast,2018-02-22,False,False
778,Joseph,Taylor,joseph.taylor778@example.com,(287) 322-3348,Los Angeles,CA,West,2025-08-03,False,False
779,Richard,Thompson,richard.thompson779@example.com,(959) 372-2060,Miami,FL,South,2019-02-21,False,False
780,Michael,Hernandez,michael.hernandez780@example.com,(613) 325-4815,Chicago,IL,Midwest,2024-09-02,False,False
781,Lisa,Thomas,lisa.thomas781@example.com,(807) 479-7557,Detroit,MI,Midwest,2024-07-11,False,False
782,Jessica,Perez,jessica.perez782@example.com,(696) 723-5569,Miami,FL,South,2022-07-15,True,False
783,Anthony,Anderson,anthony.anderson783@example.com,(456) 701-9147,Boston,MA,Northeast,2019-05-16,True,False
784,Daniel,Jones,daniel.jones784@example.com,(955) 254-2117,New York,NY,Northeast,2019-02-12,False,False
785,Nancy,Smith,nancy.smith785@example.com,(819) 895-6356,Philadelphia,PA,Northeast,2022-04-17,True,False
786,Elizabeth,Martin,elizabeth.martin786@example.com,(978) 278-9518,Miami,FL,South,2019-01-30,False,False
787,Betty,Anderson,betty.anderson787@example.com,(877) 709-9032,Chicago,IL,Midwest,2021-04-17,False,False
788,Sarah,Hernandez,sarah.hernandez788@example.com,(759) 218-1517,Seattle,WA,West,2024-01-24,False,False
789,Steven,Robinson,steven.robinson789@example.com,(660) 522-7165,Boston,MA,Northeast,2022-04-21,False,False
790,Joseph,Johnson,joseph.johnson790@example.com,(770) 875-5965,New York,NY,Northeast,2019-12-26,True,False
791,Jessica,Wilson,jessica.wilson791@example.com,(932) 598-8986,Philadelphia,PA,Northeast,2021-07-03,True,False
792,Charles,Perez,charles.perez792@example.com,(767) 901-9837,Dallas,TX,South,2025-05-27,False,False
793,Jessica,Moore,jessica.moore793@example.com,(718) 257-7412,Denver,CO,West,2019-10-03,False,False
794,Jessica,Jackson,jessica.jackson794@example.com,(892) 561-5660,Houston,TX,South,2024-12-01,False,False
795,Mary,Smith,mary.smith795@example.com,(331) 575-6715,Miami,FL,South,2018-07-04,True,False
796,Anthony,Lewis,anthony.lewis796@example.com,(589) 299-8014,Los Angeles,CA,West,2021-10-29,False,False
797,Barbara,Wilson,barbara.wilson797@example.com,(877) 450-5056,Minneapolis,MN,Midwest,2018-08-20,True,False
798,Daniel,Martinez,daniel.martinez798@example.com,(904) 267-5995,Miami,FL,South,2018-12-14,True,False
799,David,Garcia,david.garcia799@example.com,(533) 238-8551,New York,NY,Northeast,2024-01-15,False,False
800,Charles,Taylor,charles.taylor800@example.com,(473) 220-8695,Phoenix,AZ,West,2022-09-22,True,False
801,David,Gonzalez,david.gonzalez801@example.com,(530) 786-2601,Miami,FL,South,2022-05-18,False,False
802,Patricia,Thompson,patricia.thompson802@example.com,(544) 708-9237,Los Angeles,CA,West,2020-04-23,False,False
803,Jennifer,Martin,jennifer.martin803@example.com,(646) 406-9142,Detroit,MI,Midwest,2022-01-28,True,False
804,Mark,Ramirez,mark.ramirez804@example.com,(494) 471-1778,Atlanta,GA,South,2020-05-26,False,False
805,Charles,Gonzalez,charles.gonzalez805@example.com,(839) 960-2506,Seattle,WA,West,2020-07-14,True,False
806,Charles,Hernandez,charles.hernandez806@example.com,(780) 743-8786,Detroit,MI,Midwest,2018-10-03,False,False
807,Michael,Lopez,michael.lopez807@example.com,(867) 509-9268,Seattle,WA,West,2018-11-11,False,False
808,Susan,Perez,susan.perez808@example.com,(404) 624-7591,Atlanta,GA,South,2021-07-07,False,False
809,Karen,Taylor,karen.taylor809@example.com,(981) 760-3958,Dallas,TX,South,2025-07-13,True,False
810,Daniel,Thompson,daniel.thompson810@example.com,(790) 711-4489,Atlanta,GA,South,2020-02-04,False,False
811,William,Robinson,william.robinson811@example.com,(829) 987-8106,Los Angeles,CA,West,2023-12-23,True,False
812,Thomas,Miller,thomas.miller812@example.com,(351) 446-3465,Minneapolis,MN,Midwest,2023-03-10,False,False
813,Margaret,Wilson,margaret.wilson813@example.com,(265) 849-4335,Houston,TX,South,2021-07-29,False,False
814,William,Clark,william.clark814@example.com,(364) 462-4868,Detroit,MI,Midwest,2025-03-31,False,False
815,Linda,Brown,linda.brown815@example.com,(228) 451-6087,Philadelphia,PA,Northeast,2020-02-26,False,False
816,Jessica,Moore,jessica.moore816@example.com,(862) 237-4309,Houston,TX,South,2022-09-25,True,False
817,William,Jones,william.jones817@example.com,(484) 874-3883,New York,NY,Northeast,2020-11-24,True,False
818,Lisa,Thomas,lisa.thomas818@example.com,(256) 285-6143,Seattle,WA,West,2018-03-23,False,False
819,Margaret,Williams,margaret.williams819@example.com,(572) 887-2479,Phoenix,AZ,West,2022-07-26,False,False
820,Mark,White,mark.white820@example.com,(441) 314-9196,Denver,CO,West,2019-07-30,True,False
821,Thomas,Perez,thomas.perez821@example.com,(993) 737-5125,Denver,CO,West,2024-07-05,False,False
822,Steven,Williams,steven.williams822@example.com,(325) 991-6134,Chicago,IL,Midwest,2024-09-22,False,False
823,Mark,Jackson,mark.jackson823@example.com,(966) 961-4865,San Francisco,CA,West,2022-05-17,False,False
824,Michael,Jones,michael.jones824@example.com,(419) 481-8200,Boston,MA,Northeast,2019-12-19,False,False
825,William,Ramirez,william.ramirez825@example.com,(702) 746-7139,Miami,FL,South,2018-08-18,True,False
826,David,Moore,david.moore826@example.com,(899) 452-5550,Houston,TX,South,2023-04-30,True,False
827,Barbara,Thomas,barbara.thomas827@example.com,(515) 221-1570,San Francisco,CA,West,2022-02-15,True,False
828,Matthew,Robinson,matthew.robinson828@example.com,(445) 459-7302,Seattle,WA,West,2025-07-13,False,False
829,Daniel,Thompson,daniel.thompson829@example.com,(324) 747-4872,Minneapolis,MN,Midwest,2025-09-07,False,False
830,Richard,Smith,richard.smith830@example.com,(461) 508-2478,Phoenix,AZ,West,2022-05-29,True,False
831,Elizabeth,Miller,elizabeth.miller831@example.com,(649) 846-6196,Denver,CO,West,2019-10-19,False,False
832,Betty,Johnson,betty.johnson832@example.com,(998) 703-8718,Detroit,MI,Midwest,2018-11-25,False,False
833,Sandra,Clark,sandra.clark833@example.com,(302) 364-5275,Minneapolis,MN,Midwest,2022-09-27,True,False
834,Barbara,Wilson,barbara.wilson834@example.com,(955) 534-8426,Miami,FL,South,2024-02-22,True,False
835,Anthony,Johnson,anthony.johnson835@example.com,(388) 845-8264,Los Angeles,CA,West,2025-03-12,True,False
836,James,Gonzalez,james.gonzalez836@example.com,(512) 521-2347,Chicago,IL,Midwest,2025-01-17,True,False
837,Jennifer,Davis,jennifer.davis837@example.com,(981) 333-7722,Atlanta,GA,South,2025-04-13,False,False
838,Joseph,Thomas,joseph.thomas838@example.com,(466) 377-6367,Denver,CO,West,2019-07-01,False,False
839,Michael,Williams,michael.williams839@example.com,(386) 602-7182,Houston,TX,South,2022-02-14,True,False
840,James,Smith,james.smith840@example.com,(862) 826-4747,Phoenix,AZ,West,2024-04-06,True,False
841,Joseph,Miller,joseph.miller841@example.com,(372) 250-7570,Detroit,MI,Midwest,2025-11-12,False,False
842,Karen,Rodriguez,karen.rodriguez842@example.com,(576) 374-2922,Philadelphia,PA,Northeast,2018-12-31,True,False
843,Matthew,Taylor,matthew.taylor843@example.com,(889) 706-2941,Houston,TX,South,2023-02-02,True,False
844,Matthew,Miller,matthew.miller844@example.com,(494) 964-9096,Chicago,IL,Midwest,2020-12-26,False,False
845,John,Wilson,john.wilson845@example.com,(814) 420-5636,Denver,CO,West,2020-04-26,True,False
846,Susan,Garcia,susan.garcia846@example.com,(229) 497-5289,Houston,TX,South,2019-08-21,True,False
847,Karen,Anderson,karen.anderson847@example.com,(578) 796-8506,Phoenix,AZ,West,2020-10-14,True,False
848,James,Thomas,james.thomas848@example.com,(909) 607-4476,Philadelphia,PA,Northeast,2021-08-17,False,False
849,Matthew,Wilson,matthew.wilson849@example.com,(462) 274-2561,San Francisco,CA,West,2024-09-12,True,False
850,Mary,Hernandez,mary.hernandez850@example.com,(682) 562-1745,Phoenix,AZ,West,2020-08-19,True,False
851,William,Taylor,william.taylor851@example.com,(509) 604-7076,Miami,FL,South,2022-04-10,True,False
852,Steven,Moore,steven.moore852@example.com,(383) 466-3783,New York,NY,Northeast,2024-07-05,False,False
853,Sandra,Hernandez,sandra.hernandez853@example.com,(335) 291-6198,Phoenix,AZ,West,2023-04-02,False,False
854,John,Rodriguez,john.rodriguez854@example.com,(245) 330-9179,Boston,MA,Northeast,2021-07-07,False,False
855,Lisa,Lopez,lisa.lopez855@example.com,(489) 469-5321,Phoenix,AZ,West,2022-10-28,False,False
856,Susan,Lewis,susan.lewis856@example.com,(954) 703-3478,Philadelphia,PA,Northeast,2021-07-16,False,False
857,Mary,Miller,mary.miller857@example.com,(435) 387-1587,Philadelphia,PA,Northeast,2018-08-12,False,False
858,William,Garcia,william.garcia858@example.com,(646) 318-9108,San Francisco,CA,West,2023-03-29,True,False
859,Joseph,Lopez,joseph.lopez859@example.com,(696) 668-9077,San Francisco,CA,West,2024-04-16,True,False
860,Margaret,White,margaret.white860@example.com,(326) 557-2533,Denver,CO,West,2019-08-30,True,False
861,Margaret,Martinez,margaret.martinez861@example.com,(967) 720-5469,Philadelphia,PA,Northeast,2019-11-21,True,False
862,Charles,Smith,charles.smith862@example.com,(384) 626-2258,Atlanta,GA,South,2024-05-26,True,False
863,Anthony,Thomas,anthony.thomas863@example.com,(536) 226-5657,Los Angeles,CA,West,2019-01-22,True,False
864,Richard,Lopez,richard.lopez864@example.com,(531) 357-1473,Miami,FL,South,2019-03-11,True,False
865,Joseph,Clark,joseph.clark865@example.com,(691) 664-5412,San Francisco,CA,West,2025-05-25,True,False
866,David,Johnson,david.johnson866@example.com,(663) 532-3118,Los Angeles,CA,West,2024-12-24,True,False
867,Margaret,Johnson,margaret.johnson867@example.com,(489) 530-1909,Seattle,WA,West,2025-03-21,True,False
868,Sarah,Martin,sarah.martin868@example.com,(608) 461-3916,Houston,TX,South,2019-01-15,True,False
869,Anthony,Ramirez,anthony.ramirez869@example.com,(221) 413-3669,Houston,TX,South,2019-01-01,False,False
870,Anthony,Gonzalez,anthony.gonzalez870@example.com,(970) 869-3525,Detroit,MI,Midwest,2025-04-04,True,False
871,Elizabeth,Thomas,elizabeth.thomas871@example.com,(953) 517-3151,Seattle,WA,West,2022-11-06,False,False
872,Nancy,Brown,nancy.brown872@example.com,(724) 404-9021,Denver,CO,West,2022-02-14,False,False
873,Steven,Gonzalez,steven.gonzalez873@example.com,(776) 814-7931,Dallas,TX,South,2021-01-04,True,False
874,Anthony,Wilson,anthony.wilson874@example.com,(828) 390-8112,Seattle,WA,West,2022-02-17,False,False
875,Robert,Johnson,robert.johnson875@example.com,(674) 892-4673,Atlanta,GA,South,2021-10-31,True,False
876,Sandra,Thomas,sandra.thomas876@example.com,(862) 737-2375,Atlanta,GA,South,2025-01-22,False,False
877,Joseph,Wilson,joseph.wilson877@example.com,(507) 352-3093,Boston,MA,Northeast,2023-05-11,False,False
878,Mark,Davis,mark.davis878@example.com,(502) 782-1781,Atlanta,GA,South,2022-10-18,True,False
879,Sandra,Johnson,sandra.johnson879@example.com,(722) 635-7766,Atlanta,GA,South,2019-03-17,True,False
880,Joseph,Perez,joseph.perez880@example.com,(459) 563-5175,San Francisco,CA,West,2024-05-17,True,False
881,Anthony,Taylor,anthony.taylor881@example.com,(958) 877-8583,New York,NY,Northeast,2019-04-12,True,False
882,Betty,Garcia,betty.garcia882@example.com,(246) 285-7819,Denver,CO,West,2022-05-29,False,False
883,David,Jackson,david.jackson883@example.com,(975) 886-8371,San Francisco,CA,West,2023-02-07,False,False
884,David,Robinson,david.robinson884@example.com,(416) 389-2281,Denver,CO,West,2020-02-06,False,False
885,Margaret,Perez,margaret.perez885@example.com,(747) 218-1095,Boston,MA,Northeast,2022-11-12,False,False
886,Patricia,Smith,patricia.smith886@example.com,(688) 671-7637,Philadelphia,PA,Northeast,2025-05-10,False,False
887,Elizabeth,Martin,elizabeth.martin887@example.com,(569) 907-7471,Denver,CO,West,2024-12-01,False,False
888,Robert,Jones,robert.jones888@example.com,(395) 314-1260,Philadelphia,PA,Northeast,2018-02-26,True,False
889,Margaret,Smith,margaret.smith889@example.com,(864) 348-4961,Chicago,IL,Midwest,2023-05-25,False,False
890,Mark,Lee,mark.lee890@example.com,(395) 288-5930,Denver,CO,West,2024-01-16,False,False
891,John,Thomas,john.thomas891@example.com,(319) 370-3497,Houston,TX,South,2018-03-31,False,False
892,Jessica,Thomas,jessica.thomas892@example.com,(799) 448-4298,New York,NY,Northeast,2023-01-16,False,False
893,Charles,Clark,charles.clark893@example.com,(252) 541-1129,Denver,CO,West,2022-05-24,True,False
894,Daniel,Ramirez,daniel.ramirez894@example.com,(625) 707-5764,San Francisco,CA,West,2022-11-04,True,False
895,Jessica,Gonzalez,jessica.gonzalez895@example.com,(805) 942-8993,Dallas,TX,South,2023-10-04,True,False
896,Matthew,Johnson,matthew.johnson896@example.com,(632) 790-6174,Atlanta,GA,South,2018-03-19,True,False
897,William,Lewis,william.lewis897@example.com,(684) 319-9106,Los Angeles,CA,West,2022-09-05,False,False
898,Joseph,Thompson,joseph.thompson898@example.com,(365) 494-4149,Houston,TX,South,2018-03-27,False,False
899,Barbara,Anderson,barbara.anderson899@example.com,(424) 801-6556,Chicago,IL,Midwest,2023-09-11,False,False
900,John,Lewis,john.lewis900@example.com,(626) 889-6902,Detroit,MI,Midwest,2022-05-18,False,False
901,Betty,Ramirez,betty.ramirez901@example.com,(412) 489-2412,Philadelphia,PA,Northeast,2024-12-22,False,False
902,John,Garcia,john.garcia902@example.com,(820) 703-2653,Chicago,IL,Midwest,2019-10-03,False,False
903,Jessica,Martinez,jessica.martinez903@example.com,(770) 248-1297,Chicago,IL,Midwest,2020-05-07,False,False
904,Steven,Rodriguez,steven.rodriguez904@example.com,(362) 378-9248,Minneapolis,MN,Midwest,2025-08-04,True,False
905,Betty,Williams,betty.williams905@example.com,(316) 832-4714,Minneapolis,MN,Midwest,2022-10-30,True,False
906,Sarah,Davis,sarah.davis906@example.com,(548) 563-1764,Dallas,TX,South,2020-11-22,False,False
907,Steven,Jones,steven.jones907@example.com,(727) 818-2706,Denver,CO,West,2025-09-27,True,False
908,Sandra,Anderson,sandra.anderson908@example.com,(973) 313-2734,Seattle,WA,West,2023-02-16,True,False
909,Mark,Moore,mark.moore909@example.com,(307) 371-2934,New York,NY,Northeast,2023-09-09,True,False
910,Sandra,Lopez,sandra.lopez910@example.com,(925) 652-9288,Philadelphia,PA,Northeast,2021-04-11,False,False
911,Lisa,Ramirez,lisa.ramirez911@example.com,(862) 572-6482,Boston,MA,Northeast,2019-09-24,True,False
912,Patricia,Ramirez,patricia.ramirez912@example.com,(625) 987-1107,Chicago,IL,Midwest,2022-12-04,True,False
913,Mark,Sanchez,mark.sanchez913@example.com,(493) 717-3805,Dallas,TX,South,2021-10-30,True,False
914,William,Lopez,william.lopez914@example.com,(569) 844-5021,San Francisco,CA,West,2022-08-27,True,False
915,Anthony,Harris,anthony.harris915@example.com,(433) 341-8025,Atlanta,GA,South,2022-09-24,False,False
916,Sandra,Wilson,sandra.wilson916@example.com,(728) 898-6927,Phoenix,AZ,West,2023-02-23,True,False
917,Joseph,Jones,joseph.jones917@example.com,(934) 729-2140,Seattle,WA,West,2018-02-10,True,False
918,David,Hernandez,david.hernandez918@example.com,(644) 262-7443,Houston,TX,South,2019-11-05,True,False
919,Nancy,Robinson,nancy.robinson919@example.com,(788) 259-9516,Los Angeles,CA,West,2019-09-11,False,False
920,Susan,Gonzalez,susan.gonzalez920@example.com,(917) 766-5986,Phoenix,AZ,West,2025-08-20,False,False
921,Sandra,Lopez,sandra.lopez921@example.com,(740) 825-3406,New York,NY,Northeast,2021-02-19,False,False
922,Joseph,Lee,joseph.lee922@example.com,(839) 833-8244,Chicago,IL,Midwest,2024-02-08,False,False
923,Steven,Sanchez,steven.sanchez923@example.com,(614) 994-4232,Seattle,WA,West,2025-04-11,False,False
924,Robert,Johnson,robert.johnson924@example.com,(599) 942-3064,Atlanta,GA,South,2021-10-02,False,False
925,Michael,Williams,michael.williams925@example.com,(519) 733-6582,Atlanta,GA,South,2024-03-10,True,False
926,James,Smith,james.smith926@example.com,(806) 464-4954,Phoenix,AZ,West,2024-01-21,False,False
927,Lisa,Wilson,lisa.wilson927@example.com,(949) 261-7110,Atlanta,GA,South,2019-03-29,False,False
928,Daniel,Taylor,daniel.taylor928@example.com,(248) 974-3043,Minneapolis,MN,Midwest,2019-05-23,False,False
929,Elizabeth,Jackson,elizabeth.jackson929@example.com,(664) 547-4868,San Francisco,CA,West,2018-01-22,True,False
930,Barbara,Martinez,barbara.martinez930@example.com,(932) 786-3293,Detroit,MI,Midwest,2025-06-24,False,False
931,Thomas,White,thomas.white931@example.com,(535) 728-4154,Chicago,IL,Midwest,2019-03-08,False,False
932,Joseph,Brown,joseph.brown932@example.com,(621) 283-2511,Philadelphia,PA,Northeast,2022-10-10,True,False
933,Susan,Lewis,susan.lewis933@example.com,(419) 656-2279,Philadelphia,PA,Northeast,2023-05-05,False,False
934,Nancy,Taylor,nancy.taylor934@example.com,(772) 731-7468,Houston,TX,South,2024-08-06,False,False
935,Charles,Thomas,charles.thomas935@example.com,(650) 905-9020,Los Angeles,CA,West,2022-10-01,False,False
936,Mark,Garcia,mark.garcia936@example.com,(330) 696-8499,Philadelphia,PA,Northeast,2023-09-03,True,False
937,Matthew,Taylor,matthew.taylor937@example.com,(320) 911-4483,Denver,CO,West,2023-12-08,False,False
938,Jessica,Johnson,jessica.johnson938@example.com,(772) 578-2945,San Francisco,CA,West,2019-10-05,False,False
939,Patricia,Brown,patricia.brown939@example.com,(496) 241-9565,Minneapolis,MN,Midwest,2024-05-30,True,False
940,Patricia,Lopez,patricia.lopez940@example.com,(510) 501-8961,Detroit,MI,Midwest,2022-03-14,True,False
941,Betty,Jones,betty.jones941@example.com,(631) 249-5999,Philadelphia,PA,Northeast,2024-08-12,False,False
942,Michael,Garcia,michael.garcia942@example.com,(202) 325-9970,Denver,CO,West,2023-06-26,False,False
943,Robert,Ramirez,robert.ramirez943@example.com,(692) 786-6074,New York,NY,Northeast,2022-09-07,False,False
944,Steven,Hernandez,steven.hernandez944@example.com,(686) 937-3175,Seattle,WA,West,2022-03-26,True,False
945,Thomas,Lee,thomas.lee945@example.com,(883) 659-3440,Dallas,TX,South,2023-01-17,False,False
946,Robert,Sanchez,robert.sanchez946@example.com,(838) 619-7344,Miami,FL,South,2025-06-14,True,False
947,Steven,Gonzalez,steven.gonzalez947@example.com,(246) 886-8259,Minneapolis,MN,Midwest,2024-01-25,False,False
948,Daniel,Williams,daniel.williams948@example.com,(924) 225-6060,Denver,CO,West,2019-11-10,True,False
949,Daniel,Moore,daniel.moore949@example.com,(833) 754-1866,Boston,MA,Northeast,2020-02-28,True,False
950,Anthony,Thomas,anthony.thomas950@example.com,(323) 874-9713,Atlanta,GA,South,2018-03-18,True,False
951,James,Rodriguez,james.rodriguez951@example.com,(451) 922-8278,Seattle,WA,West,2020-04-22,True,False
952,Betty,Moore,betty.moore952@example.com,(611) 803-1737,Miami,FL,South,2021-08-05,False,False
953,Margaret,Robinson,margaret.robinson953@example.com,(647) 384-7798,New York,NY,Northeast,2021-10-24,True,False
954,Margaret,Taylor,margaret.taylor954@example.com,(463) 293-2878,Minneapolis,MN,Midwest,2022-04-14,True,False
955,Sarah,Garcia,sarah.garcia955@example.com,(387) 461-2468,Detroit,MI,Midwest,2019-08-13,True,False
956,Elizabeth,Wilson,elizabeth.wilson956@example.com,(260) 829-6329,Los Angeles,CA,West,2019-11-25,True,False
957,James,Thompson,james.thompson957@example.com,(599) 301-6243,New York,NY,Northeast,2021-05-05,True,False
958,Susan,Lewis,susan.lewis958@example.com,(584) 323-1849,Minneapolis,MN,Midwest,2020-11-22,True,False
959,Linda,Harris,linda.harris959@example.com,(442) 704-9333,Miami,FL,South,2024-07-28,False,False
960,Patricia,Rodriguez,patricia.rodriguez960@example.com,(675) 766-7669,New York,NY,Northeast,2021-07-27,True,False
961,Jessica,Smith,jessica.smith961@example.com,(439) 219-5409,Houston,TX,South,2025-02-07,True,False
962,Linda,Harris,linda.harris962@example.com,(328) 511-7664,Atlanta,GA,South,2025-04-22,False,False
963,Robert,Ramirez,robert.ramirez963@example.com,(408) 345-7116,Los Angeles,CA,West,2023-08-12,True,False
964,Betty,Davis,betty.davis964@example.com,(768) 662-1684,Atlanta,GA,South,2022-10-02,True,False
965,Mark,Anderson,mark.anderson965@example.com,(496) 868-3742,Denver,CO,West,2024-12-17,True,False
966,Mary,Robinson,mary.robinson966@example.com,(479) 812-5110,Phoenix,AZ,West,2023-05-30,False,False
967,Barbara,Clark,barbara.clark967@example.com,(799) 722-5609,Los Angeles,CA,West,2020-05-21,True,False
968,Jennifer,White,jennifer.white968@example.com,(271) 507-2469,Atlanta,GA,South,2024-04-25,False,False
969,Matthew,Brown,matthew.brown969@example.com,(942) 769-5578,Denver,CO,West,2019-07-27,False,False
970,Michael,Martin,michael.martin970@example.com,(898) 550-5282,Atlanta,GA,South,2021-07-27,False,False
971,William,Davis,william.davis971@example.com,(549) 415-8533,Los Angeles,CA,West,2021-08-10,False,False
972,James,Robinson,james.robinson972@example.com,(861) 202-8807,San Francisco,CA,West,2019-07-02,True,False
973,Steven,Smith,steven.smith973@example.com,(623) 769-9011,Los Angeles,CA,West,2019-12-12,False,False
974,Sarah,Williams,sarah.williams974@example.com,(866) 279-9825,Seattle,WA,West,2025-04-12,True,False
975,Steven,Clark,steven.clark975@example.com,(655) 888-3022,Denver,CO,West,2025-07-13,False,False
976,Mark,Gonzalez,mark.gonzalez976@example.com,(566) 596-3903,Denver,CO,West,2024-09-28,True,False
977,Patricia,Anderson,patricia.anderson977@example.com,(655) 209-4629,Minneapolis,MN,Midwest,2020-03-01,True,False
978,Anthony,Rodriguez,anthony.rodriguez978@example.com,(396) 292-5967,Los Angeles,CA,West,2022-01-05,True,False
979,Linda,Thomas,linda.thomas979@example.com,(487) 704-4425,Minneapolis,MN,Midwest,2018-05-31,True,False
980,Michael,Clark,michael.clark980@example.com,(313) 484-9197,Los Angeles,CA,West,2022-06-11,False,False
981,Jennifer,Moore,jennifer.moore981@example.com,(956) 779-3875,Chicago,IL,Midwest,2025-05-26,True,False
982,Charles,Jones,charles.jones982@example.com,(330) 465-4734,San Francisco,CA,West,2018-09-24,False,False
983,Michael,Ramirez,michael.ramirez983@example.com,(909) 894-9731,Los Angeles,CA,West,2018-04-05,False,False
984,Nancy,Moore,nancy.moore984@example.com,(202) 637-1849,Phoenix,AZ,West,2023-02-03,False,False
985,Susan,Ramirez,susan.ramirez985@example.com,(324) 896-9491,Houston,TX,South,2021-01-27,False,False
986,Jessica,Lopez,jessica.lopez986@example.com,(938) 429-1769,Atlanta,GA,South,2018-06-28,False,False
987,Sandra,Wilson,sandra.wilson987@example.com,(523) 205-7420,Atlanta,GA,South,2023-01-13,True,False
988,David,Williams,david.williams988@example.com,(225) 955-4696,Phoenix,AZ,West,2024-05-31,False,False
989,Robert,Robinson,robert.robinson989@example.com,(368) 537-6092,Chicago,IL,Midwest,2020-03-17,True,False
990,Daniel,Lee,daniel.lee990@example.com,(691) 642-1393,Boston,MA,Northeast,2018-04-25,False,False
991,Mark,Rodriguez,mark.rodriguez991@example.com,(684) 444-6583,Chicago,IL,Midwest,2019-03-18,True,False
992,Mark,Hernandez,mark.hernandez992@example.com,(274) 994-8184,Atlanta,GA,South,2020-08-27,True,False
993,Daniel,Anderson,daniel.anderson993@example.com,(287) 262-1546,Miami,FL,South,2019-05-27,False,False
994,David,Lewis,david.lewis994@example.com,(266) 330-2015,Denver,CO,West,2025-10-11,False,False
995,Mary,Martinez,mary.martinez995@example.com,(642) 267-2668,Miami,FL,South,2025-01-08,True,False
996,Sarah,Johnson,sarah.johnson996@example.com,(611) 298-7735,Detroit,MI,Midwest,2022-04-12,True,False
997,Margaret,Martin,margaret.martin997@example.com,(838) 210-8428,Seattle,WA,West,2025-05-26,False,False
998,Joseph,Sanchez,joseph.sanchez998@example.com,(834) 303-6564,Houston,TX,South,2024-12-15,True,False
999,Joseph,Taylor,joseph.taylor999@example.com,(397) 310-2682,Minneapolis,MN,Midwest,2024-08-04,True,False
1000,Karen,Thompson,karen.thompson1000@example.com,(398) 786-3064,Boston,MA,Northeast,2024-08-25,False,False
1001,Barbara,Wilson,barbara.wilson1001@example.com,(655) 390-4983,Dallas,TX,South,2024-12-18,True,False
1002,Betty,Johnson,betty.johnson1002@example.com,(519) 798-8140,New York,NY,Northeast,2019-06-07,False,False
1003,Elizabeth,Jackson,elizabeth.jackson1003@example.com,(994) 349-3415,Phoenix,AZ,West,2024-01-26,False,False
1004,Elizabeth,Martin,elizabeth.martin1004@example.com,(577) 208-9481,Minneapolis,MN,Midwest,2021-04-07,True,False
1005,Mary,Davis,mary.davis1005@example.com,(255) 632-6633,Atlanta,GA,South,2024-04-10,True,False
1006,Michael,Lee,michael.lee1006@example.com,(270) 549-4102,Phoenix,AZ,West,2020-04-04,False,False
1007,Matthew,Thompson,matthew.thompson1007@example.com,(909) 539-6499,Dallas,TX,South,2024-09-22,False,False
1008,Susan,Hernandez,susan.hernandez1008@example.com,(665) 243-9125,Philadelphia,PA,Northeast,2019-03-06,True,False
1009,Sandra,Smith,sandra.smith1009@example.com,(909) 435-8643,Los Angeles,CA,West,2020-07-02,True,False
1010,Linda,Thomas,linda.thomas1010@example.com,(957) 584-4363,San Francisco,CA,West,2021-09-19,False,False
1011,Jennifer,Clark,jennifer.clark1011@example.com,(210) 275-6863,New York,NY,Northeast,2022-01-26,True,False
1012,Sarah,Brown,sarah.brown1012@example.com,(650) 399-6896,Philadelphia,PA,Northeast,2021-04-05,True,False
1013,James,Miller,james.miller1013@example.com,(378) 424-5292,Chicago,IL,Midwest,2021-03-09,True,False
1014,David,Ramirez,david.ramirez1014@example.com,(382) 400-1352,Atlanta,GA,South,2020-10-04,True,False
1015,Mark,Rodriguez,mark.rodriguez1015@example.com,(221) 893-3248,Phoenix,AZ,West,2019-02-19,False,False
1016,Daniel,Sanchez,daniel.sanchez1016@example.com,(546) 415-5998,Phoenix,AZ,West,2019-03-31,False,False
1017,Linda,Lopez,linda.lopez1017@example.com,(876) 375-9633,Seattle,WA,West,2022-03-06,False,False
1018,Steven,Thompson,steven.thompson1018@example.com,(347) 333-4107,Boston,MA,Northeast,2019-05-01,True,False
1019,Sarah,Gonzalez,sarah.gonzalez1019@example.com,(525) 813-8037,San Francisco,CA,West,2022-03-13,True,False
1020,Sandra,Johnson,sandra.johnson1020@example.com,(801) 393-9773,Seattle,WA,West,2024-11-28,False,False
1021,Betty,Jones,betty.jones1021@example.com,(254) 844-5588,Minneapolis,MN,Midwest,2020-10-09,True,False
1022,Margaret,Taylor,margaret.taylor1022@example.com,(414) 944-2333,Miami,FL,South,2023-06-26,False,False
1023,Betty,Perez,betty.perez1023@example.com,(371) 720-7358,Miami,FL,South,2018-09-23,False,False
1024,Jessica,Taylor,jessica.taylor1024@example.com,(529) 929-7125,Dallas,TX,South,2020-01-04,False,False
1025,Matthew,Thomas,matthew.thomas1025@example.com,(795) 610-1599,Dallas,TX,South,2021-01-04,True,False
1026,Linda,Lewis,linda.lewis1026@example.com,(440) 605-4581,Chicago,IL,Midwest,2023-01-26,False,False
1027,Susan,Lewis,susan.lewis1027@example.com,(360) 583-5170,Houston,TX,South,2024-05-29,True,False
1028,John,Harris,john.harris1028@example.com,(655) 731-6760,Boston,MA,Northeast,2021-04-23,True,False
1029,Charles,Johnson,charles.johnson1029@example.com,(836) 544-7981,Dallas,TX,South,2023-09-30,False,False
1030,Joseph,Wilson,joseph.wilson1030@example.com,(709) 524-5473,Houston,TX,South,2022-02-14,False,False
1031,James,Garcia,james.garcia1031@example.com,(471) 860-2243,Dallas,TX,South,2020-08-15,False,False
1032,Steven,Williams,steven.williams1032@example.com,(725) 759-2280,Detroit,MI,Midwest,2023-08-18,False,False
1033,Sandra,Davis,sandra.davis1033@example.com,(273) 568-1627,Boston,MA,Northeast,2019-05-01,True,False
1034,David,Miller,david.miller1034@example.com,(456) 509-5496,Los Angeles,CA,West,2021-09-10,True,False
1035,Matthew,Martin,matthew.martin1035@example.com,(467) 208-5906,Philadelphia,PA,Northeast,2024-02-03,False,False
1036,Mark,Lopez,mark.lopez1036@example.com,(615) 793-1194,Seattle,WA,West,2022-07-13,False,False
1037,Daniel,Taylor,daniel.taylor1037@example.com,(607) 433-4717,Seattle,WA,West,2019-09-04,True,False
1038,Jessica,Davis,jessica.davis1038@example.com,(765) 975-8679,Atlanta,GA,South,2024-08-01,False,False
1039,David,Sanchez,david.sanchez1039@example.com,(392) 639-7843,Boston,MA,Northeast,2021-07-06,True,False
1040,Joseph,Anderson,joseph.anderson1040@example.com,(230) 583-3276,Denver,CO,West,2024-04-06,True,False
1041,Elizabeth,White,elizabeth.white1041@example.com,(874) 563-6567,New York,NY,Northeast,2023-08-10,True,False
1042,Susan,Wilson,susan.wilson1042@example.com,(981) 997-9808,Los Angeles,CA,West,2022-07-11,False,False
1043,David,Jackson,david.jackson1043@example.com,(232) 342-3518,New York,NY,Northeast,2024-05-13,False,False
1044,Charles,Lee,charles.lee1044@example.com,(822) 787-7404,Seattle,WA,West,2024-10-05,False,False
1045,Michael,Gonzalez,michael.gonzalez1045@example.com,(595) 392-8778,Boston,MA,Northeast,2023-12-30,True,False
1046,David,Jackson,david.jackson1046@example.com,(511) 295-3808,Dallas,TX,South,2025-03-02,True,False
1047,Nancy,Moore,nancy.moore1047@example.com,(905) 817-9005,Philadelphia,PA,Northeast,2018-05-12,True,False
1048,Jennifer,Miller,jennifer.miller1048@example.com,(490) 410-4818,Boston,MA,Northeast,2022-04-30,False,False
1049,Nancy,Taylor,nancy.taylor1049@example.com,(258) 577-9495,Boston,MA,Northeast,2023-02-06,True,False
1050,Jennifer,Hernandez,jennifer.hernandez1050@example.com,(600) 360-2814,Denver,CO,West,2022-08-10,True,False
1051,Sarah,Wilson,sarah.wilson1051@example.com,(598) 411-3128,Dallas,TX,South,2018-10-09,True,False
1052,Elizabeth,Wilson,elizabeth.wilson1052@example.com,(686) 362-6084,Denver,CO,West,2025-06-15,True,False
1053,Thomas,Thompson,thomas.thompson1053@example.com,(482) 406-1121,Los Angeles,CA,West,2023-02-23,True,False
1054,Joseph,Williams,joseph.williams1054@example.com,(819) 452-9615,Denver,CO,West,2022-06-24,False,False
1055,Sandra,Jackson,sandra.jackson1055@example.com,(671) 673-1640,Phoenix,AZ,West,2023-07-04,True,False
1056,Elizabeth,Lee,elizabeth.lee1056@example.com,(555) 917-5873,Phoenix,AZ,West,2023-02-13,False,False
1057,Karen,Clark,karen.clark1057@example.com,(625) 455-3942,Seattle,WA,West,2019-12-19,False,False
1058,Joseph,Gonzalez,joseph.gonzalez1058@example.com,(387) 915-2565,Phoenix,AZ,West,2025-05-23,False,False
1059,Matthew,Johnson,matthew.johnson1059@example.com,(480) 843-9810,Chicago,IL,Midwest,2019-10-09,False,False
1060,Nancy,Robinson,nancy.robinson1060@example.com,(943) 939-4559,Boston,MA,Northeast,2025-10-30,False,False
1061,Susan,Harris,susan.harris1061@example.com,(577) 278-2723,Atlanta,GA,South,2019-05-12,False,False
1062,Susan,Anderson,susan.anderson1062@example.com,(412) 718-1731,Philadelphia,PA,Northeast,2020-11-01,False,False
1063,James,Williams,james.williams1063@example.com,(891) 967-8567,Los Angeles,CA,West,2025-10-15,False,False
1064,David,White,david.white1064@example.com,(606) 238-1175,Houston,TX,South,2020-03-07,False,False
1065,Patricia,Thompson,patricia.thompson1065@example.com,(534) 886-8606,Phoenix,AZ,West,2019-07-14,False,False
1066,Joseph,Williams,joseph.williams1066@example.com,(872) 448-8171,Boston,MA,Northeast,2024-02-25,True,False
1067,Jessica,Clark,jessica.clark1067@example.com,(374) 218-2646,Detroit,MI,Midwest,2019-10-23,True,False
1068,Elizabeth,Brown,elizabeth.brown1068@example.com,(372) 279-1183,Atlanta,GA,South,2022-05-20,False,False
1069,John,Anderson,john.anderson1069@example.com,(421) 931-1564,Minneapolis,MN,Midwest,2019-12-30,True,False
1070,Joseph,Thompson,joseph.thompson1070@example.com,(735) 856-2684,New York,NY,Northeast,2025-02-13,False,False
1071,Matthew,Martinez,matthew.martinez1071@example.com,(812) 204-1797,Dallas,TX,South,2018-08-03,False,False
1072,Anthony,Miller,anthony.miller1072@example.com,(583) 444-4276,Phoenix,AZ,West,2020-10-19,True,False
1073,James,Wilson,james.wilson1073@example.com,(545) 396-2035,New York,NY,Northeast,2018-03-01,True,False
1074,Steven,Brown,steven.brown1074@example.com,(371) 941-3736,Seattle,WA,West,2025-06-13,True,False
1075,Susan,Taylor,susan.taylor1075@example.com,(530) 775-4105,Boston,MA,Northeast,2021-09-01,True,False
1076,Sandra,Moore,sandra.moore1076@example.com,(323) 437-4502,Houston,TX,South,2022-10-19,True,False
1077,Barbara,Hernandez,barbara.hernandez1077@example.com,(611) 869-6181,Philadelphia,PA,Northeast,2018-03-03,True,False
1078,Richard,Miller,richard.miller1078@example.com,(267) 873-5562,Dallas,TX,South,2020-06-20,False,False
1079,Mary,Williams,mary.williams1079@example.com,(620) 508-9185,Phoenix,AZ,West,2020-06-14,True,False
1080,Matthew,Moore,matthew.moore1080@example.com,(375) 457-2552,Seattle,WA,West,2024-05-20,False,False
1081,Daniel,Thompson,daniel.thompson1081@example.com,(989) 910-3177,Houston,TX,South,2025-08-08,False,False
1082,Jennifer,Lee,jennifer.lee1082@example.com,(525) 882-8899,Seattle,WA,West,2025-09-17,True,False
1083,David,Smith,david.smith1083@example.com,(659) 591-9372,Miami,FL,South,2024-07-24,True,False
1084,Thomas,Jackson,thomas.jackson1084@example.com,(438) 221-3032,San Francisco,CA,West,2018-02-24,False,False
1085,Linda,White,linda.white1085@example.com,(834) 281-1981,Houston,TX,South,2020-09-24,True,False
1086,Barbara,Thomas,barbara.thomas1086@example.com,(355) 584-4348,Detroit,MI,Midwest,2020-04-07,True,False
1087,Linda,Robinson,linda.robinson1087@example.com,(654) 956-6385,San Francisco,CA,West,2024-09-15,True,False
1088,William,Hernandez,william.hernandez1088@example.com,(733) 624-5726,Los Angeles,CA,West,2018-06-12,True,False
1089,Linda,Ramirez,linda.ramirez1089@example.com,(550) 448-4372,San Francisco,CA,West,2021-09-18,True,False
1090,Sandra,Robinson,sandra.robinson1090@example.com,(903) 912-4644,Los Angeles,CA,West,2020-10-14,False,False
1091,Thomas,Hernandez,thomas.hernandez1091@example.com,(844) 206-2058,Philadelphia,PA,Northeast,2022-12-17,False,False
1092,Robert,Miller,robert.miller1092@example.com,(344) 409-3057,New York,NY,Northeast,2025-02-11,True,False
1093,Jennifer,Jackson,jennifer.jackson1093@example.com,(441) 719-2280,Atlanta,GA,South,2020-04-17,False,False
1094,Lisa,Anderson,lisa.anderson1094@example.com,(938) 402-5012,Detroit,MI,Midwest,2019-11-04,False,False
1095,Jennifer,Martin,jennifer.martin1095@example.com,(492) 790-8344,Chicago,IL,Midwest,2021-05-26,True,False
1096,William,Ramirez,william.ramirez1096@example.com,(281) 568-7524,Seattle,WA,West,2023-05-25,False,False
1097,Jennifer,Thomas,jennifer.thomas1097@example.com,(717) 824-8101,Dallas,TX,South,2022-09-28,True,False
1098,Mark,Sanchez,mark.sanchez1098@example.com,(980) 590-8002,Dallas,TX,South,2018-03-23,True,False
1099,Anthony,Robinson,anthony.robinson1099@example.com,(809) 750-3503,Phoenix,AZ,West,2021-05-14,True,False
1100,William,Gonzalez,william.gonzalez1100@example.com,(664) 490-7146,Dallas,TX,South,2021-06-06,False,False
1101,Robert,Hernandez,robert.hernandez1101@example.com,(400) 358-4106,Philadelphia,PA,Northeast,2023-04-07,True,False
1102,James,Ramirez,james.ramirez1102@example.com,(703) 614-7812,Atlanta,GA,South,2022-03-13,False,False
1103,Lisa,Lopez,lisa.lopez1103@example.com,(515) 856-2167,Houston,TX,South,2023-06-29,False,False
1104,Steven,Johnson,steven.johnson1104@example.com,(594) 779-3660,Phoenix,AZ,West,2019-05-25,True,False
1105,Anthony,Wilson,anthony.wilson1105@example.com,(721) 926-9005,Detroit,MI,Midwest,2021-11-28,False,False
1106,Matthew,Johnson,matthew.johnson1106@example.com,(634) 953-5043,Los Angeles,CA,West,2022-04-28,True,False
1107,Jessica,Johnson,jessica.johnson1107@example.com,(846) 923-1462,Phoenix,AZ,West,2022-01-20,True,False
1108,William,Martin,william.martin1108@example.com,(350) 460-5053,Dallas,TX,South,2025-08-21,True,False
1109,James,Brown,james.brown1109@example.com,(859) 928-7297,Seattle,WA,West,2019-01-14,False,False
1110,Matthew,Jackson,matthew.jackson1110@example.com,(730) 393-7929,Phoenix,AZ,West,2018-11-26,True,False
1111,Mark,Wilson,mark.wilson1111@example.com,(509) 712-9735,Detroit,MI,Midwest,2025-10-04,False,False
1112,Charles,Martinez,charles.martinez1112@example.com,(970) 945-2456,San Francisco,CA,West,2022-08-13,True,False
1113,Daniel,Jackson,daniel.jackson1113@example.com,(346) 475-4432,Seattle,WA,West,2021-11-11,False,False
1114,Matthew,Martinez,matthew.martinez1114@example.com,(703) 201-2587,New York,NY,Northeast,2019-11-21,True,False
1115,Anthony,Thompson,anthony.thompson1115@example.com,(626) 870-5724,Houston,TX,South,2023-11-21,False,False
1116,Jennifer,Garcia,jennifer.garcia1116@example.com,(920) 337-4244,Minneapolis,MN,Midwest,2020-02-03,False,False
1117,Jennifer,Taylor,jennifer.taylor1117@example.com,(780) 417-4041,Boston,MA,Northeast,2023-01-20,True,False
1118,Mary,White,mary.white1118@example.com,(465) 618-8220,Philadelphia,PA,Northeast,2020-02-25,True,False
1119,Margaret,Lee,margaret.lee1119@example.com,(500) 287-7188,Philadelphia,PA,Northeast,2018-11-23,True,False
1120,William,Williams,william.williams1120@example.com,(799) 440-8829,Minneapolis,MN,Midwest,2018-05-02,False,False
1121,Nancy,Harris,nancy.harris1121@example.com,(262) 472-1118,Boston,MA,Northeast,2018-02-08,True,False
1122,Patricia,Miller,patricia.miller1122@example.com,(584) 817-9520,Atlanta,GA,South,2018-01-30,False,False
1123,Sandra,Thomas,sandra.thomas1123@example.com,(818) 639-6514,Dallas,TX,South,2021-10-12,False,False
1124,Nancy,Lewis,nancy.lewis1124@example.com,(445) 569-7528,Minneapolis,MN,Midwest,2021-07-15,False,False
1125,Karen,Johnson,karen.johnson1125@example.com,(302) 203-8486,Minneapolis,MN,Midwest,2021-09-14,False,False
1126,Lisa,Clark,lisa.clark1126@example.com,(226) 816-3013,Phoenix,AZ,West,2019-07-23,False,False
1127,Matthew,Harris,matthew.harris1127@example.com,(577) 662-8785,Denver,CO,West,2020-10-15,False,False
1128,Nancy,Miller,nancy.miller1128@example.com,(529) 217-6901,New York,NY,Northeast,2025-02-26,True,False
1129,Betty,White,betty.white1129@example.com,(654) 439-8938,Minneapolis,MN,Midwest,2025-08-08,False,False
1130,Lisa,Martin,lisa.martin1130@example.com,(556) 638-8800,Seattle,WA,West,2018-11-30,True,False
1131,Lisa,Gonzalez,lisa.gonzalez1131@example.com,(399) 929-3345,Detroit,MI,Midwest,2024-10-22,True,False
1132,John,Thomas,john.thomas1132@example.com,(508) 889-9990,Seattle,WA,West,2018-12-23,False,False
1133,Jennifer,Lewis,jennifer.lewis1133@example.com,(693) 878-9858,Dallas,TX,South,2019-04-19,True,False
1134,Linda,Miller,linda.miller1134@example.com,(916) 291-2728,Philadelphia,PA,Northeast,2025-05-26,False,False
1135,Matthew,Smith,matthew.smith1135@example.com,(592) 984-5593,Philadelphia,PA,Northeast,2021-08-30,True,False
1136,Lisa,Rodriguez,lisa.rodriguez1136@example.com,(886) 326-3224,Los Angeles,CA,West,2023-05-05,False,False
1137,Robert,Sanchez,robert.sanchez1137@example.com,(429) 789-2059,San Francisco,CA,West,2021-09-25,False,False
1138,Richard,Robinson,richard.robinson1138@example.com,(869) 857-8159,San Francisco,CA,West,2022-04-13,True,False
1139,Linda,Rodriguez,linda.rodriguez1139@example.com,(289) 314-2460,Boston,MA,Northeast,2021-04-06,False,False
1140,Lisa,Jackson,lisa.jackson1140@example.com,(962) 318-7025,Phoenix,AZ,West,2020-02-10,True,False
1141,Margaret,Hernandez,margaret.hernandez1141@example.com,(954) 201-6092,Houston,TX,South,2024-06-21,True,False
1142,Charles,Moore,charles.moore1142@example.com,(633) 527-6980,Chicago,IL,Midwest,2022-05-09,True,False
1143,Thomas,Perez,thomas.perez1143@example.com,(427) 309-7476,Miami,FL,South,2024-08-16,True,False
1144,Sarah,Ramirez,sarah.ramirez1144@example.com,(348) 503-4586,Dallas,TX,South,2021-07-18,False,False
1145,Nancy,Anderson,nancy.anderson1145@example.com,(490) 349-1562,Philadelphia,PA,Northeast,2024-09-29,False,False
1146,Elizabeth,Taylor,elizabeth.taylor1146@example.com,(480) 923-8836,San Francisco,CA,West,2019-05-21,True,False
1147,Jessica,Martinez,jessica.martinez1147@example.com,(260) 541-3501,San Francisco,CA,West,2022-03-23,True,False
1148,Margaret,White,margaret.white1148@example.com,(917) 953-1861,Phoenix,AZ,West,2020-07-10,True,False
1149,Margaret,Thomas,margaret.thomas1149@example.com,(506) 875-3608,San Francisco,CA,West,2022-05-24,True,False
1150,Sarah,Gonzalez,sarah.gonzalez1150@example.com,(894) 684-6706,Minneapolis,MN,Midwest,2022-09-27,False,False
1151,Richard,Williams,richard.williams1151@example.com,(489) 913-4196,Atlanta,GA,South,2021-03-05,False,False
1152,Patricia,Jones,patricia.jones1152@example.com,(255) 926-5981,Minneapolis,MN,Midwest,2024-07-05,False,False
1153,Daniel,Garcia,daniel.garcia1153@example.com,(652) 912-8904,Miami,FL,South,2019-07-18,False,False
1154,Steven,Jones,steven.jones1154@example.com,(966) 400-1149,Chicago,IL,Midwest,2020-06-12,False,False
1155,Lisa,Ramirez,lisa.ramirez1155@example.com,(894) 351-7169,Miami,FL,South,2019-02-22,False,False
1156,Nancy,Clark,nancy.clark1156@example.com,(298) 564-8763,Philadelphia,PA,Northeast,2018-08-19,True,False
1157,Mary,Brown,mary.brown1157@example.com,(546) 807-8107,Atlanta,GA,South,2025-04-16,True,False
1158,Daniel,White,daniel.white1158@example.com,(234) 321-4946,Houston,TX,South,2020-09-30,False,False
1159,Jessica,Martinez,jessica.martinez1159@example.com,(376) 868-7150,San Francisco,CA,West,2024-09-07,True,False
1160,Anthony,Anderson,anthony.anderson1160@example.com,(591) 481-8292,Denver,CO,West,2025-04-17,False,False
1161,James,Brown,james.brown1161@example.com,(324) 700-9351,Boston,MA,Northeast,2018-12-05,True,False
1162,James,Jackson,james.jackson1162@example.com,(691) 480-2549,Miami,FL,South,2024-06-03,True,False
1163,Richard,Thomas,richard.thomas1163@example.com,(644) 505-3051,Los Angeles,CA,West,2025-11-18,True,False
1164,David,Williams,david.williams1164@example.com,(389) 615-1323,San Francisco,CA,West,2024-01-11,False,False
1165,Sarah,Clark,sarah.clark1165@example.com,(700) 265-9501,Atlanta,GA,South,2023-12-12,True,False
1166,Anthony,Harris,anthony.harris1166@example.com,(320) 385-3948,Chicago,IL,Midwest,2025-05-21,True,False
1167,Sarah,Anderson,sarah.anderson1167@example.com,(325) 240-3110,Seattle,WA,West,2021-07-11,True,False
1168,Daniel,Garcia,daniel.garcia1168@example.com,(462) 971-1573,Boston,MA,Northeast,2024-04-22,True,False
1169,Patricia,Taylor,patricia.taylor1169@example.com,(757) 375-7931,Detroit,MI,Midwest,2022-01-29,True,False
1170,Linda,Martinez,linda.martinez1170@example.com,(500) 874-9750,New York,NY,Northeast,2023-10-29,False,False
1171,John,Jackson,john.jackson1171@example.com,(520) 735-6769,Dallas,TX,South,2025-10-18,True,False
1172,Matthew,Brown,matthew.brown1172@example.com,(442) 237-4081,Los Angeles,CA,West,2018-07-03,True,False
1173,Elizabeth,Ramirez,elizabeth.ramirez1173@example.com,(337) 816-4539,Denver,CO,West,2020-05-31,False,False
1174,William,Jones,william.jones1174@example.com,(632) 276-5177,San Francisco,CA,West,2024-12-23,False,False
1175,Richard,Lee,richard.lee1175@example.com,(609) 667-2364,Phoenix,AZ,West,2019-10-31,False,False
1176,Nancy,Wilson,nancy.wilson1176@example.com,(748) 408-2156,San Francisco,CA,West,2019-08-10,False,False
1177,Daniel,Thompson,daniel.thompson1177@example.com,(931) 581-9379,Los Angeles,CA,West,2020-02-29,True,False
1178,Susan,Clark,susan.clark1178@example.com,(644) 588-1424,Philadelphia,PA,Northeast,2021-07-19,True,False
1179,Robert,Rodriguez,robert.rodriguez1179@example.com,(312) 900-9984,Boston,MA,Northeast,2023-12-17,False,False
1180,Robert,Hernandez,robert.hernandez1180@example.com,(571) 541-5476,Los Angeles,CA,West,2018-12-31,True,False
1181,Margaret,Sanchez,margaret.sanchez1181@example.com,(210) 300-7179,Chicago,IL,Midwest,2021-01-25,True,False
1182,Richard,Brown,richard.brown1182@example.com,(379) 739-6022,Seattle,WA,West,2019-05-21,False,False
1183,Patricia,Taylor,patricia.taylor1183@example.com,(785) 488-5440,Minneapolis,MN,Midwest,2025-11-09,True,False
1184,Steven,Johnson,steven.johnson1184@example.com,(969) 598-3960,Philadelphia,PA,Northeast,2021-07-26,False,False
1185,Betty,White,betty.white1185@example.com,(764) 808-7597,Los Angeles,CA,West,2023-12-18,False,False
1186,Charles,Jones,charles.jones1186@example.com,(903) 725-3547,Detroit,MI,Midwest,2018-02-08,True,False
1187,John,Gonzalez,john.gonzalez1187@example.com,(254) 942-7064,Miami,FL,South,2020-12-31,True,False
1188,Nancy,Martin,nancy.martin1188@example.com,(668) 387-8191,Houston,TX,South,2025-12-04,False,False
1189,Betty,Anderson,betty.anderson1189@example.com,(482) 638-9529,Atlanta,GA,South,2021-03-20,True,False
1190,Elizabeth,Lee,elizabeth.lee1190@example.com,(512) 616-6123,Denver,CO,West,2018-12-23,True,False
1191,Daniel,Williams,daniel.williams1191@example.com,(295) 369-1940,Boston,MA,Northeast,2020-09-10,True,False
1192,Lisa,Martinez,lisa.martinez1192@example.com,(210) 634-9334,Atlanta,GA,South,2023-07-12,True,False
1193,Jessica,Thomas,jessica.thomas1193@example.com,(893) 745-3042,Atlanta,GA,South,2025-09-07,False,False
1194,James,Martin,james.martin1194@example.com,(931) 635-9754,Chicago,IL,Midwest,2018-01-30,False,False
1195,Linda,White,linda.white1195@example.com,(900) 823-1693,Los Angeles,CA,West,2023-12-04,False,False
1196,Jennifer,Perez,jennifer.perez1196@example.com,(430) 379-2230,Phoenix,AZ,West,2023-11-15,False,False
1197,Mark,Jones,mark.jones1197@example.com,(252) 632-9118,Atlanta,GA,South,2021-12-18,False,False
1198,Jennifer,Lopez,jennifer.lopez1198@example.com,(895) 455-9832,Boston,MA,Northeast,2021-10-16,True,False
1199,Elizabeth,Martinez,elizabeth.martinez1199@example.com,(471) 418-1036,Dallas,TX,South,2021-04-17,False,False
1200,Michael,Robinson,michael.robinson1200@example.com,(727) 236-8586,Detroit,MI,Midwest,2025-03-18,False,False
1201,Mary,Lopez,mary.lopez1201@example.com,(671) 536-5888,New York,NY,Northeast,2024-11-26,False,False
1202,Patricia,Smith,patricia.smith1202@example.com,(611) 563-1145,Minneapolis,MN,Midwest,2020-02-02,True,False
1203,Susan,Thomas,susan.thomas1203@example.com,(741) 726-3518,Chicago,IL,Midwest,2018-12-14,False,False
1204,Patricia,Robinson,patricia.robinson1204@example.com,(359) 987-5098,Dallas,TX,South,2018-01-29,True,False
1205,Jessica,Gonzalez,jessica.gonzalez1205@example.com,(573) 638-3984,Minneapolis,MN,Midwest,2021-05-10,False,False
1206,Patricia,Anderson,patricia.anderson1206@example.com,(365) 343-6795,Los Angeles,CA,West,2022-12-05,False,False
1207,James,Lopez,james.lopez1207@example.com,(313) 394-5667,Phoenix,AZ,West,2020-03-23,True,False
1208,John,Gonzalez,john.gonzalez1208@example.com,(232) 364-4260,Houston,TX,South,2021-09-18,False,False
1209,Nancy,Rodriguez,nancy.rodriguez1209@example.com,(700) 763-9119,Boston,MA,Northeast,2022-09-21,True,False
1210,David,Harris,david.harris1210@example.com,(713) 943-7370,Seattle,WA,West,2022-06-26,True,False
1211,Patricia,Brown,patricia.brown1211@example.com,(329) 359-6638,Seattle,WA,West,2018-03-28,True,False
1212,Anthony,Perez,anthony.perez1212@example.com,(894) 550-8039,Chicago,IL,Midwest,2018-08-02,True,False
1213,Susan,Thomas,susan.thomas1213@example.com,(697) 284-8027,Detroit,MI,Midwest,2021-03-01,True,False
1214,Karen,Jones,karen.jones1214@example.com,(391) 455-5606,San Francisco,CA,West,2023-09-26,True,False
1215,Margaret,Rodriguez,margaret.rodriguez1215@example.com,(882) 639-4250,San Francisco,CA,West,2020-10-10,False,False
1216,Matthew,Sanchez,matthew.sanchez1216@example.com,(917) 947-9230,Seattle,WA,West,2019-02-27,True,False
1217,Michael,Ramirez,michael.ramirez1217@example.com,(849) 352-4758,Miami,FL,South,2025-01-20,True,False
1218,John,Gonzalez,john.gonzalez1218@example.com,(396) 349-7984,New York,NY,Northeast,2021-01-26,True,False
1219,Karen,Miller,karen.miller1219@example.com,(589) 617-9601,Boston,MA,Northeast,2018-07-28,False,False
1220,Matthew,Lee,matthew.lee1220@example.com,(544) 636-8851,Chicago,IL,Midwest,2020-06-27,True,False
1221,Thomas,Wilson,thomas.wilson1221@example.com,(511) 312-5411,Los Angeles,CA,West,2018-07-31,False,False
1222,William,Lopez,william.lopez1222@example.com,(452) 527-1779,San Francisco,CA,West,2022-09-09,True,False
1223,Mary,Smith,mary.smith1223@example.com,(962) 529-4473,New York,NY,Northeast,2025-05-29,False,False
1224,Jessica,Rodriguez,jessica.rodriguez1224@example.com,(303) 641-4028,Phoenix,AZ,West,2024-10-20,False,False
1225,Jessica,Lopez,jessica.lopez1225@example.com,(314) 299-1223,Minneapolis,MN,Midwest,2021-05-31,True,False
1226,David,Lopez,david.lopez1226@example.com,(960) 997-9664,San Francisco,CA,West,2022-01-20,False,False
1227,Linda,Lee,linda.lee1227@example.com,(798) 593-2429,Detroit,MI,Midwest,2020-05-10,True,False
1228,John,Lee,john.lee1228@example.com,(323) 242-4120,San Francisco,CA,West,2024-10-01,True,False
1229,Matthew,Anderson,matthew.anderson1229@example.com,(276) 759-6618,Phoenix,AZ,West,2019-02-09,False,False
1230,Lisa,Thomas,lisa.thomas1230@example.com,(746) 938-3517,Seattle,WA,West,2020-04-07,True,False
1231,John,Miller,john.miller1231@example.com,(928) 458-6690,Houston,TX,South,2024-03-04,False,False
1232,Joseph,Lee,joseph.lee1232@example.com,(646) 269-8910,San Francisco,CA,West,2019-04-26,False,False
1233,Thomas,Robinson,thomas.robinson1233@example.com,(370) 813-5491,Atlanta,GA,South,2018-03-31,True,False
1234,Elizabeth,Johnson,elizabeth.johnson1234@example.com,(910) 394-7512,Miami,FL,South,2018-09-07,False,False
1235,Nancy,Moore,nancy.moore1235@example.com,(276) 369-8172,Denver,CO,West,2023-10-05,False,False
1236,Sarah,Harris,sarah.harris1236@example.com,(821) 478-4390,Houston,TX,South,2022-06-30,True,False
1237,James,Garcia,james.garcia1237@example.com,(806) 913-1145,Miami,FL,South,2020-06-11,False,False
1238,Thomas,Thompson,thomas.thompson1238@example.com,(465) 510-4609,San Francisco,CA,West,2023-11-21,False,False
1239,Matthew,Rodriguez,matthew.rodriguez1239@example.com,(375) 429-1747,Atlanta,GA,South,2019-05-03,True,False
1240,Elizabeth,Johnson,elizabeth.johnson1240@example.com,(484) 336-5430,Los Angeles,CA,West,2019-08-30,True,False
1241,Daniel,Davis,daniel.davis1241@example.com,(747) 318-1022,Denver,CO,West,2020-05-10,False,False
1242,Daniel,Martin,daniel.martin1242@example.com,(285) 922-9999,Minneapolis,MN,Midwest,2021-08-22,False,False
1243,Lisa,Jones,lisa.jones1243@example.com,(501) 532-1938,Houston,TX,South,2024-11-09,True,False
1244,Mark,Lopez,mark.lopez1244@example.com,(380) 462-1256,Chicago,IL,Midwest,2021-02-19,True,False
1245,Lisa,White,lisa.white1245@example.com,(869) 463-4377,San Francisco,CA,West,2022-04-14,False,False
1246,Linda,Hernandez,linda.hernandez1246@example.com,(795) 844-7479,Detroit,MI,Midwest,2020-04-15,True,False
1247,Joseph,Davis,joseph.davis1247@example.com,(577) 351-8848,San Francisco,CA,West,2022-11-13,True,False
1248,Jessica,Garcia,jessica.garcia1248@example.com,(380) 393-9036,Dallas,TX,South,2020-01-28,True,False
1249,Daniel,Martinez,daniel.martinez1249@example.com,(366) 381-7458,New York,NY,Northeast,2021-06-24,True,False
1250,Robert,Jones,robert.jones1250@example.com,(451) 665-7594,Boston,MA,Northeast,2022-10-13,True,False
1251,Lisa,Taylor,lisa.taylor1251@example.com,(817) 302-7191,Philadelphia,PA,Northeast,2018-02-18,False,False
1252,James,Brown,james.brown1252@example.com,(981) 859-1716,Denver,CO,West,2018-02-25,True,False
1253,Linda,Harris,linda.harris1253@example.com,(346) 842-1221,Boston,MA,Northeast,2021-01-01,True,False
1254,Betty,Brown,betty.brown1254@example.com,(924) 287-4314,Atlanta,GA,South,2021-10-18,True,False
1255,Jessica,Harris,jessica.harris1255@example.com,(367) 514-6435,Miami,FL,South,2022-12-25,False,False
1256,John,Davis,john.davis1256@example.com,(908) 473-9906,New York,NY,Northeast,2024-02-05,True,False
1257,James,Clark,james.clark1257@example.com,(757) 503-2680,New York,NY,Northeast,2019-02-26,False,False
1258,John,Smith,john.smith1258@example.com,(224) 432-7998,Phoenix,AZ,West,2020-07-07,False,False
1259,John,Lopez,john.lopez1259@example.com,(431) 900-7303,Los Angeles,CA,West,2021-03-20,True,False
1260,Jessica,Garcia,jessica.garcia1260@example.com,(304) 488-6854,Boston,MA,Northeast,2020-07-08,True,False
1261,Karen,Hernandez,karen.hernandez1261@example.com,(286) 244-3475,Boston,MA,Northeast,2022-01-16,True,False
1262,Susan,Taylor,susan.taylor1262@example.com,(385) 895-7967,Minneapolis,MN,Midwest,2024-09-22,True,False
1263,Steven,Perez,steven.perez1263@example.com,(839) 493-6707,Los Angeles,CA,West,2021-05-20,True,False
1264,William,Robinson,william.robinson1264@example.com,(577) 471-2251,Dallas,TX,South,2025-06-03,True,False
1265,Margaret,Robinson,margaret.robinson1265@example.com,(350) 527-3421,Philadelphia,PA,Northeast,2025-05-10,False,False
1266,Joseph,White,joseph.white1266@example.com,(268) 315-8003,Seattle,WA,West,2023-05-14,False,False
1267,John,Williams,john.williams1267@example.com,(386) 985-7308,Minneapolis,MN,Midwest,2019-06-07,False,False
1268,David,Thomas,david.thomas1268@example.com,(910) 623-6463,Houston,TX,South,2023-05-26,True,False
1269,Betty,Lee,betty.lee1269@example.com,(592) 628-9144,Phoenix,AZ,West,2020-10-04,False,False
1270,Sarah,Moore,sarah.moore1270@example.com,(593) 285-7911,Denver,CO,West,2020-07-31,True,False
1271,Matthew,Williams,matthew.williams1271@example.com,(202) 408-1281,Chicago,IL,Midwest,2022-01-21,False,False
1272,Sarah,Thomas,sarah.thomas1272@example.com,(261) 557-6912,Philadelphia,PA,Northeast,2019-03-28,True,False
1273,Elizabeth,Anderson,elizabeth.anderson1273@example.com,(631) 448-4452,Philadelphia,PA,Northeast,2024-03-08,True,False
1274,Mary,White,mary.white1274@example.com,(912) 920-3344,Philadelphia,PA,Northeast,2019-04-26,False,False
1275,Lisa,Smith,lisa.smith1275@example.com,(580) 255-2736,San Francisco,CA,West,2022-10-06,True,False
1276,Jessica,Clark,jessica.clark1276@example.com,(230) 350-6984,Miami,FL,South,2019-10-10,True,False
1277,Robert,Davis,robert.davis1277@example.com,(782) 626-3452,Boston,MA,Northeast,2018-02-21,True,False
1278,Jessica,White,jessica.white1278@example.com,(915) 506-8703,Philadelphia,PA,Northeast,2023-12-01,False,False
1279,Lisa,Hernandez,lisa.hernandez1279@example.com,(911) 213-5698,Dallas,TX,South,2025-03-26,True,False
1280,John,Johnson,john.johnson1280@example.com,(232) 818-3843,Phoenix,AZ,West,2025-03-16,True,False
1281,James,Gonzalez,james.gonzalez1281@example.com,(896) 665-5227,Denver,CO,West,2022-10-02,False,False
1282,Matthew,Davis,matthew.davis1282@example.com,(478) 294-9544,Houston,TX,South,2019-10-05,False,False
1283,John,White,john.white1283@example.com,(833) 257-4586,Chicago,IL,Midwest,2022-06-29,False,False
1284,Jennifer,Clark,jennifer.clark1284@example.com,(819) 279-8674,San Francisco,CA,West,2024-04-09,False,False
1285,David,Lee,david.lee1285@example.com,(589) 368-1895,Los Angeles,CA,West,2022-07-18,False,False
1286,Daniel,Wilson,daniel.wilson1286@example.com,(311) 306-2274,Chicago,IL,Midwest,2021-01-10,False,False
1287,Karen,Harris,karen.harris1287@example.com,(228) 445-5623,Denver,CO,West,2021-10-06,True,False
1288,Sarah,Brown,sarah.brown1288@example.com,(811) 211-6064,Boston,MA,Northeast,2020-05-17,True,False
1289,Sarah,Miller,sarah.miller1289@example.com,(446) 475-2393,Los Angeles,CA,West,2018-05-13,True,False
1290,Charles,Sanchez,charles.sanchez1290@example.com,(249) 522-2527,Dallas,TX,South,2018-07-07,False,False
1291,James,Lopez,james.lopez1291@example.com,(607) 712-4192,Seattle,WA,West,2021-03-02,False,False
1292,Anthony,Gonzalez,anthony.gonzalez1292@example.com,(332) 919-2595,San Francisco,CA,West,2021-12-28,False,False
1293,Susan,Lewis,susan.lewis1293@example.com,(303) 714-3460,San Francisco,CA,West,2023-08-25,True,False
1294,Charles,Sanchez,charles.sanchez1294@example.com,(800) 238-5753,Houston,TX,South,2023-05-08,True,False
1295,John,Perez,john.perez1295@example.com,(840) 295-4794,Dallas,TX,South,2018-11-19,True,False
1296,Betty,Perez,betty.perez1296@example.com,(987) 935-3638,Los Angeles,CA,West,2019-07-31,False,False
1297,Joseph,Sanchez,joseph.sanchez1297@example.com,(497) 568-8059,Philadelphia,PA,Northeast,2021-10-20,True,False
1298,Steven,Thompson,steven.thompson1298@example.com,(596) 444-4421,Seattle,WA,West,2025-08-29,True,False
1299,John,Jackson,john.jackson1299@example.com,(299) 215-3336,Los Angeles,CA,West,2023-07-31,False,False
1300,Sarah,Ramirez,sarah.ramirez1300@example.com,(710) 296-8451,Seattle,WA,West,2018-12-24,False,False
1301,Jennifer,Robinson,jennifer.robinson1301@example.com,(269) 486-6952,Detroit,MI,Midwest,2019-10-24,False,False
1302,Robert,Williams,robert.williams1302@example.com,(464) 684-5194,Philadelphia,PA,Northeast,2023-03-03,False,False
1303,Daniel,Robinson,daniel.robinson1303@example.com,(782) 699-1648,Philadelphia,PA,Northeast,2019-05-23,False,False
1304,Margaret,Martinez,margaret.martinez1304@example.com,(834) 896-3113,Houston,TX,South,2022-08-03,False,False
1305,Barbara,Taylor,barbara.taylor1305@example.com,(521) 582-2367,Denver,CO,West,2025-01-02,False,False
1306,Thomas,Anderson,thomas.anderson1306@example.com,(243) 835-1934,Detroit,MI,Midwest,2025-08-27,True,False
1307,Matthew,Clark,matthew.clark1307@example.com,(358) 307-5762,Atlanta,GA,South,2018-02-02,False,False
1308,Jennifer,Jackson,jennifer.jackson1308@example.com,(428) 597-8573,Houston,TX,South,2018-10-26,True,False
1309,Barbara,Anderson,barbara.anderson1309@example.com,(747) 676-2787,Dallas,TX,South,2025-03-16,True,False
1310,Jennifer,White,jennifer.white1310@example.com,(986) 643-4268,Boston,MA,Northeast,2022-06-14,False,False
1311,David,Williams,david.williams1311@example.com,(818) 697-4483,Minneapolis,MN,Midwest,2021-11-03,False,False
1312,Patricia,Rodriguez,patricia.rodriguez1312@example.com,(758) 359-8699,Dallas,TX,South,2018-06-06,True,False
1313,Daniel,Miller,daniel.miller1313@example.com,(232) 815-7230,Minneapolis,MN,Midwest,2024-05-16,True,False
1314,Sandra,Sanchez,sandra.sanchez1314@example.com,(684) 418-1886,Minneapolis,MN,Midwest,2022-10-28,True,False
1315,Margaret,Smith,margaret.smith1315@example.com,(633) 476-5129,Seattle,WA,West,2025-09-01,True,False
1316,Robert,Jones,robert.jones1316@example.com,(614) 283-5887,Boston,MA,Northeast,2021-01-26,False,False
1317,Margaret,Wilson,margaret.wilson1317@example.com,(885) 465-4015,Atlanta,GA,South,2020-05-26,True,False
1318,Robert,Lewis,robert.lewis1318@example.com,(550) 971-5864,Phoenix,AZ,West,2022-10-22,True,False
1319,Michael,Lopez,michael.lopez1319@example.com,(686) 748-3632,Houston,TX,South,2023-05-27,False,False
1320,Barbara,Robinson,barbara.robinson1320@example.com,(598) 210-4253,San Francisco,CA,West,2024-05-25,True,False
1321,Lisa,Perez,lisa.perez1321@example.com,(348) 531-6185,Miami,FL,South,2024-11-30,True,False
1322,John,Lewis,john.lewis1322@example.com,(711) 524-2861,Dallas,TX,South,2019-08-28,False,False
1323,William,Taylor,william.taylor1323@example.com,(661) 328-8361,San Francisco,CA,West,2018-01-16,True,False
1324,Mary,Miller,mary.miller1324@example.com,(630) 913-9947,San Francisco,CA,West,2020-02-08,True,False
1325,Karen,Gonzalez,karen.gonzalez1325@example.com,(414) 395-1235,Chicago,IL,Midwest,2021-11-26,False,False
1326,Mark,Lopez,mark.lopez1326@example.com,(514) 714-3043,New York,NY,Northeast,2021-05-21,False,False
1327,Daniel,Anderson,daniel.anderson1327@example.com,(560) 560-9887,Houston,TX,South,2022-08-08,False,False
1328,Thomas,Harris,thomas.harris1328@example.com,(380) 669-8018,Minneapolis,MN,Midwest,2019-04-10,False,False
1329,Jennifer,Moore,jennifer.moore1329@example.com,(755) 646-7251,Miami,FL,South,2019-10-29,False,False
1330,Margaret,Perez,margaret.perez1330@example.com,(647) 849-5640,San Francisco,CA,West,2025-08-18,True,False
1331,Robert,Sanchez,robert.sanchez1331@example.com,(291) 865-1269,Denver,CO,West,2019-03-02,False,False
1332,Patricia,Thomas,patricia.thomas1332@example.com,(757) 302-8276,San Francisco,CA,West,2024-12-30,True,False
1333,Nancy,Martinez,nancy.martinez1333@example.com,(416) 428-8448,Denver,CO,West,2022-09-19,False,False
1334,Patricia,Miller,patricia.miller1334@example.com,(327) 559-8601,Denver,NY,West,2023-04-08,False,False
1335,Sandra,Clark,sandra.clark1335@example.com,(958) 605-1124,Los Angeles,CA,West,2025-11-22,False,False
1336,Betty,Davis,betty.davis1336@example.com,(474) 874-5333,Atlanta,GA,South,2021-03-07,False,False
1337,Mark,Lewis,mark.lewis1337@example.com,(889) 447-1068,Seattle,WA,West,2022-08-26,False,False
1338,Mary,Smith,mary.smith1338@example.com,(583) 731-6201,New York,NY,Northeast,2019-09-21,False,False
1339,Jennifer,Jackson,jennifer.jackson1339@example.com,(769) 600-4156,Houston,TX,South,2020-09-17,False,False
1340,Mark,Johnson,mark.johnson1340@example.com,(639) 331-7396,Seattle,WA,West,2024-06-24,True,False
1341,Richard,Lewis,richard.lewis1341@example.com,(362) 647-4784,Minneapolis,MN,Midwest,2023-10-20,True,False
1342,Matthew,Sanchez,matthew.sanchez1342@example.com,(321) 846-7422,Philadelphia,PA,Northeast,2023-08-28,False,False
1343,Mark,Moore,mark.moore1343@example.com,(408) 295-2528,Philadelphia,PA,Northeast,2021-08-13,True,False
1344,Susan,Smith,susan.smith1344@example.com,(356) 228-9907,Los Angeles,CA,West,2024-08-27,True,False
1345,Charles,Gonzalez,charles.gonzalez1345@example.com,(664) 849-6867,New York,NY,Northeast,2019-06-19,True,False
1346,Linda,Lee,linda.lee1346@example.com,(504) 398-9772,Phoenix,AZ,West,2020-06-27,True,False
1347,Lisa,Harris,lisa.harris1347@example.com,(988) 466-1847,Seattle,WA,West,2022-03-29,False,False
1348,Robert,Robinson,robert.robinson1348@example.com,(223) 853-2694,Philadelphia,PA,Northeast,2025-01-13,True,False
1349,Joseph,Robinson,joseph.robinson1349@example.com,(309) 345-5627,Miami,FL,South,2019-05-18,False,False
1350,Steven,Garcia,steven.garcia1350@example.com,(706) 570-4407,Boston,MA,Northeast,2018-11-13,False,False
1351,Patricia,Thomas,patricia.thomas1351@example.com,(623) 275-8971,Seattle,WA,West,2018-03-31,True,False
1352,Michael,Perez,michael.perez1352@example.com,(521) 848-8387,Houston,TX,South,2022-03-18,True,False
1353,Jennifer,Martinez,jennifer.martinez1353@example.com,(875) 780-1515,New York,NY,Northeast,2020-01-02,True,False
1354,David,Lopez,david.lopez1354@example.com,(814) 759-1082,Dallas,TX,South,2024-11-19,True,False
1355,Thomas,White,thomas.white1355@example.com,(397) 820-1484,Detroit,MI,Midwest,2019-05-14,True,False
1356,Thomas,Taylor,thomas.taylor1356@example.com,(421) 573-2880,Seattle,WA,West,2019-09-17,True,False
1357,James,Hernandez,james.hernandez1357@example.com,(285) 945-3073,Philadelphia,PA,Northeast,2020-06-19,False,False
1358,William,Thomas,william.thomas1358@example.com,(556) 925-5822,Chicago,IL,Midwest,2019-01-12,False,False
1359,Lisa,Sanchez,lisa.sanchez1359@example.com,(724) 609-4163,Dallas,TX,South,2022-11-22,False,False
1360,Jennifer,Miller,jennifer.miller1360@example.com,(602) 305-6105,Los Angeles,CA,West,2021-02-25,True,False
1361,Betty,Miller,betty.miller1361@example.com,(643) 656-7942,San Francisco,CA,West,2023-06-22,False,False
1362,Mark,Hernandez,mark.hernandez1362@example.com,(821) 592-8033,Miami,FL,South,2019-03-17,True,False
1363,Charles,Lopez,charles.lopez1363@example.com,(265) 660-3740,Minneapolis,MN,Midwest,2025-02-04,True,False
1364,Thomas,Rodriguez,thomas.rodriguez1364@example.com,(500) 818-9691,Miami,FL,South,2022-08-06,False,False
1365,Richard,Smith,richard.smith1365@example.com,(530) 639-4046,Boston,MA,Northeast,2020-01-07,False,False
1366,Linda,Williams,linda.williams1366@example.com,(580) 580-3376,Chicago,IL,Midwest,2025-05-14,False,False
1367,Patricia,Smith,patricia.smith1367@example.com,(211) 934-6388,Minneapolis,MN,Midwest,2025-09-20,True,False
1368,Joseph,Jackson,joseph.jackson1368@example.com,(438) 775-2085,Seattle,WA,West,2021-08-10,False,False
1369,Elizabeth,Martin,elizabeth.martin1369@example.com,(422) 305-5555,Chicago,IL,Midwest,2023-11-30,True,False
1370,Charles,Lewis,charles.lewis1370@example.com,(898) 974-8130,Los Angeles,CA,West,2022-09-24,False,False
1371,Mark,Hernandez,mark.hernandez1371@example.com,(250) 705-9169,Chicago,IL,Midwest,2020-03-18,True,False
1372,William,Wilson,william.wilson1372@example.com,(663) 375-6355,Boston,MA,Northeast,2019-05-24,False,False
1373,Linda,Jackson,linda.jackson1373@example.com,(218) 859-1076,New York,NY,Northeast,2021-03-13,False,False
1374,Elizabeth,Jones,elizabeth.jones1374@example.com,(237) 746-9642,Denver,CO,West,2022-07-08,True,False
1375,David,Lee,david.lee1375@example.com,(681) 297-7800,New York,NY,Northeast,2018-10-12,False,False
1376,William,Hernandez,william.hernandez1376@example.com,(609) 281-6131,Seattle,WA,West,2021-11-17,False,False
1377,Karen,Johnson,karen.johnson1377@example.com,(913) 665-9082,Houston,TX,South,2021-05-07,True,False
1378,Mark,Lopez,mark.lopez1378@example.com,(229) 429-1783,Miami,FL,South,2019-02-25,True,False
1379,John,Brown,john.brown1379@example.com,(941) 646-4708,Minneapolis,MN,Midwest,2025-09-17,True,False
1380,Robert,Miller,robert.miller1380@example.com,(750) 205-1860,San Francisco,CA,West,2022-02-19,False,False
1381,Steven,Sanchez,steven.sanchez1381@example.com,(249) 511-2229,New York,NY,Northeast,2019-03-30,False,False
1382,David,Thompson,david.thompson1382@example.com,(476) 915-3790,Miami,FL,South,2022-04-04,True,False
1383,Charles,Anderson,charles.anderson1383@example.com,(526) 351-7771,Boston,MA,Northeast,2019-06-02,False,False
1384,Nancy,Brown,nancy.brown1384@example.com,(446) 791-8830,Atlanta,GA,South,2023-12-02,False,False
1385,William,Hernandez,william.hernandez1385@example.com,(431) 294-5322,Seattle,WA,West,2023-06-01,False,False
1386,Matthew,Williams,matthew.williams1386@example.com,(448) 875-4373,Minneapolis,MN,Midwest,2024-04-06,True,False
1387,Robert,Thomas,robert.thomas1387@example.com,(213) 886-4541,New York,NY,Northeast,2020-05-20,False,False
1388,Mark,Gonzalez,mark.gonzalez1388@example.com,(307) 548-4418,Chicago,IL,Midwest,2023-06-21,False,False
1389,Anthony,Martinez,anthony.martinez1389@example.com,(871) 357-9265,San Francisco,CA,West,2023-02-03,True,False
1390,Sandra,Jones,sandra.jones1390@example.com,(594) 663-9412,Chicago,IL,Midwest,2022-01-29,True,False
1391,Anthony,Gonzalez,anthony.gonzalez1391@example.com,(484) 633-3690,Chicago,IL,Midwest,2018-10-09,False,False
1392,Margaret,Jackson,margaret.jackson1392@example.com,(350) 672-2755,Los Angeles,CA,West,2019-02-23,True,False
1393,Linda,Smith,linda.smith1393@example.com,(391) 473-1468,Phoenix,AZ,West,2023-03-03,False,False
1394,Nancy,Taylor,nancy.taylor1394@example.com,(471) 321-2377,Dallas,TX,South,2021-12-12,False,False
1395,Susan,Miller,susan.miller1395@example.com,(714) 641-9321,Philadelphia,PA,Northeast,2022-06-14,False,False
1396,Mary,Anderson,mary.anderson1396@example.com,(300) 250-7267,Detroit,MI,Midwest,2022-02-23,False,False
1397,Michael,Martinez,michael.martinez1397@example.com,(380) 808-5520,Chicago,IL,Midwest,2022-07-08,False,False
1398,Thomas,Wilson,thomas.wilson1398@example.com,(251) 861-5078,Boston,MA,Northeast,2025-08-22,True,False
1399,Linda,Brown,linda.brown1399@example.com,(789) 472-4911,New York,NY,Northeast,2018-05-27,True,False
1400,Sarah,Brown,sarah.brown1400@example.com,(835) 916-7628,Detroit,MI,Midwest,2020-07-16,False,False
1401,Richard,Brown,richard.brown1401@example.com,(474) 707-4370,Chicago,IL,Midwest,2025-10-04,True,False
1402,Betty,Miller,betty.miller1402@example.com,(494) 922-5718,Minneapolis,MN,Midwest,2025-02-21,True,False
1403,Patricia,Garcia,patricia.garcia1403@example.com,(837) 688-6002,Atlanta,GA,South,2025-11-09,True,False
1404,Jennifer,Hernandez,jennifer.hernandez1404@example.com,(370) 391-6442,Los Angeles,CA,West,2018-10-12,False,False
1405,John,Smith,john.smith1405@example.com,(638) 542-1341,Los Angeles,CA,West,2023-04-28,True,False
1406,William,Lewis,william.lewis1406@example.com,(895) 978-1159,Boston,MA,Northeast,2019-12-01,False,False
1407,Jessica,Jackson,jessica.jackson1407@example.com,(453) 683-2792,New York,NY,Northeast,2023-06-24,True,False
1408,Mark,Smith,mark.smith1408@example.com,(497) 433-9606,Miami,FL,South,2025-08-17,True,False
1409,Anthony,Jones,anthony.jones1409@example.com,(302) 511-6499,Seattle,WA,West,2019-01-20,False,False
1410,Jessica,White,jessica.white1410@example.com,(463) 879-8970,Minneapolis,MN,Midwest,2024-02-14,False,False
1411,Barbara,Anderson,barbara.anderson1411@example.com,(508) 927-6467,New York,NY,Northeast,2021-12-15,False,False
1412,Patricia,Rodriguez,patricia.rodriguez1412@example.com,(945) 855-1339,Los Angeles,CA,West,2023-10-29,True,False
1413,Susan,Ramirez,susan.ramirez1413@example.com,(345) 565-9156,Chicago,IL,Midwest,2025-05-24,True,False
1414,Linda,Jackson,linda.jackson1414@example.com,(641) 568-4380,San Francisco,CA,West,2025-10-21,True,False
1415,Michael,Robinson,michael.robinson1415@example.com,(310) 480-9927,Houston,TX,South,2025-03-01,False,False
1416,Steven,Taylor,steven.taylor1416@example.com,(895) 557-6426,Philadelphia,PA,Northeast,2020-12-22,False,False
1417,Charles,Wilson,charles.wilson1417@example.com,(395) 242-9520,Detroit,MI,Midwest,2021-06-20,False,False
1418,Mark,Martin,mark.martin1418@example.com,(665) 780-6685,Boston,MA,Northeast,2022-11-11,False,False
1419,Patricia,Smith,patricia.smith1419@example.com,(350) 677-3461,Dallas,TX,South,2025-09-08,False,False
1420,Karen,Moore,karen.moore1420@example.com,(510) 698-5722,Los Angeles,CA,West,2019-10-29,True,False
1421,Betty,Martinez,betty.martinez1421@example.com,(241) 422-5636,New York,NY,Northeast,2023-02-03,True,False
1422,Mary,Thomas,mary.thomas1422@example.com,(640) 560-1010,Detroit,MI,Midwest,2018-01-21,True,False
1423,William,Jones,william.jones1423@example.com,(714) 881-3540,Minneapolis,MN,Midwest,2021-03-06,True,False
1424,Matthew,Rodriguez,matthew.rodriguez1424@example.com,(642) 799-2322,Philadelphia,PA,Northeast,2020-03-16,False,False
1425,Linda,Johnson,linda.johnson1425@example.com,(454) 894-7328,Dallas,TX,South,2021-12-23,False,False
1426,Richard,Lewis,richard.lewis1426@example.com,(509) 811-6091,Boston,MA,Northeast,2020-12-06,True,False
1427,Charles,Wilson,charles.wilson1427@example.com,(792) 342-4268,Los Angeles,CA,West,2021-08-13,False,False
1428,John,Wilson,john.wilson1428@example.com,(508) 512-2402,Atlanta,GA,South,2020-03-28,False,False
1429,Charles,Robinson,charles.robinson1429@example.com,(758) 387-7159,Los Angeles,CA,West,2023-03-04,False,False
1430,Patricia,Jones,patricia.jones1430@example.com,(910) 520-9254,Atlanta,GA,South,2022-12-16,False,False
1431,Joseph,Lopez,joseph.lopez1431@example.com,(630) 620-8557,Houston,TX,South,2023-03-26,True,False
1432,Sandra,Moore,sandra.moore1432@example.com,(290) 973-3303,New York,NY,Northeast,2022-09-21,False,False
1433,Betty,Davis,betty.davis1433@example.com,(582) 330-9900,Miami,FL,South,2023-09-29,False,False
1434,Mary,Harris,mary.harris1434@example.com,(328) 612-1097,Denver,CO,West,2022-05-28,False,False
1435,Betty,Harris,betty.harris1435@example.com,(671) 255-2387,Denver,CO,West,2023-10-23,True,False
1436,William,Clark,william.clark1436@example.com,(541) 808-2595,Los Angeles,CA,West,2019-03-15,False,False
1437,Charles,Thomas,charles.thomas1437@example.com,(262) 324-9369,San Francisco,CA,West,2021-09-19,True,False
1438,Matthew,Miller,matthew.miller1438@example.com,(775) 958-9115,Atlanta,GA,South,2019-08-14,True,False
1439,Linda,Lewis,linda.lewis1439@example.com,(358) 508-6093,Los Angeles,CA,West,2025-03-05,True,False
1440,Betty,Thomas,betty.thomas1440@example.com,(405) 317-2100,Miami,FL,South,2025-09-18,True,False
1441,John,Martin,john.martin1441@example.com,(732) 299-5050,Phoenix,AZ,West,2019-05-11,True,False
1442,Patricia,Thomas,patricia.thomas1442@example.com,(654) 600-1911,New York,NY,Northeast,2023-09-03,True,False
1443,Elizabeth,Gonzalez,elizabeth.gonzalez1443@example.com,(440) 759-5264,Dallas,TX,South,2020-01-24,False,False
1444,Margaret,Perez,margaret.perez1444@example.com,(642) 349-1354,Miami,FL,South,2019-05-20,True,False
1445,John,Clark,john.clark1445@example.com,(446) 374-9380,San Francisco,CA,West,2025-05-16,True,False
1446,Jessica,Thomas,jessica.thomas1446@example.com,(883) 302-9076,Detroit,MI,Midwest,2021-03-31,False,False
1447,Nancy,Rodriguez,nancy.rodriguez1447@example.com,(914) 309-8601,Houston,TX,South,2022-04-30,False,False
1448,Mark,Wilson,mark.wilson1448@example.com,(490) 668-2968,Philadelphia,PA,Northeast,2018-04-25,False,False
1449,James,Jackson,james.jackson1449@example.com,(860) 866-8282,Detroit,MI,Midwest,2018-05-20,True,False
1450,Sandra,Robinson,sandra.robinson1450@example.com,(679) 940-8509,Minneapolis,MN,Midwest,2019-07-25,False,False
1451,James,Garcia,james.garcia1451@example.com,(715) 415-6715,Minneapolis,MN,Midwest,2023-08-13,False,False
1452,Thomas,Williams,thomas.williams1452@example.com,(355) 560-6558,Philadelphia,PA,Northeast,2025-05-10,False,False
1453,Matthew,Ramirez,matthew.ramirez1453@example.com,(485) 980-5963,Seattle,WA,West,2019-07-28,False,False
1454,Robert,Robinson,robert.robinson1454@example.com,(695) 585-8729,Denver,CO,West,2025-03-27,True,False
1455,Charles,Thompson,charles.thompson1455@example.com,(994) 874-9608,Phoenix,AZ,West,2023-09-08,False,False
1456,John,Thompson,john.thompson1456@example.com,(794) 556-7615,Minneapolis,MN,Midwest,2024-08-08,True,False
1457,Mary,Smith,mary.smith1457@example.com,(437) 298-2740,Denver,CO,West,2019-10-14,False,False
1458,Sandra,Perez,sandra.perez1458@example.com,(978) 437-4876,Dallas,TX,South,2021-08-18,True,False
1459,Steven,Lewis,steven.lewis1459@example.com,(973) 630-2054,Philadelphia,PA,Northeast,2022-04-23,True,False
1460,Karen,Rodriguez,karen.rodriguez1460@example.com,(967) 274-8234,Boston,MA,Northeast,2018-06-03,False,False
1461,Karen,Lee,karen.lee1461@example.com,(378) 528-2763,Denver,CO,West,2018-05-01,False,False
1462,Richard,Jones,richard.jones1462@example.com,(769) 404-4206,Los Angeles,CA,West,2024-06-08,False,False
1463,Jessica,Anderson,jessica.anderson1463@example.com,(430) 406-3655,Los Angeles,CA,West,2021-03-17,False,False
1464,Mark,Taylor,mark.taylor1464@example.com,(288) 796-1397,Seattle,WA,West,2020-02-27,True,False
1465,Michael,Johnson,michael.johnson1465@example.com,(205) 568-7685,Seattle,WA,West,2019-07-30,True,False
1466,David,Garcia,david.garcia1466@example.com,(740) 708-4115,Los Angeles,CA,West,2025-03-15,True,False
1467,Charles,Clark,charles.clark1467@example.com,(560) 565-3258,Dallas,TX,South,2023-08-14,True,False
1468,Joseph,Wilson,joseph.wilson1468@example.com,(272) 782-2280,Los Angeles,CA,West,2022-03-21,True,False
1469,Betty,Taylor,betty.taylor1469@example.com,(320) 710-4777,Detroit,MI,Midwest,2019-02-18,True,False
1470,Karen,Moore,karen.moore1470@example.com,(429) 496-5118,Minneapolis,MN,Midwest,2018-04-03,False,False
1471,Matthew,Lopez,matthew.lopez1471@example.com,(494) 276-9755,Boston,MA,Northeast,2019-10-09,True,False
1472,Margaret,Taylor,margaret.taylor1472@example.com,(712) 519-7540,Phoenix,AZ,West,2024-11-08,True,False
1473,Sarah,Thompson,sarah.thompson1473@example.com,(796) 682-5309,Phoenix,AZ,West,2019-03-31,True,False
1474,Mary,Hernandez,mary.hernandez1474@example.com,(405) 542-1973,Houston,TX,South,2020-12-04,True,False
1475,Michael,Moore,michael.moore1475@example.com,(975) 879-2021,Denver,CO,West,2021-09-12,True,False
1476,Jessica,Williams,jessica.williams1476@example.com,(824) 919-1579,Seattle,WA,West,2024-04-28,False,False
1477,Robert,Wilson,robert.wilson1477@example.com,(282) 764-8844,Miami,FL,South,2024-11-13,True,False
1478,William,White,william.white1478@example.com,(236) 708-9316,New York,NY,Northeast,2019-03-03,True,False
1479,Daniel,Lopez,daniel.lopez1479@example.com,(510) 433-1351,Houston,TX,South,2023-05-11,True,False
1480,James,Harris,james.harris1480@example.com,(747) 822-7215,Seattle,WA,West,2020-03-14,True,False
1481,Sarah,Thomas,sarah.thomas1481@example.com,(984) 586-3051,New York,NY,Northeast,2022-05-05,False,False
1482,Matthew,Wilson,matthew.wilson1482@example.com,(318) 648-2933,Atlanta,GA,South,2019-07-19,False,False
1483,Barbara,Miller,barbara.miller1483@example.com,(259) 443-4801,Minneapolis,MN,Midwest,2022-11-24,True,False
1484,Charles,Smith,charles.smith1484@example.com,(965) 970-9785,Chicago,IL,Midwest,2022-08-19,True,False
1485,Betty,Smith,betty.smith1485@example.com,(258) 278-1928,Denver,CO,West,2020-10-20,True,False
1486,Joseph,Garcia,joseph.garcia1486@example.com,(521) 558-5001,Detroit,MI,Midwest,2018-06-29,False,False
1487,John,Martin,john.martin1487@example.com,(873) 325-2258,Houston,TX,South,2023-05-15,True,False
1488,William,Moore,william.moore1488@example.com,(922) 952-6848,Chicago,IL,Midwest,2023-07-21,True,False
1489,Joseph,Thompson,joseph.thompson1489@example.com,(998) 764-5795,Detroit,MI,Midwest,2022-02-11,True,False
1490,Thomas,Lewis,thomas.lewis1490@example.com,(914) 754-9248,Detroit,MI,Midwest,2021-07-30,True,False
1491,Mary,Lopez,mary.lopez1491@example.com,(922) 836-8966,Phoenix,AZ,West,2022-08-10,False,False
1492,Robert,Miller,robert.miller1492@example.com,(733) 436-5996,Phoenix,AZ,West,2019-07-16,True,False
1493,Patricia,Lopez,patricia.lopez1493@example.com,(236) 440-8213,San Francisco,CA,West,2019-08-05,False,False
1494,Patricia,Smith,patricia.smith1494@example.com,(476) 484-7294,Dallas,TX,South,2018-05-19,False,False
1495,Mark,Williams,mark.williams1495@example.com,(824) 593-9115,New York,NY,Northeast,2021-02-17,True,False
1496,Margaret,Gonzalez,margaret.gonzalez1496@example.com,(245) 429-4370,Houston,TX,South,2022-12-24,False,False
1497,Jennifer,Perez,jennifer.perez1497@example.com,(253) 876-5999,Houston,TX,South,2023-12-22,True,False
1498,Sarah,Harris,sarah.harris1498@example.com,(823) 972-6508,Minneapolis,MN,Midwest,2018-04-17,False,False
1499,Betty,Harris,betty.harris1499@example.com,(975) 228-6586,Miami,FL,South,2020-06-05,False,False
1500,Margaret,Wilson,margaret.wilson1500@example.com,(311) 766-7358,Seattle,WA,West,2018-08-22,False,False
1501,Margaret,Moore,margaret.moore1501@example.com,(786) 936-9501,Dallas,TX,South,2022-10-03,False,False
1502,Jennifer,Gonzalez,jennifer.gonzalez1502@example.com,(335) 215-5598,Dallas,TX,South,2020-09-02,False,False
1503,Robert,Davis,robert.davis1503@example.com,(502) 545-7465,Seattle,WA,West,2024-02-02,True,False
1504,Karen,Rodriguez,karen.rodriguez1504@example.com,(875) 456-1202,Minneapolis,MN,Midwest,2021-01-05,True,False
1505,Elizabeth,Jackson,elizabeth.jackson1505@example.com,(470) 383-8271,Los Angeles,CA,West,2021-08-07,False,False
1506,James,Anderson,james.anderson1506@example.com,(237) 567-8867,New York,NY,Northeast,2023-03-26,True,False
1507,Susan,Johnson,susan.johnson1507@example.com,(483) 824-6145,Miami,FL,South,2018-11-22,True,False
1508,Joseph,Garcia,joseph.garcia1508@example.com,(465) 706-3084,Detroit,MI,Midwest,2021-02-05,True,False
1509,Daniel,Garcia,daniel.garcia1509@example.com,(871) 250-4812,Philadelphia,PA,Northeast,2024-12-06,True,False
1510,Daniel,Johnson,daniel.johnson1510@example.com,(718) 650-6199,Philadelphia,PA,Northeast,2025-09-04,True,False
1511,Sarah,Thompson,sarah.thompson1511@example.com,(931) 465-5217,Chicago,IL,Midwest,2018-09-07,True,False
1512,Nancy,Ramirez,nancy.ramirez1512@example.com,(753) 935-1732,Denver,CO,West,2021-12-18,True,False
1513,Barbara,Brown,barbara.brown1513@example.com,(654) 315-9372,Boston,MA,Northeast,2023-09-08,True,False
1514,Linda,Miller,linda.miller1514@example.com,(580) 897-7815,Minneapolis,MN,Midwest,2024-05-25,True,False
1515,Daniel,Wilson,daniel.wilson1515@example.com,(346) 225-6350,Phoenix,AZ,West,2021-03-05,False,False
1516,David,Wilson,david.wilson1516@example.com,(583) 681-5817,Phoenix,AZ,West,2025-04-24,True,False
1517,Jennifer,Lopez,jennifer.lopez1517@example.com,(353) 805-1418,New York,NY,Northeast,2021-04-06,True,False
1518,Karen,Miller,karen.miller1518@example.com,(723) 932-9326,Seattle,WA,West,2021-07-06,False,False
1519,Michael,Gonzalez,michael.gonzalez1519@example.com,(233) 872-3458,Denver,CO,West,2024-07-14,False,False
1520,Anthony,Lee,anthony.lee1520@example.com,(429) 778-9249,Boston,MA,Northeast,2018-11-13,False,False
1521,Sarah,White,sarah.white1521@example.com,(252) 821-8738,Boston,MA,Northeast,2023-12-02,False,False
1522,David,Rodriguez,david.rodriguez1522@example.com,(500) 449-6385,Chicago,IL,Midwest,2024-06-14,True,False
1523,Betty,Harris,betty.harris1523@example.com,(666) 522-2890,Minneapolis,MN,Midwest,2020-08-03,True,False
1524,Joseph,White,joseph.white1524@example.com,(570) 281-6766,Phoenix,AZ,West,2022-08-07,True,False
1525,Sandra,Lopez,sandra.lopez1525@example.com,(819) 435-8355,Los Angeles,CA,West,2023-06-07,False,False
1526,Linda,Jackson,linda.jackson1526@example.com,(750) 450-7678,Denver,CO,West,2019-05-29,True,False
1527,Karen,Rodriguez,karen.rodriguez1527@example.com,(549) 521-2932,Seattle,WA,West,2021-03-21,True,False
1528,Susan,Wilson,susan.wilson1528@example.com,(789) 706-4245,Atlanta,GA,South,2019-08-31,True,False
1529,Steven,Anderson,steven.anderson1529@example.com,(323) 628-5315,New York,NY,Northeast,2019-11-15,False,False
1530,Lisa,Brown,lisa.brown1530@example.com,(641) 224-3735,Philadelphia,PA,Northeast,2018-05-20,True,False
1531,John,Taylor,john.taylor1531@example.com,(597) 632-6805,Denver,CO,West,2023-12-09,True,False
1532,Richard,Thompson,richard.thompson1532@example.com,(929) 500-2950,Atlanta,GA,South,2020-09-15,False,False
1533,Steven,Clark,steven.clark1533@example.com,(805) 823-2765,Phoenix,AZ,West,2021-10-10,True,False
1534,Robert,White,robert.white1534@example.com,(659) 618-8368,Phoenix,AZ,West,2021-12-24,False,False
1535,Elizabeth,Harris,elizabeth.harris1535@example.com,(337) 951-4005,Dallas,TX,South,2025-11-07,True,False
1536,John,Lewis,john.lewis1536@example.com,(807) 578-8430,New York,NY,Northeast,2024-08-28,False,False
1537,David,Anderson,david.anderson1537@example.com,(939) 802-5576,Philadelphia,PA,Northeast,2023-09-15,True,False
1538,Linda,Martinez,linda.martinez1538@example.com,(249) 777-9481,Dallas,TX,South,2021-10-29,False,False
1539,Elizabeth,Hernandez,elizabeth.hernandez1539@example.com,(975) 382-3346,Houston,TX,South,2021-07-28,True,False
1540,Mark,White,mark.white1540@example.com,(640) 731-5558,Phoenix,AZ,West,2020-05-12,False,False
1541,Patricia,Lopez,patricia.lopez1541@example.com,(321) 494-5486,Detroit,MI,Midwest,2019-11-10,False,False
1542,Joseph,Davis,joseph.davis1542@example.com,(495) 465-2738,Phoenix,AZ,West,2019-11-25,True,False
1543,Nancy,Rodriguez,nancy.rodriguez1543@example.com,(411) 765-9334,Philadelphia,PA,Northeast,2019-01-29,True,False
1544,James,Martin,james.martin1544@example.com,(752) 750-4197,Phoenix,AZ,West,2018-06-12,True,False
1545,Jessica,Clark,jessica.clark1545@example.com,(578) 408-5617,Denver,CO,West,2018-04-16,False,False
1546,Lisa,Anderson,lisa.anderson1546@example.com,(664) 502-2795,Atlanta,GA,South,2019-06-01,True,False
1547,Joseph,Lewis,joseph.lewis1547@example.com,(469) 288-3241,Houston,TX,South,2023-07-14,False,False
1548,Lisa,Perez,lisa.perez1548@example.com,(280) 962-4644,Boston,MA,Northeast,2021-12-19,True,False
1549,David,Garcia,david.garcia1549@example.com,(482) 664-9402,Atlanta,GA,South,2021-10-05,True,False
1550,Matthew,Thompson,matthew.thompson1550@example.com,(643) 302-9540,Minneapolis,MN,Midwest,2018-06-07,False,False
1551,Michael,Clark,michael.clark1551@example.com,(841) 236-1130,Atlanta,GA,South,2025-05-31,True,False
1552,John,Jackson,john.jackson1552@example.com,(889) 400-5346,Houston,TX,South,2020-06-20,False,False
1553,John,Thomas,john.thomas1553@example.com,(951) 708-5630,Denver,CO,West,2020-02-06,True,False
1554,Michael,Lee,michael.lee1554@example.com,(728) 940-4509,Phoenix,AZ,West,2018-12-30,True,False
1555,Susan,Williams,susan.williams1555@example.com,(825) 413-3918,Dallas,TX,South,2024-04-03,True,False
1556,Susan,Thompson,susan.thompson1556@example.com,(589) 846-4845,Detroit,MI,Midwest,2024-11-17,False,False
1557,Jessica,Taylor,jessica.taylor1557@example.com,(507) 437-5786,Los Angeles,CA,West,2020-01-08,False,False
1558,Jessica,Sanchez,jessica.sanchez1558@example.com,(812) 565-9903,Los Angeles,CA,West,2022-05-26,False,False
1559,Elizabeth,Brown,elizabeth.brown1559@example.com,(973) 982-5706,Chicago,IL,Midwest,2019-04-06,False,False
1560,Joseph,Hernandez,joseph.hernandez1560@example.com,(635) 318-3886,Chicago,IL,Midwest,2025-06-06,False,False
1561,David,Perez,david.perez1561@example.com,(913) 607-3098,Boston,MA,Northeast,2021-11-24,False,False
1562,Mark,Sanchez,mark.sanchez1562@example.com,(815) 621-4847,Denver,CO,West,2023-06-27,True,False
1563,Elizabeth,Rodriguez,elizabeth.rodriguez1563@example.com,(618) 262-6295,Atlanta,GA,South,2020-05-31,False,False
1564,Nancy,Hernandez,nancy.hernandez1564@example.com,(652) 635-7531,Houston,TX,South,2022-05-23,False,False
1565,Sandra,Johnson,sandra.johnson1565@example.com,(945) 424-6567,Detroit,MI,Midwest,2023-06-12,True,False
1566,Elizabeth,Anderson,elizabeth.anderson1566@example.com,(786) 370-9782,Houston,TX,South,2020-06-25,True,False
1567,Anthony,Lee,anthony.lee1567@example.com,(825) 537-3117,Boston,MA,Northeast,2024-11-17,True,False
1568,Lisa,Smith,lisa.smith1568@example.com,(292) 999-6460,Seattle,WA,West,2022-04-03,False,False
1569,Anthony,Harris,anthony.harris1569@example.com,(870) 250-9497,Atlanta,GA,South,2018-09-17,True,False
1570,Barbara,Moore,barbara.moore1570@example.com,(748) 605-4757,Chicago,IL,Midwest,2019-10-06,False,False
1571,Betty,Garcia,betty.garcia1571@example.com,(539) 623-4532,Phoenix,AZ,West,2022-03-12,True,False
1572,James,Johnson,james.johnson1572@example.com,(973) 739-2679,Denver,CO,West,2018-03-24,False,False
1573,Betty,Thomas,betty.thomas1573@example.com,(489) 508-1397,New York,NY,Northeast,2019-10-05,True,False
1574,Daniel,Harris,daniel.harris1574@example.com,(234) 478-3025,San Francisco,CA,West,2020-10-09,False,False
1575,Daniel,Gonzalez,daniel.gonzalez1575@example.com,(286) 278-2210,Philadelphia,PA,Northeast,2021-01-10,False,False
1576,James,Smith,james.smith1576@example.com,(819) 355-2565,San Francisco,CA,West,2024-01-28,False,False
1577,Michael,Clark,michael.clark1577@example.com,(531) 635-9394,Miami,FL,South,2021-07-02,True,False
1578,Elizabeth,Rodriguez,elizabeth.rodriguez1578@example.com,(302) 470-8723,Dallas,TX,South,2020-04-10,False,False
1579,Elizabeth,Wilson,elizabeth.wilson1579@example.com,(616) 774-5563,Boston,MA,Northeast,2020-06-29,False,False
1580,Elizabeth,Robinson,elizabeth.robinson1580@example.com,(718) 450-7265,San Francisco,CA,West,2023-12-25,True,False
1581,Jessica,White,jessica.white1581@example.com,(981) 759-2774,Houston,TX,South,2022-03-07,False,False
1582,Linda,Jackson,linda.jackson1582@example.com,(989) 437-8325,New York,NY,Northeast,2022-06-16,False,False
1583,Jessica,Jackson,jessica.jackson1583@example.com,(518) 540-3355,Boston,MA,Northeast,2025-03-17,True,False
1584,Patricia,Moore,patricia.moore1584@example.com,(701) 807-5095,Philadelphia,PA,Northeast,2020-04-30,True,False
1585,John,Gonzalez,john.gonzalez1585@example.com,(735) 940-4808,Miami,FL,South,2023-04-24,True,False
1586,Anthony,Thomas,anthony.thomas1586@example.com,(518) 958-6535,Detroit,MI,Midwest,2022-08-14,True,False
1587,Mary,Hernandez,mary.hernandez1587@example.com,(813) 616-1091,San Francisco,CA,West,2024-05-04,False,False
1588,Matthew,Miller,matthew.miller1588@example.com,(700) 758-9188,Seattle,WA,West,2024-04-22,False,False
1589,Daniel,Davis,daniel.davis1589@example.com,(925) 694-9428,Minneapolis,MN,Midwest,2023-03-05,True,False
1590,Sandra,Brown,sandra.brown1590@example.com,(279) 584-3085,Houston,TX,South,2025-11-04,True,False
1591,Jennifer,Taylor,jennifer.taylor1591@example.com,(370) 402-8169,San Francisco,CA,West,2019-05-13,True,False
1592,Mary,Lewis,mary.lewis1592@example.com,(374) 841-9594,Houston,TX,South,2023-07-22,False,False
1593,John,White,john.white1593@example.com,(628) 608-1151,Denver,CO,West,2024-02-19,False,False
1594,Patricia,Wilson,patricia.wilson1594@example.com,(477) 735-6281,Detroit,MI,Midwest,2025-08-03,False,False
1595,Charles,Lee,charles.lee1595@example.com,(497) 735-4349,Philadelphia,PA,Northeast,2019-08-03,False,False
1596,Thomas,Martin,thomas.martin1596@example.com,(673) 415-6409,Detroit,MI,Midwest,2023-04-18,True,False
1597,Jennifer,Taylor,jennifer.taylor1597@example.com,(210) 525-7820,San Francisco,CA,West,2023-04-25,True,False
1598,John,Thomas,john.thomas1598@example.com,(519) 918-4074,Boston,MA,Northeast,2018-01-23,True,False
1599,Matthew,Brown,matthew.brown1599@example.com,(538) 296-2001,Atlanta,GA,South,2023-02-22,False,False
1600,Karen,Garcia,karen.garcia1600@example.com,(851) 772-4703,Boston,MA,Northeast,2021-12-06,False,False
1601,Daniel,Smith,daniel.smith1601@example.com,(481) 491-7982,Phoenix,AZ,West,2020-02-29,False,False
1602,Barbara,Martin,barbara.martin1602@example.com,(460) 774-9864,Seattle,WA,West,2022-07-10,True,False
1603,Robert,Jackson,robert.jackson1603@example.com,(948) 421-5587,Philadelphia,PA,Northeast,2019-02-26,True,False
1604,William,Jackson,william.jackson1604@example.com,(734) 801-7274,Boston,MA,Northeast,2019-06-03,False,False
1605,Charles,Harris,charles.harris1605@example.com,(819) 483-8756,Denver,CO,West,2024-08-22,True,False
1606,Jennifer,Smith,jennifer.smith1606@example.com,(421) 293-3400,Seattle,WA,West,2020-08-07,True,False
1607,Jennifer,Thomas,jennifer.thomas1607@example.com,(531) 279-1855,Denver,CO,West,2018-01-02,True,False
1608,Thomas,Sanchez,thomas.sanchez1608@example.com,(880) 683-6359,Dallas,TX,South,2022-10-09,False,False
1609,Thomas,Harris,thomas.harris1609@example.com,(773) 602-7181,Boston,MA,Northeast,2020-09-13,False,False
1610,Matthew,Thomas,matthew.thomas1610@example.com,(734) 524-9694,Minneapolis,MN,Midwest,2021-06-30,True,False
1611,Steven,Martin,steven.martin1611@example.com,(370) 848-5550,Denver,CO,West,2020-05-26,True,False
1612,Mark,Wilson,mark.wilson1612@example.com,(701) 911-5104,Atlanta,GA,South,2022-12-14,True,False
1613,Sarah,Lewis,sarah.lewis1613@example.com,(556) 382-1414,Houston,TX,South,2025-04-24,False,False
1614,Margaret,Anderson,margaret.anderson1614@example.com,(554) 945-7948,Seattle,WA,West,2025-07-07,True,False
1615,Karen,Moore,karen.moore1615@example.com,(591) 583-3932,Phoenix,AZ,West,2020-02-22,True,False
1616,Michael,Anderson,michael.anderson1616@example.com,(399) 205-6085,Minneapolis,MN,Midwest,2023-11-25,False,False
1617,Patricia,Robinson,patricia.robinson1617@example.com,(714) 213-5473,Minneapolis,MN,Midwest,2020-11-05,True,False
1618,Daniel,Rodriguez,daniel.rodriguez1618@example.com,(607) 244-5145,Los Angeles,CA,West,2023-05-15,False,False
1619,Daniel,Johnson,daniel.johnson1619@example.com,(935) 682-8446,Miami,FL,South,2018-05-05,False,False
1620,Jennifer,Thomas,jennifer.thomas1620@example.com,(968) 758-2702,San Francisco,CA,West,2025-04-06,True,False
1621,Barbara,Smith,barbara.smith1621@example.com,(922) 953-3898,Miami,FL,South,2019-09-20,True,False
1622,Robert,Wilson,robert.wilson1622@example.com,(257) 654-2021,Denver,CO,West,2019-05-05,False,False
1623,Patricia,Ramirez,patricia.ramirez1623@example.com,(398) 870-1273,Atlanta,GA,South,2021-02-10,False,False
1624,Mark,Perez,mark.perez1624@example.com,(926) 373-7000,Denver,CO,West,2021-07-20,True,False
1625,Nancy,Gonzalez,nancy.gonzalez1625@example.com,(885) 262-2064,Houston,TX,South,2025-06-27,True,False
1626,Mark,Harris,mark.harris1626@example.com,(946) 473-2375,Atlanta,GA,South,2019-08-28,True,False
1627,Joseph,Johnson,joseph.johnson1627@example.com,(403) 905-9281,Detroit,MI,Midwest,2024-10-28,False,False
1628,Jennifer,Lee,jennifer.lee1628@example.com,(518) 480-6745,San Francisco,CA,West,2018-01-14,True,False
1629,David,Anderson,david.anderson1629@example.com,(288) 779-8585,Miami,FL,South,2025-10-23,True,False
1630,Patricia,Robinson,patricia.robinson1630@example.com,(947) 288-4041,Boston,MA,Northeast,2020-01-18,False,False
1631,Charles,Lee,charles.lee1631@example.com,(210) 422-7136,New York,NY,Northeast,2019-11-25,False,False
1632,Robert,Lewis,robert.lewis1632@example.com,(515) 897-4130,San Francisco,CA,West,2020-10-07,True,False
1633,Elizabeth,Johnson,elizabeth.johnson1633@example.com,(493) 382-5570,Houston,TX,South,2025-12-01,True,False
1634,Charles,Hernandez,charles.hernandez1634@example.com,(392) 479-4264,Houston,TX,South,2020-07-14,True,False
1635,Elizabeth,Rodriguez,elizabeth.rodriguez1635@example.com,(470) 294-9026,San Francisco,CA,West,2022-12-06,False,False
1636,Charles,Lopez,charles.lopez1636@example.com,(735) 660-3793,Minneapolis,MN,Midwest,2025-03-13,True,False
1637,Mark,Jackson,mark.jackson1637@example.com,(750) 782-4451,Houston,TX,South,2019-09-30,False,False
1638,Barbara,Lee,barbara.lee1638@example.com,(495) 412-6606,Seattle,WA,West,2025-08-25,False,False
1639,Robert,Taylor,robert.taylor1639@example.com,(464) 423-8662,Seattle,WA,West,2020-05-13,False,False
1640,Mary,Robinson,mary.robinson1640@example.com,(874) 846-4054,Boston,MA,Northeast,2023-10-19,False,False
1641,John,Anderson,john.anderson1641@example.com,(581) 777-7191,Miami,FL,South,2021-08-15,True,False
1642,David,Thompson,david.thompson1642@example.com,(567) 208-3600,Boston,MA,Northeast,2025-01-22,False,False
1643,Jessica,Hernandez,jessica.hernandez1643@example.com,(302) 391-6865,Minneapolis,MN,Midwest,2025-04-07,False,False
1644,Jennifer,Anderson,jennifer.anderson1644@example.com,(970) 222-8192,Atlanta,GA,South,2020-02-02,False,False
1645,Charles,Jackson,charles.jackson1645@example.com,(948) 608-8759,San Francisco,CA,West,2022-11-17,True,False
1646,William,White,william.white1646@example.com,(545) 694-7572,Minneapolis,MN,Midwest,2024-09-27,False,False
1647,Mary,Robinson,mary.robinson1647@example.com,(981) 719-2767,Phoenix,AZ,West,2020-08-17,False,False
1648,Susan,Harris,susan.harris1648@example.com,(610) 807-1467,Detroit,MI,Midwest,2024-06-23,True,False
1649,Thomas,Garcia,thomas.garcia1649@example.com,(811) 914-9586,Phoenix,AZ,West,2021-05-16,True,False
1650,Charles,Harris,charles.harris1650@example.com,(879) 541-1881,Philadelphia,PA,Northeast,2019-06-17,True,False
1651,Elizabeth,Sanchez,elizabeth.sanchez1651@example.com,(554) 669-7487,Seattle,WA,West,2019-08-03,True,False
1652,Joseph,Smith,joseph.smith1652@example.com,(405) 376-5936,Los Angeles,CA,West,2019-08-28,False,False
1653,Robert,Garcia,robert.garcia1653@example.com,(647) 292-5009,Chicago,IL,Midwest,2020-04-12,True,False
1654,Nancy,Moore,nancy.moore1654@example.com,(205) 688-3610,Denver,CO,West,2022-03-13,False,False
1655,Patricia,Thomas,patricia.thomas1655@example.com,(603) 915-4481,Atlanta,GA,South,2025-09-14,False,False
1656,Nancy,Gonzalez,nancy.gonzalez1656@example.com,(923) 448-2569,Denver,CO,West,2023-03-14,False,False
1657,John,Hernandez,john.hernandez1657@example.com,(609) 991-6359,Seattle,WA,West,2019-07-01,False,False
1658,Mark,Perez,mark.perez1658@example.com,(811) 603-9750,San Francisco,CA,West,2022-10-06,True,False
1659,Barbara,Thomas,barbara.thomas1659@example.com,(227) 427-3918,Los Angeles,CA,West,2024-07-30,True,False
1660,Barbara,Lopez,barbara.lopez1660@example.com,(201) 825-7523,Minneapolis,MN,Midwest,2023-08-16,True,False
1661,Daniel,Davis,daniel.davis1661@example.com,(392) 245-4460,Philadelphia,PA,Northeast,2023-08-10,False,False
1662,Susan,Williams,susan.williams1662@example.com,(869) 384-7974,Minneapolis,MN,Midwest,2022-04-23,True,False
1663,Elizabeth,Martinez,elizabeth.martinez1663@example.com,(692) 235-5276,Houston,TX,South,2025-07-28,False,False
1664,Jennifer,Garcia,jennifer.garcia1664@example.com,(729) 308-8617,Houston,TX,South,2025-08-26,True,False
1665,Barbara,Perez,barbara.perez1665@example.com,(871) 614-1200,San Francisco,CA,West,2019-02-20,True,False
1666,David,Jones,david.jones1666@example.com,(593) 902-8449,Miami,FL,South,2023-09-08,True,False
1667,Jessica,Lee,jessica.lee1667@example.com,(632) 989-1893,Los Angeles,CA,West,2022-07-04,False,False
1668,Susan,Rodriguez,susan.rodriguez1668@example.com,(318) 818-8377,San Francisco,CA,West,2025-02-10,False,False
1669,Anthony,Thomas,anthony.thomas1669@example.com,(747) 573-2829,San Francisco,CA,West,2021-10-04,True,False
1670,Susan,Moore,susan.moore1670@example.com,(890) 281-3463,Seattle,WA,West,2022-04-20,True,False
1671,David,Robinson,david.robinson1671@example.com,(464) 402-9436,San Francisco,CA,West,2024-08-14,False,False
1672,Susan,Johnson,susan.johnson1672@example.com,(240) 324-9021,Dallas,TX,South,2021-02-27,False,False
1673,Barbara,Johnson,barbara.johnson1673@example.com,(902) 578-5134,Phoenix,AZ,West,2024-09-20,False,False
1674,David,Perez,david.perez1674@example.com,(755) 473-3928,Detroit,MI,Midwest,2018-04-07,False,False
1675,Barbara,Wilson,barbara.wilson1675@example.com,(532) 504-1583,New York,NY,Northeast,2023-01-04,True,False
1676,Barbara,White,barbara.white1676@example.com,(956) 605-5073,New York,NY,Northeast,2023-12-17,True,False
1677,Robert,Moore,robert.moore1677@example.com,(944) 348-9084,Boston,MA,Northeast,2019-06-01,False,False
1678,Steven,Rodriguez,steven.rodriguez1678@example.com,(905) 832-4999,Minneapolis,MN,Midwest,2023-02-20,False,False
1679,Mary,Williams,mary.williams1679@example.com,(239) 350-2656,Minneapolis,MN,Midwest,2022-03-07,False,False
1680,Thomas,White,thomas.white1680@example.com,(852) 967-5947,Boston,MA,Northeast,2021-10-15,False,False
1681,Richard,Smith,richard.smith1681@example.com,(938) 868-2298,Philadelphia,PA,Northeast,2020-11-18,False,False
1682,Patricia,Sanchez,patricia.sanchez1682@example.com,(467) 510-9422,Chicago,IL,Midwest,2024-05-27,True,False
1683,Matthew,Sanchez,matthew.sanchez1683@example.com,(787) 684-4525,New York,NY,Northeast,2022-03-13,False,False
1684,William,White,william.white1684@example.com,(483) 713-1749,San Francisco,CA,West,2020-01-31,False,False
1685,Sandra,Garcia,sandra.garcia1685@example.com,(479) 205-7671,Los Angeles,CA,West,2021-03-13,True,False
1686,James,Sanchez,james.sanchez1686@example.com,(332) 481-5375,Houston,TX,South,2025-05-15,False,False
1687,Karen,Sanchez,karen.sanchez1687@example.com,(299) 426-4683,Los Angeles,CA,West,2021-07-27,True,False
1688,Matthew,Hernandez,matthew.hernandez1688@example.com,(826) 494-8547,Chicago,IL,Midwest,2018-09-19,False,False
1689,Daniel,Martin,daniel.martin1689@example.com,(598) 687-1205,Minneapolis,MN,Midwest,2024-01-27,False,False
1690,David,Hernandez,david.hernandez1690@example.com,(355) 673-9175,Minneapolis,MN,Midwest,2022-12-26,True,False
1691,Sarah,Thompson,sarah.thompson1691@example.com,(599) 461-7601,Philadelphia,PA,Northeast,2025-07-19,True,False
1692,Nancy,Ramirez,nancy.ramirez1692@example.com,(846) 698-6657,Miami,FL,South,2018-11-18,True,False
1693,Michael,White,michael.white1693@example.com,(511) 498-6166,Atlanta,GA,South,2022-02-21,False,False
1694,Nancy,Anderson,nancy.anderson1694@example.com,(839) 798-3731,New York,NY,Northeast,2019-10-01,False,False
1695,Charles,Wilson,charles.wilson1695@example.com,(969) 490-9040,Houston,TX,South,2018-04-06,True,False
1696,Richard,Robinson,richard.robinson1696@example.com,(587) 821-3023,Atlanta,GA,South,2019-06-24,True,False
1697,Richard,Miller,richard.miller1697@example.com,(784) 496-3926,Chicago,IL,Midwest,2019-03-30,True,False
1698,Anthony,Harris,anthony.harris1698@example.com,(763) 618-6767,San Francisco,CA,West,2022-07-01,True,False
1699,Susan,Lewis,susan.lewis1699@example.com,(527) 988-6950,Miami,FL,South,2021-02-16,True,False
1700,Nancy,Lewis,nancy.lewis1700@example.com,(980) 851-6206,Los Angeles,CA,West,2025-02-06,False,False
1701,Linda,Ramirez,linda.ramirez1701@example.com,(974) 675-5690,Houston,TX,South,2023-07-20,False,False
1702,Jennifer,Robinson,jennifer.robinson1702@example.com,(609) 495-1054,Denver,CO,West,2019-12-29,False,False
1703,Anthony,Anderson,anthony.anderson1703@example.com,(899) 300-7280,Los Angeles,CA,West,2019-12-07,False,False
1704,Susan,Wilson,susan.wilson1704@example.com,(229) 833-4673,Chicago,IL,Midwest,2025-02-19,True,False
1705,Karen,Martin,karen.martin1705@example.com,(813) 784-7697,Atlanta,GA,South,2018-11-26,True,False
1706,David,Martin,david.martin1706@example.com,(782) 840-8731,Chicago,IL,Midwest,2019-11-13,True,False
1707,Barbara,Smith,barbara.smith1707@example.com,(869) 598-9377,San Francisco,CA,West,2024-09-29,True,False
1708,Margaret,Robinson,margaret.robinson1708@example.com,(577) 940-4920,Philadelphia,PA,Northeast,2023-02-19,True,False
1709,Jessica,Robinson,jessica.robinson1709@example.com,(530) 335-5800,San Francisco,CA,West,2020-03-29,True,False
1710,Steven,Smith,steven.smith1710@example.com,(672) 670-5014,Chicago,IL,Midwest,2024-06-23,False,False
1711,Linda,Sanchez,linda.sanchez1711@example.com,(712) 856-2821,Philadelphia,PA,Northeast,2023-03-05,False,False
1712,Margaret,Robinson,margaret.robinson1712@example.com,(450) 673-2144,Phoenix,AZ,West,2019-10-15,True,False
1713,Lisa,Johnson,lisa.johnson1713@example.com,(616) 732-8703,Los Angeles,CA,West,2025-08-04,False,False
1714,Robert,Sanchez,robert.sanchez1714@example.com,(933) 750-2982,Houston,TX,South,2020-12-01,True,False
1715,Joseph,Thomas,joseph.thomas1715@example.com,(499) 607-1653,Denver,CO,West,2018-09-02,False,False
1716,Richard,Thompson,richard.thompson1716@example.com,(844) 865-8209,Phoenix,AZ,West,2023-09-27,False,False
1717,Betty,Brown,betty.brown1717@example.com,(468) 976-2831,Boston,MA,Northeast,2019-08-21,True,False
1718,Barbara,Wilson,barbara.wilson1718@example.com,(345) 448-8906,Los Angeles,CA,West,2021-10-23,True,False
1719,William,Brown,william.brown1719@example.com,(910) 275-8507,Minneapolis,MN,Midwest,2025-03-14,False,False
1720,Anthony,Davis,anthony.davis1720@example.com,(550) 502-8285,Seattle,WA,West,2020-11-30,False,False
1721,Betty,Anderson,betty.anderson1721@example.com,(781) 481-1585,San Francisco,CA,West,2020-11-22,True,False
1722,John,Taylor,john.taylor1722@example.com,(426) 579-6942,Detroit,MI,Midwest,2018-04-17,False,False
1723,Elizabeth,Thompson,elizabeth.thompson1723@example.com,(849) 512-8787,Philadelphia,PA,Northeast,2024-05-14,False,False
1724,Nancy,Martinez,nancy.martinez1724@example.com,(331) 350-5789,Philadelphia,PA,Northeast,2025-10-18,False,False
1725,William,Lee,william.lee1725@example.com,(416) 797-5963,Chicago,IL,Midwest,2018-04-25,True,False
1726,Charles,Smith,charles.smith1726@example.com,(938) 720-9467,Detroit,MI,Midwest,2022-01-31,False,False
1727,Jessica,Martin,jessica.martin1727@example.com,(552) 859-3553,Phoenix,AZ,West,2019-11-29,False,False
1728,Thomas,Lopez,thomas.lopez1728@example.com,(863) 373-9605,Houston,TX,South,2023-06-11,False,False
1729,Jennifer,Thomas,jennifer.thomas1729@example.com,(214) 884-2060,Phoenix,AZ,West,2022-04-05,False,False
1730,Linda,Martinez,linda.martinez1730@example.com,(353) 484-2959,Chicago,IL,Midwest,2020-07-07,True,False
1731,Barbara,Thomas,barbara.thomas1731@example.com,(853) 212-9587,Dallas,TX,South,2024-05-21,True,False
1732,Lisa,Miller,lisa.miller1732@example.com,(233) 608-2619,Minneapolis,MN,Midwest,2025-06-13,False,False
1733,Thomas,Williams,thomas.williams1733@example.com,(747) 959-9810,Detroit,MI,Midwest,2024-03-16,True,False
1734,Betty,Johnson,betty.johnson1734@example.com,(735) 453-5009,Dallas,TX,South,2024-05-10,False,False
1735,Betty,White,betty.white1735@example.com,(866) 450-4741,Philadelphia,PA,Northeast,2025-09-26,False,False
1736,Jennifer,Johnson,jennifer.johnson1736@example.com,(765) 484-2496,Miami,FL,South,2020-12-24,True,False
1737,Lisa,Clark,lisa.clark1737@example.com,(335) 735-5960,Phoenix,AZ,West,2018-09-18,True,False
1738,Michael,Davis,michael.davis1738@example.com,(979) 795-8819,Chicago,IL,Midwest,2024-07-26,False,False
1739,Patricia,Moore,patricia.moore1739@example.com,(526) 849-2196,Phoenix,AZ,West,2018-07-29,True,False
1740,Jessica,Brown,jessica.brown1740@example.com,(687) 402-2636,Dallas,TX,South,2018-12-08,True,False
1741,Karen,Thomas,karen.thomas1741@example.com,(209) 795-8041,Detroit,MI,Midwest,2024-05-20,True,False
1742,Lisa,Lewis,lisa.lewis1742@example.com,(399) 803-8475,Dallas,TX,South,2025-03-17,True,False
1743,William,Harris,william.harris1743@example.com,(477) 704-3892,Houston,TX,South,2024-09-29,False,False
1744,Thomas,Thomas,thomas.thomas1744@example.com,(860) 506-5328,Atlanta,GA,South,2021-03-08,True,False
1745,David,Rodriguez,david.rodriguez1745@example.com,(715) 516-8209,Los Angeles,CA,West,2024-04-17,True,False
1746,Anthony,Garcia,anthony.garcia1746@example.com,(526) 721-8708,Dallas,TX,South,2018-01-27,False,False
1747,Jennifer,Garcia,jennifer.garcia1747@example.com,(889) 511-2549,Boston,MA,Northeast,2022-11-05,False,False
1748,David,Lee,david.lee1748@example.com,(387) 398-2781,Los Angeles,CA,West,2024-01-16,True,False
1749,Michael,Martinez,michael.martinez1749@example.com,(527) 984-9690,Atlanta,GA,South,2021-06-04,False,False
1750,Patricia,Perez,patricia.perez1750@example.com,(415) 784-3532,Detroit,MI,Midwest,2024-11-01,False,False
1751,Jennifer,Miller,jennifer.miller1751@example.com,(375) 361-3574,Seattle,WA,West,2022-06-11,False,False
1752,Thomas,Thomas,thomas.thomas1752@example.com,(626) 998-5413,Los Angeles,CA,West,2024-09-04,True,False
1753,Sandra,Rodriguez,sandra.rodriguez1753@example.com,(579) 348-6017,Dallas,TX,South,2021-05-28,False,False
1754,Lisa,Lopez,lisa.lopez1754@example.com,(660) 515-7968,Denver,CO,West,2021-07-15,False,False
1755,Anthony,Wilson,anthony.wilson1755@example.com,(256) 618-6793,New York,NY,Northeast,2022-07-14,True,False
1756,Joseph,Harris,joseph.harris1756@example.com,(921) 407-4417,Detroit,MI,Midwest,2018-03-21,False,False
1757,Elizabeth,Clark,elizabeth.clark1757@example.com,(529) 637-7265,Minneapolis,MN,Midwest,2018-04-07,False,False
1758,Sarah,Moore,sarah.moore1758@example.com,(420) 832-9240,San Francisco,CA,West,2020-03-27,False,False
1759,Margaret,Rodriguez,margaret.rodriguez1759@example.com,(448) 364-6332,Boston,MA,Northeast,2018-11-01,False,False
1760,Lisa,Jackson,lisa.jackson1760@example.com,(999) 875-7390,Dallas,TX,South,2018-07-08,False,False
1761,Linda,Rodriguez,linda.rodriguez1761@example.com,(584) 260-2661,Miami,FL,South,2024-07-28,True,False
1762,Daniel,Hernandez,daniel.hernandez1762@example.com,(578) 648-5656,Detroit,MI,Midwest,2024-01-13,True,False
1763,Jessica,Jones,jessica.jones1763@example.com,(532) 993-7779,Phoenix,AZ,West,2018-10-31,True,False
1764,Margaret,Jones,margaret.jones1764@example.com,(787) 404-2441,Miami,FL,South,2021-05-09,False,False
1765,Linda,Hernandez,linda.hernandez1765@example.com,(981) 876-5271,Miami,FL,South,2024-02-17,False,False
1766,Matthew,Smith,matthew.smith1766@example.com,(916) 928-6143,Philadelphia,PA,Northeast,2018-10-06,False,False
1767,Steven,Harris,steven.harris1767@example.com,(388) 528-8673,Dallas,TX,South,2020-05-29,True,False
1768,Joseph,Lopez,joseph.lopez1768@example.com,(893) 920-5243,Minneapolis,MN,Midwest,2020-03-26,False,False
1769,Karen,White,karen.white1769@example.com,(343) 322-7730,Phoenix,AZ,West,2018-04-05,False,False
1770,Richard,Sanchez,richard.sanchez1770@example.com,(741) 261-9392,Dallas,TX,South,2018-07-16,False,False
1771,James,Jackson,james.jackson1771@example.com,(716) 534-9827,Houston,TX,South,2018-05-12,False,False
1772,Elizabeth,Jackson,elizabeth.jackson1772@example.com,(268) 952-2237,Minneapolis,MN,Midwest,2025-02-11,True,False
1773,Sarah,Harris,sarah.harris1773@example.com,(362) 725-2437,Boston,MA,Northeast,2023-12-19,False,False
1774,Karen,Lee,karen.lee1774@example.com,(985) 900-8060,Chicago,IL,Midwest,2018-10-27,False,False
1775,Joseph,Anderson,joseph.anderson1775@example.com,(866) 538-2196,Phoenix,AZ,West,2019-09-16,True,False
1776,Daniel,Jackson,daniel.jackson1776@example.com,(740) 999-8084,Minneapolis,MN,Midwest,2023-02-03,True,False
1777,Richard,Jackson,richard.jackson1777@example.com,(838) 599-1309,Detroit,MI,Midwest,2018-01-27,True,False
1778,Linda,Hernandez,linda.hernandez1778@example.com,(465) 428-6351,Houston,TX,South,2019-09-09,False,False
1779,Daniel,Perez,daniel.perez1779@example.com,(563) 932-3500,Chicago,IL,Midwest,2024-06-10,True,False
1780,Anthony,Jones,anthony.jones1780@example.com,(385) 303-1429,Chicago,IL,Midwest,2021-06-17,True,False
1781,Anthony,Jones,anthony.jones1781@example.com,(270) 535-6166,Atlanta,GA,South,2021-11-28,True,False
1782,Nancy,Miller,nancy.miller1782@example.com,(367) 634-5441,Chicago,IL,Midwest,2021-05-25,True,False
1783,Sandra,Robinson,sandra.robinson1783@example.com,(227) 340-8203,Chicago,IL,Midwest,2021-12-26,True,False
1784,Mark,Gonzalez,mark.gonzalez1784@example.com,(961) 957-4417,New York,NY,Northeast,2022-12-24,False,False
1785,Mary,Anderson,mary.anderson1785@example.com,(403) 410-7234,Dallas,TX,South,2022-06-24,True,False
1786,Robert,Garcia,robert.garcia1786@example.com,(941) 728-2993,Atlanta,GA,South,2024-06-26,True,False
1787,Anthony,Miller,anthony.miller1787@example.com,(958) 819-6871,Boston,MA,Northeast,2023-06-27,False,False
1788,Susan,Miller,susan.miller1788@example.com,(719) 568-8831,Chicago,IL,Midwest,2019-01-07,False,False
1789,Thomas,Brown,thomas.brown1789@example.com,(207) 589-7881,Dallas,TX,South,2018-03-08,False,False
1790,Margaret,Brown,margaret.brown1790@example.com,(517) 266-8113,Minneapolis,MN,Midwest,2022-01-16,False,False
1791,Linda,Thompson,linda.thompson1791@example.com,(859) 599-8722,Boston,MA,Northeast,2025-04-18,True,False
1792,William,White,william.white1792@example.com,(246) 344-5079,Los Angeles,CA,West,2021-08-17,True,False
1793,Charles,Smith,charles.smith1793@example.com,(359) 343-8697,Philadelphia,PA,Northeast,2023-10-26,True,False
1794,Mary,Martin,mary.martin1794@example.com,(957) 876-5801,Seattle,WA,West,2020-05-09,False,False
1795,Karen,Wilson,karen.wilson1795@example.com,(629) 376-3861,Denver,CO,West,2019-10-08,True,False
1796,Lisa,Sanchez,lisa.sanchez1796@example.com,(385) 573-2792,Seattle,WA,West,2025-07-01,True,False
1797,James,Thomas,james.thomas1797@example.com,(613) 840-7114,Chicago,IL,Midwest,2021-06-07,False,False
1798,Karen,Hernandez,karen.hernandez1798@example.com,(539) 229-8708,New York,NY,Northeast,2018-04-16,True,False
1799,Lisa,Ramirez,lisa.ramirez1799@example.com,(247) 752-7177,Philadelphia,PA,Northeast,2022-07-28,True,False
1800,Jennifer,Brown,jennifer.brown1800@example.com,(428) 294-7879,New York,NY,Northeast,2021-11-29,True,False
1801,Patricia,Thomas,patricia.thomas1801@example.com,(749) 650-3202,Dallas,TX,South,2022-08-28,True,False
1802,Elizabeth,Thomas,elizabeth.thomas1802@example.com,(331) 530-9847,Dallas,TX,South,2020-11-18,False,False
1803,Karen,Perez,karen.perez1803@example.com,(689) 704-4215,San Francisco,CA,West,2019-01-30,True,False
1804,Linda,Taylor,linda.taylor1804@example.com,(430) 875-2346,Philadelphia,PA,Northeast,2019-08-08,True,False
1805,Matthew,Gonzalez,matthew.gonzalez1805@example.com,(307) 455-4706,Detroit,MI,Midwest,2024-11-24,False,False
1806,Jennifer,White,jennifer.white1806@example.com,(536) 927-8571,Los Angeles,CA,West,2021-05-18,False,False
1807,Anthony,Lewis,anthony.lewis1807@example.com,(632) 583-3379,Philadelphia,PA,Northeast,2021-09-05,True,False
1808,Lisa,Lewis,lisa.lewis1808@example.com,(847) 249-4242,Seattle,WA,West,2022-04-27,True,False
1809,James,Jones,james.jones1809@example.com,(443) 365-7500,Los Angeles,CA,West,2018-05-20,False,False
1810,James,Jackson,james.jackson1810@example.com,(552) 392-7646,Dallas,TX,South,2023-06-05,False,False
1811,Michael,Anderson,michael.anderson1811@example.com,(758) 650-2930,Miami,FL,South,2020-12-12,False,False
1812,Daniel,Harris,daniel.harris1812@example.com,(545) 390-5182,Atlanta,GA,South,2021-10-13,False,False
1813,Betty,Ramirez,betty.ramirez1813@example.com,(667) 879-2581,Dallas,TX,South,2024-02-27,False,False
1814,Anthony,Taylor,anthony.taylor1814@example.com,(574) 636-1416,Detroit,MI,Midwest,2018-09-16,True,False
1815,Patricia,Davis,patricia.davis1815@example.com,(323) 763-5844,Dallas,TX,South,2019-04-01,True,False
1816,Margaret,Lopez,margaret.lopez1816@example.com,(646) 766-2359,Detroit,MI,Midwest,2023-01-28,True,False
1817,Richard,Clark,richard.clark1817@example.com,(399) 345-4634,Phoenix,AZ,West,2023-09-24,True,False
1818,Michael,White,michael.white1818@example.com,(738) 815-3486,San Francisco,CA,West,2021-12-20,True,False
1819,Betty,Moore,betty.moore1819@example.com,(435) 910-9697,Minneapolis,MN,Midwest,2024-01-19,True,False
1820,Barbara,Garcia,barbara.garcia1820@example.com,(369) 850-4707,Boston,MA,Northeast,2025-08-18,True,False
1821,Sarah,Martin,sarah.martin1821@example.com,(485) 250-7567,Houston,TX,South,2020-04-08,False,False
1822,Richard,Lewis,richard.lewis1822@example.com,(687) 679-6274,Atlanta,GA,South,2022-09-22,True,False
1823,Lisa,Martinez,lisa.martinez1823@example.com,(457) 925-6105,New York,NY,Northeast,2018-11-03,True,False
1824,Sandra,White,sandra.white1824@example.com,(268) 260-7723,Miami,FL,South,2024-08-29,True,False
1825,John,Thomas,john.thomas1825@example.com,(982) 448-7410,Denver,CO,West,2019-10-19,True,False
1826,Daniel,Wilson,daniel.wilson1826@example.com,(398) 454-6741,Houston,TX,South,2024-08-19,True,False
1827,Linda,Rodriguez,linda.rodriguez1827@example.com,(326) 943-3487,Philadelphia,PA,Northeast,2022-07-03,True,False
1828,Joseph,Jones,joseph.jones1828@example.com,(978) 535-1176,Los Angeles,CA,West,2021-02-02,True,False
1829,Thomas,Martinez,thomas.martinez1829@example.com,(990) 843-8718,Atlanta,GA,South,2019-02-25,True,False
1830,Nancy,Anderson,nancy.anderson1830@example.com,(754) 960-8444,Detroit,MI,Midwest,2019-05-27,True,False
1831,Robert,Lewis,robert.lewis1831@example.com,(478) 241-7250,Seattle,WA,West,2021-10-30,False,False
1832,Patricia,Lee,patricia.lee1832@example.com,(799) 372-8983,Dallas,TX,South,2022-10-11,False,False
1833,Linda,Taylor,linda.taylor1833@example.com,(949) 817-6940,Boston,MA,Northeast,2018-12-29,True,False
1834,Margaret,Ramirez,margaret.ramirez1834@example.com,(918) 642-7908,Los Angeles,CA,West,2023-07-19,True,False
1835,Daniel,Brown,daniel.brown1835@example.com,(941) 950-5519,Denver,CO,West,2021-02-21,False,False
1836,Daniel,Taylor,daniel.taylor1836@example.com,(882) 457-6843,Minneapolis,MN,Midwest,2022-09-15,True,False
1837,James,Brown,james.brown1837@example.com,(448) 799-9109,San Francisco,CA,West,2023-06-12,True,False
1838,Charles,Wilson,charles.wilson1838@example.com,(306) 999-8993,Los Angeles,CA,West,2020-12-24,False,False
1839,Karen,Taylor,karen.taylor1839@example.com,(591) 243-2766,Denver,CO,West,2025-06-27,True,False
1840,Charles,Brown,charles.brown1840@example.com,(569) 794-7911,Boston,MA,Northeast,2020-09-04,False,False
1841,Matthew,White,matthew.white1841@example.com,(862) 650-8548,New York,NY,Northeast,2021-11-23,True,False
1842,Richard,Clark,richard.clark1842@example.com,(962) 996-8074,Seattle,WA,West,2025-01-16,True,False
1843,Michael,Jackson,michael.jackson1843@example.com,(845) 536-2618,Philadelphia,PA,Northeast,2018-04-09,False,False
1844,Sandra,Wilson,sandra.wilson1844@example.com,(946) 667-5153,Seattle,WA,West,2018-04-27,False,False
1845,Mark,Perez,mark.perez1845@example.com,(454) 483-8307,Minneapolis,MN,Midwest,2021-12-14,True,False
1846,David,Anderson,david.anderson1846@example.com,(469) 987-3631,San Francisco,CA,West,2025-02-13,True,False
1847,Sarah,Harris,sarah.harris1847@example.com,(863) 529-7575,Denver,CO,West,2024-02-20,False,False
1848,Anthony,Clark,anthony.clark1848@example.com,(291) 541-6763,Philadelphia,PA,Northeast,2023-08-10,True,False
1849,David,Clark,david.clark1849@example.com,(939) 292-7652,Detroit,MI,Midwest,2019-02-19,False,False
1850,Karen,Thomas,karen.thomas1850@example.com,(974) 591-4312,Los Angeles,CA,West,2020-02-02,False,False
1851,Margaret,Thompson,margaret.thompson1851@example.com,(545) 648-6922,Dallas,TX,South,2021-12-07,True,False
1852,Jennifer,Hernandez,jennifer.hernandez1852@example.com,(394) 795-6087,New York,NY,Northeast,2019-04-02,False,False
1853,Anthony,Moore,anthony.moore1853@example.com,(607) 833-2244,Atlanta,GA,South,2019-12-30,True,False
1854,Robert,Williams,robert.williams1854@example.com,(879) 614-5315,San Francisco,CA,West,2024-09-15,True,False
1855,Matthew,Hernandez,matthew.hernandez1855@example.com,(606) 336-7311,Atlanta,GA,South,2021-12-20,True,False
1856,Margaret,White,margaret.white1856@example.com,(828) 783-2346,Denver,CO,West,2021-04-18,False,False
1857,Linda,Anderson,linda.anderson1857@example.com,(451) 761-3539,Denver,CO,West,2018-06-17,False,False
1858,James,Thomas,james.thomas1858@example.com,(424) 451-4700,Chicago,IL,Midwest,2025-10-18,False,False
1859,Daniel,Sanchez,daniel.sanchez1859@example.com,(212) 503-4992,Chicago,IL,Midwest,2019-08-19,True,False
1860,Margaret,Martin,margaret.martin1860@example.com,(624) 769-4149,Dallas,TX,South,2022-12-03,False,False
1861,Jennifer,Ramirez,,(609) 842-7342,Atlanta,GA,South,2024-07-07,False,True
1862,Matthew,Sanchez,matthew.sanchez1862@example.com,(641) 579-6972,Minneapolis,MN,Midwest,2020-12-15,True,False
1863,David,Moore,david.moore1863@example.com,(909) 337-6270,Minneapolis,MN,Midwest,2018-11-12,True,False
1864,Betty,Moore,betty.moore1864@example.com,(298) 719-8794,Miami,FL,South,2019-06-12,False,False
1865,Patricia,Sanchez,patricia.sanchez1865@example.com,(433) 937-6707,Denver,CO,West,2024-10-10,True,False
1866,Joseph,Rodriguez,joseph.rodriguez1866@example.com,(671) 833-8174,Miami,FL,South,2018-08-06,False,False
1867,Charles,Wilson,charles.wilson1867@example.com,(222) 773-8347,Boston,MA,Northeast,2019-12-03,True,False
1868,Steven,Lopez,steven.lopez1868@example.com,(351) 265-6806,Dallas,TX,South,2025-12-03,True,False
1869,Lisa,Rodriguez,lisa.rodriguez1869@example.com,(945) 228-9041,Miami,FL,South,2020-10-29,False,False
1870,Matthew,Harris,matthew.harris1870@example.com,(420) 877-8407,Philadelphia,PA,Northeast,2022-06-12,False,False
1871,Sarah,Thompson,sarah.thompson1871@example.com,(538) 438-9322,Los Angeles,CA,West,2021-06-01,False,False
1872,John,Harris,john.harris1872@example.com,(800) 522-1111,Atlanta,GA,South,2025-08-22,True,False
1873,Matthew,Harris,matthew.harris1873@example.com,(322) 993-2163,Minneapolis,MN,Midwest,2024-08-03,True,False
1874,Thomas,Wilson,thomas.wilson1874@example.com,(950) 399-5076,San Francisco,CA,West,2019-10-23,True,False
1875,Mark,Garcia,mark.garcia1875@example.com,(706) 946-2957,New York,NY,Northeast,2025-04-13,False,False
1876,Robert,Brown,robert.brown1876@example.com,(917) 901-7347,Houston,TX,South,2024-06-09,False,False
1877,Richard,Thompson,richard.thompson1877@example.com,(551) 387-2570,Dallas,TX,South,2019-07-22,False,False
1878,Barbara,Garcia,barbara.garcia1878@example.com,(458) 711-2486,San Francisco,CA,West,2022-10-29,True,False
1879,William,Gonzalez,william.gonzalez1879@example.com,(559) 862-2336,Chicago,IL,Midwest,2020-07-17,False,False
1880,Joseph,Harris,joseph.harris1880@example.com,(463) 220-1997,Boston,MA,Northeast,2023-11-16,True,False
1881,Nancy,Lopez,nancy.lopez1881@example.com,(201) 741-1206,Boston,MA,Northeast,2019-11-22,True,False
1882,David,Gonzalez,david.gonzalez1882@example.com,(781) 776-7141,Detroit,MI,Midwest,2018-04-24,True,False
1883,Jennifer,Miller,jennifer.miller1883@example.com,(710) 386-9768,Los Angeles,CA,West,2024-12-18,True,False
1884,Barbara,Brown,barbara.brown1884@example.com,(358) 814-7130,Denver,CO,West,2025-08-30,True,False
1885,Steven,Anderson,steven.anderson1885@example.com,(719) 352-8292,San Francisco,CA,West,2019-12-29,True,False
1886,Karen,Johnson,karen.johnson1886@example.com,(323) 519-5774,Phoenix,AZ,West,2024-01-11,True,False
1887,Barbara,Perez,barbara.perez1887@example.com,(730) 371-2633,Philadelphia,PA,Northeast,2024-08-14,False,False
1888,Michael,Martin,michael.martin1888@example.com,(545) 665-9978,Philadelphia,PA,Northeast,2024-11-16,False,False
1889,Betty,Anderson,betty.anderson1889@example.com,(767) 267-6543,Boston,MA,Northeast,2025-07-02,True,False
1890,Barbara,Jones,barbara.jones1890@example.com,(392) 613-1681,Chicago,IL,Midwest,2023-07-04,False,False
1891,Mary,Robinson,mary.robinson1891@example.com,(875) 924-2618,Phoenix,AZ,West,2023-05-22,True,False
1892,Nancy,Lee,nancy.lee1892@example.com,(776) 788-9715,Minneapolis,MN,Midwest,2023-11-30,False,False
1893,Anthony,Moore,anthony.moore1893@example.com,(489) 528-3219,Los Angeles,CA,West,2020-04-03,False,False
1894,Anthony,Miller,anthony.miller1894@example.com,(636) 613-8129,Detroit,MI,Midwest,2025-01-09,False,False
1895,Robert,Thomas,robert.thomas1895@example.com,(306) 529-8931,New York,NY,Northeast,2023-07-06,False,False
1896,Elizabeth,Thomas,elizabeth.thomas1896@example.com,(989) 900-1903,Seattle,WA,West,2021-03-22,True,False
1897,Michael,Williams,michael.williams1897@example.com,(965) 784-9893,Detroit,MI,Midwest,2024-08-03,True,False
1898,Daniel,Hernandez,daniel.hernandez1898@example.com,(747) 228-1773,San Francisco,CA,West,2018-07-16,False,False
1899,Richard,Miller,richard.miller1899@example.com,(253) 900-8107,Minneapolis,MN,Midwest,2024-01-12,True,False
1900,Thomas,Lopez,thomas.lopez1900@example.com,(245) 419-2616,Los Angeles,CA,West,2025-11-03,False,False
1901,Jennifer,Lewis,jennifer.lewis1901@example.com,(274) 931-4335,Chicago,IL,Midwest,2021-08-04,False,False
1902,Michael,Jackson,michael.jackson1902@example.com,(215) 246-7250,Los Angeles,CA,West,2024-11-15,True,False
1903,Steven,Thompson,steven.thompson1903@example.com,(204) 446-6419,Boston,MA,Northeast,2021-04-04,True,False
1904,Richard,Clark,richard.clark1904@example.com,(611) 245-3554,Chicago,IL,Midwest,2022-03-03,True,False
1905,Karen,Davis,karen.davis1905@example.com,(464) 632-6074,Miami,FL,South,2025-07-01,True,False
1906,Steven,Lee,steven.lee1906@example.com,(619) 906-1167,San Francisco,CA,West,2021-01-21,False,False
1907,Mark,Wilson,mark.wilson1907@example.com,(394) 997-8998,Houston,TX,South,2021-02-13,False,False
1908,Karen,Smith,karen.smith1908@example.com,(604) 242-8358,Los Angeles,CA,West,2025-10-07,True,False
1909,Nancy,Thompson,nancy.thompson1909@example.com,(852) 317-2888,Chicago,IL,Midwest,2018-10-16,True,False
1910,Steven,Sanchez,steven.sanchez1910@example.com,(387) 749-6363,Dallas,TX,South,2018-09-30,True,False
1911,Lisa,Rodriguez,lisa.rodriguez1911@example.com,(607) 491-9786,Los Angeles,CA,West,2025-10-17,False,False
1912,Elizabeth,Ramirez,elizabeth.ramirez1912@example.com,(311) 979-2956,Miami,FL,South,2020-12-07,False,False
1913,Mark,Lewis,mark.lewis1913@example.com,(288) 768-9158,Phoenix,AZ,West,2020-04-07,True,False
1914,John,Taylor,john.taylor1914@example.com,(690) 311-2825,New York,NY,Northeast,2023-04-05,True,False
1915,Mary,Clark,mary.clark1915@example.com,(285) 980-2104,Houston,TX,South,2020-01-26,True,False
1916,Susan,Martin,susan.martin1916@example.com,(956) 346-8242,Minneapolis,MN,Midwest,2022-11-30,True,False
1917,Nancy,Robinson,nancy.robinson1917@example.com,(986) 415-6208,Atlanta,GA,South,2020-02-14,True,False
1918,Charles,Smith,charles.smith1918@example.com,(456) 379-6736,Philadelphia,PA,Northeast,2021-10-30,False,False
1919,Michael,Lewis,michael.lewis1919@example.com,(600) 589-3508,Los Angeles,CA,West,2018-08-20,False,False
1920,Thomas,Williams,thomas.williams1920@example.com,(842) 399-6503,Chicago,IL,Midwest,2020-01-24,False,False
1921,James,Ramirez,james.ramirez1921@example.com,(451) 816-9659,Dallas,TX,South,2018-10-12,False,False
1922,Sarah,Garcia,sarah.garcia1922@example.com,(525) 258-2824,Philadelphia,PA,Northeast,2024-02-20,True,False
1923,Susan,Taylor,susan.taylor1923@example.com,(833) 937-3783,Atlanta,GA,South,2018-03-13,False,False
1924,Barbara,Johnson,barbara.johnson1924@example.com,(900) 439-1096,Philadelphia,PA,Northeast,2019-03-02,False,False
1925,James,Jackson,james.jackson1925@example.com,(987) 780-2960,New York,NY,Northeast,2022-05-07,True,False
1926,Anthony,Lee,anthony.lee1926@example.com,(758) 275-1324,New York,NY,Northeast,2024-04-27,False,False
1927,Sandra,Jackson,sandra.jackson1927@example.com,(489) 902-7336,Los Angeles,CA,West,2022-05-01,False,False
1928,Sandra,White,sandra.white1928@example.com,(702) 827-5096,Chicago,IL,Midwest,2025-08-29,False,False
1929,Daniel,Anderson,daniel.anderson1929@example.com,(665) 749-6900,Dallas,TX,South,2019-09-20,True,False
1930,John,Martinez,john.martinez1930@example.com,(597) 463-3626,Los Angeles,CA,West,2019-12-16,False,False
1931,Lisa,Smith,lisa.smith1931@example.com,(347) 243-8535,Houston,TX,South,2021-05-13,False,False
1932,Matthew,Lewis,matthew.lewis1932@example.com,(611) 328-6782,Atlanta,GA,South,2020-07-18,True,False
1933,Richard,Wilson,richard.wilson1933@example.com,(671) 951-8410,Phoenix,AZ,West,2022-09-08,False,False
1934,Richard,Anderson,richard.anderson1934@example.com,(533) 881-7535,Minneapolis,MN,Midwest,2021-10-15,True,False
1935,Lisa,Taylor,lisa.taylor1935@example.com,(422) 929-4128,Chicago,IL,Midwest,2020-10-04,True,False
1936,Margaret,White,margaret.white1936@example.com,(572) 674-9981,Los Angeles,CA,West,2024-12-09,False,False
1937,Barbara,Lee,barbara.lee1937@example.com,(602) 344-8704,Detroit,MI,Midwest,2020-05-24,True,False
1938,Sarah,Lee,sarah.lee1938@example.com,(993) 838-7752,Dallas,TX,South,2021-05-15,True,False
1939,Michael,Miller,michael.miller1939@example.com,(360) 875-7296,Minneapolis,MN,Midwest,2024-03-09,False,False
1940,Jennifer,Anderson,jennifer.anderson1940@example.com,(411) 595-3823,New York,NY,Northeast,2025-10-13,False,False
1941,Lisa,Perez,lisa.perez1941@example.com,(856) 611-4240,Miami,FL,South,2019-10-01,True,False
1942,Susan,Hernandez,susan.hernandez1942@example.com,(956) 333-8973,Dallas,TX,South,2020-10-03,False,False
1943,Karen,Robinson,karen.robinson1943@example.com,(743) 952-1578,Seattle,WA,West,2024-11-13,True,False
1944,Betty,Williams,betty.williams1944@example.com,(208) 254-6431,Boston,MA,Northeast,2018-03-29,True,False
1945,David,Robinson,david.robinson1945@example.com,(407) 961-3467,Phoenix,AZ,West,2022-01-01,True,False
1946,Elizabeth,Clark,elizabeth.clark1946@example.com,(838) 523-8317,Boston,MA,Northeast,2022-01-26,False,False
1947,David,Thompson,david.thompson1947@example.com,(510) 303-3618,Philadelphia,PA,Northeast,2021-04-01,True,False
1948,Jennifer,Wilson,jennifer.wilson1948@example.com,(833) 619-3593,Boston,MA,Northeast,2023-12-21,False,False
1949,Matthew,Rodriguez,matthew.rodriguez1949@example.com,(316) 879-3402,San Francisco,CA,West,2020-10-18,False,False
1950,Patricia,Harris,patricia.harris1950@example.com,(590) 684-7215,New York,NY,Northeast,2019-07-10,False,False
1951,Jennifer,Harris,jennifer.harris1951@example.com,(904) 571-8224,New York,NY,Northeast,2024-07-28,True,False
1952,Joseph,Lewis,joseph.lewis1952@example.com,(887) 780-6633,New York,NY,Northeast,2023-07-08,False,False
1953,Robert,Lewis,robert.lewis1953@example.com,(381) 338-5916,Minneapolis,MN,Midwest,2018-10-10,False,False
1954,Sandra,Jones,sandra.jones1954@example.com,(401) 849-6254,Boston,MA,Northeast,2025-07-02,False,False
1955,Matthew,Sanchez,matthew.sanchez1955@example.com,(563) 817-9105,Seattle,WA,West,2018-12-07,True,False
1956,Karen,Lewis,karen.lewis1956@example.com,(373) 573-5140,Miami,FL,South,2022-09-08,True,False
1957,Thomas,Rodriguez,thomas.rodriguez1957@example.com,(701) 526-3734,Atlanta,GA,South,2018-04-07,True,False
1958,Daniel,Davis,daniel.davis1958@example.com,(469) 659-8093,San Francisco,CA,West,2021-06-09,False,False
1959,Mary,Rodriguez,mary.rodriguez1959@example.com,(669) 875-2314,San Francisco,CA,West,2025-05-13,False,False
1960,Sarah,Johnson,sarah.johnson1960@example.com,(210) 952-1314,Philadelphia,PA,Northeast,2024-12-31,False,False
1961,Richard,Miller,richard.miller1961@example.com,(589) 597-1589,Phoenix,AZ,West,2023-04-10,False,False
1962,Matthew,Gonzalez,matthew.gonzalez1962@example.com,(724) 634-7671,Minneapolis,MN,Midwest,2022-02-11,False,False
1963,John,Lopez,john.lopez1963@example.com,(765) 397-9008,San Francisco,CA,West,2020-12-07,False,False
1964,William,Williams,william.williams1964@example.com,(887) 286-6220,Phoenix,AZ,West,2023-01-17,True,False
1965,James,Sanchez,james.sanchez1965@example.com,(448) 276-3901,Philadelphia,PA,Northeast,2019-03-15,False,False
1966,Robert,Jones,robert.jones1966@example.com,(997) 289-2235,Miami,FL,South,2020-08-28,True,False
1967,Lisa,Smith,lisa.smith1967@example.com,(832) 272-3559,San Francisco,CA,West,2021-10-29,False,False
1968,Daniel,Ramirez,daniel.ramirez1968@example.com,(308) 827-2998,Minneapolis,MN,Midwest,2025-06-16,True,False
1969,Matthew,Jones,matthew.jones1969@example.com,(390) 293-2500,Chicago,IL,Midwest,2018-11-29,True,False
1970,Susan,Sanchez,susan.sanchez1970@example.com,(415) 251-2301,Los Angeles,CA,West,2020-08-12,False,False
1971,David,Lee,david.lee1971@example.com,(687) 402-9115,Atlanta,GA,South,2020-02-29,True,False
1972,Jessica,Martinez,jessica.martinez1972@example.com,(806) 262-8250,San Francisco,CA,West,2025-08-01,True,False
1973,Thomas,Smith,thomas.smith1973@example.com,(402) 469-3357,Boston,MA,Northeast,2019-12-22,True,False
1974,Matthew,Brown,matthew.brown1974@example.com,(392) 391-6265,San Francisco,CA,West,2018-11-07,True,False
1975,Jennifer,Gonzalez,jennifer.gonzalez1975@example.com,(503) 815-7754,Los Angeles,CA,West,2024-08-23,False,False
1976,Michael,Wilson,michael.wilson1976@example.com,(953) 446-9692,Detroit,MI,Midwest,2021-11-13,True,False
1977,Daniel,Lewis,daniel.lewis1977@example.com,(488) 972-3642,Los Angeles,CA,West,2020-10-27,True,False
1978,Mary,Williams,mary.williams1978@example.com,(950) 261-8046,Dallas,TX,South,2021-11-10,True,False
1979,Nancy,Harris,nancy.harris1979@example.com,(212) 962-2445,Phoenix,AZ,West,2023-01-01,False,False
1980,Charles,Harris,charles.harris1980@example.com,(914) 897-2079,Phoenix,AZ,West,2022-01-20,False,False
1981,Lisa,Clark,lisa.clark1981@example.com,(566) 960-8871,Minneapolis,MN,Midwest,2023-01-21,False,False
1982,Jessica,Martinez,jessica.martinez1982@example.com,(520) 759-4117,Seattle,WA,West,2023-06-27,True,False
1983,Charles,Garcia,charles.garcia1983@example.com,(561) 619-8617,New York,NY,Northeast,2025-09-30,False,False
1984,David,Robinson,david.robinson1984@example.com,(674) 675-8408,Seattle,WA,West,2022-07-10,True,False
1985,John,White,john.white1985@example.com,(629) 225-3284,Seattle,WA,West,2022-04-29,False,False
1986,Richard,Ramirez,richard.ramirez1986@example.com,(609) 574-1228,Los Angeles,CA,West,2019-09-04,False,False
1987,Betty,Clark,betty.clark1987@example.com,(354) 807-4013,Los Angeles,CA,West,2019-12-09,True,False
1988,Patricia,Smith,patricia.smith1988@example.com,(353) 477-6526,Houston,TX,South,2023-04-19,True,False
1989,James,Thomas,james.thomas1989@example.com,(510) 762-5549,Houston,TX,South,2019-10-11,True,False
1990,Michael,Thomas,michael.thomas1990@example.com,(643) 645-3618,Miami,FL,South,2023-08-07,False,False
1991,Nancy,Johnson,nancy.johnson1991@example.com,(268) 531-8810,Minneapolis,MN,Midwest,2019-03-11,False,False
1992,John,Davis,john.davis1992@example.com,(421) 626-9036,Atlanta,GA,South,2023-07-18,True,False
1993,Elizabeth,Lee,elizabeth.lee1993@example.com,(845) 518-8028,Philadelphia,PA,Northeast,2021-10-18,True,False
1994,Karen,Jones,karen.jones1994@example.com,(549) 942-7117,Atlanta,GA,South,2021-02-28,True,False
1995,Barbara,Jackson,barbara.jackson1995@example.com,(218) 657-7062,Dallas,TX,South,2018-09-16,False,False
1996,Linda,Miller,linda.miller1996@example.com,(439) 520-8801,Minneapolis,MN,Midwest,2025-09-20,False,False
1997,Sarah,Hernandez,sarah.hernandez1997@example.com,(915) 399-3082,Miami,FL,South,2021-09-18,False,False
1998,Betty,Lee,betty.lee1998@example.com,(925) 807-4883,Miami,FL,South,2020-07-26,True,False
1999,Jessica,Jackson,jessica.jackson1999@example.com,(520) 723-2566,Dallas,TX,South,2018-03-21,False,False
2000,Anthony,Jones,anthony.jones2000@example.com,(283) 741-9043,Miami,FL,South,2021-08-10,False,False
