order_id,customer_id,product_id,store_id,employee_id,order_date,quantity,unit_price,discount_pct,payment_method,order_status
1,607,235,3,43,2023-05-20,5,265.0,0.2,Credit Card,Completed
2,334,84,8,39,2023-09-29,3,38.26,0.0,Credit Card,Cancelled
3,848,133,8,39,2025-08-05,6,321.54,0.2,Gift Card,Completed
4,1416,254,11,33,2024-10-19,3,307.61,0.05,PayPal,Completed
5,1917,94,13,49,2024-06-24,1,325.59,0.05,PayPal,Cancelled
6,1787,226,4,35,2023-11-12,4,522.95,0.15,Cash,Completed
7,369,80,9,25,2024-10-10,5,249.35,0.0,Gift Card,Cancelled
8,1460,131,7,40,2025-11-04,2,582.03,0.0,Debit Card,Pending
9,925,294,11,7,2023-06-06,2,345.43,0.0,Credit Card,Completed
10,245,272,2,3,2025-07-26,5,596.66,0.0,Cash,Completed
11,852,26,12,17,2023-06-01,4,68.26,0.2,Gift Card,Completed
12,74,116,5,48,2023-11-06,5,365.71,0.1,Cash,Shipped
13,652,57,3,43,2025-10-08,1,207.9,0.0,Debit Card,Completed
14,1937,199,15,18,2024-06-05,2,314.59,0.0,Debit Card,Pending
15,739,149,3,20,2023-11-03,4,431.72,0.0,Cash,Returned
16,1211,196,11,12,2024-01-29,2,222.19,0.15,PayPal,Completed
17,415,149,14,8,2024-08-25,3,431.72,0.05,Cash,Completed
18,1042,298,9,38,2024-11-08,4,202.95,0.0,Credit Card,Completed
19,1258,194,14,47,2025-11-05,1,35.78,0.1,Debit Card,Cancelled
20,1018,132,13,46,2024-01-08,4,127.63,0.05,Debit Card,Completed
21,1518,163,15,27,2025-04-28,2,270.34,0.0,Gift Card,Completed
22,972,164,15,18,2023-12-16,3,117.71,0.1,Credit Card,Completed
23,1815,205,7,2,2024-12-16,2,370.78,0.2,Credit Card,Completed
24,1173,81,11,12,2023-11-06,1,379.78,0.0,Gift Card,Cancelled
25,311,163,4,26,2024-10-08,6,270.34,0.15,Debit Card,Returned
26,949,79,7,2,2025-04-16,2,143.89,0.2,Debit Card,Shipped
27,773,39,1,50,2024-11-17,5,340.31,0.1,PayPal,Completed
28,399,105,6,9,2023-08-08,2,500.45,0.15,Credit Card,Completed
29,1095,115,5,48,2023-11-18,6,295.79,0.0,Debit Card,Completed
30,1602,40,2,28,2025-02-01,6,408.98,0.0,Cash,Completed
31,1782,223,9,25,2025-05-04,5,162.74,0.05,Cash,Returned
32,213,299,15,5,2023-08-13,5,150.33,0.0,PayPal,Shipped
33,798,159,9,25,2024-09-17,2,323.53,0.2,Credit Card,Completed
34,364,292,13,46,2025-10-26,4,398.38,0.05,Debit Card,Pending
35,1067,168,14,47,2025-03-05,6,303.92,0.05,Gift Card,Shipped
36,1588,61,12,11,2025-06-10,6,172.42,0.0,Cash,Completed
37,229,73,11,7,2025-06-12,2,68.44,0.0,Debit Card,Completed
38,626,33,3,20,2023-04-04,3,422.83,0.0,PayPal,Shipped
39,577,249,4,26,2025-11-12,5,471.0,0.2,Credit Card,Completed
40,915,79,8,39,2025-04-12,5,143.89,0.1,PayPal,Shipped
41,198,83,12,17,2025-11-18,1,347.94,0.15,Credit Card,Completed
42,865,210,4,34,2023-02-12,6,77.07,0.15,Credit Card,Completed
43,713,101,1,22,2023-11-27,2,314.94,0.1,Debit Card,Returned
44,8,165,14,8,2023-04-06,3,216.64,0.2,Cash,Completed
45,1842,121,4,35,2023-01-04,3,13.34,0.1,Gift Card,Completed
46,1352,290,14,8,2023-05-08,1,30.66,0.05,PayPal,Returned
47,336,235,12,11,2025-06-12,2,265.0,0.2,Debit Card,Completed
48,1807,257,14,8,2025-02-28,6,29.22,0.2,Debit Card,Completed
49,835,43,14,47,2025-11-01,1,121.68,0.15,Debit Card,Returned
50,215,127,7,40,2025-06-07,5,90.5,0.0,Credit Card,Completed
51,318,259,2,28,2023-11-18,2,395.59,0.15,Credit Card,Completed
52,1740,261,11,33,2024-04-03,3,638.9,0.0,PayPal,Pending
53,1083,245,12,10,2024-10-28,6,328.64,0.2,Gift Card,Completed
54,1010,198,15,18,2023-07-14,6,125.5,0.0,Cash,Returned
55,13,276,14,8,2025-12-06,6,394.14,0.2,Debit Card,Shipped
56,1273,66,13,13,2025-08-14,5,330.95,0.05,Credit Card,Returned
57,1423,57,8,39,2024-12-22,4,207.9,0.1,PayPal,Completed
58,717,255,12,11,2023-12-31,1,118.85,0.15,Gift Card,Completed
59,1426,205,7,40,2025-12-28,2,370.78,0.1,PayPal,Cancelled
60,284,166,14,8,2025-07-06,2,172.27,0.0,Cash,Completed
61,1234,140,6,9,2025-06-10,6,257.08,0.15,Gift Card,Completed
62,1816,70,12,11,2023-02-16,4,42.41,0.0,Debit Card,Pending
63,844,217,13,49,2024-09-15,1,80.74,0.2,PayPal,Pending
64,993,12,10,29,2023-01-08,5,582.22,0.2,Cash,Pending
65,1020,131,11,33,2024-12-21,5,582.03,0.0,Cash,Returned
66,1644,259,2,28,2024-09-11,1,395.59,0.05,Debit Card,Pending
67,1063,176,5,23,2024-02-27,4,171.51,0.15,Gift Card,Completed
68,1094,15,5,48,2024-06-27,3,454.62,0.0,PayPal,Completed
69,1311,264,3,43,2025-03-18,1,25.86,0.0,Credit Card,Completed
70,336,205,14,8,2023-10-13,4,370.78,0.0,Gift Card,Returned
71,1233,32,5,48,2023-02-07,5,162.12,0.0,PayPal,Shipped
72,735,267,14,47,2023-08-02,2,139.61,0.0,Credit Card,Completed
73,625,277,6,14,2024-04-30,5,320.72,0.1,Cash,Pending
74,1134,178,14,8,2025-05-01,2,41.87,0.0,Gift Card,Completed
75,1875,7,13,42,2023-04-07,1,279.59,0.0,Cash,Completed
76,1557,207,12,11,2023-07-28,5,245.28,0.2,Debit Card,Cancelled
77,794,150,1,41,2023-07-18,5,157.31,0.0,Gift Card,Completed
78,885,230,9,38,2023-04-17,5,49.56,0.2,Credit Card,Pending
79,1088,242,11,7,2023-11-28,6,378.8,0.2,Credit Card,Completed
80,876,191,2,28,2023-09-09,1,519.67,0.0,Cash,Shipped
81,270,23,5,23,2025-03-16,4,298.77,0.0,Gift Card,Cancelled
82,1677,192,9,38,2023-12-04,1,29.92,0.05,Debit Card,Completed
83,1865,177,2,37,2025-06-12,4,467.22,0.0,Gift Card,Cancelled
84,378,93,13,30,2023-09-13,5,380.69,0.0,Debit Card,Cancelled
85,1327,151,4,35,2025-06-19,1,61.55,0.0,Cash,Pending
86,622,278,8,24,2024-08-13,6,98.31,0.2,Cash,Cancelled
87,1231,224,10,6,2024-10-30,2,190.7,0.0,PayPal,Completed
88,13,251,4,34,2023-06-17,2,355.21,0.0,Cash,Cancelled
89,341,29,4,26,2023-01-07,6,197.73,0.0,Debit Card,Returned
90,1939,47,11,7,2023-05-20,6,126.89,0.2,Debit Card,Pending
91,1311,74,15,44,2025-08-06,4,292.63,0.0,Cash,Returned
92,1265,178,9,25,2024-10-19,6,41.87,0.15,PayPal,Cancelled
93,371,300,6,9,2024-09-17,2,306.79,0.15,Debit Card,Cancelled
94,208,208,12,11,2023-08-25,5,146.45,0.0,Cash,Pending
95,919,35,10,4,2023-04-23,3,53.95,0.0,Cash,Completed
96,190,133,5,48,2025-07-06,4,321.54,0.0,Gift Card,Shipped
97,1308,110,4,34,2024-12-31,3,570.1,0.05,Credit Card,Shipped
98,244,183,14,47,2024-09-06,6,70.12,0.2,Debit Card,Pending
99,1736,105,5,23,2023-03-17,3,500.45,0.0,PayPal,Pending
100,456,100,9,25,2023-09-13,5,447.11,0.0,Credit Card,Returned
101,1410,103,14,8,2024-05-05,6,220.08,0.1,Gift Card,Completed
102,1051,243,15,5,2025-11-02,2,523.63,0.2,Cash,Completed
103,983,279,13,30,2025-08-31,2,281.48,0.0,PayPal,Shipped
104,648,33,7,2,2024-10-03,2,422.83,0.0,Cash,Pending
105,1704,109,7,40,2024-11-01,4,33.31,0.2,Credit Card,Completed
106,730,218,9,25,2025-09-06,2,95.1,0.0,Gift Card,Shipped
107,1506,246,8,19,2025-06-25,6,594.34,0.05,PayPal,Completed
108,1206,34,13,46,2024-09-27,2,71.12,0.0,Debit Card,Returned
109,1820,193,10,21,2025-05-30,3,248.63,0.0,PayPal,Completed
110,1413,19,10,4,2023-08-18,1,332.56,0.1,Gift Card,Cancelled
111,35,273,4,35,2024-04-24,6,265.88,0.15,Debit Card,Cancelled
112,1107,210,2,3,2025-12-05,3,77.07,0.0,Gift Card,Shipped
113,1921,264,5,48,2025-11-24,6,25.86,0.1,PayPal,Pending
114,350,288,6,14,2025-01-29,4,367.22,0.0,PayPal,Cancelled
115,1520,57,3,43,2023-04-16,2,207.9,0.0,Gift Card,Completed
116,948,276,12,17,2023-06-01,2,394.14,0.0,PayPal,Completed
117,926,42,15,44,2025-08-04,1,483.01,0.0,Cash,Shipped
118,1661,51,15,16,2024-06-28,2,190.91,0.05,Debit Card,Pending
119,1072,54,9,38,2023-06-19,2,43.29,0.15,Credit Card,Completed
120,1030,175,4,35,2025-06-08,5,86.78,0.0,PayPal,Completed
121,1007,276,4,35,2023-06-13,3,394.14,0.0,Credit Card,Completed
122,1345,294,12,17,2023-12-08,4,345.43,0.05,Cash,Completed
123,1148,218,6,9,2025-05-16,5,95.1,0.0,Cash,Completed
124,1525,259,2,37,2023-02-12,6,395.59,0.05,Cash,Completed
125,1379,203,4,26,2023-02-10,6,511.82,0.15,Credit Card,Completed
126,1613,300,10,6,2023-06-13,1,306.79,0.0,PayPal,Completed
127,276,162,8,24,2024-12-16,6,532.97,0.05,PayPal,Completed
128,1693,274,1,41,2023-07-26,5,57.88,0.15,Credit Card,Completed
129,125,70,5,23,2024-09-05,2,42.41,0.15,Debit Card,Pending
130,1856,176,7,2,2025-12-23,4,171.51,0.2,Debit Card,Returned
131,162,112,15,18,2024-12-15,5,347.45,0.05,Debit Card,Completed
132,1636,31,6,9,2023-01-15,6,179.93,0.0,Gift Card,Cancelled
133,1297,150,2,37,2025-07-11,6,157.31,0.0,Cash,Completed
134,1681,193,14,47,2024-05-05,5,248.63,0.05,Cash,Completed
135,208,195,6,9,2024-08-17,2,165.25,0.05,Debit Card,Completed
136,966,249,14,8,2024-01-08,4,471.0,0.0,PayPal,Completed
137,1569,194,10,29,2025-04-19,1,35.78,0.0,Cash,Completed
138,169,194,3,43,2024-06-06,3,35.78,0.0,Credit Card,Returned
139,1277,237,1,22,2024-10-24,6,159.44,0.0,PayPal,Cancelled
140,839,136,14,47,2023-03-29,3,266.29,0.0,Debit Card,Completed
141,1120,1,11,33,2023-10-05,4,31.01,0.0,Cash,Completed
142,860,107,3,31,2025-05-14,2,247.26,0.2,Cash,Completed
143,1386,139,11,12,2025-07-17,1,334.0,0.1,PayPal,Completed
144,1898,12,6,9,2025-04-23,5,582.22,0.2,Gift Card,Completed
145,533,2,8,24,2023-12-22,5,35.98,0.2,PayPal,Shipped
146,1568,139,9,38,2024-10-17,3,334.0,0.0,Cash,Completed
147,279,252,9,38,2023-09-10,4,163.4,0.0,Credit Card,Completed
148,1651,284,11,12,2023-09-03,1,413.62,0.2,Cash,Returned
149,416,157,13,13,2024-03-02,5,110.95,0.1,PayPal,Completed
150,1124,241,8,19,2025-06-26,6,108.19,0.15,PayPal,Cancelled
151,480,110,4,35,2025-04-08,3,570.1,0.2,Gift Card,Pending
152,194,120,1,41,2023-01-18,5,346.06,0.0,Cash,Completed
153,1692,215,4,35,2023-02-17,2,108.22,0.1,Gift Card,Completed
154,542,86,3,31,2023-03-22,3,302.91,0.0,Debit Card,Completed
155,1252,18,15,5,2024-12-30,2,383.42,0.0,Cash,Shipped
156,116,254,2,3,2024-07-11,1,307.61,0.1,Debit Card,Completed
157,1600,123,5,23,2023-06-04,1,203.09,0.1,PayPal,Pending
158,1956,74,5,1,2023-10-23,3,292.63,0.1,Credit Card,Pending
159,310,200,10,29,2024-06-07,5,214.09,0.05,Debit Card,Completed
160,161,254,3,31,2024-09-03,2,307.61,0.0,Credit Card,Shipped
161,1323,110,5,48,2023-12-20,1,570.1,0.1,Credit Card,Completed
162,784,270,4,34,2025-06-02,1,17.58,0.15,Debit Card,Returned
163,25,77,1,50,2025-03-28,4,442.92,0.15,Credit Card,Completed
164,1596,18,15,15,2023-03-07,5,383.42,0.0,Gift Card,Completed
165,849,70,15,44,2023-05-24,5,42.41,0.0,Gift Card,Completed
166,21,174,9,25,2025-08-10,4,62.11,0.1,Credit Card,Cancelled
167,1014,125,1,22,2023-10-07,3,152.14,0.2,Credit Card,Completed
168,443,237,13,46,2023-07-03,2,159.44,0.2,Gift Card,Completed
169,192,56,3,20,2024-02-23,5,176.55,0.2,PayPal,Returned
170,1812,39,1,50,2025-03-09,4,340.31,0.0,Credit Card,Completed
171,648,144,1,41,2025-04-14,1,296.96,0.05,PayPal,Completed
172,1655,36,3,43,2025-08-28,1,480.04,0.05,Cash,Shipped
173,111,75,4,34,2024-04-06,3,363.98,0.0,Debit Card,Completed
174,191,204,6,9,2023-02-01,2,75.04,0.0,Credit Card,Shipped
175,1872,9,3,43,2024-07-10,3,307.63,0.15,Gift Card,Pending
176,770,12,15,15,2024-03-02,6,582.22,0.0,Cash,Returned
177,461,67,6,9,2025-08-21,4,138.29,0.0,PayPal,Pending
178,1475,286,14,47,2023-02-19,6,217.06,0.0,Cash,Shipped
179,1197,277,14,47,2024-12-19,1,320.72,0.0,Credit Card,Completed
180,655,275,10,4,2023-07-06,2,255.49,0.2,PayPal,Returned
181,1552,147,15,18,2025-04-27,3,433.97,0.05,PayPal,Returned
182,260,110,11,12,2025-08-07,4,570.1,0.0,PayPal,Completed
183,639,234,9,38,2024-06-14,1,314.58,0.1,Gift Card,Completed
184,1157,57,14,8,2023-03-08,4,207.9,0.0,Credit Card,Completed
185,90,26,7,40,2025-04-06,5,68.26,0.15,Gift Card,Completed
186,1708,102,10,6,2024-10-29,2,455.19,0.0,PayPal,Shipped
187,920,21,7,40,2025-10-29,2,407.45,0.0,PayPal,Completed
188,653,141,9,38,2025-06-03,2,236.86,0.0,Debit Card,Completed
189,409,252,2,28,2023-10-31,1,163.4,0.0,Credit Card,Cancelled
190,1560,112,15,15,2023-01-05,1,347.45,0.0,PayPal,Completed
191,510,150,9,38,2025-04-05,4,157.31,0.0,PayPal,Completed
192,1058,267,1,22,2023-07-04,1,139.61,0.0,Gift Card,Completed
193,48,297,13,13,2023-07-09,4,334.26,0.1,Debit Card,Completed
194,1013,104,3,43,2025-07-24,6,61.42,0.2,PayPal,Pending
195,19,278,1,50,2024-11-20,1,98.31,0.2,Gift Card,Returned
196,502,21,5,23,2023-04-14,1,407.45,0.1,Debit Card,Shipped
197,244,50,4,34,2024-05-15,4,564.26,0.0,PayPal,Completed
198,652,48,15,5,2025-01-26,6,397.65,0.0,PayPal,Cancelled
199,1972,159,3,43,2023-11-04,2,323.53,0.15,Credit Card,Shipped
200,417,166,2,37,2024-05-04,3,172.27,0.05,Credit Card,Returned
201,769,295,8,24,2024-05-27,3,647.12,0.1,Gift Card,Shipped
202,304,28,7,40,2023-07-15,1,360.14,0.1,Cash,Completed
203,1477,9,15,32,2023-10-13,6,307.63,0.2,PayPal,Completed
204,1337,114,3,20,2025-11-17,3,356.17,0.0,Gift Card,Completed
205,1088,178,3,20,2025-10-22,1,41.87,0.05,Cash,Shipped
206,958,117,15,15,2025-01-04,6,77.12,0.0,Cash,Returned
207,706,233,3,20,2023-02-05,1,400.32,0.0,Debit Card,Completed
208,1581,287,10,4,2023-10-13,5,173.87,0.15,Credit Card,Cancelled
209,1407,215,9,25,2023-05-23,6,108.22,0.0,Cash,Cancelled
210,588,204,10,4,2023-08-23,1,21.56,0.1,Debit Card,Completed
211,874,210,1,41,2023-02-18,1,77.07,0.0,PayPal,Completed
212,294,235,4,35,2023-06-27,1,265.0,0.0,Debit Card,Completed
213,1163,219,15,15,2023-05-21,3,243.18,0.0,Credit Card,Completed
214,1939,273,11,12,2025-02-05,1,265.88,0.05,Gift Card,Returned
215,460,133,13,42,2024-10-01,4,321.54,0.15,Cash,Completed
216,1831,74,11,7,2025-06-19,4,292.63,0.0,Gift Card,Shipped
217,220,46,14,8,2024-11-12,3,393.27,0.05,Cash,Completed
218,532,121,8,19,2024-12-17,4,13.34,0.0,Gift Card,Pending
219,335,163,9,25,2023-07-27,6,270.34,0.15,Gift Card,Completed
220,808,232,11,7,2023-01-08,5,316.8,0.05,Gift Card,Returned
221,1909,205,15,16,2023-11-09,3,370.78,0.0,Gift Card,Pending
222,1046,139,14,47,2024-08-23,4,334.0,0.05,Debit Card,Completed
223,1309,107,10,4,2025-01-10,1,247.26,0.0,Credit Card,Returned
224,622,257,13,49,2025-09-16,3,29.22,0.0,Debit Card,Completed
225,1663,108,6,14,2024-09-21,1,603.53,0.0,Gift Card,Returned
226,1941,57,9,25,2023-11-05,6,207.9,0.05,PayPal,Shipped
227,336,183,12,11,2024-06-09,5,70.12,0.2,Credit Card,Completed
228,1641,145,7,40,2023-06-30,1,328.64,0.0,Debit Card,Pending
229,1088,76,9,25,2025-08-07,2,46.89,0.0,Debit Card,Returned
230,691,148,5,1,2025-10-21,5,293.31,0.2,Credit Card,Completed
231,1202,215,9,38,2023-02-17,4,108.22,0.05,Credit Card,Shipped
232,1673,52,6,9,2023-03-31,2,120.46,0.0,Cash,Completed
233,1345,143,5,1,2023-06-18,6,511.76,0.0,Credit Card,Completed
234,105,160,2,45,2025-12-17,2,466.97,0.05,Credit Card,Completed
235,1315,259,12,17,2025-02-27,1,395.59,0.0,Debit Card,Completed
236,216,229,1,36,2023-04-12,1,321.97,0.0,Credit Card,Shipped
237,610,244,1,36,2023-08-28,2,328.77,0.0,Credit Card,Pending
238,1561,285,10,29,2025-04-29,1,313.87,0.2,Gift Card,Completed
239,1558,182,15,15,2023-04-15,6,543.63,0.1,Credit Card,Shipped
240,1732,239,10,21,2025-12-08,3,337.62,0.0,Credit Card,Completed
241,698,115,4,34,2024-11-22,6,295.79,0.0,Gift Card,Completed
242,1144,271,15,15,2025-06-27,5,316.69,0.15,Gift Card,Completed
243,1227,29,3,31,2024-04-09,4,197.73,0.0,Credit Card,Returned
244,1132,263,7,2,2023-08-16,5,47.7,0.05,Debit Card,Completed
245,1387,197,15,15,2024-05-29,4,82.36,0.05,PayPal,Completed
246,694,117,4,34,2023-03-24,4,77.12,0.05,Credit Card,Completed
247,1121,8,3,31,2025-01-20,3,143.64,0.05,Credit Card,Completed
248,527,151,3,43,2024-02-02,2,61.55,0.0,Debit Card,Returned
249,801,300,3,20,2023-03-19,4,306.79,0.1,PayPal,Returned
250,532,204,6,14,2025-08-24,1,83.9,0.05,Credit Card,Cancelled
251,504,296,7,2,2025-01-16,6,81.85,0.15,Credit Card,Completed
252,1507,60,6,9,2025-04-12,3,307.03,0.2,Gift Card,Completed
253,984,5,2,3,2024-03-21,2,136.89,0.0,PayPal,Completed
254,1829,81,13,42,2024-07-31,2,379.78,0.15,PayPal,Completed
255,1184,71,9,25,2024-08-13,5,251.36,0.2,PayPal,Shipped
256,49,6,2,28,2024-09-09,1,628.51,0.15,PayPal,Returned
257,1668,8,13,13,2024-10-09,2,143.64,0.0,Credit Card,Completed
258,773,244,6,9,2025-01-16,6,328.77,0.1,Cash,Returned
259,474,169,7,2,2024-04-21,3,446.78,0.1,Credit Card,Completed
260,35,61,1,41,2024-07-19,4,172.42,0.05,Debit Card,Shipped
261,1680,300,8,39,2025-05-19,1,306.79,0.0,Debit Card,Pending
262,658,57,9,38,2023-10-08,5,207.9,0.2,Gift Card,Completed
263,675,51,15,18,2023-10-02,2,190.91,0.1,PayPal,Cancelled
264,202,175,8,39,2025-01-11,3,86.78,0.0,Credit Card,Returned
265,946,83,13,49,2024-04-10,6,347.94,0.05,Debit Card,Completed
266,892,190,5,23,2024-07-27,4,292.3,0.2,Gift Card,Pending
267,734,34,3,20,2025-06-23,1,71.12,0.0,Debit Card,Pending
268,251,186,1,50,2025-02-25,3,39.01,0.2,PayPal,Pending
269,986,32,11,7,2024-03-19,1,162.12,0.05,Cash,Cancelled
270,33,96,4,35,2025-06-24,3,595.96,0.2,Cash,Completed
271,1446,236,9,38,2024-01-06,4,209.86,0.0,PayPal,Completed
272,532,202,3,31,2025-12-17,2,211.09,0.05,PayPal,Completed
273,94,230,9,38,2025-05-03,4,49.56,0.0,Credit Card,Completed
274,1828,194,8,39,2024-02-28,2,35.78,0.05,Debit Card,Completed
275,1489,281,6,9,2025-04-01,4,125.56,0.05,Cash,Completed
276,447,271,10,6,2025-06-02,6,316.69,0.1,PayPal,Pending
277,1835,16,1,50,2024-06-23,5,561.32,0.1,PayPal,Returned
278,362,30,11,7,2024-11-16,2,544.88,0.0,Cash,Completed
279,1408,269,13,13,2023-10-24,4,260.22,0.0,Credit Card,Returned
280,1221,231,15,16,2025-05-28,3,52.2,0.2,Cash,Completed
281,1344,165,4,35,2025-04-22,4,216.64,0.0,PayPal,Pending
282,1024,174,10,29,2024-12-06,4,62.11,0.2,PayPal,Completed
283,495,270,12,10,2024-06-15,2,17.58,0.2,Gift Card,Completed
284,1536,67,4,34,2025-07-21,6,138.29,0.0,Credit Card,Completed
285,360,76,12,10,2025-09-14,1,46.89,0.0,Gift Card,Completed
286,1334,251,14,47,2025-05-22,5,355.21,0.0,Credit Card,Pending
287,118,151,7,2,2023-11-19,5,61.55,0.0,Cash,Completed
288,828,296,5,48,2024-04-21,1,81.85,0.0,Credit Card,Completed
289,1957,297,14,47,2023-01-17,2,334.26,0.1,Debit Card,Completed
290,1530,212,1,36,2023-01-29,1,26.85,0.0,Gift Card,Completed
291,1698,40,5,23,2023-05-05,4,408.98,0.1,Credit Card,Completed
292,1810,10,8,24,2024-03-18,1,46.02,0.05,Gift Card,Completed
293,81,176,15,44,2023-01-23,1,171.51,0.0,Debit Card,Completed
294,1711,235,3,31,2024-01-11,3,265.0,0.0,PayPal,Returned
295,1768,226,4,26,2023-11-24,4,522.95,0.05,PayPal,Completed
296,1962,289,1,36,2023-03-08,6,246.14,0.05,Cash,Cancelled
297,1805,180,1,36,2024-10-27,1,177.87,0.15,PayPal,Completed
298,947,81,4,26,2025-10-07,2,379.78,0.1,Debit Card,Completed
299,242,199,15,27,2024-03-31,3,314.59,0.15,Cash,Completed
300,1674,220,13,49,2023-05-02,2,357.02,0.2,Gift Card,Returned
301,1323,170,8,24,2023-12-18,2,260.29,0.1,Cash,Shipped
302,1002,136,4,35,2025-02-04,1,266.29,0.05,PayPal,Completed
303,618,2,14,47,2025-05-07,6,35.98,0.05,Gift Card,Cancelled
304,348,23,14,8,2023-01-21,6,298.77,0.15,PayPal,Completed
305,1219,24,14,8,2023-12-06,1,129.26,0.0,Debit Card,Shipped
306,573,133,10,4,2023-03-12,5,321.54,0.0,Debit Card,Completed
307,507,106,6,9,2023-12-21,2,127.35,0.0,Credit Card,Cancelled
308,1659,192,1,36,2024-11-09,1,29.92,0.0,Cash,Completed
309,1631,18,5,23,2024-04-07,4,383.42,0.1,Debit Card,Shipped
310,1547,126,10,6,2024-01-30,2,333.86,0.0,Gift Card,Completed
311,1213,219,15,15,2023-09-28,1,243.18,0.2,Cash,Completed
312,251,65,10,6,2024-07-05,3,543.26,0.0,PayPal,Completed
313,1598,171,1,50,2025-03-15,3,293.86,0.2,Credit Card,Completed
314,498,255,2,28,2025-04-02,2,118.85,0.0,Gift Card,Pending
315,762,143,5,48,2023-11-24,1,511.76,0.05,PayPal,Completed
316,1313,48,13,42,2024-02-21,4,397.65,0.0,PayPal,Completed
317,811,229,3,20,2023-06-05,6,321.97,0.0,Gift Card,Completed
318,1480,206,6,9,2023-09-20,4,367.62,0.2,Gift Card,Shipped
319,1368,261,6,9,2025-03-27,3,638.9,0.05,Debit Card,Completed
320,1824,218,12,10,2023-09-04,4,95.1,0.2,Credit Card,Completed
321,1352,273,1,36,2024-07-04,3,265.88,0.2,Cash,Completed
322,341,55,1,36,2023-05-09,3,17.81,0.15,Cash,Completed
323,651,49,6,9,2024-07-08,2,148.66,0.15,Credit Card,Completed
324,614,122,10,4,2023-04-12,5,203.86,0.2,Gift Card,Pending
325,945,72,15,27,2024-06-18,4,301.36,0.1,Cash,Completed
326,515,68,12,17,2023-11-11,5,15.0,0.1,Cash,Completed
327,659,277,11,33,2023-08-13,5,320.72,0.0,Cash,Completed
328,990,253,13,49,2023-03-26,4,101.3,0.05,PayPal,Returned
329,1804,121,4,26,2023-12-15,5,13.34,0.05,Credit Card,Cancelled
330,340,175,6,9,2025-08-14,6,86.78,0.1,Gift Card,Shipped
331,1810,267,5,1,2024-11-14,3,139.61,0.15,PayPal,Completed
332,1433,224,3,31,2025-09-05,2,190.7,0.05,Credit Card,Completed
333,546,204,12,17,2025-09-14,2,135.11,0.2,Cash,Completed
334,1766,164,5,1,2025-02-03,1,117.71,0.2,Debit Card,Returned
335,354,94,9,25,2024-12-18,1,325.59,0.1,Cash,Completed
336,1913,208,12,17,2023-12-11,3,146.45,0.05,PayPal,Completed
337,1207,129,7,2,2024-01-05,6,267.03,0.0,Debit Card,Completed
338,504,141,13,30,2023-06-28,3,236.86,0.1,PayPal,Completed
339,1241,214,1,22,2025-03-18,2,264.25,0.2,Credit Card,Pending
340,817,1,3,31,2024-06-21,3,31.01,0.2,PayPal,Completed
341,398,95,6,14,2023-05-17,4,435.89,0.2,Credit Card,Shipped
342,1259,39,1,36,2023-04-13,6,340.31,0.2,PayPal,Completed
343,760,103,4,26,2023-12-28,3,220.08,0.2,Credit Card,Pending
344,783,3,2,28,2023-04-06,4,507.54,0.0,Gift Card,Completed
345,77,165,8,39,2025-03-30,3,216.64,0.05,Gift Card,Completed
346,971,224,14,8,2023-09-23,4,190.7,0.0,PayPal,Completed
347,22,8,12,11,2024-10-28,2,143.64,0.05,Debit Card,Completed
348,185,228,5,23,2025-05-21,6,247.35,0.0,Credit Card,Completed
349,1611,211,4,26,2023-08-23,1,199.85,0.15,Cash,Shipped
350,1977,223,12,10,2024-09-05,2,162.74,0.0,Gift Card,Completed
351,1844,148,6,14,2023-08-27,6,293.31,0.0,Debit Card,Pending
352,1349,199,8,24,2025-12-07,4,314.59,0.2,Gift Card,Completed
353,1619,129,14,8,2024-08-21,2,267.03,0.1,Cash,Completed
354,1657,36,15,18,2025-08-27,3,480.04,0.2,Credit Card,Cancelled
355,41,45,9,38,2025-10-09,5,107.36,0.1,Debit Card,Completed
356,375,22,5,48,2023-12-12,2,90.87,0.05,Cash,Shipped
357,160,255,13,42,2023-12-11,3,118.85,0.05,Debit Card,Cancelled
358,1173,131,9,38,2025-07-07,5,582.03,0.2,Debit Card,Completed
359,1583,275,6,14,2025-01-27,6,255.49,0.0,Debit Card,Returned
360,576,240,7,2,2023-12-21,4,196.7,0.15,Credit Card,Shipped
361,1961,2,11,7,2024-11-25,3,35.98,0.15,Gift Card,Cancelled
362,358,47,12,11,2025-03-11,6,126.89,0.0,Cash,Completed
363,1236,9,13,49,2023-03-08,5,307.63,0.2,Gift Card,Completed
364,537,219,9,25,2023-04-13,3,243.18,0.05,Credit Card,Returned
365,934,259,5,1,2025-12-06,2,395.59,0.05,Gift Card,Completed
366,169,278,12,11,2025-07-13,6,98.31,0.2,Gift Card,Cancelled
367,1739,240,5,23,2023-09-27,6,196.7,0.05,Gift Card,Completed
368,754,153,9,25,2023-06-28,5,238.04,0.0,Credit Card,Completed
369,974,86,3,31,2023-08-14,1,302.91,0.2,Cash,Shipped
370,1331,288,1,50,2025-02-27,1,367.22,0.0,Cash,Completed
371,69,173,7,40,2023-03-16,2,159.58,0.15,Gift Card,Completed
372,1213,261,5,23,2024-05-18,2,638.9,0.0,Gift Card,Returned
373,1364,109,11,12,2023-02-15,4,33.31,0.05,PayPal,Completed
374,375,94,15,15,2025-05-11,4,325.59,0.2,PayPal,Pending
375,1590,42,11,12,2023-02-03,5,483.01,0.05,Cash,Returned
376,1557,169,4,35,2023-04-06,4,446.78,0.05,PayPal,Completed
377,624,87,7,2,2025-11-20,5,321.84,0.2,Gift Card,Pending
378,1636,166,1,41,2023-02-14,6,172.27,0.15,PayPal,Shipped
379,1697,61,3,20,2025-07-21,1,172.42,0.0,Credit Card,Returned
380,1399,227,9,38,2023-03-02,4,225.3,0.05,Debit Card,Completed
381,1562,36,14,8,2025-04-03,2,480.04,0.1,Gift Card,Completed
382,1191,91,4,35,2025-11-08,1,406.77,0.15,Gift Card,Completed
383,858,166,2,28,2024-02-22,2,172.27,0.05,Gift Card,Completed
384,1094,217,12,10,2024-09-22,5,80.74,0.0,Gift Card,Completed
385,324,16,10,21,2024-02-27,6,561.32,0.15,Credit Card,Completed
386,1962,168,11,7,2024-09-11,6,303.92,0.15,Credit Card,Completed
387,1588,290,5,23,2025-05-07,4,30.66,0.0,PayPal,Returned
388,1264,175,3,20,2025-06-18,2,86.78,0.0,Cash,Cancelled
389,1964,140,10,6,2024-04-20,5,257.08,0.1,Debit Card,Shipped
390,1429,76,13,13,2023-06-04,4,46.89,0.15,Gift Card,Completed
391,1762,3,8,39,2025-03-02,6,507.54,0.05,Debit Card,Shipped
392,704,271,11,7,2023-04-17,1,316.69,0.05,PayPal,Shipped
393,1348,73,15,32,2025-11-12,1,68.44,0.0,Credit Card,Pending
394,112,80,2,45,2025-04-24,6,249.35,0.0,Gift Card,Completed
395,417,16,15,5,2025-11-16,1,561.32,0.1,Gift Card,Completed
396,308,271,3,31,2023-12-06,4,316.69,0.1,Cash,Completed
397,1726,270,14,47,2024-10-30,1,17.58,0.15,Gift Card,Completed
398,1040,297,3,43,2024-11-25,2,334.26,0.15,Cash,Pending
399,859,277,2,3,2023-01-05,4,320.72,0.1,PayPal,Completed
400,1759,57,15,18,2023-12-18,4,207.9,0.05,Credit Card,Completed
401,1087,69,9,25,2023-02-04,2,444.45,0.1,Gift Card,Completed
402,1890,216,1,36,2024-02-03,6,91.49,0.0,Cash,Shipped
403,1645,196,4,34,2024-01-12,6,222.19,0.0,PayPal,Cancelled
404,1844,4,11,12,2023-06-16,2,355.19,0.0,Debit Card,Shipped
405,1347,192,5,1,2024-03-16,4,29.92,0.1,PayPal,Completed
406,1960,115,2,28,2025-07-28,3,295.79,0.0,Debit Card,Completed
407,1168,232,9,38,2025-04-09,6,316.8,0.0,PayPal,Completed
408,2,68,7,40,2024-08-24,2,15.0,0.05,Debit Card,Cancelled
409,87,181,14,47,2024-12-27,4,334.11,0.0,PayPal,Completed
410,1618,189,14,47,2024-07-24,6,399.71,0.0,Gift Card,Completed
411,1722,262,14,47,2023-10-28,1,392.06,0.0,Gift Card,Pending
412,757,142,4,35,2025-03-30,4,306.71,0.0,Debit Card,Completed
413,79,196,4,34,2025-04-05,4,222.19,0.1,Cash,Returned
414,265,191,10,4,2024-09-27,5,519.67,0.2,Debit Card,Pending
415,104,132,3,43,2024-01-16,5,127.63,0.1,Debit Card,Returned
416,1155,66,3,31,2023-01-23,4,330.95,0.05,Credit Card,Returned
417,1195,209,8,39,2023-12-28,3,193.95,0.05,PayPal,Completed
418,1236,281,15,32,2024-05-22,2,125.56,0.0,Gift Card,Pending
419,1455,254,9,38,2025-07-12,5,307.61,0.0,Gift Card,Cancelled
420,249,127,1,41,2024-06-05,5,90.5,0.0,PayPal,Completed
421,1834,127,14,47,2023-07-15,3,90.5,0.0,PayPal,Completed
422,259,207,2,28,2023-01-21,1,245.28,0.0,Cash,Completed
423,1337,239,5,1,2025-03-27,2,337.62,0.2,Cash,Completed
424,1355,117,12,17,2023-03-11,3,77.12,0.15,Debit Card,Completed
425,35,105,5,1,2025-11-23,4,500.45,0.0,PayPal,Completed
426,68,277,8,19,2025-06-09,6,320.72,0.0,Cash,Returned
427,1610,70,3,43,2024-08-30,1,42.41,0.0,Credit Card,Completed
428,479,173,9,25,2024-04-20,1,159.58,0.1,Gift Card,Pending
429,1275,134,7,2,2025-03-31,2,170.45,0.1,Cash,Completed
430,1801,3,7,2,2023-06-24,4,507.54,0.15,Debit Card,Cancelled
431,919,210,11,7,2025-04-17,1,77.07,0.1,PayPal,Returned
432,314,149,6,14,2023-01-14,3,431.72,0.0,Gift Card,Shipped
433,1456,84,5,1,2024-10-13,2,38.26,0.0,Gift Card,Completed
434,647,208,11,33,2023-07-18,1,146.45,0.0,Gift Card,Pending
435,1316,87,8,19,2023-05-31,4,321.84,0.0,Debit Card,Completed
436,1552,295,7,2,2024-01-03,1,647.12,0.0,PayPal,Cancelled
437,1224,37,12,17,2024-02-11,5,91.98,0.05,Debit Card,Completed
438,389,153,8,19,2024-01-12,3,238.04,0.2,Cash,Shipped
439,587,282,14,47,2023-01-01,3,461.23,0.05,Credit Card,Returned
440,1964,274,8,39,2025-05-01,2,57.88,0.2,Cash,Completed
441,1417,241,2,3,2025-04-26,3,108.19,0.0,Gift Card,Completed
442,1882,286,11,7,2025-01-01,1,217.06,0.05,Debit Card,Completed
443,161,138,14,47,2024-12-21,3,102.03,0.0,PayPal,Completed
444,1043,1,13,42,2024-12-06,6,31.01,0.0,Cash,Completed
445,926,134,15,44,2024-07-09,6,170.45,0.2,Cash,Returned
446,1365,60,4,35,2025-03-26,1,307.03,0.15,Gift Card,Pending
447,584,6,1,22,2024-05-18,1,628.51,0.15,Cash,Shipped
448,241,277,15,16,2024-07-19,1,320.72,0.2,PayPal,Completed
449,1458,280,15,44,2023-11-03,5,59.78,0.0,PayPal,Completed
450,1575,83,7,40,2023-03-23,2,347.94,0.1,PayPal,Cancelled
451,1402,143,9,38,2023-02-13,6,511.76,0.05,Debit Card,Completed
452,323,174,7,40,2023-07-05,4,62.11,0.0,PayPal,Returned
453,1480,122,4,26,2024-12-02,2,203.86,0.0,Debit Card,Completed
454,615,135,10,29,2023-02-12,5,126.8,0.1,Gift Card,Completed
455,1036,286,8,19,2025-09-16,1,217.06,0.1,Credit Card,Completed
456,241,48,11,33,2024-07-31,2,397.65,0.0,Debit Card,Completed
457,1661,200,11,7,2025-02-14,1,214.09,0.0,PayPal,Cancelled
458,694,288,5,48,2023-04-07,3,367.22,0.0,Debit Card,Returned
459,245,58,3,43,2025-04-05,1,76.76,0.0,Debit Card,Pending
460,643,116,3,20,2025-08-21,6,365.71,0.0,Gift Card,Pending
461,1457,143,5,23,2024-08-29,4,511.76,0.15,PayPal,Completed
462,1583,71,11,33,2024-02-07,1,251.36,0.05,Cash,Completed
463,1686,294,7,2,2024-11-25,5,345.43,0.0,Gift Card,Returned
464,836,68,13,46,2025-04-14,2,15.0,0.0,PayPal,Cancelled
465,745,119,7,2,2023-01-28,2,63.82,0.15,Credit Card,Returned
466,617,9,12,17,2023-09-23,3,307.63,0.05,Credit Card,Pending
467,1059,206,4,34,2023-04-10,3,367.62,0.2,Gift Card,Completed
468,812,203,4,26,2024-05-03,4,511.82,0.2,Cash,Completed
469,1497,272,1,36,2023-06-29,6,596.66,0.15,Cash,Returned
470,1278,280,14,8,2023-09-05,1,59.78,0.2,PayPal,Completed
471,338,31,1,22,2024-04-30,6,179.93,0.0,Cash,Completed
472,1246,135,3,20,2024-11-25,2,126.8,0.2,Cash,Pending
473,1426,188,10,29,2024-04-18,1,448.74,0.1,Gift Card,Completed
474,1277,274,1,22,2025-05-31,1,57.88,0.0,Cash,Pending
475,1941,253,15,44,2024-08-27,6,101.3,0.0,Cash,Shipped
476,1950,71,11,33,2023-03-31,3,251.36,0.0,Cash,Shipped
477,462,264,15,16,2023-07-05,1,25.86,0.1,PayPal,Completed
478,713,180,2,45,2025-12-20,3,177.87,0.2,Gift Card,Cancelled
479,1776,86,7,2,2025-01-29,2,302.91,0.0,PayPal,Pending
480,645,209,8,19,2025-02-17,1,193.95,0.0,Credit Card,Returned
481,1722,72,13,46,2024-09-26,5,301.36,0.05,Gift Card,Completed
482,920,79,1,41,2025-05-13,4,143.89,0.0,Debit Card,Completed
483,750,259,6,9,2025-01-17,1,395.59,0.0,Debit Card,Cancelled
484,139,226,11,7,2024-04-16,6,522.95,0.15,Gift Card,Completed
485,648,217,8,19,2023-04-21,3,80.74,0.1,PayPal,Pending
486,265,92,1,41,2024-06-07,3,665.8,0.0,Debit Card,Completed
487,630,227,10,21,2024-06-27,1,225.3,0.15,Cash,Returned
488,749,110,12,17,2023-07-18,6,570.1,0.2,Gift Card,Cancelled
489,654,236,10,4,2023-09-10,5,209.86,0.15,PayPal,Completed
490,1089,204,11,33,2025-06-09,6,187.98,0.2,PayPal,Returned
491,677,199,4,34,2023-09-10,5,314.59,0.0,Cash,Completed
492,1014,136,12,17,2025-07-31,4,266.29,0.1,Cash,Completed
493,101,96,11,12,2024-05-12,6,595.96,0.15,Gift Card,Pending
494,1111,136,13,13,2024-05-15,1,266.29,0.2,PayPal,Completed
495,53,185,3,20,2025-06-04,4,357.71,0.0,Debit Card,Completed
496,1414,246,14,8,2024-03-11,6,594.34,0.0,PayPal,Completed
497,593,133,14,47,2023-03-23,2,321.54,0.2,Cash,Completed
498,1671,203,4,26,2025-07-31,4,511.82,0.1,Cash,Completed
499,970,122,3,31,2023-11-23,5,203.86,0.2,Debit Card,Cancelled
500,489,94,1,36,2023-02-14,5,325.59,0.0,Credit Card,Shipped
501,1264,97,2,45,2024-04-11,2,228.27,0.1,Cash,Shipped
502,1970,153,3,20,2025-10-10,6,238.04,0.0,PayPal,Completed
503,679,165,1,50,2023-06-22,3,216.64,0.2,Cash,Shipped
504,118,227,3,31,2024-10-24,4,225.3,0.1,Debit Card,Completed
505,255,16,9,25,2023-01-08,6,561.32,0.2,Cash,Returned
506,1380,80,4,26,2024-01-13,4,249.35,0.15,Debit Card,Completed
507,958,240,8,24,2024-03-23,2,196.7,0.0,PayPal,Returned
508,1956,204,12,10,2025-04-02,3,148.72,0.0,Credit Card,Pending
509,741,27,4,35,2024-05-02,4,565.88,0.2,Cash,Completed
510,348,258,10,21,2024-09-15,2,270.37,0.15,Credit Card,Shipped
511,1312,243,12,10,2024-09-01,6,523.63,0.0,Gift Card,Completed
512,1384,223,5,1,2025-08-27,3,162.74,0.1,Gift Card,Completed
513,283,191,8,24,2023-01-05,4,519.67,0.2,Credit Card,Completed
514,502,208,14,8,2024-01-26,5,146.45,0.15,Gift Card,Cancelled
515,538,211,15,44,2023-05-26,3,199.85,0.1,Cash,Pending
516,1323,107,6,14,2023-08-02,5,247.26,0.0,PayPal,Pending
517,1725,40,14,47,2024-06-11,5,408.98,0.15,Credit Card,Returned
518,1667,161,10,21,2023-01-30,3,322.86,0.1,Debit Card,Completed
519,1588,224,14,47,2024-08-30,2,190.7,0.0,Debit Card,Completed
520,1830,196,10,21,2023-07-27,2,222.19,0.0,PayPal,Completed
521,1353,54,10,4,2024-11-05,5,43.29,0.0,Cash,Completed
522,1434,38,1,22,2024-01-09,6,142.98,0.05,Debit Card,Returned
523,1673,272,3,20,2024-09-14,4,596.66,0.0,Debit Card,Completed
524,1465,237,6,14,2025-10-29,6,159.44,0.05,PayPal,Completed
525,1078,73,13,49,2023-09-21,2,68.44,0.05,Credit Card,Pending
526,139,199,6,14,2025-12-05,6,314.59,0.0,Cash,Completed
527,821,157,10,21,2025-08-15,6,110.95,0.1,Gift Card,Shipped
528,1056,220,1,41,2025-06-27,5,357.02,0.0,Debit Card,Returned
529,1110,124,15,32,2023-01-08,5,311.92,0.2,Debit Card,Pending
530,1647,62,4,34,2023-04-14,5,539.25,0.0,Gift Card,Completed
531,821,68,2,45,2023-01-16,1,15.0,0.05,Cash,Cancelled
532,1501,231,15,16,2025-11-03,3,52.2,0.0,PayPal,Pending
533,672,184,7,40,2025-10-07,3,304.08,0.0,Cash,Completed
534,563,3,8,24,2023-01-15,1,507.54,0.05,Cash,Pending
535,1656,272,9,38,2023-09-29,3,596.66,0.15,Cash,Completed
536,784,181,2,45,2024-06-06,3,334.11,0.0,Debit Card,Completed
537,1765,155,15,16,2024-06-16,1,232.62,0.2,Cash,Pending
538,1642,104,1,36,2024-02-17,5,61.42,0.05,Credit Card,Returned
539,1714,163,9,25,2025-08-20,1,270.34,0.15,Gift Card,Completed
540,837,100,1,36,2023-04-04,5,447.11,0.0,Debit Card,Shipped
541,1050,211,15,15,2023-05-05,2,199.85,0.0,Credit Card,Cancelled
542,63,143,9,25,2023-05-22,2,511.76,0.0,PayPal,Completed
543,1307,34,13,46,,5,71.12,0.05,Debit Card,Pending
544,690,79,14,47,2024-07-04,1,143.89,0.0,Gift Card,Cancelled
545,1079,7,10,21,2024-09-03,3,279.59,0.0,Debit Card,Pending
546,1540,252,6,14,2024-09-04,5,163.4,0.0,Gift Card,Cancelled
547,1953,115,11,33,2024-05-29,6,295.79,0.0,PayPal,Cancelled
548,288,222,14,8,2023-01-03,2,412.69,0.15,Cash,Shipped
549,1786,23,3,43,2024-04-22,1,298.77,0.0,Cash,Completed
550,1251,9,9,38,2025-08-17,2,307.63,0.2,Debit Card,Shipped
551,198,289,1,36,2025-06-20,6,246.14,0.05,Cash,Pending
552,943,186,9,38,2025-01-18,1,39.01,0.15,Credit Card,Shipped
553,1512,137,9,38,2025-12-06,2,47.19,0.0,PayPal,Completed
554,1427,264,6,14,2024-07-20,1,25.86,0.1,Debit Card,Returned
555,1570,113,4,35,2023-12-11,4,438.2,0.0,PayPal,Cancelled
556,340,236,7,40,2025-05-10,4,209.86,0.0,Credit Card,Completed
557,395,2,14,47,2025-02-25,4,35.98,0.0,Credit Card,Completed
558,1663,272,6,9,2023-07-04,4,596.66,0.1,Cash,Completed
559,1816,196,13,30,2025-01-10,3,222.19,0.1,Gift Card,Shipped
560,1912,216,10,4,2023-11-09,4,91.49,0.15,Debit Card,Completed
561,244,231,11,12,2025-10-26,5,52.2,0.0,Debit Card,Completed
562,1392,294,4,34,2023-04-26,1,345.43,0.15,Cash,Returned
563,1788,278,14,47,2025-07-06,1,98.31,0.15,Gift Card,Shipped
564,662,133,8,39,2023-05-25,6,321.54,0.2,Gift Card,Pending
565,643,104,8,24,2025-12-10,5,61.42,0.1,Gift Card,Completed
566,948,264,12,10,2023-05-16,3,25.86,0.1,Cash,Completed
567,119,286,8,39,2024-09-11,3,217.06,0.1,Debit Card,Returned
568,1036,135,7,2,2025-11-14,2,126.8,0.1,Debit Card,Completed
569,817,41,1,50,2023-11-06,4,441.65,0.15,Debit Card,Completed
570,1295,171,2,3,2023-06-30,5,293.86,0.2,Debit Card,Completed
571,1326,277,15,27,2025-12-07,6,320.72,0.2,PayPal,Completed
572,1671,14,13,30,2025-09-27,1,379.66,0.05,PayPal,Returned
573,97,233,1,22,2023-09-28,2,400.32,0.05,PayPal,Completed
574,794,284,9,25,2024-04-18,2,413.62,0.0,Cash,Returned
575,1887,24,10,29,2024-05-11,6,129.26,0.0,Gift Card,Completed
576,943,262,8,24,2025-04-27,5,392.06,0.2,Debit Card,Completed
577,1415,229,6,14,2023-01-28,4,321.97,0.05,Credit Card,Completed
578,1721,112,13,30,2023-07-25,3,347.45,0.0,Credit Card,Cancelled
579,902,17,11,12,2025-01-02,2,307.03,0.15,PayPal,Completed
580,1236,114,8,39,2025-11-23,3,356.17,0.0,Cash,Completed
581,215,40,6,9,2024-09-29,1,408.98,0.0,Credit Card,Pending
582,210,79,11,33,2024-04-09,6,143.89,0.2,Credit Card,Cancelled
583,1098,228,4,34,2023-08-22,3,247.35,0.15,PayPal,Returned
584,1524,20,10,4,2025-06-15,4,170.95,0.1,PayPal,Pending
585,476,155,1,36,2024-06-30,3,232.62,0.05,Cash,Shipped
586,1177,151,7,40,2023-02-20,2,61.55,0.2,Gift Card,Returned
587,136,222,5,1,2024-03-22,2,412.69,0.1,Gift Card,Cancelled
588,1037,107,4,34,2023-09-01,3,247.26,0.1,Cash,Pending
589,1879,83,8,39,2023-10-29,6,347.94,0.05,Credit Card,Completed
590,1970,287,9,38,2024-03-02,6,173.87,0.0,PayPal,Completed
591,679,287,14,8,2025-01-24,6,173.87,0.15,Debit Card,Shipped
592,465,90,14,8,2024-09-06,1,483.64,0.05,Credit Card,Cancelled
593,1284,131,9,38,2024-05-21,5,582.03,0.05,Credit Card,Returned
594,615,150,8,19,2025-02-26,4,157.31,0.15,Gift Card,Shipped
595,251,177,3,43,2024-12-31,6,467.22,0.0,Cash,Pending
596,236,218,12,17,2023-05-11,4,95.1,0.0,Credit Card,Cancelled
597,158,263,3,20,2023-07-12,4,47.7,0.1,Cash,Completed
598,467,154,15,5,2024-07-14,6,214.32,0.05,Credit Card,Returned
599,523,288,12,17,2024-02-21,6,367.22,0.05,Cash,Pending
600,1212,65,1,36,2025-04-09,3,543.26,0.15,Debit Card,Completed
601,1663,78,13,13,2025-05-19,6,176.26,0.0,PayPal,Completed
602,1199,197,12,17,2024-01-19,1,82.36,0.1,Gift Card,Completed
603,942,64,7,40,2025-02-12,4,566.62,0.05,Credit Card,Returned
604,642,202,1,36,2024-05-07,3,211.09,0.0,Debit Card,Completed
605,274,113,13,30,2024-07-04,5,438.2,0.1,Credit Card,Completed
606,1486,225,15,15,2025-05-17,5,131.27,0.0,Gift Card,Returned
607,193,243,6,9,2025-07-15,5,523.63,0.0,Debit Card,Cancelled
608,566,207,11,12,2023-09-04,3,245.28,0.0,PayPal,Completed
609,503,180,3,20,2023-05-09,4,177.87,0.0,Cash,Returned
610,287,193,7,40,2023-04-18,1,248.63,0.1,Debit Card,Returned
611,778,112,8,19,2023-05-17,5,347.45,0.1,Gift Card,Cancelled
612,1298,172,15,27,2024-12-30,2,70.42,0.15,Gift Card,Completed
613,770,135,11,12,2023-07-09,3,126.8,0.1,Credit Card,Completed
614,663,2,4,35,2024-01-02,6,35.98,0.2,Cash,Cancelled
615,1704,139,2,28,2024-08-13,6,334.0,0.0,Gift Card,Returned
616,1093,275,3,20,2024-04-13,5,255.49,0.0,Gift Card,Shipped
617,1960,120,13,30,2023-05-16,3,346.06,0.0,Gift Card,Shipped
618,1425,43,12,17,2025-02-04,6,121.68,0.05,PayPal,Shipped
619,305,184,14,8,2023-07-10,1,304.08,0.0,PayPal,Pending
620,1208,163,9,38,2024-03-13,1,270.34,0.0,Cash,Completed
621,585,125,1,41,2025-06-21,4,152.14,0.15,Gift Card,Returned
622,107,271,2,28,2025-02-04,5,316.69,0.0,Credit Card,Completed
623,1098,246,12,17,2024-05-13,1,594.34,0.0,PayPal,Completed
624,189,34,2,37,2024-05-27,2,71.12,0.05,PayPal,Pending
625,1293,54,7,2,2023-01-31,4,43.29,0.2,PayPal,Completed
626,93,208,8,19,2025-12-10,3,146.45,0.0,Gift Card,Cancelled
627,833,281,14,8,2023-01-05,2,125.56,0.2,PayPal,Returned
628,501,37,11,7,2025-02-01,3,91.98,0.0,Credit Card,Completed
629,109,95,7,2,2024-02-04,1,435.89,0.0,Cash,Returned
630,1930,172,11,33,2023-02-08,6,70.42,0.0,Debit Card,Completed
631,196,50,5,48,2024-08-15,2,564.26,0.0,Gift Card,Returned
632,212,162,8,19,2023-06-04,3,532.97,0.0,Credit Card,Completed
633,870,128,2,45,2024-02-26,6,257.64,0.1,Debit Card,Completed
634,570,20,3,20,2023-03-06,3,170.95,0.0,Debit Card,Completed
635,97,191,11,7,2025-02-12,2,519.67,0.15,Credit Card,Completed
636,1258,24,11,33,2023-06-04,1,129.26,0.2,Cash,Completed
637,429,115,9,38,2023-07-26,2,295.79,0.0,Cash,Completed
638,776,60,3,43,2024-03-15,2,307.03,0.0,Cash,Shipped
639,1392,146,14,47,2024-11-13,3,309.25,0.0,Cash,Returned
640,1249,227,13,42,2025-05-26,1,225.3,0.0,PayPal,Shipped
641,880,99,9,38,2024-07-02,2,384.25,0.15,PayPal,Completed
642,896,233,6,9,2025-08-27,6,400.32,0.2,Cash,Completed
643,1127,185,11,33,2023-12-30,2,357.71,0.0,Credit Card,Returned
644,786,207,6,9,2025-01-29,3,245.28,0.1,Cash,Completed
645,1967,81,8,24,2025-01-27,2,379.78,0.2,PayPal,Completed
646,853,154,15,18,2023-08-04,3,214.32,0.05,Debit Card,Cancelled
647,1739,298,4,34,2025-01-29,2,202.95,0.0,Cash,Pending
648,807,223,15,44,2024-10-12,6,162.74,0.0,Debit Card,Cancelled
649,261,296,9,38,2024-11-25,2,81.85,0.0,Gift Card,Completed
650,309,153,8,39,2023-07-31,3,238.04,0.05,Debit Card,Completed
651,1769,215,11,12,2024-02-07,6,108.22,0.15,Cash,Completed
652,1926,147,5,1,2025-04-21,5,433.97,0.0,Debit Card,Returned
653,54,212,11,33,2023-07-27,4,26.85,0.15,Cash,Completed
654,1209,122,10,29,2023-06-08,4,203.86,0.0,Debit Card,Cancelled
655,171,52,11,33,2025-03-17,5,120.46,0.15,Gift Card,Completed
656,502,12,2,3,2025-10-15,2,582.22,0.05,Gift Card,Completed
657,1416,86,1,50,2023-01-09,1,302.91,0.0,Gift Card,Returned
658,1139,72,9,25,2025-03-02,6,301.36,0.0,Credit Card,Completed
659,585,204,3,20,2024-02-07,5,155.96,0.2,Gift Card,Pending
660,1316,143,3,31,2023-10-23,6,511.76,0.1,Gift Card,Completed
661,706,208,14,47,2024-02-25,2,146.45,0.1,Gift Card,Completed
662,1907,300,3,43,2024-09-07,1,306.79,0.0,PayPal,Returned
663,1734,41,5,48,2023-08-13,2,441.65,0.15,Gift Card,Returned
664,1162,236,12,11,2023-07-01,5,209.86,0.05,Credit Card,Pending
665,448,169,7,2,2024-03-27,5,446.78,0.0,Credit Card,Completed
666,348,180,7,2,2023-02-26,1,177.87,0.05,PayPal,Completed
667,1498,300,10,21,2023-03-11,1,306.79,0.0,Debit Card,Completed
668,442,244,5,23,2025-05-08,4,328.77,0.15,Cash,Completed
669,577,24,9,25,2024-06-27,1,129.26,0.15,Credit Card,Completed
670,1011,111,14,47,2023-03-19,1,123.3,0.0,Credit Card,Completed
671,1998,145,7,2,2023-06-20,1,328.64,0.0,Debit Card,Shipped
672,309,272,15,5,2025-05-04,4,596.66,0.0,PayPal,Returned
673,1795,21,1,22,2024-05-19,3,407.45,0.0,Debit Card,Completed
674,1834,169,5,48,2024-09-11,5,446.78,0.0,Credit Card,Completed
675,405,39,4,34,2025-05-21,1,340.31,0.15,PayPal,Pending
676,995,52,11,7,2024-02-25,5,120.46,0.05,Credit Card,Completed
677,203,45,6,14,2025-10-11,1,107.36,0.0,Credit Card,Completed
678,1897,9,10,21,2023-10-05,3,307.63,0.05,Debit Card,Completed
679,1138,46,15,27,2024-08-15,1,393.27,0.0,PayPal,Completed
680,613,163,8,39,2023-10-07,4,270.34,0.15,PayPal,Completed
681,976,262,4,34,2025-01-24,4,392.06,0.05,Gift Card,Shipped
682,147,123,4,35,2023-06-13,1,203.09,0.15,Cash,Pending
683,1347,195,10,4,2023-09-08,5,165.25,0.0,Debit Card,Completed
684,244,179,11,7,2024-08-04,1,63.58,0.0,Credit Card,Completed
685,447,170,15,16,2023-04-16,4,260.29,0.1,Debit Card,Returned
686,833,281,7,2,2024-06-02,3,125.56,0.0,Cash,Completed
687,1018,160,3,43,2023-06-03,1,466.97,0.0,Cash,Cancelled
688,1657,34,8,39,2025-08-13,5,71.12,0.1,PayPal,Shipped
689,873,200,9,38,2024-08-01,5,214.09,0.1,Credit Card,Completed
690,218,175,1,41,2025-06-05,4,86.78,0.0,Debit Card,Returned
691,1594,259,6,14,2024-08-29,2,395.59,0.2,Gift Card,Completed
692,177,234,11,33,2023-11-16,2,314.58,0.2,Gift Card,Cancelled
693,531,196,6,9,2023-01-17,4,222.19,0.0,Credit Card,Completed
694,1887,141,5,48,2023-08-16,2,236.86,0.0,PayPal,Returned
695,1764,93,11,12,2024-06-17,1,380.69,0.2,Credit Card,Pending
696,8,211,15,5,2025-04-17,5,199.85,0.1,Cash,Completed
697,996,70,13,13,2023-10-16,1,42.41,0.05,Debit Card,Returned
698,1475,57,4,35,2023-09-07,3,207.9,0.2,Debit Card,Completed
699,1131,76,4,26,2024-01-06,2,46.89,0.1,Cash,Completed
700,965,168,1,41,2023-11-15,3,303.92,0.1,Credit Card,Shipped
701,189,20,1,41,2024-07-02,4,170.95,0.1,Debit Card,Completed
702,1443,60,6,9,2024-05-19,3,307.03,0.15,Cash,Completed
703,1981,227,4,34,2023-10-26,2,225.3,0.2,Credit Card,Completed
704,593,61,13,46,2025-01-06,4,172.42,0.1,PayPal,Completed
705,1074,124,13,46,2023-03-01,2,311.92,0.1,Credit Card,Completed
706,210,148,1,41,2024-11-05,1,293.31,0.1,Debit Card,Cancelled
707,1559,49,13,49,2024-06-21,3,148.66,0.05,Gift Card,Returned
708,1810,66,5,48,2023-03-16,2,330.95,0.0,Credit Card,Completed
709,1549,177,7,2,2025-10-16,5,467.22,0.15,Debit Card,Completed
710,1199,60,8,39,2023-10-26,1,307.03,0.0,Cash,Pending
711,1684,207,15,15,2023-01-29,3,245.28,0.2,PayPal,Cancelled
712,1874,253,6,14,2025-02-01,5,101.3,0.1,Credit Card,Shipped
713,383,295,9,38,2023-01-02,4,647.12,0.1,PayPal,Returned
714,1413,153,11,7,2025-01-05,2,238.04,0.1,Credit Card,Returned
715,1491,25,7,2,2025-03-06,3,323.92,0.05,Debit Card,Pending
716,1549,140,4,34,2025-01-30,4,257.08,0.0,Gift Card,Completed
717,910,213,6,9,2023-07-10,2,64.0,0.05,Cash,Completed
718,287,184,10,4,2024-03-26,6,304.08,0.0,Debit Card,Shipped
719,817,83,8,39,2025-03-25,3,347.94,0.0,Gift Card,Shipped
720,1761,93,13,46,2024-10-23,1,380.69,0.1,Debit Card,Shipped
721,289,129,4,35,2023-12-23,5,267.03,0.0,Cash,Completed
722,1453,65,2,45,2024-09-22,1,543.26,0.15,Cash,Cancelled
723,1230,56,4,34,2024-11-01,3,176.55,0.05,PayPal,Shipped
724,787,90,15,5,2025-10-18,5,483.64,0.2,Credit Card,Returned
725,337,189,3,31,2025-07-15,1,399.71,0.0,Debit Card,Completed
726,1271,174,11,7,2024-08-19,3,62.11,0.0,Credit Card,Completed
727,1076,199,6,9,2024-04-08,1,314.59,0.0,Debit Card,Completed
728,804,95,10,29,2023-07-05,4,435.89,0.0,Gift Card,Completed
729,1230,72,5,1,2023-09-26,1,301.36,0.0,Gift Card,Completed
730,1900,91,8,39,2023-09-02,3,406.77,0.15,PayPal,Completed
731,784,108,3,31,2025-08-30,1,603.53,0.05,Debit Card,Completed
732,1540,17,14,47,2024-03-17,1,307.03,0.2,PayPal,Completed
733,93,155,3,43,2025-12-24,3,232.62,0.0,Debit Card,Completed
734,196,300,1,50,2023-04-10,1,306.79,0.1,Debit Card,Completed
735,1268,116,4,34,2025-09-29,5,365.71,0.05,PayPal,Completed
736,120,12,1,22,2024-01-12,6,582.22,0.1,Gift Card,Cancelled
737,300,95,2,45,2024-11-28,6,435.89,0.15,Gift Card,Shipped
738,725,159,2,37,2023-01-06,6,323.53,0.05,Debit Card,Completed
739,1626,177,1,41,2024-03-20,2,467.22,0.15,Credit Card,Completed
740,954,274,7,40,2023-06-04,3,57.88,0.0,Cash,Returned
741,590,126,8,39,2025-06-28,1,333.86,0.2,PayPal,Completed
742,402,54,5,23,2023-06-14,6,43.29,0.05,Gift Card,Pending
743,697,30,7,40,2024-12-06,4,544.88,0.15,Credit Card,Returned
744,1606,295,3,20,2023-11-24,6,647.12,0.15,Gift Card,Cancelled
745,834,38,9,25,2023-05-03,2,142.98,0.0,Credit Card,Completed
746,801,245,11,7,2025-06-23,1,328.64,0.05,Gift Card,Pending
747,504,70,4,34,2023-11-06,4,42.41,0.0,PayPal,Cancelled
748,1780,71,3,20,2025-02-14,6,251.36,0.1,PayPal,Shipped
749,452,255,6,14,2023-06-21,1,118.85,0.0,PayPal,Completed
750,45,21,5,1,2023-03-01,6,407.45,0.0,Cash,Pending
751,1167,276,13,30,2023-11-01,6,394.14,0.15,Debit Card,Completed
752,896,177,3,31,2025-10-25,4,467.22,0.05,Debit Card,Completed
753,1462,133,8,39,2023-07-31,4,321.54,0.15,Gift Card,Completed
754,1168,37,7,40,2024-11-29,5,91.98,0.0,Credit Card,Completed
755,1367,16,2,37,2025-03-05,3,561.32,0.0,Gift Card,Returned
756,883,228,5,1,2024-03-27,3,247.35,0.0,Gift Card,Completed
757,648,177,3,31,2024-03-27,2,467.22,0.05,Gift Card,Cancelled
758,1257,241,6,14,2025-04-21,3,108.19,0.1,PayPal,Pending
759,873,82,5,48,2023-12-04,5,166.87,0.0,Credit Card,Cancelled
760,834,71,1,41,2024-10-06,1,251.36,0.05,PayPal,Completed
761,785,274,7,40,2024-11-14,2,57.88,0.2,Gift Card,Completed
762,1538,230,13,30,2025-05-05,6,49.56,0.05,PayPal,Completed
763,655,12,4,35,2025-06-21,5,582.22,0.2,Cash,Completed
764,1775,71,11,12,2023-05-30,2,251.36,0.1,Cash,Completed
765,1846,3,7,40,2024-01-17,2,507.54,0.2,Cash,Completed
766,946,282,15,18,2023-01-13,3,461.23,0.0,PayPal,Pending
767,766,60,8,19,2025-11-28,6,307.03,0.0,Credit Card,Pending
768,1331,272,4,26,2023-10-02,1,596.66,0.0,PayPal,Pending
769,1586,125,11,7,2024-01-31,4,152.14,0.15,Credit Card,Completed
770,1431,139,15,27,2024-10-10,1,334.0,0.15,Gift Card,Returned
771,25,203,7,40,2024-02-08,4,511.82,0.15,Debit Card,Completed
772,411,3,14,47,2023-08-20,1,507.54,0.0,Credit Card,Completed
773,1826,266,14,8,2024-08-21,5,140.34,0.0,Gift Card,Completed
774,1584,279,14,47,2024-02-21,2,281.48,0.2,Gift Card,Completed
775,1384,296,14,47,2025-02-19,1,81.85,0.2,PayPal,Completed
776,1022,44,10,29,2024-02-28,4,317.68,0.0,Cash,Cancelled
777,1825,223,10,21,2023-09-30,1,162.74,0.1,Gift Card,Cancelled
778,1465,27,5,48,2023-08-21,2,565.88,0.0,PayPal,Shipped
779,1860,289,6,9,2024-03-16,3,246.14,0.0,Credit Card,Completed
780,598,201,2,37,2023-08-13,4,307.14,0.0,PayPal,Completed
781,444,269,15,5,2025-11-09,6,260.22,0.15,Cash,Completed
782,140,32,5,48,2024-07-31,1,162.12,0.0,Credit Card,Completed
783,789,261,6,14,2024-11-27,2,638.9,0.2,Debit Card,Cancelled
784,563,264,9,25,2024-03-20,4,25.86,0.0,Cash,Pending
785,404,22,6,9,2023-01-25,1,90.87,0.05,Gift Card,Cancelled
786,226,250,5,23,2025-07-12,5,120.54,0.0,Credit Card,Completed
787,77,80,15,27,2025-08-05,6,249.35,0.0,PayPal,Returned
788,991,53,9,25,2025-06-11,1,459.8,0.0,PayPal,Cancelled
789,869,265,15,18,2025-05-15,1,348.49,0.0,Gift Card,Pending
790,1187,267,8,24,2024-02-18,6,139.61,0.0,Gift Card,Completed
791,1782,22,2,45,2024-10-19,1,90.87,0.0,Cash,Completed
792,731,277,4,34,2023-05-18,5,320.72,0.0,Cash,Returned
793,308,280,8,39,2025-01-26,2,59.78,0.0,Debit Card,Completed
794,579,82,10,6,2025-03-05,4,166.87,0.15,Credit Card,Completed
795,988,172,8,39,2023-03-30,1,70.42,0.15,PayPal,Cancelled
796,1903,218,14,47,2025-05-26,5,95.1,0.05,Credit Card,Completed
797,14,78,14,8,2025-11-21,2,176.26,0.2,Debit Card,Pending
798,881,287,8,24,2024-03-30,3,173.87,0.0,Cash,Completed
799,338,164,13,13,2023-09-15,5,117.71,0.0,Gift Card,Shipped
800,10,279,2,28,2025-08-14,2,281.48,0.0,Debit Card,Pending
801,1726,5,15,32,2025-07-24,2,136.89,0.1,Gift Card,Completed
802,961,234,13,46,2023-08-26,1,314.58,0.2,Debit Card,Shipped
803,1420,247,6,9,2025-10-29,4,58.54,0.0,PayPal,Completed
804,907,43,1,22,2023-10-27,1,121.68,0.0,Cash,Completed
805,605,149,3,20,2025-09-28,2,431.72,0.15,Cash,Completed
806,991,229,12,17,2025-08-19,1,321.97,0.2,Credit Card,Returned
807,1194,244,11,33,2023-08-10,4,328.77,0.0,Cash,Returned
808,825,234,13,46,2025-04-12,3,314.58,0.0,PayPal,Returned
809,399,148,14,8,2024-06-28,1,293.31,0.0,Debit Card,Cancelled
810,1936,71,3,31,2025-02-16,6,251.36,0.15,Debit Card,Cancelled
811,1279,103,13,46,2024-01-09,2,220.08,0.2,PayPal,Completed
812,500,7,2,37,2025-07-28,1,279.59,0.0,Gift Card,Shipped
813,863,26,11,7,2023-08-22,3,68.26,0.05,Credit Card,Completed
814,77,50,15,16,2023-03-31,1,564.26,0.05,Gift Card,Completed
815,1033,17,1,22,2023-10-03,4,307.03,0.0,Cash,Completed
816,1864,173,14,47,2025-07-22,5,159.58,0.2,Debit Card,Completed
817,1040,257,6,14,2024-02-28,3,29.22,0.05,PayPal,Completed
818,581,293,3,20,2025-04-05,4,54.25,0.1,Cash,Completed
819,1988,259,7,2,2025-04-26,6,395.59,0.05,Debit Card,Shipped
820,47,107,13,30,2023-07-07,4,247.26,0.15,Gift Card,Completed
821,300,266,7,40,2023-10-18,3,140.34,0.05,Cash,Cancelled
822,1476,256,14,8,2023-09-21,3,203.89,0.0,Credit Card,Completed
823,1384,73,12,17,2023-02-12,5,68.44,0.05,Credit Card,Completed
824,1529,194,5,48,2023-02-05,3,35.78,0.0,PayPal,Completed
825,574,107,13,42,2023-10-21,4,247.26,0.0,Debit Card,Returned
826,1801,102,12,10,2024-04-25,3,455.19,0.05,Gift Card,Completed
827,1663,7,10,6,2023-07-03,1,279.59,0.0,PayPal,Completed
828,136,284,1,36,2025-06-27,5,413.62,0.0,Cash,Completed
829,356,270,14,8,2024-04-17,3,17.58,0.15,Credit Card,Shipped
830,1280,26,6,9,2024-04-16,1,68.26,0.0,Gift Card,Completed
831,182,125,7,40,2025-05-05,4,152.14,0.0,PayPal,Completed
832,288,71,13,13,2025-05-28,5,251.36,0.0,PayPal,Cancelled
833,1832,132,5,23,2025-07-26,1,127.63,0.2,Debit Card,Cancelled
834,75,179,2,3,2024-03-10,6,63.58,0.2,Credit Card,Completed
835,1019,104,14,47,2025-07-06,5,61.42,0.1,Debit Card,Shipped
836,1530,158,2,3,2023-10-14,6,324.07,0.05,Gift Card,Completed
837,1327,15,7,40,2023-08-01,4,454.62,0.2,Gift Card,Pending
838,1776,51,8,39,2025-11-08,4,190.91,0.2,PayPal,Completed
839,838,121,9,25,2025-06-04,5,13.34,0.1,Credit Card,Cancelled
840,1801,83,2,45,2025-07-30,4,347.94,0.0,Debit Card,Completed
841,891,228,7,40,2025-11-20,5,247.35,0.0,Gift Card,Completed
842,176,203,11,12,2024-10-27,2,511.82,0.0,Gift Card,Completed
843,1196,124,5,48,2024-10-13,5,311.92,0.1,Debit Card,Completed
844,1275,245,6,14,2025-09-10,4,328.64,0.0,Cash,Returned
845,779,152,10,29,2023-02-21,5,290.47,0.2,PayPal,Completed
846,650,16,6,9,2023-05-29,6,561.32,0.0,Gift Card,Completed
847,676,248,2,45,2024-01-21,5,230.55,0.0,PayPal,Completed
848,1777,203,14,47,2024-12-19,5,511.82,0.1,Credit Card,Pending
849,1724,158,11,7,2025-12-12,1,324.07,0.2,Credit Card,Cancelled
850,537,139,1,36,2024-01-06,5,334.0,0.05,Cash,Pending
851,102,120,11,12,2023-02-04,2,346.06,0.1,Credit Card,Completed
852,1498,77,2,3,2024-11-27,1,442.92,0.15,Credit Card,Returned
853,351,293,8,24,2023-02-17,4,54.25,0.15,Debit Card,Cancelled
854,466,97,3,20,2025-04-15,5,228.27,0.0,PayPal,Completed
855,345,22,1,50,2023-01-28,4,90.87,0.15,Credit Card,Completed
856,1609,89,3,31,2025-02-27,6,248.83,0.15,Debit Card,Returned
857,1649,294,5,48,2025-07-13,3,345.43,0.0,Cash,Pending
858,1014,48,1,41,2024-07-21,3,397.65,0.05,Gift Card,Cancelled
859,524,26,11,12,2025-02-18,5,68.26,0.05,Cash,Completed
860,519,191,11,12,2024-03-24,3,519.67,0.0,Cash,Completed
861,1836,282,7,40,2025-05-07,3,461.23,0.2,Cash,Completed
862,1611,152,9,25,2024-04-13,6,290.47,0.0,Debit Card,Returned
863,1705,254,14,47,2024-03-18,-4,307.61,0.05,PayPal,Shipped
864,316,16,6,9,2025-08-01,4,561.32,0.0,Credit Card,Pending
865,1846,149,15,27,2024-05-14,2,431.72,0.2,PayPal,Returned
866,1346,129,9,25,2024-09-07,2,267.03,0.2,PayPal,Returned
867,1775,275,12,11,2023-03-06,3,255.49,0.0,Cash,Shipped
868,740,17,13,13,2023-12-25,4,307.03,0.05,Credit Card,Completed
869,404,144,1,50,2023-12-19,5,296.96,0.2,PayPal,Completed
870,916,117,1,50,2025-09-30,2,77.12,0.2,Cash,Cancelled
871,1366,3,11,12,2024-05-09,5,507.54,0.0,Gift Card,Completed
872,1146,180,3,31,2023-08-14,3,177.87,0.0,Credit Card,Completed
873,48,95,5,23,2023-07-12,3,435.89,0.0,Debit Card,Cancelled
874,286,238,15,5,2024-06-26,6,196.9,0.15,Debit Card,Completed
875,1271,170,13,46,2024-01-21,1,260.29,0.2,Credit Card,Completed
876,1346,181,3,20,2023-03-01,3,334.11,0.2,Gift Card,Completed
877,1813,236,6,9,2024-06-25,2,209.86,0.1,Gift Card,Returned
878,1651,177,15,15,2023-08-16,6,467.22,0.0,Gift Card,Cancelled
879,395,284,4,35,2024-12-17,3,413.62,0.0,Gift Card,Shipped
880,1198,119,1,22,2024-10-25,1,63.82,0.0,Cash,Pending
881,641,113,6,14,2025-07-18,6,438.2,0.0,Debit Card,Returned
882,1114,56,8,19,2025-05-01,4,176.55,0.0,Gift Card,Completed
883,196,72,5,23,2023-06-27,6,301.36,0.0,Cash,Pending
884,1559,218,7,2,2024-06-11,1,95.1,0.0,Credit Card,Returned
885,1077,61,9,38,2025-11-12,6,172.42,0.05,Debit Card,Returned
886,869,293,1,22,2024-04-24,1,54.25,0.1,Debit Card,Returned
887,1891,173,1,36,2023-06-01,4,159.58,0.15,Credit Card,Pending
888,67,169,5,23,2023-10-20,2,446.78,0.15,Gift Card,Returned
889,1647,52,4,35,2023-12-21,2,120.46,0.0,PayPal,Completed
890,1087,20,15,27,2024-09-23,5,170.95,0.0,Cash,Completed
891,118,75,11,7,2025-01-26,5,363.98,0.2,Gift Card,Completed
892,95,75,5,23,2023-12-26,2,363.98,0.0,Cash,Completed
893,741,190,3,31,2025-06-23,4,292.3,0.05,PayPal,Completed
894,226,170,10,4,2024-08-22,5,260.29,0.0,Cash,Shipped
895,1068,104,4,26,2024-09-04,2,61.42,0.05,Debit Card,Cancelled
896,174,20,15,44,2023-11-18,5,170.95,0.05,Credit Card,Pending
897,220,165,11,33,2023-02-02,4,216.64,0.0,Gift Card,Completed
898,799,174,10,6,2023-05-12,4,62.11,0.0,PayPal,Completed
899,290,43,2,45,2023-04-20,6,121.68,0.1,Debit Card,Pending
900,321,51,14,8,2024-05-19,4,190.91,0.1,Cash,Completed
901,1392,236,8,19,2025-06-10,4,209.86,0.0,Cash,Completed
902,1053,232,3,43,2025-09-25,1,316.8,0.05,Cash,Shipped
903,765,101,14,8,2023-04-26,3,314.94,0.0,Credit Card,Cancelled
904,13,68,1,36,2025-02-11,6,15.0,0.2,PayPal,Completed
905,1256,18,8,39,2024-03-12,6,383.42,0.0,Credit Card,Cancelled
906,648,258,3,43,2025-03-29,4,270.37,0.2,Credit Card,Returned
907,1596,25,4,35,2024-07-11,1,323.92,0.1,Cash,Completed
908,1392,179,7,40,2024-09-01,6,63.58,0.0,Debit Card,Completed
909,1110,259,13,46,2023-07-17,1,395.59,0.0,PayPal,Completed
910,915,89,11,7,2023-05-27,1,248.83,0.2,Credit Card,Cancelled
911,576,193,4,26,2023-05-04,1,248.63,0.1,Debit Card,Shipped
912,202,121,3,20,2023-12-13,2,13.34,0.0,PayPal,Completed
913,1404,40,12,10,2025-03-03,5,408.98,0.0,Debit Card,Returned
914,487,276,7,2,2023-06-26,6,394.14,0.15,Debit Card,Pending
915,1230,7,12,11,2025-08-12,6,279.59,0.1,Gift Card,Shipped
916,378,24,7,40,2023-03-29,1,129.26,0.0,Credit Card,Completed
917,1469,52,5,48,2023-04-14,4,120.46,0.0,Credit Card,Pending
918,551,288,7,2,2025-01-17,1,367.22,0.2,Credit Card,Cancelled
919,940,4,3,20,2025-12-19,1,355.19,0.2,PayPal,Completed
920,623,186,5,48,2024-06-15,3,39.01,0.05,Debit Card,Pending
921,705,174,10,29,2025-03-08,1,62.11,0.1,Gift Card,Completed
922,161,121,7,40,2025-06-18,4,13.34,0.15,PayPal,Completed
923,1537,73,9,38,2025-05-21,2,68.44,0.1,Gift Card,Cancelled
924,1520,206,2,28,2025-02-20,4,367.62,0.1,Credit Card,Completed
925,1013,107,6,14,2025-07-28,1,247.26,0.0,Cash,Pending
926,340,72,14,8,2024-03-21,6,301.36,0.15,Gift Card,Shipped
927,609,201,2,37,2025-02-19,2,307.14,0.05,Debit Card,Returned
928,2,152,12,10,2023-08-15,1,290.47,0.2,Gift Card,Pending
929,1402,153,13,13,2023-12-23,1,238.04,0.0,Cash,Completed
930,231,204,9,25,2025-12-25,2,178.56,0.05,Gift Card,Shipped
931,796,161,1,41,2025-02-11,5,322.86,0.1,PayPal,Returned
932,1899,12,9,38,2024-03-19,4,582.22,0.1,Credit Card,Completed
933,1109,113,1,41,2025-09-23,6,438.2,0.1,Gift Card,Completed
934,1414,41,12,10,2024-12-06,2,441.65,0.15,PayPal,Completed
935,989,30,2,28,2025-02-24,3,544.88,0.1,Cash,Completed
936,1860,136,2,3,2023-04-13,4,266.29,0.15,PayPal,Completed
937,1113,232,2,3,2023-12-15,2,316.8,0.0,Credit Card,Pending
938,42,45,9,25,2023-08-22,4,107.36,0.15,Credit Card,Returned
939,686,230,14,47,2025-12-12,6,49.56,0.1,PayPal,Shipped
940,1192,230,8,24,2023-04-27,3,49.56,0.0,Credit Card,Completed
941,227,143,8,19,2025-04-18,3,511.76,0.05,PayPal,Cancelled
942,1133,274,12,10,2023-07-28,1,57.88,0.05,Gift Card,Completed
943,1641,161,4,35,2025-04-12,2,322.86,0.0,Debit Card,Returned
944,345,237,14,8,2025-01-20,3,159.44,0.05,Gift Card,Completed
945,1223,157,2,45,2025-04-20,2,110.95,0.05,Credit Card,Completed
946,1077,298,10,6,2023-04-20,4,202.95,0.1,Credit Card,Completed
947,1317,7,2,28,2025-10-20,1,279.59,0.05,Cash,Pending
948,1425,88,4,35,2023-08-24,4,291.53,0.0,Gift Card,Completed
949,1644,124,15,5,2023-06-07,4,311.92,0.1,Cash,Cancelled
950,1545,24,10,4,2024-09-27,6,129.26,0.1,Debit Card,Completed
951,335,183,8,39,2024-08-28,3,70.12,0.1,PayPal,Cancelled
952,1424,216,4,34,2024-04-25,6,91.49,0.1,Debit Card,Completed
953,1501,112,8,24,2023-11-12,3,347.45,0.2,Credit Card,Cancelled
954,143,95,8,24,2024-10-22,5,435.89,0.0,Gift Card,Shipped
955,1840,92,14,47,2023-08-06,6,665.8,0.0,Gift Card,Completed
956,249,278,13,13,2025-03-20,2,98.31,0.1,Cash,Shipped
957,1690,107,5,1,2024-05-30,3,247.26,0.0,Cash,Completed
958,1590,27,7,2,2024-05-11,1,565.88,0.2,PayPal,Pending
959,1588,24,7,40,2025-05-27,6,129.26,0.15,Cash,Shipped
960,1187,276,15,44,2025-08-09,2,394.14,0.15,Credit Card,Shipped
961,1439,56,9,25,2025-08-01,4,176.55,0.15,Cash,Completed
962,858,206,11,7,2025-11-06,2,367.62,0.0,Debit Card,Pending
963,928,15,15,18,2025-09-06,6,454.62,0.0,Gift Card,Completed
964,1448,151,11,7,2023-01-23,6,61.55,0.0,Debit Card,Shipped
965,1324,88,11,7,2024-07-07,1,291.53,0.15,Credit Card,Completed
966,379,121,7,2,2025-06-07,3,13.34,0.0,Credit Card,Completed
967,205,159,15,27,2024-08-17,3,323.53,0.0,PayPal,Shipped
968,319,16,14,47,2023-11-19,2,561.32,0.2,Credit Card,Cancelled
969,631,225,12,17,2025-04-22,3,131.27,0.15,Credit Card,Completed
970,1055,219,11,33,2023-05-14,3,243.18,0.05,Credit Card,Shipped
971,212,159,10,21,2025-10-10,3,323.53,0.0,Debit Card,Completed
972,656,160,8,19,2023-10-02,3,466.97,0.2,Credit Card,Cancelled
973,1278,29,11,33,2025-11-07,2,197.73,0.05,Credit Card,Completed
974,652,197,1,36,2024-10-16,5,82.36,0.0,PayPal,Completed
975,73,90,10,6,2024-05-10,4,483.64,0.05,Gift Card,Returned
976,1229,89,10,29,2023-12-10,2,248.83,0.0,Credit Card,Returned
977,191,34,10,21,2024-01-28,5,71.12,0.15,PayPal,Completed
978,1605,157,13,30,2023-09-17,3,110.95,0.15,Cash,Completed
979,870,91,1,50,2025-11-15,3,406.77,0.05,Debit Card,Completed
980,1382,265,13,42,2024-04-16,2,348.49,0.0,Gift Card,Completed
981,1924,270,6,9,2025-02-19,4,17.58,0.1,Credit Card,Shipped
982,1590,186,9,38,2024-08-12,2,39.01,0.0,PayPal,Completed
983,1933,69,3,31,2024-11-06,4,444.45,0.0,Cash,Completed
984,1183,178,14,8,2023-12-01,5,41.87,0.15,PayPal,Cancelled
985,1728,5,5,23,2024-05-24,5,136.89,0.05,Cash,Returned
986,661,50,6,9,2025-08-21,4,564.26,0.0,Cash,Completed
987,1644,282,8,19,2025-12-07,1,461.23,0.2,Cash,Cancelled
988,1042,234,3,43,2024-03-10,3,314.58,0.0,Gift Card,Returned
989,881,231,9,38,2024-06-12,4,52.2,0.0,Credit Card,Returned
990,1748,12,8,39,2025-06-06,5,582.22,0.0,Cash,Completed
991,1860,43,10,29,2023-06-15,1,121.68,0.2,PayPal,Completed
992,1910,230,5,48,2023-07-30,3,49.56,0.05,Cash,Pending
993,1491,167,7,40,2023-01-01,6,87.74,0.0,PayPal,Completed
994,866,11,12,17,2023-07-16,4,289.37,0.05,Cash,Shipped
995,419,146,10,6,2024-02-29,3,309.25,0.1,PayPal,Returned
996,39,143,9,38,2024-10-25,1,511.76,0.15,Gift Card,Cancelled
997,993,176,7,2,2024-09-28,1,171.51,0.0,Debit Card,Shipped
998,891,37,13,49,2025-08-23,6,91.98,0.1,Cash,Completed
999,255,154,13,46,2023-03-10,2,214.32,0.0,Debit Card,Completed
1000,1785,252,9,38,2025-05-26,6,163.4,0.0,Cash,Returned
1001,1289,211,9,25,2024-05-25,5,199.85,0.15,PayPal,Shipped
1002,834,287,4,35,2023-04-17,6,173.87,0.05,Cash,Completed
1003,453,10,9,38,2023-06-23,1,46.02,0.2,Debit Card,Completed
1004,1184,194,8,39,2024-11-13,5,35.78,0.15,Credit Card,Completed
1005,1317,258,13,42,2025-01-25,2,270.37,0.2,Gift Card,Pending
1006,1555,244,6,14,2023-04-10,2,328.77,0.05,Gift Card,Cancelled
1007,1937,100,3,20,2025-05-15,2,447.11,0.0,Cash,Shipped
1008,1219,133,4,35,2025-04-05,5,321.54,0.2,Debit Card,Returned
1009,1101,37,4,26,2023-11-05,3,91.98,0.05,Credit Card,Returned
1010,1725,25,8,39,2025-07-07,2,323.92,0.2,Gift Card,Completed
1011,1775,183,5,23,2025-08-02,4,70.12,0.05,Gift Card,Completed
1012,795,126,15,15,2025-03-14,4,333.86,0.1,Credit Card,Cancelled
1013,1667,254,9,38,2024-06-26,4,307.61,0.2,PayPal,Cancelled
1014,588,123,5,48,2024-08-07,5,203.09,0.15,Debit Card,Cancelled
1015,1738,98,10,21,2025-07-02,6,263.06,0.05,Credit Card,Shipped
1016,976,200,13,30,2025-08-11,4,214.09,0.1,Cash,Pending
1017,1787,77,1,41,2023-02-16,4,442.92,0.05,Cash,Pending
1018,1223,228,2,37,2024-12-19,1,247.35,0.0,Gift Card,Cancelled
1019,1335,107,13,30,2023-05-02,5,247.26,0.1,Credit Card,Completed
1020,96,293,11,33,2024-07-22,6,54.25,0.0,Cash,Returned
1021,1487,260,7,40,2023-11-04,3,172.37,0.15,Cash,Shipped
1022,1964,171,4,35,2025-05-15,3,293.86,0.0,Debit Card,Cancelled
1023,1772,67,15,15,2025-04-22,4,138.29,0.0,Credit Card,Completed
1024,60,293,5,23,2023-06-11,1,54.25,0.0,Cash,Completed
1025,1689,216,10,21,2023-06-09,1,91.49,0.1,Cash,Returned
1026,1122,53,2,3,2024-10-13,5,459.8,0.0,Cash,Pending
1027,157,160,7,40,2024-09-19,4,466.97,0.05,Credit Card,Returned
1028,1047,250,9,38,2023-01-01,3,120.54,0.15,PayPal,Pending
1029,1375,197,7,40,2023-10-29,6,82.36,0.1,Cash,Completed
1030,756,207,12,10,2024-12-03,5,245.28,0.0,PayPal,Completed
1031,139,142,11,33,2023-12-03,6,306.71,0.0,Debit Card,Completed
1032,1017,217,10,6,2024-08-08,1,80.74,0.0,Gift Card,Shipped
1033,1277,274,11,7,2025-05-14,2,57.88,0.0,Cash,Completed
1034,138,111,1,41,2023-06-30,5,123.3,0.05,Credit Card,Returned
1035,630,231,5,23,2024-05-13,2,52.2,0.1,Cash,Completed
1036,1517,257,8,39,2024-11-26,4,29.22,0.0,Debit Card,Shipped
1037,671,135,1,36,2024-07-31,1,126.8,0.0,Debit Card,Completed
1038,985,116,13,49,2025-01-01,1,365.71,0.1,Gift Card,Returned
1039,982,155,5,23,2023-07-15,2,232.62,0.0,Cash,Completed
1040,18,73,2,28,2024-12-28,2,68.44,0.0,Cash,Returned
1041,716,108,9,25,2025-12-15,3,603.53,0.15,Credit Card,Completed
1042,1234,168,8,39,2024-12-04,5,303.92,0.0,Credit Card,Shipped
1043,1989,284,15,15,2025-02-07,3,413.62,0.0,Gift Card,Completed
1044,1553,92,8,24,2024-03-16,5,665.8,0.0,PayPal,Completed
1045,1091,293,4,34,2023-07-07,5,54.25,0.15,Credit Card,Completed
1046,134,133,4,35,2025-02-27,2,321.54,0.0,PayPal,Completed
1047,639,81,14,8,2023-07-30,6,379.78,0.1,PayPal,Cancelled
1048,1723,124,8,39,2023-04-17,5,311.92,0.15,Debit Card,Completed
1049,317,242,2,37,2024-01-31,3,378.8,0.0,Cash,Completed
1050,181,101,12,11,2024-05-25,1,314.94,0.0,Cash,Cancelled
1051,1951,33,4,26,2024-10-18,2,422.83,0.0,Credit Card,Completed
1052,608,6,13,42,2025-07-10,4,628.51,0.1,Credit Card,Completed
1053,1263,209,15,5,2025-01-08,5,193.95,0.1,Cash,Shipped
1054,834,222,6,14,2024-05-01,6,412.69,0.2,Cash,Shipped
1055,246,286,15,16,2024-01-12,5,217.06,0.1,Debit Card,Completed
1056,699,79,7,40,2023-04-23,4,143.89,0.0,PayPal,Completed
1057,1646,53,15,32,2023-02-16,4,459.8,0.0,Gift Card,Returned
1058,192,9,12,17,2023-05-01,6,307.63,0.15,Debit Card,Completed
1059,275,64,11,12,2025-04-08,5,566.62,0.0,PayPal,Returned
1060,312,43,15,15,2025-10-19,3,121.68,0.15,Debit Card,Returned
1061,1712,292,11,12,2025-02-20,2,398.38,0.0,Cash,Completed
1062,1638,45,8,39,2023-01-08,1,107.36,0.0,Debit Card,Completed
1063,1298,181,11,33,2025-10-05,2,334.11,0.2,PayPal,Completed
1064,101,104,11,12,2023-11-20,1,61.42,0.15,Cash,Pending
1065,1261,253,9,38,2023-09-21,3,101.3,0.2,PayPal,Completed
1066,297,180,8,19,2023-06-30,3,177.87,0.0,Credit Card,Completed
1067,1447,76,6,9,2025-11-22,4,46.89,0.0,PayPal,Shipped
1068,1621,94,1,36,2024-06-20,1,325.59,0.05,Cash,Cancelled
1069,540,231,15,18,2025-03-28,6,52.2,0.1,Credit Card,Cancelled
1070,48,132,12,17,2023-06-20,6,127.63,0.1,Gift Card,Cancelled
1071,419,19,7,40,2023-07-12,4,332.56,0.0,Gift Card,Cancelled
1072,452,264,13,30,2025-10-04,5,25.86,0.1,Gift Card,Pending
1073,1428,122,6,14,2023-06-01,2,203.86,0.05,Gift Card,Completed
1074,1813,71,11,7,2023-02-17,1,251.36,0.0,PayPal,Completed
1075,1889,144,7,2,2025-09-14,5,296.96,0.0,Credit Card,Pending
1076,1261,8,13,49,2024-03-14,5,143.64,0.0,Cash,Completed
1077,1755,267,2,37,2024-10-22,6,139.61,0.0,PayPal,Completed
1078,151,63,5,23,2024-06-15,4,63.8,0.2,Cash,Completed
1079,903,66,4,34,2024-05-05,5,330.95,0.0,Gift Card,Completed
1080,1310,29,8,19,2024-11-09,2,197.73,0.15,Gift Card,Returned
1081,1771,262,1,41,2025-11-24,6,392.06,0.1,Cash,Returned
1082,1215,86,7,2,2025-01-22,6,302.91,0.15,Debit Card,Completed
1083,1469,275,9,25,2023-01-04,1,255.49,0.1,Debit Card,Completed
1084,430,22,4,34,2025-06-13,5,90.87,0.1,Gift Card,Cancelled
1085,1396,217,9,38,2025-09-20,4,80.74,0.15,PayPal,Pending
1086,571,166,1,50,2024-03-24,4,172.27,0.0,PayPal,Shipped
1087,686,76,6,14,2023-06-12,2,46.89,0.0,Credit Card,Completed
1088,1838,177,8,24,2024-11-06,2,467.22,0.1,Cash,Pending
1089,1978,142,9,38,2023-06-28,6,306.71,0.0,PayPal,Shipped
1090,878,228,7,2,2024-10-23,1,247.35,0.2,PayPal,Completed
1091,870,132,10,29,2024-11-16,5,127.63,0.05,Cash,Cancelled
1092,1595,224,2,37,2024-09-28,1,190.7,0.1,Gift Card,Returned
1093,487,5,9,38,2023-04-13,5,136.89,0.0,PayPal,Cancelled
1094,125,57,14,8,2025-03-22,2,207.9,0.2,Credit Card,Completed
1095,1179,244,13,42,2023-11-14,3,328.77,0.0,PayPal,Completed
1096,1622,111,5,48,2024-09-17,6,123.3,0.1,Gift Card,Completed
1097,1134,25,7,40,2025-11-30,4,323.92,0.15,Credit Card,Completed
1098,1989,18,13,49,2024-07-16,1,383.42,0.2,Debit Card,Completed
1099,1134,3,15,16,2023-05-28,3,507.54,0.2,Gift Card,Completed
1100,768,270,12,10,2025-03-28,4,17.58,0.15,Credit Card,Pending
1101,669,134,15,16,2024-07-12,4,170.45,0.0,Debit Card,Cancelled
1102,1828,202,10,6,2023-03-25,5,211.09,0.05,Cash,Pending
1103,1689,207,15,32,2023-10-10,4,245.28,0.0,Cash,Completed
1104,810,154,12,10,2023-05-09,1,214.32,0.1,PayPal,Completed
1105,838,228,14,47,2023-11-11,3,247.35,0.15,Debit Card,Completed
1106,1987,165,2,37,2024-03-21,5,216.64,0.0,Gift Card,Completed
1107,1792,164,8,24,2023-10-12,1,117.71,0.0,Debit Card,Returned
1108,446,190,7,40,2025-03-25,4,292.3,0.15,Cash,Shipped
1109,6,229,12,11,2023-02-15,4,321.97,0.2,Credit Card,Cancelled
1110,1428,292,11,33,2023-07-24,5,398.38,0.1,Gift Card,Completed
1111,759,36,8,24,2023-11-10,6,480.04,0.0,Credit Card,Shipped
1112,1238,85,13,42,2024-11-25,1,347.38,0.05,PayPal,Shipped
1113,1065,126,9,25,2025-11-25,3,333.86,0.15,Cash,Pending
1114,890,180,8,24,2025-02-15,3,177.87,0.1,Gift Card,Completed
1115,668,156,1,41,2024-06-23,6,64.7,0.2,Cash,Completed
1116,1100,242,4,34,2025-10-05,1,378.8,0.0,PayPal,Returned
1117,1487,2,3,20,2024-06-28,5,35.98,0.2,Gift Card,Completed
1118,612,58,7,2,2024-12-09,5,76.76,0.05,Credit Card,Pending
1119,225,64,1,22,2024-11-13,4,566.62,0.05,Cash,Completed
1120,493,37,10,21,2024-06-21,6,91.98,0.1,Debit Card,Pending
1121,1931,188,3,31,2025-08-17,5,448.74,0.0,Cash,Returned
1122,702,139,2,28,2025-09-26,3,334.0,0.0,PayPal,Returned
1123,958,110,6,14,2024-10-05,2,570.1,0.0,PayPal,Completed
1124,716,283,6,14,2023-02-06,6,84.31,0.15,Gift Card,Cancelled
1125,618,250,12,17,2025-01-11,5,120.54,0.0,Gift Card,Returned
1126,1613,272,1,36,2024-06-21,6,596.66,0.15,Debit Card,Completed
1127,489,110,7,2,2024-09-10,4,570.1,0.0,Credit Card,Shipped
1128,516,206,8,19,2025-06-29,6,367.62,0.15,Cash,Completed
1129,1372,251,12,11,2024-05-17,3,355.21,0.0,Cash,Cancelled
1130,86,266,10,21,2024-03-19,4,140.34,0.0,Gift Card,Cancelled
1131,946,14,1,22,2024-01-27,5,379.66,0.2,Credit Card,Returned
1132,943,179,1,22,2023-03-05,6,63.58,0.2,Credit Card,Completed
1133,73,197,8,39,2025-07-31,5,82.36,0.2,PayPal,Shipped
1134,1113,222,1,50,2023-12-31,3,412.69,0.0,Gift Card,Completed
1135,320,57,15,32,2025-01-17,5,207.9,0.2,PayPal,Completed
1136,869,228,13,49,2025-04-02,6,247.35,0.0,Debit Card,Cancelled
1137,997,123,13,46,2025-01-23,6,203.09,0.2,PayPal,Cancelled
1138,94,251,10,29,2023-04-29,4,355.21,0.0,PayPal,Completed
1139,554,44,9,25,2024-03-13,2,317.68,0.2,Credit Card,Cancelled
1140,1254,4,13,30,2023-06-02,3,355.19,0.0,PayPal,Completed
1141,338,253,8,24,2024-09-26,5,101.3,0.0,Gift Card,Returned
1142,643,246,14,8,2025-04-27,4,594.34,0.2,Cash,Completed
1143,402,6,9,25,2023-04-16,4,628.51,0.15,Cash,Completed
1144,1728,187,13,46,2023-11-11,1,226.55,0.1,Cash,Completed
1145,851,122,3,43,2025-08-22,5,203.86,0.0,Debit Card,Completed
1146,1770,268,15,27,2025-03-10,4,252.86,0.1,Credit Card,Completed
1147,1377,66,13,30,2024-02-06,2,330.95,0.0,Debit Card,Shipped
1148,1649,194,6,9,2023-06-19,1,35.78,0.1,PayPal,Pending
1149,1727,171,10,6,2024-09-18,4,293.86,0.2,Gift Card,Cancelled
1150,1289,140,5,48,2025-02-12,3,257.08,0.15,Debit Card,Completed
1151,574,147,6,14,2023-06-06,1,433.97,0.1,PayPal,Completed
1152,702,44,11,33,2024-03-13,4,317.68,0.05,PayPal,Completed
1153,296,30,1,41,2024-02-27,5,544.88,0.2,PayPal,Completed
1154,1716,220,4,34,2025-11-16,1,357.02,0.1,Gift Card,Shipped
1155,783,69,2,37,2023-12-06,1,444.45,0.0,Debit Card,Completed
1156,547,31,4,34,2023-07-19,1,179.93,0.0,Debit Card,Pending
1157,1867,200,9,25,2023-01-24,2,214.09,0.0,Gift Card,Pending
1158,960,248,15,16,2023-04-05,6,230.55,0.1,Gift Card,Completed
1159,990,223,11,33,2023-08-11,5,162.74,0.0,Gift Card,Pending
1160,1237,192,3,43,2023-01-06,4,29.92,0.05,Credit Card,Pending
1161,380,49,11,12,2025-10-18,2,148.66,0.0,PayPal,Shipped
1162,1149,26,9,38,2024-09-05,1,68.26,0.1,PayPal,Returned
1163,464,83,4,26,2025-03-03,3,347.94,0.15,Gift Card,Cancelled
1164,880,240,5,48,2024-09-03,1,196.7,0.1,Gift Card,Completed
1165,1471,119,1,41,2023-02-11,4,63.82,0.2,PayPal,Shipped
1166,1322,8,1,50,2024-04-14,3,143.64,0.0,Credit Card,Cancelled
1167,923,28,12,17,2023-09-10,5,360.14,0.0,PayPal,Cancelled
1168,385,204,10,4,2023-10-19,5,84.34,0.0,Cash,Pending
1169,1968,171,3,20,2024-05-20,1,293.86,0.1,Gift Card,Completed
1170,1600,175,12,10,2023-12-18,1,86.78,0.0,Credit Card,Completed
1171,1128,262,7,2,2025-07-21,3,392.06,0.2,PayPal,Shipped
1172,1772,119,1,36,2024-02-12,3,63.82,0.1,PayPal,Completed
1173,394,43,14,47,2023-01-09,4,121.68,0.0,Debit Card,Pending
1174,669,44,15,44,2025-09-10,3,317.68,0.0,Gift Card,Shipped
1175,1581,177,10,6,2023-09-08,1,467.22,0.0,Cash,Completed
1176,309,279,1,22,2024-05-15,2,281.48,0.0,Cash,Cancelled
1177,1160,297,9,38,2023-01-25,2,334.26,0.0,Credit Card,Pending
1178,167,249,8,24,2023-02-24,2,471.0,0.0,Gift Card,Cancelled
1179,1859,30,9,38,2024-09-13,1,544.88,0.0,Gift Card,Shipped
1180,191,201,1,41,2024-06-02,5,307.14,0.2,PayPal,Completed
1181,428,123,10,21,2025-07-06,4,203.09,0.1,Credit Card,Shipped
1182,929,207,13,49,2025-07-25,4,245.28,0.2,Credit Card,Returned
1183,574,115,1,50,2024-09-27,3,295.79,0.15,Debit Card,Pending
1184,1309,242,14,8,2024-04-29,1,378.8,0.0,Debit Card,Completed
1185,1621,216,5,48,2025-07-13,3,91.49,0.2,Cash,Pending
1186,239,1,14,47,2024-09-10,5,31.01,0.0,PayPal,Completed
1187,1789,225,5,48,2024-03-20,1,131.27,0.1,Cash,Completed
1188,1755,175,7,2,2024-08-15,2,86.78,0.05,Gift Card,Completed
1189,1675,297,10,21,2024-09-04,4,334.26,0.05,Credit Card,Completed
1190,992,295,2,3,2025-08-26,4,647.12,0.0,Cash,Pending
1191,1523,180,5,48,2025-05-06,3,177.87,0.05,PayPal,Completed
1192,311,86,10,29,2025-03-04,6,302.91,0.1,Cash,Completed
1193,550,13,9,38,2024-02-21,5,127.76,0.0,Gift Card,Shipped
1194,1519,214,9,38,2023-01-24,4,264.25,0.05,Gift Card,Completed
1195,1064,68,2,28,2025-04-19,5,15.0,0.05,PayPal,Completed
1196,1809,226,13,46,2025-07-23,4,522.95,0.1,Gift Card,Cancelled
1197,1167,290,1,36,2025-04-12,2,30.66,0.05,Gift Card,Completed
1198,377,228,8,39,2023-05-23,6,247.35,0.2,Credit Card,Completed
1199,733,64,8,19,2023-09-24,5,566.62,0.1,Debit Card,Returned
1200,1625,17,3,43,2025-04-13,5,307.03,0.15,Cash,Completed
1201,475,99,4,26,2024-05-10,1,384.25,0.2,Debit Card,Completed
1202,517,144,10,6,2025-02-15,1,296.96,0.2,Credit Card,Returned
1203,1160,133,14,47,2024-04-09,6,321.54,0.0,PayPal,Returned
1204,391,175,6,9,2025-06-15,5,86.78,0.05,Debit Card,Cancelled
1205,186,70,10,21,2025-11-01,4,42.41,0.15,Credit Card,Completed
1206,1765,136,13,46,2024-06-03,5,266.29,0.2,Cash,Cancelled
1207,1598,175,9,38,2024-05-17,1,86.78,0.0,Cash,Completed
1208,717,160,3,31,2023-10-21,5,466.97,0.2,Cash,Completed
1209,841,155,4,34,2023-09-28,3,232.62,0.0,Gift Card,Completed
1210,1128,272,9,38,2025-07-03,5,596.66,0.05,Debit Card,Completed
1211,1479,67,1,36,2023-12-12,1,138.29,0.05,Credit Card,Completed
1212,1148,206,10,21,2025-04-29,2,367.62,0.1,PayPal,Completed
1213,1159,269,13,46,2025-09-18,2,260.22,0.1,Debit Card,Pending
1214,516,81,14,8,2024-09-26,5,379.78,0.0,Debit Card,Returned
1215,971,296,10,4,2025-03-14,3,81.85,0.0,Gift Card,Completed
1216,399,94,1,36,2025-11-03,1,325.59,0.0,Credit Card,Cancelled
1217,367,270,12,10,2025-09-25,3,17.58,0.0,Debit Card,Completed
1218,1395,82,1,36,2023-01-08,1,166.87,0.15,Cash,Pending
1219,1940,140,5,23,2023-05-17,4,257.08,0.0,PayPal,Pending
1220,1772,35,3,43,2023-04-24,3,53.95,0.05,Debit Card,Returned
1221,655,10,14,47,2023-07-20,3,46.02,0.0,PayPal,Returned
1222,565,88,8,24,2023-04-15,2,291.53,0.2,Credit Card,Returned
1223,1861,175,8,39,2024-08-21,6,86.78,0.1,Debit Card,Completed
1224,1040,253,1,41,2023-10-18,2,101.3,0.15,Gift Card,Completed
1225,873,26,9,25,2023-06-30,3,68.26,0.0,PayPal,Pending
1226,276,206,3,20,2025-09-21,1,367.62,0.0,PayPal,Cancelled
1227,1272,236,12,10,2023-01-15,1,209.86,0.0,Credit Card,Completed
1228,1017,248,10,29,2023-09-28,1,230.55,0.1,Cash,Completed
1229,95,62,2,28,2023-11-13,6,539.25,0.0,Debit Card,Completed
1230,306,290,4,35,2025-07-10,1,30.66,0.2,PayPal,Shipped
1231,1545,245,11,7,2024-11-28,5,328.64,0.0,PayPal,Cancelled
1232,1873,166,11,12,2023-09-13,1,172.27,0.05,PayPal,Completed
1233,171,145,11,12,2023-12-04,4,328.64,0.0,Cash,Pending
1234,1622,159,12,10,2024-01-11,3,323.53,0.1,Debit Card,Pending
1235,325,198,10,29,2023-09-24,3,125.5,0.1,PayPal,Completed
1236,487,36,15,27,2023-12-28,5,480.04,0.2,Gift Card,Pending
1237,890,237,4,35,2025-09-10,2,159.44,0.2,Cash,Shipped
1238,627,102,4,35,2024-12-02,5,455.19,0.05,Debit Card,Pending
1239,742,244,10,29,2023-08-14,3,328.77,0.05,Debit Card,Shipped
1240,1775,23,15,27,2023-11-17,5,298.77,0.0,Cash,Completed
1241,1326,10,15,27,2024-08-30,2,46.02,0.0,PayPal,Pending
1242,1969,26,14,47,2023-03-04,6,68.26,0.0,Credit Card,Shipped
1243,859,182,10,4,2025-09-16,2,543.63,0.05,Debit Card,Returned
1244,831,196,5,1,2023-10-11,2,222.19,0.0,PayPal,Shipped
1245,453,212,3,20,2024-04-17,1,26.85,0.1,Cash,Completed
1246,1290,31,15,44,2023-07-25,6,179.93,0.0,Gift Card,Completed
1247,1934,59,4,26,2025-07-31,2,239.55,0.2,Gift Card,Completed
1248,530,252,5,1,2024-11-03,1,163.4,0.0,PayPal,Completed
1249,1881,115,5,1,2024-03-21,3,295.79,0.1,Gift Card,Shipped
1250,336,81,13,42,2024-05-11,6,379.78,0.2,PayPal,Cancelled
1251,1867,247,7,40,2025-09-03,1,58.54,0.0,PayPal,Completed
1252,341,221,1,36,2023-12-01,4,183.32,0.15,Gift Card,Completed
1253,88,104,6,9,2023-10-21,5,61.42,0.1,PayPal,Completed
1254,886,154,1,22,2025-07-17,4,214.32,0.0,Cash,Shipped
1255,1031,251,3,31,2024-05-25,6,355.21,0.15,Cash,Cancelled
1256,1922,27,5,48,2024-08-04,2,565.88,0.15,Credit Card,Completed
1257,1227,74,7,40,2023-05-06,6,292.63,0.05,Cash,Pending
1258,1938,293,13,42,2024-04-05,5,54.25,0.0,Debit Card,Shipped
1259,820,10,11,33,2024-07-21,3,46.02,0.2,PayPal,Completed
1260,1621,178,14,8,2023-12-24,5,41.87,0.15,Cash,Completed
1261,509,262,8,19,2023-07-21,2,392.06,0.0,Gift Card,Completed
1262,698,128,4,34,2024-03-02,1,257.64,0.0,Gift Card,Completed
1263,1731,92,5,1,2023-11-09,4,665.8,0.0,PayPal,Completed
1264,391,235,9,38,2023-11-19,2,265.0,0.0,Cash,Completed
1265,819,25,15,5,2023-09-15,2,323.92,0.2,Cash,Completed
1266,999,46,2,3,2025-01-18,3,393.27,0.0,Credit Card,Pending
1267,1958,137,13,49,2023-04-18,3,47.19,0.0,Cash,Completed
1268,626,37,6,14,2023-06-11,5,91.98,0.1,Cash,Completed
1269,1753,45,14,47,2023-09-27,3,107.36,0.0,Gift Card,Completed
1270,155,47,13,49,2024-05-25,6,126.89,0.0,Cash,Completed
1271,458,159,12,17,2024-06-04,1,323.53,0.1,Credit Card,Pending
1272,1758,161,6,14,2025-01-03,4,322.86,0.0,Gift Card,Returned
1273,356,264,13,30,2023-09-27,3,25.86,0.05,Credit Card,Completed
1274,247,211,14,47,2023-10-02,1,199.85,0.15,Gift Card,Cancelled
1275,270,5,4,34,2023-01-02,4,136.89,0.05,Cash,Completed
1276,316,29,1,41,2024-10-05,5,197.73,0.1,PayPal,Returned
1277,1368,216,13,42,2025-07-01,4,91.49,0.0,Debit Card,Shipped
1278,1419,217,11,7,2023-02-19,5,80.74,0.0,Credit Card,Completed
1279,1877,146,1,22,2025-05-05,6,309.25,0.0,Debit Card,Completed
1280,995,263,10,6,2025-12-10,1,47.7,0.1,Credit Card,Completed
1281,1345,59,5,23,2025-03-01,2,239.55,0.1,Gift Card,Completed
1282,1450,275,9,38,2024-12-22,6,255.49,0.0,PayPal,Returned
1283,1286,19,1,41,2025-02-20,3,332.56,0.05,Gift Card,Completed
1284,1074,18,8,19,2023-01-25,4,383.42,0.0,Debit Card,Pending
1285,1483,284,14,8,2023-08-18,6,413.62,0.15,Gift Card,Shipped
1286,396,235,3,43,2024-03-07,3,265.0,0.05,Credit Card,Shipped
1287,458,15,8,39,2025-12-28,4,454.62,0.1,PayPal,Pending
1288,1197,292,13,49,2025-01-30,1,398.38,0.15,Cash,Shipped
1289,1124,105,5,48,2025-04-23,4,500.45,0.0,Gift Card,Shipped
1290,1156,19,8,24,2025-06-09,4,332.56,0.1,Gift Card,Returned
1291,1779,288,6,9,2024-11-22,1,367.22,0.0,Cash,Returned
1292,94,180,6,14,2025-01-18,4,177.87,0.0,Debit Card,Shipped
1293,184,258,15,44,2023-04-10,6,270.37,0.15,Debit Card,Pending
1294,34,17,10,6,2023-10-03,3,307.03,0.1,Gift Card,Cancelled
1295,492,241,6,9,2025-09-03,4,108.19,0.2,Credit Card,Completed
1296,204,194,11,7,2025-10-11,6,35.78,0.1,Credit Card,Pending
1297,1720,213,10,6,2023-08-09,3,64.0,0.0,Debit Card,Pending
1298,295,135,1,22,2023-04-28,2,126.8,0.0,Cash,Shipped
1299,1348,30,6,9,2024-12-01,1,544.88,0.1,PayPal,Completed
1300,1164,254,10,6,2025-04-02,6,307.61,0.05,PayPal,Completed
1301,277,159,9,38,2025-02-12,1,323.53,0.05,Credit Card,Completed
1302,510,270,4,34,2024-03-26,6,17.58,0.0,Credit Card,Completed
1303,597,115,10,4,2024-10-02,2,295.79,0.1,PayPal,Shipped
1304,37,252,15,15,2024-07-23,1,163.4,0.05,Cash,Returned
1305,1546,199,5,23,2023-11-09,4,314.59,0.15,Cash,Completed
1306,322,75,2,45,2024-11-20,3,363.98,0.15,Credit Card,Returned
1307,261,128,1,36,2023-03-18,2,257.64,0.0,Credit Card,Shipped
1308,1523,240,6,14,2025-07-13,1,196.7,0.0,Credit Card,Cancelled
1309,1063,289,11,12,2023-03-31,3,246.14,0.0,PayPal,Completed
1310,690,36,15,5,2025-04-25,4,480.04,0.05,PayPal,Completed
1311,1741,93,13,13,2024-03-21,5,380.69,0.0,PayPal,Pending
1312,1580,142,9,38,2025-09-22,6,306.71,0.1,PayPal,Completed
1313,1638,100,9,38,2025-05-02,1,447.11,0.0,Gift Card,Completed
1314,1699,283,7,40,2024-07-31,3,84.31,0.0,Credit Card,Completed
1315,1637,133,3,20,2023-11-02,5,321.54,0.2,Debit Card,Returned
1316,501,237,12,10,2024-04-25,4,159.44,0.0,Cash,Shipped
1317,1932,38,1,36,2023-08-14,5,142.98,0.0,Gift Card,Completed
1318,1293,63,11,12,2024-06-23,1,63.8,0.1,PayPal,Completed
1319,785,44,7,2,2023-02-20,3,317.68,0.05,PayPal,Completed
1320,1702,53,10,4,2023-09-14,6,459.8,0.0,PayPal,Returned
1321,1488,249,3,31,2025-04-18,5,471.0,0.1,Cash,Completed
1322,452,135,2,3,2023-06-10,3,126.8,0.0,Credit Card,Completed
1323,228,288,9,25,2023-08-01,3,367.22,0.0,Credit Card,Cancelled
1324,475,81,12,17,2024-10-06,6,379.78,0.0,PayPal,Pending
1325,635,160,11,7,2025-07-11,1,466.97,0.1,Gift Card,Cancelled
1326,1623,25,1,41,2025-03-02,4,323.92,0.0,PayPal,Shipped
1327,436,36,8,39,2023-02-14,2,480.04,0.0,Cash,Shipped
1328,557,162,13,46,2025-08-28,2,532.97,0.2,Gift Card,Completed
1329,1229,138,6,14,2023-04-22,4,102.03,0.15,Credit Card,Shipped
1330,1757,231,4,26,2024-06-27,3,52.2,0.1,Credit Card,Pending
1331,506,55,10,6,2024-04-13,4,17.81,0.15,Credit Card,Shipped
1332,829,154,3,43,2023-05-26,1,214.32,0.2,Credit Card,Returned
1333,874,231,4,26,2024-12-19,1,52.2,0.15,Cash,Completed
1334,495,45,8,24,2023-03-16,1,107.36,0.0,Cash,Returned
1335,1612,49,5,23,2023-12-06,4,148.66,0.0,Cash,Returned
1336,576,226,1,22,2024-08-18,5,522.95,0.05,PayPal,Pending
1337,776,299,5,48,2025-11-28,5,150.33,0.0,Gift Card,Completed
1338,831,55,1,36,2023-02-21,1,17.81,0.05,Credit Card,Pending
1339,911,249,13,13,2024-03-30,6,471.0,0.05,PayPal,Cancelled
1340,1220,102,15,16,2024-02-18,1,455.19,0.05,Credit Card,Completed
1341,906,55,15,5,2025-05-16,1,17.81,0.0,PayPal,Shipped
1342,1889,48,1,36,2024-07-02,3,397.65,0.0,Cash,Completed
1343,917,144,6,14,2024-04-10,2,296.96,0.0,PayPal,Shipped
1344,1437,176,12,11,2025-02-05,2,171.51,0.0,Gift Card,Completed
1345,1677,109,13,13,2024-04-24,3,33.31,0.0,Credit Card,Completed
1346,1423,300,5,48,2024-01-04,4,306.79,0.15,Cash,Returned
1347,791,58,4,35,2025-09-05,6,76.76,0.2,Debit Card,Pending
1348,444,291,2,45,2024-09-13,4,9.1,0.15,Cash,Completed
1349,1470,78,9,38,2024-02-06,6,176.26,0.2,PayPal,Cancelled
1350,1987,125,7,40,2023-11-11,6,152.14,0.2,PayPal,Returned
1351,190,134,8,39,2023-06-10,2,170.45,0.0,Credit Card,Completed
1352,987,200,15,44,2025-06-20,1,214.09,0.05,Cash,Completed
1353,979,118,6,9,2024-10-16,4,145.14,0.1,Credit Card,Completed
1354,249,199,15,32,2023-10-07,3,314.59,0.0,PayPal,Returned
1355,1914,190,9,25,2024-06-22,4,292.3,0.0,Debit Card,Returned
1356,32,53,14,47,2024-08-29,6,459.8,0.15,Cash,Cancelled
1357,1735,119,8,19,2024-05-01,3,63.82,0.15,Gift Card,Completed
1358,1484,277,12,10,2025-03-20,4,320.72,0.15,Cash,Completed
1359,1238,29,6,9,2024-11-05,2,197.73,0.05,Credit Card,Completed
1360,1606,57,1,22,2023-04-24,1,207.9,0.2,Gift Card,Cancelled
1361,145,300,2,45,2025-07-30,2,306.79,0.1,Cash,Shipped
1362,1284,264,13,49,2023-06-17,2,25.86,0.0,Credit Card,Completed
1363,1342,99,1,36,2025-12-23,6,384.25,0.05,PayPal,Completed
1364,980,66,14,47,2024-02-07,6,330.95,0.0,Credit Card,Completed
1365,538,271,5,48,2023-09-13,4,316.69,0.15,Debit Card,Pending
1366,1754,186,11,12,2024-10-11,6,39.01,0.05,PayPal,Completed
1367,148,272,3,20,2023-10-06,2,596.66,0.0,Debit Card,Returned
1368,1078,204,13,13,2024-08-11,1,101.33,0.0,Credit Card,Completed
1369,847,135,3,20,2023-08-27,6,126.8,0.15,PayPal,Returned
1370,1038,97,4,34,2024-10-10,6,228.27,0.1,Gift Card,Completed
1371,890,141,14,47,2023-01-31,2,236.86,0.0,PayPal,Completed
1372,1461,293,11,7,2024-04-12,6,54.25,0.0,Debit Card,Cancelled
1373,306,206,13,49,2025-07-19,1,367.62,0.0,PayPal,Returned
1374,1195,134,4,34,2024-10-19,2,170.45,0.0,Debit Card,Cancelled
1375,849,132,15,27,2024-06-12,3,127.63,0.15,Debit Card,Shipped
1376,1571,278,13,46,2025-06-09,5,98.31,0.0,Credit Card,Completed
1377,453,24,5,1,2025-05-22,3,129.26,0.0,Cash,Completed
1378,981,44,9,38,2024-11-14,3,317.68,0.1,Gift Card,Completed
1379,1598,247,12,10,2025-12-22,5,58.54,0.0,Cash,Completed
1380,1410,78,10,4,2023-02-02,6,176.26,0.15,Gift Card,Shipped
1381,345,60,4,34,2025-04-24,2,307.03,0.15,Gift Card,Returned
1382,444,75,12,10,2024-01-25,3,363.98,0.1,Credit Card,Shipped
1383,359,164,9,25,2024-12-06,5,117.71,0.1,Gift Card,Pending
1384,1478,234,13,30,2024-02-05,5,314.58,0.2,Gift Card,Cancelled
1385,1564,178,14,47,2023-05-19,5,41.87,0.15,Cash,Completed
1386,552,44,12,11,2023-05-31,1,317.68,0.05,Gift Card,Completed
1387,25,112,15,18,2025-12-16,3,347.45,0.05,Gift Card,Pending
1388,329,187,2,3,2024-08-20,6,226.55,0.2,Debit Card,Completed
1389,1632,8,4,26,2023-03-29,3,143.64,0.05,Credit Card,Completed
1390,1433,75,12,17,2023-12-07,6,363.98,0.1,PayPal,Completed
1391,1970,88,8,19,2023-08-15,1,291.53,0.05,Credit Card,Completed
1392,904,118,3,43,2025-05-24,3,145.14,0.2,PayPal,Shipped
1393,377,2,6,9,2025-08-24,2,35.98,0.0,PayPal,Completed
1394,1128,152,8,19,2023-10-10,5,290.47,0.05,Credit Card,Shipped
1395,1004,221,7,2,2024-03-04,6,183.32,0.05,Credit Card,Cancelled
1396,1498,168,3,43,2024-12-24,6,303.92,0.15,Credit Card,Completed
1397,67,263,6,9,2023-08-24,5,47.7,0.0,Debit Card,Shipped
1398,1797,89,3,31,2024-03-01,6,248.83,0.0,Debit Card,Completed
1399,926,69,7,2,2023-09-22,2,444.45,0.0,Debit Card,Completed
1400,1084,119,12,17,2023-01-06,6,63.82,0.0,Debit Card,Shipped
1401,1311,141,15,44,2024-02-09,4,236.86,0.0,PayPal,Completed
1402,1572,294,2,45,2023-10-17,5,345.43,0.0,Gift Card,Completed
1403,453,64,12,11,2025-05-14,4,566.62,0.1,PayPal,Returned
1404,1385,157,8,39,2023-01-19,2,110.95,0.0,Cash,Completed
1405,1864,130,6,14,2023-05-12,1,293.35,0.05,Gift Card,Completed
1406,1189,238,7,40,2023-01-09,1,196.9,0.15,Cash,Shipped
1407,1132,15,13,42,2023-07-24,3,454.62,0.15,Gift Card,Completed
1408,293,298,7,40,2025-04-25,6,202.95,0.0,PayPal,Completed
1409,197,61,3,31,2025-01-04,1,172.42,0.0,PayPal,Completed
1410,1261,294,13,46,2025-05-01,1,345.43,0.15,Credit Card,Completed
1411,1451,170,6,9,2025-02-01,2,260.29,0.15,Debit Card,Completed
1412,1625,283,3,43,2023-04-09,3,84.31,0.1,Gift Card,Completed
1413,1303,156,11,12,2024-04-26,3,64.7,0.0,Cash,Completed
1414,358,175,8,24,2024-02-11,5,86.78,0.0,Credit Card,Completed
1415,1874,169,2,3,2023-11-22,3,446.78,0.1,Debit Card,Returned
1416,1443,279,8,24,2023-12-29,2,281.48,0.0,Cash,Pending
1417,1986,122,9,25,2023-02-10,3,203.86,0.0,PayPal,Completed
1418,1714,279,8,19,2025-06-03,1,281.48,0.2,Debit Card,Shipped
1419,1829,113,3,43,2025-01-23,6,438.2,0.0,Cash,Shipped
1420,93,167,10,6,2024-12-23,4,87.74,0.0,Gift Card,Pending
1421,220,97,10,4,2025-07-08,5,228.27,0.2,Credit Card,Completed
1422,1554,170,12,11,2025-08-15,4,260.29,0.0,Cash,Pending
1423,180,200,6,9,2023-01-02,5,214.09,0.1,PayPal,Cancelled
1424,1867,20,10,29,2023-08-12,3,170.95,0.15,Debit Card,Completed
1425,413,195,2,28,2025-12-04,4,165.25,0.0,PayPal,Completed
1426,940,222,4,34,2023-05-25,2,412.69,0.15,Credit Card,Completed
1427,576,200,11,12,2023-08-05,6,214.09,0.0,PayPal,Completed
1428,1183,65,10,29,2025-08-13,1,543.26,0.15,Gift Card,Cancelled
1429,1869,113,15,5,2024-03-08,5,438.2,0.15,PayPal,Pending
1430,1386,181,15,27,2023-10-26,5,334.11,0.0,PayPal,Returned
1431,1119,133,11,7,2024-04-25,5,321.54,0.05,Debit Card,Returned
1432,1322,3,1,22,2025-08-21,2,507.54,0.05,PayPal,Shipped
1433,1602,142,10,21,2024-10-02,4,306.71,0.15,Cash,Shipped
1434,1741,23,5,1,2025-07-14,4,298.77,0.1,Gift Card,Completed
1435,1312,176,3,31,2024-08-06,6,171.51,0.0,Gift Card,Shipped
1436,1164,56,14,47,2025-03-11,1,176.55,0.2,Debit Card,Shipped
1437,1887,265,6,9,2024-11-05,6,348.49,0.15,Gift Card,Completed
1438,1442,294,13,49,2025-05-28,3,345.43,0.1,Gift Card,Cancelled
1439,1889,255,9,25,2024-11-06,5,118.85,0.0,Gift Card,Returned
1440,1688,112,9,38,2024-09-19,6,347.45,0.0,Debit Card,Pending
1441,1336,51,1,50,2025-08-12,4,190.91,0.05,Debit Card,Completed
1442,1315,2,6,9,2025-10-04,5,35.98,0.1,Gift Card,Completed
1443,305,98,10,6,2024-02-09,6,263.06,0.15,Cash,Cancelled
1444,1852,97,1,36,2025-04-17,5,228.27,0.1,Debit Card,Cancelled
1445,1397,23,9,38,2024-01-19,2,298.77,0.0,Gift Card,Completed
1446,325,235,6,9,2024-05-02,3,265.0,0.15,Credit Card,Cancelled
1447,923,80,5,48,2024-06-21,5,249.35,0.15,Debit Card,Completed
1448,504,138,3,20,2025-09-14,4,102.03,0.0,Gift Card,Shipped
1449,676,18,13,49,2024-05-12,6,383.42,0.0,Cash,Cancelled
1450,86,77,6,14,2023-03-17,1,442.92,0.05,Gift Card,Completed
1451,399,215,5,1,2024-09-25,3,108.22,0.2,PayPal,Cancelled
1452,1637,201,5,23,2023-08-16,2,307.14,0.0,PayPal,Completed
1453,979,8,2,28,2025-05-07,3,143.64,0.0,Gift Card,Pending
1454,346,77,2,28,2024-04-30,6,442.92,0.15,Cash,Completed
1455,581,215,7,40,2024-12-23,1,108.22,0.0,Cash,Cancelled
1456,1190,171,6,14,2023-04-15,2,293.86,0.05,Cash,Completed
1457,1024,256,7,2,2025-09-24,5,203.89,0.1,Debit Card,Shipped
1458,281,250,4,35,2025-04-19,2,120.54,0.1,Cash,Completed
1459,73,15,11,12,2025-11-28,6,454.62,0.2,Gift Card,Completed
1460,1477,73,10,29,2025-05-18,5,68.44,0.0,Debit Card,Completed
1461,1156,228,3,20,2025-02-06,3,247.35,0.15,Gift Card,Completed
1462,1584,20,2,45,2025-06-03,6,170.95,0.05,Credit Card,Completed
1463,354,20,6,9,2023-04-25,2,170.95,0.1,Cash,Completed
1464,68,235,5,48,2025-06-12,5,265.0,0.05,Credit Card,Completed
1465,1492,38,7,2,2024-02-01,6,142.98,0.0,PayPal,Completed
1466,1752,38,12,17,2023-11-19,4,142.98,0.2,Credit Card,Completed
1467,460,13,1,41,2025-09-10,1,127.76,0.0,Gift Card,Completed
1468,1839,287,1,22,2023-09-15,2,173.87,0.1,Gift Card,Completed
1469,573,94,8,39,2025-07-18,1,325.59,0.0,PayPal,Shipped
1470,1006,278,9,38,2025-06-30,2,98.31,0.1,Credit Card,Completed
1471,309,82,7,2,2025-11-27,6,166.87,0.15,Credit Card,Completed
1472,1999,296,3,31,2023-04-19,3,81.85,0.0,Gift Card,Returned
1473,282,139,6,14,2025-10-02,4,334.0,0.0,Credit Card,Returned
1474,1815,136,11,12,2025-06-20,2,266.29,0.15,Cash,Shipped
1475,945,112,3,31,2025-07-16,5,347.45,0.05,Gift Card,Shipped
1476,1856,275,8,39,2024-06-18,1,255.49,0.05,PayPal,Completed
1477,652,246,5,23,2025-08-16,4,594.34,0.2,Gift Card,Completed
1478,1854,264,2,28,2025-10-21,5,25.86,0.05,PayPal,Completed
1479,817,268,5,1,2023-05-06,5,252.86,0.0,Gift Card,Completed
1480,146,194,11,33,2024-06-10,1,35.78,0.05,Credit Card,Completed
1481,1773,253,6,9,2023-06-02,6,101.3,0.1,Credit Card,Returned
1482,1493,204,6,14,2025-11-21,2,24.11,0.2,Gift Card,Returned
1483,1986,296,5,23,2025-01-23,6,81.85,0.0,Gift Card,Completed
1484,1839,64,10,6,2023-12-23,3,566.62,0.0,Debit Card,Cancelled
1485,171,205,6,14,2023-02-06,1,370.78,0.1,PayPal,Completed
1486,1140,11,9,38,2025-12-05,6,289.37,0.0,Credit Card,Pending
1487,1597,205,12,17,2025-09-22,1,370.78,0.0,Credit Card,Completed
1488,1329,53,8,24,2023-04-23,4,459.8,0.2,Credit Card,Shipped
1489,461,218,5,1,2025-02-02,6,95.1,0.05,Gift Card,Returned
1490,1328,151,12,10,2025-04-24,1,61.55,0.15,Cash,Completed
1491,72,293,2,3,2023-01-02,1,54.25,0.15,Credit Card,Pending
1492,1017,285,14,8,2025-01-11,1,313.87,0.15,Credit Card,Completed
1493,305,179,6,9,2024-08-14,5,63.58,0.05,Debit Card,Completed
1494,1266,90,12,17,2023-03-09,1,483.64,0.0,PayPal,Completed
1495,747,243,15,18,2024-07-04,6,523.63,0.05,Debit Card,Cancelled
1496,659,232,14,47,2024-09-25,3,316.8,0.2,Cash,Completed
1497,1359,133,3,31,2023-12-06,1,321.54,0.05,Credit Card,Shipped
1498,903,150,6,9,2023-03-22,6,157.31,0.2,Credit Card,Cancelled
1499,489,235,15,15,2024-04-15,4,265.0,0.2,Gift Card,Returned
1500,1580,230,12,17,2025-02-15,5,49.56,0.0,Credit Card,Returned
1501,704,255,14,47,2023-07-01,4,118.85,0.0,Cash,Completed
1502,1261,201,9,38,2025-11-23,3,307.14,0.0,PayPal,Completed
1503,1958,173,1,36,2025-10-27,4,159.58,0.0,Credit Card,Shipped
1504,910,131,11,12,2024-06-27,3,582.03,0.0,Debit Card,Returned
1505,766,125,3,31,2024-10-11,2,152.14,0.05,Credit Card,Completed
1506,186,30,15,5,2025-11-27,6,544.88,0.2,PayPal,Completed
1507,1388,218,5,23,2025-11-13,6,95.1,0.15,PayPal,Cancelled
1508,157,125,4,26,2025-01-01,5,152.14,0.05,PayPal,Completed
1509,108,233,11,7,2024-02-11,6,400.32,0.0,Credit Card,Completed
1510,303,215,15,15,2024-06-26,2,108.22,0.0,Debit Card,Pending
1511,1744,170,1,41,2024-08-30,5,260.29,0.2,PayPal,Completed
1512,1888,281,9,38,2023-07-28,6,125.56,0.1,Credit Card,Completed
1513,964,131,14,47,2024-07-27,4,582.03,0.0,Credit Card,Returned
1514,1196,127,5,1,2025-07-22,1,90.5,0.05,Gift Card,Shipped
1515,166,135,13,30,2025-05-30,1,126.8,0.05,Gift Card,Completed
1516,1657,139,6,9,2024-12-05,5,334.0,0.2,Gift Card,Completed
1517,1270,258,8,24,2025-11-27,4,270.37,0.1,Gift Card,Pending
1518,571,169,6,14,2025-11-16,4,446.78,0.2,Credit Card,Shipped
1519,9,60,4,34,2023-10-06,6,307.03,0.1,Gift Card,Completed
1520,1416,169,15,5,2025-06-09,2,446.78,0.15,Cash,Pending
1521,1431,298,11,7,2024-03-03,3,202.95,0.05,PayPal,Completed
1522,228,79,10,4,2024-07-24,5,143.89,0.0,Gift Card,Shipped
1523,865,179,10,6,2025-04-13,1,63.58,0.0,Gift Card,Cancelled
1524,279,68,9,38,2024-05-06,1,15.0,0.2,Credit Card,Pending
1525,687,130,11,12,2025-11-27,3,293.35,0.0,Gift Card,Completed
1526,1448,67,1,36,2025-07-09,6,138.29,0.0,Debit Card,Completed
1527,1715,226,1,36,2023-12-27,6,522.95,0.15,Credit Card,Pending
1528,1302,83,9,38,2024-08-05,3,347.94,0.05,Gift Card,Cancelled
1529,1638,54,4,26,2023-09-24,6,43.29,0.0,PayPal,Completed
1530,1007,279,12,10,2024-01-16,5,281.48,0.05,Gift Card,Completed
1531,654,153,7,2,2024-12-11,5,238.04,0.0,Gift Card,Returned
1532,887,167,4,34,2024-08-30,1,87.74,0.1,Debit Card,Completed
1533,1394,268,11,33,2023-12-27,1,252.86,0.0,Gift Card,Returned
1534,1867,162,10,4,2024-07-12,4,532.97,0.1,Debit Card,Shipped
1535,1419,273,9,25,2024-08-09,4,265.88,0.0,Debit Card,Cancelled
1536,163,113,1,36,2023-12-10,5,438.2,0.1,Credit Card,Pending
1537,430,82,13,30,2023-02-04,2,166.87,0.2,Gift Card,Returned
1538,601,65,9,38,2025-06-25,6,543.26,0.05,Debit Card,Returned
1539,382,242,7,40,2023-10-22,5,378.8,0.05,Credit Card,Returned
1540,307,4,12,10,2025-11-01,4,355.19,0.05,Cash,Completed
1541,1960,4,8,19,2025-04-12,2,355.19,0.15,Debit Card,Completed
1542,1297,178,5,48,2025-01-24,4,41.87,0.0,Gift Card,Cancelled
1543,1954,67,3,20,2025-07-16,4,138.29,0.15,Credit Card,Completed
1544,437,174,5,23,2025-12-22,5,62.11,0.05,Credit Card,Completed
1545,452,65,3,31,2023-12-15,4,543.26,0.0,Debit Card,Shipped
1546,86,79,13,42,2024-11-09,3,143.89,0.05,PayPal,Completed
1547,1828,235,13,46,2023-03-21,3,265.0,0.0,Gift Card,Completed
1548,1101,36,8,39,2025-01-06,5,480.04,0.05,Gift Card,Shipped
1549,477,271,14,47,2025-03-11,3,316.69,0.05,Cash,Completed
1550,1375,136,5,48,2025-06-02,4,266.29,0.15,Debit Card,Completed
1551,366,37,3,43,2023-11-28,5,91.98,0.0,PayPal,Cancelled
1552,897,15,8,39,2023-01-22,6,454.62,0.2,Debit Card,Returned
1553,1260,135,4,35,2024-10-02,5,126.8,0.2,Debit Card,Shipped
1554,66,250,7,40,2025-04-24,1,120.54,0.15,Debit Card,Cancelled
1555,264,25,1,22,2024-04-06,2,323.92,0.1,Credit Card,Completed
1556,1937,259,4,35,2025-10-18,1,395.59,0.2,Debit Card,Returned
1557,508,183,9,25,2025-05-18,5,70.12,0.1,Cash,Completed
1558,1588,39,15,27,2023-03-20,5,340.31,0.15,Credit Card,Completed
1559,424,235,6,9,2024-07-27,2,265.0,0.0,Gift Card,Returned
1560,1303,231,1,36,2025-10-02,2,52.2,0.1,Credit Card,Pending
1561,750,221,6,14,2025-01-23,4,183.32,0.15,Cash,Shipped
1562,1164,176,8,24,2025-01-29,3,171.51,0.0,Cash,Cancelled
1563,492,199,15,32,2023-10-02,5,314.59,0.15,Gift Card,Completed
1564,1053,187,2,37,2024-08-09,1,226.55,0.1,PayPal,Completed
1565,1413,161,6,9,2023-09-26,6,322.86,0.2,Debit Card,Cancelled
1566,1931,233,13,13,2025-12-20,5,400.32,0.0,Gift Card,Completed
1567,198,35,11,12,2024-01-14,1,53.95,0.0,Gift Card,Cancelled
1568,606,164,5,48,2023-11-02,2,117.71,0.0,Gift Card,Completed
1569,1567,135,11,12,2025-08-06,2,126.8,0.0,Cash,Completed
1570,1685,186,1,36,2024-05-10,2,39.01,0.15,Debit Card,Completed
1571,1799,147,12,11,2023-01-20,6,433.97,0.15,PayPal,Completed
1572,479,149,4,34,2023-02-15,5,431.72,0.0,Debit Card,Completed
1573,1685,283,13,13,2023-03-21,3,84.31,0.15,Cash,Completed
1574,650,299,8,39,2023-05-06,6,150.33,0.0,Gift Card,Shipped
1575,182,70,10,21,2024-04-29,2,42.41,0.0,Gift Card,Shipped
1576,1134,45,1,22,2023-08-22,2,107.36,0.2,Debit Card,Shipped
1577,1455,188,5,48,2025-08-26,1,448.74,0.0,PayPal,Completed
1578,886,91,13,49,2025-08-03,4,406.77,0.1,Credit Card,Returned
1579,490,149,3,31,2023-09-21,1,431.72,0.2,Debit Card,Completed
1580,1269,45,1,36,2024-02-22,5,107.36,0.0,Credit Card,Completed
1581,1213,157,2,37,2023-03-12,2,110.95,0.1,PayPal,Completed
1582,1185,195,9,25,2025-04-24,3,165.25,0.2,Debit Card,Cancelled
1583,1689,294,4,26,2023-08-09,6,345.43,0.1,PayPal,Completed
1584,1374,112,3,20,2024-01-29,3,347.45,0.05,Credit Card,Completed
1585,479,221,8,19,2025-03-27,4,183.32,0.0,Credit Card,Shipped
1586,175,6,15,18,2024-03-21,6,628.51,0.1,PayPal,Completed
1587,596,19,2,45,2024-10-19,1,332.56,0.0,Debit Card,Completed
1588,47,128,13,30,2024-07-11,3,257.64,0.1,Gift Card,Cancelled
1589,157,132,1,50,2025-11-29,4,127.63,0.0,Gift Card,Completed
1590,1539,79,8,24,2025-01-03,6,143.89,0.2,Debit Card,Pending
1591,1691,194,4,26,2024-03-03,1,35.78,0.05,Debit Card,Completed
1592,1966,258,11,12,2023-06-07,1,270.37,0.15,Cash,Completed
1593,2000,16,13,46,2024-01-20,5,561.32,0.1,Debit Card,Returned
1594,818,237,1,50,2023-02-16,1,159.44,0.0,Gift Card,Shipped
1595,1767,204,15,27,2025-03-24,6,124.87,0.2,Debit Card,Completed
1596,945,31,4,35,2023-03-01,4,179.93,0.0,PayPal,Cancelled
1597,1601,14,14,8,2025-10-11,1,379.66,0.0,PayPal,Completed
1598,512,94,7,2,2024-03-18,3,325.59,0.0,Gift Card,Completed
1599,601,147,6,14,2025-12-13,5,433.97,0.15,Debit Card,Completed
1600,1229,3,8,24,2025-10-06,2,507.54,0.0,PayPal,Cancelled
1601,1405,192,14,8,2024-11-22,3,29.92,0.0,Debit Card,Completed
1602,1832,295,10,4,2025-05-11,1,647.12,0.0,PayPal,Shipped
1603,1594,121,14,8,2025-05-27,4,13.34,0.1,PayPal,Completed
1604,401,203,12,11,2024-01-30,2,511.82,0.0,Credit Card,Completed
1605,483,211,5,48,2024-06-06,4,199.85,0.0,Gift Card,Shipped
1606,1060,221,7,40,2025-09-09,6,183.32,0.0,Gift Card,Completed
1607,1571,46,4,34,2023-09-24,1,393.27,0.05,Credit Card,Completed
1608,707,87,8,24,2025-06-24,4,321.84,0.05,Credit Card,Completed
1609,1052,155,5,23,2023-01-10,5,232.62,0.0,Cash,Completed
1610,758,225,5,1,2024-01-01,5,131.27,0.0,Debit Card,Shipped
1611,1827,36,12,11,2023-05-29,4,480.04,0.1,Credit Card,Returned
1612,792,16,2,37,2024-02-11,4,561.32,0.0,PayPal,Completed
1613,819,12,10,6,2024-11-12,6,582.22,0.15,Gift Card,Shipped
1614,360,204,6,14,2025-10-22,2,82.16,0.2,Debit Card,Shipped
1615,184,137,8,24,2023-02-25,2,47.19,0.0,Cash,Shipped
1616,1736,291,5,23,2024-12-26,4,9.1,0.0,Debit Card,Completed
1617,190,212,1,22,2023-10-09,2,26.85,0.05,Debit Card,Completed
1618,1639,242,9,38,2024-06-30,6,378.8,0.0,Gift Card,Completed
1619,800,272,12,10,2024-04-19,5,596.66,0.0,PayPal,Completed
1620,44,300,6,14,2024-02-01,3,306.79,0.0,Gift Card,Completed
1621,68,279,11,12,2023-08-21,1,281.48,0.0,Cash,Returned
1622,493,141,14,8,2025-12-16,5,236.86,0.0,Gift Card,Completed
1623,70,8,14,47,2025-05-10,2,143.64,0.2,PayPal,Pending
1624,1795,64,6,14,2024-09-16,2,566.62,0.1,Cash,Cancelled
1625,1534,199,5,48,2025-05-26,5,314.59,0.0,Debit Card,Shipped
1626,1520,244,14,8,2024-12-25,2,328.77,0.05,Debit Card,Cancelled
1627,1981,7,9,25,2023-08-18,4,279.59,0.15,Gift Card,Completed
1628,627,237,4,34,2024-08-05,6,159.44,0.2,PayPal,Cancelled
1629,642,61,3,20,2025-04-18,6,172.42,0.0,Debit Card,Completed
1630,1863,264,7,40,2025-09-23,6,25.86,0.0,Credit Card,Completed
1631,27,239,2,45,2023-07-31,2,337.62,0.15,Cash,Shipped
1632,1950,39,8,24,2024-05-05,1,340.31,0.2,PayPal,Shipped
1633,578,47,5,48,2024-08-13,2,126.89,0.15,Cash,Completed
1634,1585,77,12,11,2024-02-18,6,442.92,0.0,Debit Card,Pending
1635,1659,242,11,33,2025-01-05,4,378.8,0.15,PayPal,Pending
1636,1351,107,9,25,2023-04-09,2,247.26,0.05,Gift Card,Cancelled
1637,935,242,5,48,2023-07-16,1,378.8,0.0,Credit Card,Completed
1638,1966,20,14,47,2025-12-04,3,170.95,0.0,Gift Card,Completed
1639,248,60,12,17,2025-05-03,1,307.03,0.0,Gift Card,Shipped
1640,782,42,5,23,2023-07-31,5,483.01,0.2,Credit Card,Completed
1641,937,186,13,49,2024-09-13,2,39.01,0.15,Gift Card,Shipped
1642,1666,265,4,35,2024-11-20,2,348.49,0.0,Gift Card,Pending
1643,1382,254,5,48,2025-07-27,1,307.61,0.0,PayPal,Pending
1644,1296,76,9,25,2024-11-28,3,46.89,0.0,Credit Card,Completed
1645,1697,16,13,49,2023-12-01,4,561.32,0.05,PayPal,Completed
1646,844,10,7,40,2023-10-31,5,46.02,0.05,Debit Card,Cancelled
1647,1698,293,9,25,2025-01-09,4,54.25,0.0,Cash,Returned
1648,1997,56,7,2,2023-01-03,1,176.55,0.0,Credit Card,Pending
1649,916,24,14,8,2024-05-18,4,129.26,0.1,PayPal,Completed
1650,1540,214,11,33,2025-06-09,5,264.25,0.0,Credit Card,Completed
1651,72,293,8,39,2025-11-20,5,54.25,0.0,Gift Card,Completed
1652,624,277,8,39,2025-06-20,4,320.72,0.15,PayPal,Completed
1653,122,244,7,40,2024-08-09,6,328.77,0.2,Cash,Shipped
1654,905,69,7,40,2025-05-24,4,444.45,0.05,Cash,Cancelled
1655,1029,53,2,28,2025-07-03,5,459.8,0.0,Gift Card,Pending
1656,8,21,10,21,2024-02-01,3,407.45,0.0,Debit Card,Completed
1657,896,92,1,36,2025-03-24,5,665.8,0.0,Debit Card,Completed
1658,797,131,3,43,2024-12-08,3,582.03,0.05,Debit Card,Completed
1659,946,133,1,22,2023-03-22,6,321.54,0.05,Cash,Completed
1660,1055,176,2,45,2023-10-28,6,171.51,0.0,Gift Card,Shipped
1661,754,63,7,40,2023-09-14,3,63.8,0.15,Gift Card,Completed
1662,1216,13,13,49,2023-05-07,6,127.76,0.2,Debit Card,Cancelled
1663,1230,107,7,40,2024-02-02,2,247.26,0.05,Debit Card,Returned
1664,266,77,4,34,2025-12-27,6,442.92,0.05,PayPal,Completed
1665,287,113,4,34,2025-10-15,6,438.2,0.0,Cash,Completed
1666,426,53,13,49,2023-03-14,2,459.8,0.2,Gift Card,Completed
1667,15,279,14,8,2024-10-01,2,281.48,0.15,Cash,Completed
1668,419,229,15,5,2023-01-23,3,321.97,0.0,Debit Card,Completed
1669,403,64,15,44,2025-11-19,3,566.62,0.0,Credit Card,Returned
1670,1323,250,3,31,2023-01-26,3,120.54,0.05,Gift Card,Completed
1671,1542,59,2,37,2025-09-04,4,239.55,0.1,PayPal,Returned
1672,606,190,1,50,2024-12-28,6,292.3,0.2,Credit Card,Completed
1673,1364,277,6,14,2024-03-31,4,320.72,0.1,Gift Card,Completed
1674,662,106,5,1,2023-10-25,6,127.35,0.2,Debit Card,Pending
1675,878,268,11,33,2025-12-20,2,252.86,0.0,PayPal,Completed
1676,1302,293,9,25,2023-03-19,2,54.25,0.1,PayPal,Pending
1677,960,266,15,27,2024-03-21,6,140.34,0.0,Cash,Completed
1678,338,49,1,36,2025-11-10,5,148.66,0.2,Cash,Returned
1679,1597,42,13,42,2023-03-03,2,483.01,0.0,Gift Card,Completed
1680,1796,269,7,40,2025-04-09,6,260.22,0.15,Gift Card,Completed
1681,458,153,11,12,2025-10-09,4,238.04,0.05,Cash,Completed
1682,506,73,14,47,2025-01-03,6,68.44,0.1,Credit Card,Completed
1683,686,95,4,35,2024-09-27,2,435.89,0.2,Gift Card,Pending
1684,212,167,3,20,2024-12-22,4,87.74,0.0,Cash,Pending
1685,1386,213,4,35,2024-04-11,5,64.0,0.1,PayPal,Shipped
1686,15,103,6,14,2024-12-13,6,220.08,0.0,Cash,Returned
1687,407,39,7,40,2025-08-20,1,340.31,0.1,Debit Card,Pending
1688,307,47,1,22,2023-02-02,6,126.89,0.0,Debit Card,Pending
1689,454,86,7,40,2024-12-19,6,302.91,0.2,Debit Card,Pending
1690,1694,96,12,17,2023-12-15,2,595.96,0.0,Cash,Pending
1691,1226,34,10,6,2025-05-22,6,71.12,0.05,Credit Card,Completed
1692,69,6,10,4,2024-09-11,5,628.51,0.1,Gift Card,Returned
1693,47,227,12,17,2024-03-01,6,225.3,0.0,Cash,Returned
1694,1585,286,5,23,2024-02-09,6,217.06,0.05,PayPal,Cancelled
1695,188,248,6,14,2025-06-01,1,230.55,0.2,PayPal,Completed
1696,199,213,4,34,2024-08-22,6,64.0,0.15,PayPal,Cancelled
1697,585,180,2,3,2025-10-02,2,177.87,0.15,Gift Card,Shipped
1698,523,253,7,40,2024-03-13,6,101.3,0.0,PayPal,Pending
1699,1525,167,15,5,2023-09-25,5,87.74,0.1,Cash,Completed
1700,707,45,7,40,2024-01-27,4,107.36,0.1,Gift Card,Shipped
1701,1216,271,8,19,2025-10-26,2,316.69,0.05,Debit Card,Shipped
1702,727,23,14,47,2025-04-05,5,298.77,0.0,PayPal,Completed
1703,324,166,1,50,2023-04-29,2,172.27,0.0,PayPal,Completed
1704,575,202,14,47,2023-12-05,2,211.09,0.0,Cash,Completed
1705,831,169,5,48,2023-12-29,2,446.78,0.2,Cash,Completed
1706,1685,121,7,2,2025-10-30,4,13.34,0.0,PayPal,Completed
1707,430,170,9,25,2024-09-27,4,260.29,0.1,Gift Card,Shipped
1708,1853,154,7,2,2023-05-01,2,214.32,0.05,Cash,Returned
1709,942,221,8,24,2023-09-08,6,183.32,0.15,Gift Card,Completed
1710,364,60,2,28,2024-11-23,2,307.03,0.15,Cash,Returned
1711,1455,258,6,14,2023-05-24,6,270.37,0.1,Credit Card,Completed
1712,252,161,13,42,2025-12-03,2,322.86,0.0,Debit Card,Cancelled
1713,1464,206,14,47,2023-01-03,1,367.62,0.2,PayPal,Completed
1714,1535,1,6,14,2023-02-23,2,31.01,0.1,Gift Card,Cancelled
1715,24,55,4,35,2023-03-05,1,17.81,0.0,Cash,Shipped
1716,194,278,14,47,2023-07-09,3,98.31,0.1,Gift Card,Completed
1717,1656,47,12,17,2024-08-27,5,126.89,0.1,Debit Card,Completed
1718,1281,192,15,18,2023-03-16,3,29.92,0.0,PayPal,Completed
1719,1707,296,2,28,2025-04-23,5,81.85,0.05,PayPal,Completed
1720,158,248,7,40,2023-01-16,5,230.55,0.0,PayPal,Shipped
1721,1743,105,3,43,2023-11-30,5,500.45,0.15,Credit Card,Cancelled
1722,208,217,8,39,2023-06-21,2,80.74,0.1,Debit Card,Completed
1723,153,100,14,8,2024-07-26,5,447.11,0.0,Debit Card,Completed
1724,85,27,1,41,2024-03-12,4,565.88,0.2,Gift Card,Completed
1725,1070,285,8,24,2024-12-15,6,313.87,0.05,PayPal,Shipped
1726,819,55,1,50,2023-05-20,6,17.81,0.0,Debit Card,Returned
1727,1331,118,12,10,2023-05-02,4,145.14,0.1,Credit Card,Cancelled
1728,1005,48,7,40,2023-12-11,5,397.65,0.05,Credit Card,Completed
1729,1842,63,9,25,2023-09-27,6,63.8,0.15,PayPal,Completed
1730,401,31,14,8,2024-01-08,3,179.93,0.0,PayPal,Pending
1731,122,220,12,10,2023-11-05,3,357.02,0.2,PayPal,Cancelled
1732,1733,11,7,2,2025-03-03,6,289.37,0.0,PayPal,Returned
1733,736,16,1,41,2024-12-05,1,561.32,0.0,Debit Card,Completed
1734,13,266,13,46,2023-09-08,4,140.34,0.2,Credit Card,Shipped
1735,1575,7,12,17,2024-06-02,3,279.59,0.15,Credit Card,Returned
1736,1437,39,15,27,2025-10-20,1,340.31,0.0,PayPal,Completed
1737,560,218,14,8,2024-10-28,3,95.1,0.0,Credit Card,Cancelled
1738,24,171,14,47,2025-10-24,1,293.86,0.05,Gift Card,Completed
1739,816,222,5,23,2024-03-27,6,412.69,0.1,PayPal,Cancelled
1740,998,133,11,7,2023-10-18,5,321.54,0.0,Cash,Completed
1741,1268,9,3,43,2024-08-17,5,307.63,0.0,Gift Card,Pending
1742,367,162,15,18,2024-01-26,6,532.97,0.2,Gift Card,Shipped
1743,1239,44,7,40,2024-12-08,1,317.68,0.05,Gift Card,Shipped
1744,1291,206,3,43,2023-09-10,4,367.62,0.0,PayPal,Returned
1745,276,199,6,9,2023-09-23,5,314.59,0.2,Gift Card,Pending
1746,1554,200,2,3,2025-03-03,2,214.09,0.2,Gift Card,Returned
1747,632,268,1,36,2023-09-19,3,252.86,0.2,PayPal,Returned
1748,990,24,10,29,2023-09-13,4,129.26,0.0,Debit Card,Returned
1749,1528,252,14,47,2024-08-27,1,163.4,0.0,Cash,Completed
1750,1950,68,14,47,2024-02-27,1,15.0,0.15,Cash,Completed
1751,368,104,3,31,2024-11-27,6,61.42,0.05,Credit Card,Completed
1752,1527,268,9,38,2024-09-24,5,252.86,0.05,Gift Card,Completed
1753,742,29,3,20,2024-11-26,1,197.73,0.15,Debit Card,Cancelled
1754,1572,45,6,9,2024-01-21,6,107.36,0.0,Cash,Shipped
1755,35,169,15,18,2024-04-15,3,446.78,0.15,Debit Card,Completed
1756,1487,64,3,20,2023-01-14,5,566.62,0.0,PayPal,Completed
1757,1821,116,5,23,2023-08-12,3,365.71,0.15,Cash,Completed
1758,1654,276,14,8,2025-09-21,5,394.14,0.0,Debit Card,Shipped
1759,954,247,11,33,2023-11-06,3,58.54,0.0,Credit Card,Completed
1760,875,272,15,5,2023-10-29,2,596.66,0.0,Gift Card,Completed
1761,1029,56,10,4,2023-02-01,1,176.55,0.2,Debit Card,Returned
1762,334,210,14,47,2024-12-05,5,77.07,0.2,Debit Card,Returned
1763,741,259,11,12,2025-08-27,4,395.59,0.0,Debit Card,Cancelled
1764,1572,154,7,2,2025-10-25,5,214.32,0.1,Debit Card,Completed
1765,1688,77,12,11,2024-10-06,3,442.92,0.0,Debit Card,Completed
1766,415,168,11,12,2023-08-28,1,303.92,0.05,PayPal,Completed
1767,95,128,1,41,2024-05-30,3,257.64,0.0,PayPal,Completed
1768,383,262,12,17,2025-08-24,2,392.06,0.0,Gift Card,Shipped
1769,892,195,7,40,2025-02-14,6,165.25,0.0,PayPal,Completed
1770,613,165,9,38,2025-10-22,4,216.64,0.0,Credit Card,Completed
1771,642,107,11,12,2023-05-28,6,247.26,0.2,Gift Card,Completed
1772,1238,98,9,38,2023-07-30,3,263.06,0.2,Gift Card,Completed
1773,1345,18,3,20,2025-09-11,3,383.42,0.15,Cash,Completed
1774,451,2,13,42,2023-09-07,1,35.98,0.2,Credit Card,Returned
1775,729,73,5,23,2025-02-21,3,68.44,0.0,Cash,Pending
1776,438,36,5,1,2025-09-07,1,480.04,0.2,Cash,Completed
1777,1677,125,4,26,2024-07-20,5,152.14,0.05,PayPal,Completed
1778,59,48,7,40,2023-02-21,1,397.65,0.15,Cash,Completed
1779,618,255,4,34,2025-01-16,6,118.85,0.15,PayPal,Cancelled
1780,1284,36,12,11,2025-12-22,1,480.04,0.2,PayPal,Pending
1781,1942,67,7,2,2023-08-25,3,138.29,0.1,Gift Card,Completed
1782,446,234,10,21,2025-06-14,2,314.58,0.1,Gift Card,Completed
1783,1195,24,15,16,2024-03-07,2,129.26,0.0,Debit Card,Completed
1784,1784,165,3,20,2024-06-24,5,216.64,0.0,Credit Card,Pending
1785,424,61,5,23,2024-10-01,6,172.42,0.15,Gift Card,Completed
1786,635,236,9,38,2025-08-23,6,209.86,0.2,Cash,Pending
1787,37,114,1,50,2025-04-04,4,356.17,0.05,Gift Card,Cancelled
1788,1377,231,1,22,2025-02-12,6,52.2,0.0,PayPal,Completed
1789,247,93,14,8,2023-09-18,1,380.69,0.1,PayPal,Completed
1790,985,285,7,2,2024-06-19,4,313.87,0.0,Cash,Returned
1791,1227,106,12,10,2024-02-09,1,127.35,0.0,PayPal,Cancelled
1792,1168,86,14,47,2023-03-17,4,302.91,0.05,Credit Card,Returned
1793,1113,181,15,16,2024-04-19,1,334.11,0.0,Cash,Completed
1794,422,175,11,12,2025-12-03,3,86.78,0.1,Credit Card,Completed
1795,1762,222,9,38,2024-12-20,3,412.69,0.0,Credit Card,Completed
1796,1535,121,14,47,2025-08-15,500,13.34,0.15,Gift Card,Completed
1797,629,287,13,13,2024-04-06,4,173.87,0.0,Credit Card,Completed
1798,1489,174,12,11,2024-12-17,6,62.11,0.2,PayPal,Cancelled
1799,342,38,15,16,2024-05-20,4,142.98,0.1,Credit Card,Completed
1800,397,202,4,34,2024-11-20,2,211.09,0.05,Gift Card,Returned
1801,976,250,7,40,2025-01-19,5,120.54,0.0,PayPal,Cancelled
1802,428,159,7,2,2023-07-02,4,323.53,0.0,PayPal,Completed
1803,1587,285,6,9,2023-02-18,5,313.87,0.15,Debit Card,Shipped
1804,1751,67,7,40,2024-01-29,2,138.29,0.1,Gift Card,Completed
1805,236,187,14,47,2023-02-26,1,226.55,0.0,Credit Card,Completed
1806,218,172,4,35,2024-09-22,5,70.42,0.0,Cash,Shipped
1807,408,212,3,43,2024-05-29,4,26.85,0.1,Credit Card,Completed
1808,1237,7,5,48,2023-06-28,1,279.59,0.2,Credit Card,Returned
1809,1592,129,13,46,2025-07-31,6,267.03,0.1,Cash,Completed
1810,702,247,14,8,2024-04-04,5,58.54,0.15,Gift Card,Completed
1811,1923,294,8,39,2025-02-19,4,345.43,0.15,Gift Card,Completed
1812,75,300,8,19,2025-03-18,1,306.79,0.0,Debit Card,Completed
1813,886,157,8,19,2024-04-03,6,110.95,0.0,Cash,Completed
1814,1163,290,9,38,2025-06-17,2,30.66,0.0,PayPal,Cancelled
1815,1362,187,8,19,2025-01-11,6,226.55,0.05,Debit Card,Completed
1816,957,4,13,46,2023-08-31,1,355.19,0.15,Cash,Cancelled
1817,197,239,11,33,2025-10-19,2,337.62,0.15,Gift Card,Completed
1818,1041,175,1,50,2025-04-12,5,86.78,0.1,Credit Card,Returned
1819,1380,243,1,41,2024-02-15,3,523.63,0.1,Gift Card,Returned
1820,1699,109,14,47,2024-02-03,4,33.31,0.0,Gift Card,Shipped
1821,784,103,1,36,2023-11-04,4,220.08,0.15,Cash,Returned
1822,1656,136,10,29,2024-11-16,6,266.29,0.15,Gift Card,Returned
1823,1678,299,10,21,2024-06-26,4,150.33,0.15,Cash,Completed
1824,564,227,6,9,2024-06-01,3,225.3,0.15,Debit Card,Completed
1825,1587,187,5,1,2024-05-09,4,226.55,0.05,PayPal,Completed
1826,1146,140,11,7,2025-12-09,3,257.08,0.0,Cash,Shipped
1827,486,226,15,5,2024-12-16,1,522.95,0.2,PayPal,Pending
1828,471,273,1,41,2024-03-18,2,265.88,0.15,Gift Card,Cancelled
1829,383,62,10,6,2024-05-22,4,539.25,0.1,Cash,Returned
1830,88,142,12,17,2023-03-01,4,306.71,0.0,Debit Card,Pending
1831,179,181,1,41,2023-01-03,6,334.11,0.05,Debit Card,Completed
1832,1718,16,13,42,2024-10-05,1,561.32,0.0,Gift Card,Completed
1833,1781,273,6,9,2025-07-14,6,265.88,0.1,Debit Card,Returned
1834,1894,203,4,34,2025-08-14,3,511.82,0.15,Cash,Returned
1835,1769,222,12,11,2023-03-18,2,412.69,0.0,Gift Card,Completed
1836,1269,243,4,35,2024-06-25,1,523.63,0.0,Credit Card,Completed
1837,581,36,12,17,2023-04-20,1,480.04,0.0,Gift Card,Completed
1838,990,274,7,2,2023-08-14,6,57.88,0.2,Credit Card,Cancelled
1839,1061,135,7,40,2025-08-03,4,126.8,0.1,Debit Card,Pending
1840,484,12,9,25,2025-05-24,1,582.22,0.0,Debit Card,Shipped
1841,916,191,15,16,2024-07-06,6,519.67,0.05,Cash,Completed
1842,1370,94,1,41,2025-04-19,1,325.59,0.0,Credit Card,Pending
1843,1763,271,12,11,2025-08-21,3,316.69,0.05,Credit Card,Pending
1844,1304,278,8,19,2023-09-03,2,98.31,0.1,Debit Card,Completed
1845,818,49,15,32,2024-03-23,5,148.66,0.0,Debit Card,Completed
1846,520,187,8,24,2025-12-02,6,226.55,0.0,Debit Card,Completed
1847,1916,257,8,24,2025-07-02,1,29.22,0.0,Gift Card,Completed
1848,1554,23,10,4,2025-04-08,6,298.77,0.0,Credit Card,Completed
1849,548,21,14,47,2025-10-12,1,407.45,0.05,PayPal,Completed
1850,618,226,11,33,2025-12-23,5,522.95,0.0,Debit Card,Completed
1851,1724,180,5,48,2025-08-05,2,177.87,0.05,Cash,Cancelled
1852,15,150,12,17,2024-06-21,5,157.31,0.0,Debit Card,Pending
1853,1259,6,9,25,2024-01-23,1,628.51,0.2,PayPal,Pending
1854,1622,200,14,8,2024-06-08,2,214.09,0.15,Gift Card,Completed
1855,1064,167,8,39,2025-10-26,3,87.74,0.0,Credit Card,Shipped
1856,1521,111,9,38,2023-02-19,2,123.3,0.0,Gift Card,Completed
1857,893,3,11,12,2024-12-01,5,507.54,0.1,Credit Card,Completed
1858,326,106,12,11,2023-03-19,2,127.35,0.1,Gift Card,Returned
1859,44,85,4,26,2024-05-18,3,347.38,0.2,Cash,Returned
1860,502,16,5,1,2025-06-20,5,561.32,0.15,Cash,Completed
1861,1648,93,5,1,2025-08-06,2,380.69,0.0,Credit Card,Completed
1862,1248,183,3,43,2024-03-16,1,70.12,0.1,Credit Card,Cancelled
1863,263,103,1,41,2023-06-10,6,220.08,0.1,Credit Card,Completed
1864,1912,265,13,46,2023-09-16,1,348.49,0.0,Credit Card,Completed
1865,1864,29,10,6,2024-12-10,3,197.73,0.15,Debit Card,Pending
1866,736,228,15,27,2025-09-21,5,247.35,0.05,PayPal,Completed
1867,1928,77,13,49,2024-07-08,6,442.92,0.0,Debit Card,Cancelled
1868,768,44,9,25,2023-11-18,6,317.68,0.0,Gift Card,Completed
1869,1745,68,15,16,2024-12-28,1,15.0,0.1,Debit Card,Cancelled
1870,748,240,14,47,2025-05-07,5,196.7,0.2,Cash,Completed
1871,1212,22,15,16,2024-05-14,1,90.87,0.1,PayPal,Completed
1872,1731,156,7,40,2024-06-20,6,64.7,0.1,Gift Card,Pending
1873,31,151,2,37,2025-11-15,5,61.55,0.15,Cash,Completed
1874,1046,293,12,10,2023-10-06,6,54.25,0.0,Gift Card,Shipped
1875,85,122,12,11,2024-11-11,4,203.86,0.1,Cash,Cancelled
1876,1232,108,13,42,2025-01-24,3,603.53,0.1,Credit Card,Completed
1877,1360,79,9,25,2025-07-03,4,143.89,0.2,Cash,Cancelled
1878,1286,255,8,24,2025-10-06,3,118.85,0.0,Cash,Completed
1879,241,65,5,48,2024-03-20,5,543.26,0.05,Cash,Completed
1880,1664,128,12,17,2025-09-15,5,257.64,0.05,Credit Card,Completed
1881,1456,146,8,19,2024-11-08,5,309.25,0.0,PayPal,Shipped
1882,853,237,12,17,2024-06-27,6,159.44,0.2,Gift Card,Completed
1883,405,289,7,2,2024-11-29,6,246.14,0.2,Credit Card,Pending
1884,746,114,3,31,2024-12-04,2,356.17,0.2,Gift Card,Pending
1885,1279,11,8,24,2025-02-08,3,289.37,0.0,Debit Card,Completed
1886,1392,248,8,19,2025-03-24,3,230.55,0.0,Cash,Completed
1887,1943,58,14,47,2024-02-18,3,76.76,0.0,Credit Card,Pending
1888,580,187,1,41,2024-11-19,3,226.55,0.0,PayPal,Cancelled
1889,1892,223,6,14,2024-01-19,1,162.74,0.05,Debit Card,Completed
1890,1433,213,6,14,2025-04-29,5,64.0,0.0,Credit Card,Cancelled
1891,1189,47,5,48,2023-03-03,5,126.89,0.05,Cash,Completed
1892,971,46,4,26,2025-01-28,3,393.27,0.15,PayPal,Pending
1893,192,297,6,9,2025-07-24,5,334.26,0.0,Gift Card,Completed
1894,1817,24,9,38,2024-05-11,1,129.26,0.15,Credit Card,Returned
1895,1324,13,9,38,2023-06-30,1,127.76,0.0,PayPal,Cancelled
1896,161,48,4,35,2023-08-10,3,397.65,0.2,Debit Card,Completed
1897,832,146,1,36,2023-04-10,1,309.25,0.1,Debit Card,Completed
1898,1927,293,12,10,2025-06-06,2,54.25,0.05,Debit Card,Completed
1899,1364,121,15,5,2025-07-05,5,13.34,0.0,PayPal,Completed
1900,1082,153,9,25,2024-08-03,4,238.04,0.1,Gift Card,Completed
1901,886,207,13,46,2024-05-23,6,245.28,0.0,Credit Card,Completed
1902,613,263,9,25,2023-07-09,2,47.7,0.0,Gift Card,Completed
1903,985,143,7,40,2023-11-01,4,511.76,0.0,Credit Card,Shipped
1904,1328,287,5,23,2024-02-02,6,173.87,0.2,Gift Card,Completed
1905,833,123,10,29,2025-06-24,5,203.09,0.2,PayPal,Cancelled
1906,909,155,2,45,2024-07-12,5,232.62,0.1,Cash,Completed
1907,1360,46,7,40,2024-09-18,3,393.27,0.05,PayPal,Completed
1908,511,48,10,21,2024-10-31,3,397.65,0.2,Gift Card,Returned
1909,296,101,5,48,2024-07-25,1,314.94,0.0,PayPal,Returned
1910,1735,285,13,13,2025-02-07,3,313.87,0.2,Gift Card,Returned
1911,1964,63,7,2,2024-01-08,2,63.8,0.1,Debit Card,Completed
1912,1291,70,11,33,2024-06-29,4,42.41,0.1,Debit Card,Pending
1913,464,240,3,20,2024-03-01,2,196.7,0.05,Credit Card,Shipped
1914,418,264,7,2,2025-04-27,4,25.86,0.0,Gift Card,Cancelled
1915,106,136,9,25,2024-11-06,4,266.29,0.15,Gift Card,Cancelled
1916,1335,191,11,12,2025-07-31,5,519.67,0.05,Credit Card,Completed
1917,691,35,15,16,2023-09-27,4,53.95,0.15,Gift Card,Pending
1918,524,136,5,48,2024-03-15,4,266.29,0.0,Gift Card,Completed
1919,842,55,1,41,2024-06-06,4,17.81,0.0,Cash,Completed
1920,364,22,13,42,2023-05-06,3,90.87,0.0,PayPal,Completed
1921,513,234,7,40,2023-07-24,3,314.58,0.0,Debit Card,Completed
1922,1294,295,6,9,2023-07-09,5,647.12,0.1,Credit Card,Cancelled
1923,838,192,13,42,2023-07-27,2,29.92,0.0,PayPal,Cancelled
1924,1113,45,6,9,2024-06-22,2,107.36,0.0,PayPal,Completed
1925,1842,217,9,38,2025-04-21,6,80.74,0.0,Gift Card,Completed
1926,1417,25,11,33,2024-07-25,2,323.92,0.0,PayPal,Completed
1927,824,21,2,3,2025-11-01,1,407.45,0.15,Credit Card,Pending
1928,310,65,1,41,2023-06-16,5,543.26,0.0,Gift Card,Cancelled
1929,1341,152,15,44,2025-04-12,3,290.47,0.1,Cash,Completed
1930,969,10,14,8,2024-01-05,3,46.02,0.1,Credit Card,Returned
1931,442,163,2,37,2025-10-28,2,270.34,0.0,Credit Card,Shipped
1932,982,188,11,12,2023-09-10,2,448.74,0.0,Credit Card,Returned
1933,1838,72,1,36,2023-08-11,4,301.36,0.1,Cash,Pending
1934,1686,236,6,9,2023-08-14,3,209.86,0.05,Debit Card,Completed
1935,504,43,1,41,2023-09-16,4,121.68,0.0,Credit Card,Completed
1936,871,211,3,31,2024-12-20,1,199.85,0.0,Debit Card,Completed
1937,1853,212,7,2,2024-12-28,1,26.85,0.05,Cash,Completed
1938,680,174,8,24,2023-11-03,2,62.11,0.0,Gift Card,Completed
1939,1531,30,11,12,2023-10-22,4,544.88,0.15,Credit Card,Cancelled
1940,1822,183,1,22,2025-06-13,5,70.12,0.05,Gift Card,Completed
1941,654,237,10,4,2023-06-05,1,159.44,0.0,PayPal,Completed
1942,930,104,2,45,2024-01-05,2,61.42,0.0,PayPal,Completed
1943,1557,119,13,30,2023-02-04,6,63.82,0.2,Cash,Cancelled
1944,1504,299,9,38,2024-10-16,1,150.33,0.2,Cash,Returned
1945,1836,227,8,19,2024-08-30,2,225.3,0.0,PayPal,Completed
1946,303,139,4,26,2023-12-28,3,334.0,0.05,Cash,Cancelled
1947,1175,13,12,10,2023-10-20,6,127.76,0.0,Credit Card,Shipped
1948,662,157,14,8,2025-10-30,1,110.95,0.2,Credit Card,Cancelled
1949,390,146,1,36,2025-03-12,3,309.25,0.15,Debit Card,Completed
1950,1565,122,7,2,2023-01-14,3,203.86,0.05,Cash,Cancelled
1951,1435,28,4,34,2023-01-06,5,360.14,0.2,Credit Card,Shipped
1952,478,231,7,40,2025-07-08,1,52.2,0.15,Credit Card,Completed
1953,22,139,13,46,2025-06-21,1,334.0,0.0,Cash,Completed
1954,1790,87,12,17,2024-04-03,2,321.84,0.15,Credit Card,Pending
1955,1722,277,8,39,2025-02-05,4,320.72,0.1,Gift Card,Completed
1956,768,19,7,40,2024-12-27,4,332.56,0.15,PayPal,Completed
1957,1564,36,4,26,2023-04-28,6,480.04,0.0,PayPal,Cancelled
1958,1243,281,2,45,2024-01-23,2,125.56,0.15,Gift Card,Completed
1959,1822,193,10,6,2024-08-11,6,248.63,0.05,PayPal,Completed
1960,1481,154,10,21,2023-03-30,4,214.32,0.0,Cash,Shipped
1961,1516,172,14,8,2024-02-19,3,70.42,0.05,Gift Card,Completed
1962,1772,189,14,47,2023-01-14,5,399.71,0.0,Debit Card,Returned
1963,961,276,14,8,2024-10-18,4,394.14,0.0,Gift Card,Completed
1964,842,14,2,28,2023-09-21,6,379.66,0.15,Credit Card,Returned
1965,1050,11,2,45,2023-08-29,1,289.37,0.1,Gift Card,Completed
1966,1204,35,14,8,2024-07-24,5,53.95,0.0,Gift Card,Completed
1967,1787,101,1,22,2023-10-06,4,314.94,0.15,Debit Card,Returned
1968,706,269,9,25,2025-08-03,4,260.22,0.2,Gift Card,Pending
1969,174,143,13,13,2025-08-08,2,511.76,0.15,PayPal,Returned
1970,216,289,3,20,2024-11-18,6,246.14,0.2,Cash,Returned
1971,1975,252,7,2,2025-07-09,2,163.4,0.15,PayPal,Cancelled
1972,1425,289,6,14,2023-08-18,5,246.14,0.2,Debit Card,Completed
1973,1773,62,1,41,2024-02-24,3,539.25,0.05,PayPal,Completed
1974,1358,236,15,32,2024-08-01,6,209.86,0.1,Cash,Completed
1975,1016,183,1,22,2023-08-05,4,70.12,0.05,PayPal,Shipped
1976,388,186,7,40,2023-09-05,5,39.01,0.0,Gift Card,Completed
1977,537,261,12,11,2025-07-09,3,638.9,0.05,PayPal,Pending
1978,1769,171,4,34,2024-09-20,2,293.86,0.1,Cash,Completed
1979,1540,64,7,40,2023-12-28,1,566.62,0.2,PayPal,Completed
1980,1428,195,4,26,2024-06-04,4,165.25,0.15,Debit Card,Completed
1981,230,296,7,40,2023-07-02,5,81.85,0.05,Debit Card,Completed
1982,1390,20,6,9,2024-03-11,6,170.95,0.0,PayPal,Completed
1983,444,21,8,39,2024-10-19,6,407.45,0.05,PayPal,Completed
1984,766,119,13,46,2024-04-27,3,63.82,0.2,Debit Card,Cancelled
1985,110,70,7,2,2024-07-20,5,42.41,0.05,Gift Card,Shipped
1986,233,96,9,25,2023-11-19,6,595.96,0.1,Cash,Completed
1987,251,232,12,11,2024-04-17,5,316.8,0.0,Debit Card,Completed
1988,170,226,10,6,2025-07-31,5,522.95,0.05,Credit Card,Cancelled
1989,1163,142,13,30,2025-06-18,3,306.71,0.2,Cash,Completed
1990,1419,254,6,14,2025-09-15,5,307.61,0.0,Cash,Pending
1991,1874,65,4,26,2024-09-08,2,543.26,0.0,Debit Card,Cancelled
1992,1030,40,6,9,2023-05-21,6,408.98,0.0,Cash,Pending
1993,1844,236,1,36,2023-11-20,3,209.86,0.1,Debit Card,Completed
1994,924,181,7,40,2025-05-05,2,334.11,0.1,Debit Card,Shipped
1995,206,209,4,35,2025-02-12,4,193.95,0.0,Cash,Cancelled
1996,1173,140,1,50,2024-04-11,5,257.08,0.15,Cash,Shipped
1997,124,35,13,13,2023-02-02,3,53.95,0.0,PayPal,Pending
1998,1275,99,8,24,2024-12-15,5,384.25,0.0,Credit Card,Completed
1999,1035,280,2,3,2025-05-01,5,59.78,0.1,Debit Card,Completed
2000,1201,126,3,43,2025-01-27,4,333.86,0.0,PayPal,Completed
2001,1819,40,5,48,2023-07-26,1,408.98,0.0,Credit Card,Pending
2002,614,235,14,8,2025-01-26,4,265.0,0.0,Gift Card,Completed
2003,331,197,5,48,2024-01-19,3,82.36,0.2,Cash,Cancelled
2004,334,2,5,23,2023-12-31,2,35.98,0.0,Gift Card,Shipped
2005,296,128,10,6,2024-08-05,1,257.64,0.05,Gift Card,Completed
2006,605,118,4,35,2024-07-19,4,145.14,0.05,PayPal,Completed
2007,1707,133,15,16,2025-08-25,6,321.54,0.0,Gift Card,Completed
2008,1898,293,1,36,2025-12-12,1,54.25,0.0,PayPal,Pending
2009,222,201,13,42,2024-01-24,3,307.14,0.0,Cash,Completed
2010,175,91,11,33,2023-01-01,2,406.77,0.0,Credit Card,Shipped
2011,818,35,8,24,2025-02-23,5,53.95,0.0,Gift Card,Cancelled
2012,1700,44,5,48,2025-12-18,3,317.68,0.0,Debit Card,Completed
2013,404,223,4,35,2025-03-13,3,162.74,0.15,Debit Card,Completed
2014,1926,35,9,38,2024-11-04,6,53.95,0.2,PayPal,Cancelled
2015,1325,51,2,45,2025-02-03,6,190.91,0.05,PayPal,Completed
2016,364,156,1,41,2024-01-01,2,64.7,0.0,Credit Card,Completed
2017,328,293,11,12,2024-07-07,5,54.25,0.0,Credit Card,Shipped
2018,1539,44,5,1,2024-03-19,5,317.68,0.0,PayPal,Returned
2019,1189,62,10,6,2024-08-05,2,539.25,0.05,Debit Card,Cancelled
2020,1698,84,1,22,2023-03-04,1,38.26,0.05,Credit Card,Shipped
2021,1269,260,3,20,2024-09-11,6,172.37,0.0,PayPal,Returned
2022,826,187,9,38,2024-08-31,5,226.55,0.0,Gift Card,Completed
2023,256,127,3,43,2025-02-28,4,90.5,0.15,PayPal,Cancelled
2024,640,140,2,45,2023-09-11,3,257.08,0.0,Credit Card,Completed
2025,1828,49,9,25,2023-07-21,2,148.66,0.0,Debit Card,Cancelled
2026,736,207,4,26,2025-12-28,2,245.28,0.0,PayPal,Completed
2027,1993,7,5,48,2023-09-14,2,279.59,0.15,Gift Card,Shipped
2028,977,42,3,31,2024-05-12,2,483.01,0.0,Cash,Completed
2029,326,124,4,34,2025-05-18,4,311.92,0.2,Gift Card,Completed
2030,61,160,8,24,2023-10-03,5,466.97,0.15,PayPal,Completed
2031,1011,219,13,49,2025-03-20,4,243.18,0.0,PayPal,Completed
2032,997,69,12,11,2023-06-03,1,444.45,0.05,Debit Card,Cancelled
2033,1727,27,13,42,2023-02-11,2,565.88,0.2,Credit Card,Completed
2034,759,38,15,44,2023-02-08,6,142.98,0.15,Debit Card,Pending
2035,1648,71,5,23,2024-12-06,4,251.36,0.0,Credit Card,Shipped
2036,1216,92,7,2,2025-09-21,4,665.8,0.2,PayPal,Completed
2037,1433,95,9,38,2024-03-25,5,435.89,0.15,PayPal,Completed
2038,1181,98,3,43,2025-02-19,6,263.06,0.0,Gift Card,Completed
2039,1057,11,9,38,2025-09-06,6,289.37,0.0,Debit Card,Shipped
2040,722,234,11,7,2024-04-18,1,314.58,0.1,PayPal,Cancelled
2041,1681,42,4,26,2025-05-23,6,483.01,0.1,Credit Card,Completed
2042,653,128,11,7,2024-10-01,6,257.64,0.05,Cash,Completed
2043,1751,2,1,50,2025-10-12,4,35.98,0.0,PayPal,Completed
2044,1160,145,9,38,2025-03-29,2,328.64,0.2,Gift Card,Cancelled
2045,1443,213,7,40,2023-09-14,1,64.0,0.0,Cash,Completed
2046,735,38,15,27,2024-06-10,5,142.98,0.0,Cash,Cancelled
2047,334,190,12,10,2024-11-12,2,292.3,0.2,Credit Card,Completed
2048,1255,35,12,11,2024-12-19,5,53.95,0.05,Cash,Completed
2049,54,211,2,3,2025-10-16,3,199.85,0.0,Debit Card,Completed
2050,470,206,14,47,2024-12-29,1,367.62,0.2,Credit Card,Cancelled
2051,1007,122,5,1,2025-10-14,2,203.86,0.0,Cash,Completed
2052,1774,250,3,31,2025-10-25,4,120.54,0.2,Debit Card,Completed
2053,1390,89,15,44,2024-03-19,6,248.83,0.2,Debit Card,Completed
2054,904,33,9,25,2025-12-13,6,422.83,0.15,Cash,Completed
2055,1382,227,14,47,2024-10-17,2,225.3,0.2,Credit Card,Completed
2056,904,163,15,15,2025-05-16,2,270.34,0.2,Debit Card,Pending
2057,627,106,2,3,2024-05-03,1,127.35,0.0,Debit Card,Returned
2058,1673,222,4,26,2024-11-15,5,412.69,0.0,Credit Card,Completed
2059,196,261,4,35,2023-02-08,2,638.9,0.15,Cash,Returned
2060,1465,48,9,38,2023-03-18,1,397.65,0.0,PayPal,Completed
2061,156,130,3,31,2023-02-18,5,293.35,0.0,Credit Card,Pending
2062,537,217,3,43,2023-05-09,4,80.74,0.15,PayPal,Pending
2063,1624,99,8,39,2024-01-12,1,384.25,0.0,Credit Card,Pending
2064,263,11,4,35,2024-07-27,2,289.37,0.15,Gift Card,Shipped
2065,1484,105,5,1,2024-09-20,3,500.45,0.0,Credit Card,Completed
2066,136,24,7,40,2023-02-12,3,129.26,0.2,Credit Card,Returned
2067,1289,150,2,3,2023-08-15,2,157.31,0.0,Cash,Completed
2068,1967,234,6,14,2024-09-13,2,314.58,0.0,Debit Card,Pending
2069,262,119,11,33,2025-01-01,4,63.82,0.2,Debit Card,Pending
2070,1002,194,11,7,2023-06-07,6,35.78,0.1,PayPal,Pending
2071,1686,233,15,44,2025-10-02,4,400.32,0.05,Cash,Pending
2072,446,257,14,8,2025-09-10,4,29.22,0.15,Debit Card,Completed
2073,1243,275,13,30,2023-06-22,5,255.49,0.1,PayPal,Completed
2074,1303,83,8,39,2023-03-27,3,347.94,0.1,Debit Card,Pending
2075,740,60,1,41,2024-06-01,3,307.03,0.0,PayPal,Returned
2076,1322,234,13,13,2024-04-02,3,314.58,0.0,Gift Card,Completed
2077,1596,160,10,29,2023-03-24,2,466.97,0.15,Cash,Completed
2078,1649,164,15,18,2025-11-10,2,117.71,0.1,PayPal,Completed
2079,489,201,11,12,2023-10-15,1,307.14,0.0,Cash,Shipped
2080,1572,121,10,6,2024-01-10,4,13.34,0.0,Cash,Cancelled
2081,467,265,1,50,2024-10-05,4,348.49,0.05,Debit Card,Completed
2082,1974,39,1,50,2024-12-28,5,340.31,0.15,Debit Card,Shipped
2083,736,179,1,41,2024-11-20,6,63.58,0.0,Cash,Shipped
2084,1740,19,15,44,2025-07-10,5,332.56,0.15,Gift Card,Returned
2085,1982,258,8,39,2025-12-12,5,270.37,0.0,Credit Card,Completed
2086,1517,20,13,13,2025-07-21,2,170.95,0.15,Cash,Completed
2087,1013,35,1,41,2023-09-13,2,53.95,0.0,Credit Card,Returned
2088,752,252,12,11,2023-02-01,3,163.4,0.0,Cash,Completed
2089,838,248,9,38,2023-06-17,5,230.55,0.05,Cash,Shipped
2090,259,150,3,31,2024-09-07,4,157.31,0.0,PayPal,Shipped
2091,963,43,9,38,2023-08-24,1,121.68,0.0,Gift Card,Pending
2092,473,125,13,13,2023-11-18,1,152.14,0.15,Cash,Shipped
2093,950,126,4,26,2023-10-03,3,333.86,0.2,Gift Card,Returned
2094,1160,248,13,49,2024-06-09,5,230.55,0.2,Debit Card,Completed
2095,535,117,11,7,2025-11-17,4,77.12,0.05,Cash,Completed
2096,581,240,7,2,2023-02-15,3,196.7,0.2,Credit Card,Completed
2097,393,31,15,32,2023-07-10,5,179.93,0.05,Debit Card,Shipped
2098,172,136,3,20,2025-01-01,6,266.29,0.05,Credit Card,Cancelled
2099,341,238,9,25,2025-01-22,5,196.9,0.0,Credit Card,Pending
2100,556,124,1,36,2025-07-31,3,311.92,0.0,Cash,Completed
2101,1651,241,15,18,2024-08-29,1,108.19,0.2,Debit Card,Cancelled
2102,646,47,7,2,2023-11-14,1,126.89,0.2,Cash,Cancelled
2103,233,14,2,3,2023-10-09,1,379.66,0.05,Gift Card,Completed
2104,1510,206,2,28,2024-02-22,1,367.62,0.2,Cash,Completed
2105,362,39,14,8,2024-09-25,3,340.31,0.0,Gift Card,Returned
2106,1533,188,11,7,2024-02-14,5,448.74,0.0,Cash,Completed
2107,246,64,13,46,2025-04-18,1,566.62,0.15,PayPal,Cancelled
2108,554,73,10,21,2025-04-26,6,68.44,0.0,Cash,Shipped
2109,899,163,6,9,2023-11-12,2,270.34,0.15,Credit Card,Cancelled
2110,553,298,9,25,2024-09-28,1,202.95,0.0,Debit Card,Completed
2111,1137,190,4,34,2024-04-16,3,292.3,0.1,Debit Card,Completed
2112,1911,171,11,33,2023-12-18,1,293.86,0.0,Gift Card,Completed
2113,1788,255,6,9,2025-11-07,6,118.85,0.15,Debit Card,Pending
2114,1615,151,6,14,2023-09-27,3,61.55,0.0,Gift Card,Shipped
2115,989,130,8,24,2024-08-07,3,293.35,0.1,Cash,Returned
2116,503,18,13,49,2024-09-18,4,383.42,0.0,Credit Card,Completed
2117,792,291,7,2,2025-12-25,2,9.1,0.05,PayPal,Shipped
2118,1967,235,7,2,2025-01-15,3,265.0,0.2,Gift Card,Completed
2119,467,288,8,39,2024-12-21,3,367.22,0.15,Credit Card,Returned
2120,287,63,10,4,2023-02-15,3,63.8,0.0,Debit Card,Pending
2121,519,182,14,47,2024-02-10,5,543.63,0.05,Credit Card,Completed
2122,124,294,13,46,2024-03-31,2,345.43,0.2,Gift Card,Shipped
2123,1155,74,1,50,2025-03-24,2,292.63,0.0,Gift Card,Completed
2124,255,202,5,1,2023-04-27,2,211.09,0.0,Credit Card,Cancelled
2125,1536,300,11,7,2024-08-31,2,306.79,0.15,Cash,Shipped
2126,1141,294,3,31,2025-01-02,2,345.43,0.15,Gift Card,Completed
2127,1212,136,2,45,2025-04-28,6,266.29,0.0,Cash,Cancelled
2128,1457,182,10,21,2025-07-23,6,543.63,0.1,Debit Card,Completed
2129,396,56,8,39,2025-10-06,6,176.55,0.2,Debit Card,Shipped
2130,219,271,8,39,2024-04-13,2,316.69,0.2,Cash,Completed
2131,331,110,15,5,2024-03-03,4,570.1,0.2,Gift Card,Completed
2132,946,210,7,2,2024-07-08,6,77.07,0.0,Credit Card,Shipped
2133,1891,200,5,48,2024-11-19,1,214.09,0.0,PayPal,Completed
2134,1034,41,7,2,2023-09-09,1,441.65,0.0,Debit Card,Completed
2135,1090,83,12,10,2023-03-19,4,347.94,0.2,Cash,Shipped
2136,348,270,10,21,2023-10-04,4,17.58,0.2,Gift Card,Returned
2137,374,106,8,24,2024-03-06,3,127.35,0.15,Debit Card,Shipped
2138,470,234,15,44,2024-02-01,6,314.58,0.2,Gift Card,Completed
2139,1246,215,9,25,2024-01-19,1,108.22,0.2,Credit Card,Cancelled
2140,283,195,1,22,2023-01-03,4,165.25,0.05,Credit Card,Completed
2141,1831,129,5,1,2025-12-04,5,267.03,0.15,Cash,Returned
2142,140,185,4,34,2024-12-31,1,357.71,0.0,Debit Card,Cancelled
2143,135,285,1,36,2025-07-17,2,313.87,0.0,Credit Card,Cancelled
2144,430,120,8,39,2025-08-14,4,346.06,0.2,Credit Card,Completed
2145,976,99,3,43,2024-07-17,1,384.25,0.15,PayPal,Shipped
2146,1831,82,6,9,2025-07-18,6,166.87,0.0,PayPal,Completed
2147,1115,10,3,31,2023-01-01,5,46.02,0.0,Debit Card,Pending
2148,1149,245,3,20,2023-06-24,2,328.64,0.2,PayPal,Completed
2149,712,93,10,21,2024-05-17,5,380.69,0.15,PayPal,Cancelled
2150,270,121,7,2,2024-03-05,1,13.34,0.2,PayPal,Cancelled
2151,1831,265,15,44,2025-08-09,3,348.49,0.0,Cash,Pending
2152,61,102,8,39,2023-12-09,5,455.19,0.1,Gift Card,Completed
2153,1815,145,14,8,2023-05-18,4,328.64,0.0,Debit Card,Completed
2154,250,114,13,42,2023-02-19,1,356.17,0.05,Gift Card,Returned
2155,1057,249,11,12,2024-10-26,3,471.0,0.15,Credit Card,Cancelled
2156,1178,50,10,21,2024-09-13,3,564.26,0.0,PayPal,Shipped
2157,361,128,14,47,2025-03-11,4,257.64,0.1,Gift Card,Shipped
2158,365,257,3,31,2025-05-29,3,29.22,0.0,Cash,Completed
2159,81,158,13,30,2024-04-07,6,324.07,0.1,Cash,Shipped
2160,1397,133,15,5,2025-04-01,2,321.54,0.0,Gift Card,Pending
2161,397,152,5,48,2024-02-17,5,290.47,0.0,Gift Card,Completed
2162,920,132,13,46,2023-03-10,4,127.63,0.1,PayPal,Returned
2163,1092,162,9,38,2025-07-03,3,532.97,0.1,Credit Card,Completed
2164,1323,224,1,50,2025-07-26,6,190.7,0.0,Cash,Returned
2165,1280,121,2,45,2025-07-10,5,13.34,0.1,Debit Card,Cancelled
2166,108,38,8,24,2023-11-24,2,142.98,0.2,Gift Card,Completed
2167,730,268,12,11,2023-10-29,3,252.86,0.0,PayPal,Pending
2168,902,2,1,41,2024-08-22,1,35.98,0.05,Gift Card,Completed
2169,1643,261,6,9,2025-07-04,3,638.9,0.05,Gift Card,Completed
2170,1849,72,15,32,2023-04-13,2,301.36,0.15,Gift Card,Completed
2171,1590,255,4,34,2023-08-30,2,118.85,0.0,Gift Card,Returned
2172,317,128,3,20,2023-01-10,1,257.64,0.1,Gift Card,Cancelled
2173,1767,295,11,33,2024-12-15,1,647.12,0.0,Debit Card,Completed
2174,372,175,12,11,2025-03-06,4,86.78,0.0,PayPal,Completed
2175,1793,171,9,25,2025-10-02,5,293.86,0.0,PayPal,Returned
2176,64,104,1,36,2024-07-04,1,61.42,0.2,Gift Card,Completed
2177,257,264,6,9,2024-10-23,4,25.86,0.15,PayPal,Shipped
2178,1234,228,15,32,2025-06-22,1,247.35,0.15,Credit Card,Pending
2179,51,256,7,2,2024-07-11,4,203.89,0.0,Debit Card,Shipped
2180,65,27,4,34,2024-07-22,6,565.88,0.1,Gift Card,Completed
2181,404,199,5,23,2025-06-15,1,314.59,0.15,Debit Card,Returned
2182,895,96,9,38,2023-06-12,3,595.96,0.05,Cash,Pending
2183,1514,167,14,8,2024-06-06,3,87.74,0.2,Gift Card,Returned
2184,595,277,2,28,2025-10-19,3,320.72,0.0,Debit Card,Shipped
2185,741,120,8,39,2023-05-11,3,346.06,0.0,Debit Card,Pending
2186,1452,133,7,2,2023-12-19,2,321.54,0.0,Debit Card,Completed
2187,252,161,10,6,2023-02-18,1,322.86,0.05,Debit Card,Completed
2188,1356,4,14,8,2024-08-15,6,355.19,0.0,Cash,Shipped
2189,1892,248,7,40,2023-05-26,3,230.55,0.2,Credit Card,Shipped
2190,1332,195,12,11,2025-03-10,1,165.25,0.0,Gift Card,Cancelled
2191,1182,44,9,25,2023-07-22,4,317.68,0.15,Cash,Shipped
2192,821,252,8,39,2025-07-10,4,163.4,0.0,Gift Card,Pending
2193,1764,129,7,40,2025-09-11,4,267.03,0.0,Debit Card,Cancelled
2194,1741,72,1,41,2025-06-11,3,301.36,0.0,Debit Card,Cancelled
2195,745,32,2,45,2024-08-11,5,162.12,0.1,PayPal,Pending
2196,1144,257,3,43,2025-09-25,2,29.22,0.05,Cash,Cancelled
2197,291,86,12,11,2023-01-11,4,302.91,0.0,Credit Card,Cancelled
2198,1219,275,7,2,2025-08-15,6,255.49,0.0,Cash,Returned
2199,779,246,1,22,2023-10-14,3,594.34,0.05,Debit Card,Returned
2200,504,84,10,4,2023-06-29,3,38.26,0.0,Debit Card,Completed
2201,1161,123,2,28,2024-05-10,1,203.09,0.0,Credit Card,Completed
2202,539,11,13,49,2025-03-31,3,289.37,0.0,Cash,Cancelled
2203,655,191,9,38,2023-10-01,6,519.67,0.0,Debit Card,Cancelled
2204,214,176,10,29,2023-06-03,3,171.51,0.0,PayPal,Returned
2205,710,233,8,24,2025-12-07,1,400.32,0.05,PayPal,Completed
2206,1896,46,8,39,2024-05-09,3,393.27,0.0,Gift Card,Returned
2207,885,127,15,27,2024-02-21,5,90.5,0.15,PayPal,Cancelled
2208,140,238,7,40,2025-12-29,3,196.9,0.15,Credit Card,Returned
2209,1229,299,12,10,2023-08-16,6,150.33,0.05,Cash,Completed
2210,1914,157,14,47,2025-08-21,4,110.95,0.15,PayPal,Completed
2211,1642,275,4,34,2024-08-04,2,255.49,0.05,Credit Card,Cancelled
2212,938,98,8,39,2025-06-08,4,263.06,0.1,Credit Card,Completed
2213,269,254,14,8,2023-06-07,5,307.61,0.2,PayPal,Completed
2214,1714,5,6,9,2024-01-20,5,136.89,0.15,Debit Card,Pending
2215,255,188,2,28,2023-06-04,5,448.74,0.0,Cash,Shipped
2216,352,157,12,11,2024-07-08,4,110.95,0.15,Debit Card,Completed
2217,801,173,1,22,2025-05-20,4,159.58,0.0,PayPal,Completed
2218,723,19,4,35,2025-12-04,2,332.56,0.15,Gift Card,Completed
2219,493,276,3,31,2023-07-07,3,394.14,0.0,Credit Card,Completed
2220,643,161,11,12,2025-12-15,1,322.86,0.15,Debit Card,Shipped
2221,1811,145,1,36,2025-12-19,3,328.64,0.0,Cash,Pending
2222,1557,109,6,9,2024-05-20,2,33.31,0.1,PayPal,Completed
2223,1246,239,11,33,2023-02-20,2,337.62,0.0,Credit Card,Shipped
2224,177,13,5,1,2023-01-25,4,127.76,0.05,PayPal,Completed
2225,1388,169,3,20,2024-05-09,2,446.78,0.2,Gift Card,Pending
2226,452,251,11,33,2025-06-12,3,355.21,0.0,Gift Card,Shipped
2227,897,66,7,2,2025-06-27,3,330.95,0.05,Cash,Completed
2228,1142,55,6,14,2024-08-13,4,17.81,0.0,Gift Card,Completed
2229,217,174,7,40,2024-05-20,5,62.11,0.0,PayPal,Completed
2230,948,27,5,1,2023-10-12,1,565.88,0.0,Credit Card,Completed
2231,1701,114,4,34,2024-05-26,5,356.17,0.0,Debit Card,Returned
2232,1751,277,8,39,2024-11-07,3,320.72,0.2,Gift Card,Pending
2233,1444,290,4,26,2023-05-24,2,30.66,0.1,Debit Card,Completed
2234,1411,57,8,19,2023-10-31,4,207.9,0.0,PayPal,Completed
2235,646,237,12,11,2023-06-29,3,159.44,0.2,Credit Card,Completed
2236,864,96,13,13,2023-12-28,6,595.96,0.05,PayPal,Cancelled
2237,8,142,2,3,2024-05-29,2,306.71,0.05,Debit Card,Shipped
2238,595,129,7,40,2024-03-06,2,267.03,0.15,PayPal,Returned
2239,302,81,2,37,2023-01-16,6,379.78,0.0,Debit Card,Pending
2240,816,257,3,31,2024-05-04,3,29.22,0.0,PayPal,Pending
2241,1888,280,1,50,2024-10-16,6,59.78,0.05,Credit Card,Completed
2242,386,277,10,6,2025-02-01,2,320.72,0.0,Credit Card,Completed
2243,1843,31,10,4,2025-05-16,2,179.93,0.15,Cash,Completed
2244,1322,244,9,38,2025-07-02,3,328.77,0.0,Cash,Returned
2245,247,246,9,38,2023-12-06,3,594.34,0.05,Debit Card,Completed
2246,1646,216,5,23,2024-03-19,2,91.49,0.0,Gift Card,Shipped
2247,1753,271,6,14,2024-08-06,1,316.69,0.0,Gift Card,Shipped
2248,682,62,12,10,2025-08-11,3,539.25,0.05,Cash,Completed
2249,1675,264,13,13,2025-01-20,1,25.86,0.2,Gift Card,Pending
2250,736,290,10,29,2025-01-09,5,30.66,0.05,Gift Card,Cancelled
2251,1609,118,1,22,2024-03-24,-4,145.14,0.15,Debit Card,Cancelled
2252,1727,203,3,43,2024-07-11,5,511.82,0.0,Credit Card,Completed
2253,377,66,1,36,2024-10-29,1,330.95,0.15,Cash,Shipped
2254,1880,189,6,14,2024-02-10,4,399.71,0.15,Debit Card,Completed
2255,847,24,8,24,2024-07-13,1,129.26,0.0,Gift Card,Completed
2256,118,95,5,1,2025-08-24,1,435.89,0.1,Debit Card,Completed
2257,318,92,13,46,2023-10-20,1,665.8,0.0,Cash,Completed
2258,638,98,11,7,2023-11-09,6,263.06,0.0,Credit Card,Completed
2259,1367,157,12,17,2025-03-18,2,110.95,0.1,Credit Card,Shipped
2260,1387,169,8,24,2024-02-10,5,446.78,0.0,PayPal,Pending
2261,1351,151,15,15,2025-10-18,4,61.55,0.05,Credit Card,Completed
2262,320,160,8,39,2024-09-13,4,466.97,0.05,Gift Card,Returned
2263,1409,288,10,21,2024-03-30,4,367.22,0.15,PayPal,Completed
2264,431,266,11,12,2025-04-16,5,140.34,0.0,Credit Card,Cancelled
2265,687,297,9,38,2024-01-06,3,334.26,0.2,Debit Card,Returned
2266,1624,95,10,29,2025-02-11,4,435.89,0.1,Debit Card,Completed
2267,671,230,13,30,2023-11-22,6,49.56,0.0,PayPal,Returned
2268,970,29,14,8,2024-07-07,4,197.73,0.0,Debit Card,Completed
2269,515,221,5,48,2025-05-02,4,183.32,0.0,Cash,Completed
2270,1228,198,2,37,2023-06-28,5,125.5,0.0,PayPal,Returned
2271,1029,282,7,2,2025-03-01,6,461.23,0.15,PayPal,Pending
2272,1991,129,3,31,2024-06-05,1,267.03,0.2,PayPal,Completed
2273,1066,219,6,9,2024-10-25,4,243.18,0.2,Debit Card,Completed
2274,560,25,11,12,2024-04-11,6,323.92,0.15,Credit Card,Completed
2275,1116,15,9,25,2023-09-06,4,454.62,0.1,Cash,Completed
2276,1200,35,8,24,2023-10-04,6,53.95,0.2,Gift Card,Completed
2277,1986,127,8,39,2023-01-05,1,90.5,0.2,Debit Card,Completed
2278,57,40,15,44,2025-02-28,2,408.98,0.0,Debit Card,Cancelled
2279,1285,79,1,22,2024-05-07,5,143.89,0.0,Debit Card,Cancelled
2280,1901,100,4,26,2024-05-11,4,447.11,0.15,Credit Card,Completed
2281,1216,284,5,1,2023-12-28,4,413.62,0.0,Debit Card,Completed
2282,992,96,2,45,2023-03-13,1,595.96,0.0,PayPal,Cancelled
2283,201,234,1,36,2025-09-22,6,314.58,0.0,PayPal,Returned
2284,29,4,12,17,2023-01-12,6,355.19,0.0,Gift Card,Completed
2285,1727,109,7,40,2023-12-23,3,33.31,0.1,Cash,Completed
2286,1864,247,4,35,2023-08-21,3,58.54,0.0,Cash,Cancelled
2287,624,223,12,11,2023-08-25,1,162.74,0.05,PayPal,Completed
2288,274,248,8,19,2023-10-16,5,230.55,0.0,Cash,Completed
2289,1277,122,1,22,2025-11-28,5,203.86,0.15,Cash,Completed
2290,1164,59,11,33,2024-01-02,2,239.55,0.0,Gift Card,Completed
2291,26,13,11,33,2025-02-06,5,127.76,0.2,Debit Card,Completed
2292,156,280,5,48,2024-04-23,2,59.78,0.15,Debit Card,Cancelled
2293,788,83,12,11,2025-01-09,2,347.94,0.15,Debit Card,Completed
2294,229,51,2,28,2025-06-13,4,190.91,0.1,Cash,Cancelled
2295,1955,111,3,43,2023-12-09,4,123.3,0.15,Credit Card,Completed
2296,822,229,12,10,2025-11-01,4,321.97,0.05,Debit Card,Returned
2297,368,164,10,4,2023-07-16,3,117.71,0.0,Cash,Returned
2298,886,227,13,30,2024-04-23,1,225.3,0.0,Credit Card,Completed
2299,172,248,10,21,2024-11-23,1,230.55,0.0,Cash,Completed
2300,159,268,13,30,2024-07-29,1,252.86,0.0,Credit Card,Cancelled
2301,1629,164,8,24,2023-01-06,5,117.71,0.0,Debit Card,Cancelled
2302,846,251,9,38,2025-07-03,1,355.21,0.0,PayPal,Pending
2303,926,252,5,23,2023-04-12,6,163.4,0.0,Credit Card,Completed
2304,805,140,11,12,2024-08-25,1,257.08,0.0,Cash,Completed
2305,173,255,6,9,2023-12-01,4,118.85,0.15,Debit Card,Pending
2306,282,281,15,32,2024-01-19,5,125.56,0.0,PayPal,Completed
2307,268,6,15,15,2025-01-09,1,628.51,0.0,Credit Card,Completed
2308,524,15,14,8,2025-05-24,2,454.62,0.2,PayPal,Returned
2309,1815,21,1,22,2025-01-15,1,407.45,0.0,Credit Card,Shipped
2310,132,34,7,40,2025-08-18,6,71.12,0.15,Gift Card,Shipped
2311,1473,46,13,13,2025-08-01,1,393.27,0.15,Cash,Returned
2312,1924,226,9,38,2025-06-11,5,522.95,0.1,Debit Card,Returned
2313,184,84,11,33,2024-06-05,1,38.26,0.05,Cash,Completed
2314,1113,42,11,12,2024-05-19,5,483.01,0.15,PayPal,Completed
2315,205,141,1,22,2024-11-17,4,236.86,0.2,Gift Card,Returned
2316,1848,37,8,24,2024-11-23,5,91.98,0.05,Credit Card,Completed
2317,1164,79,8,19,2023-07-13,4,143.89,0.05,Cash,Shipped
2318,1782,239,2,45,2023-03-24,2,337.62,0.0,PayPal,Completed
2319,1442,180,1,41,2024-04-16,3,177.87,0.05,Gift Card,Completed
2320,279,166,8,39,2024-01-24,6,172.27,0.0,PayPal,Completed
2321,1303,94,15,16,2025-12-25,5,325.59,0.1,Debit Card,Pending
2322,358,235,6,14,2023-12-18,2,265.0,0.0,Gift Card,Cancelled
2323,1285,9,15,32,2023-12-01,3,307.63,0.0,PayPal,Completed
2324,1364,217,9,38,2024-02-05,6,80.74,0.1,Gift Card,Shipped
2325,586,137,5,48,2023-10-05,6,47.19,0.05,PayPal,Completed
2326,654,202,9,25,2024-12-11,2,211.09,0.1,PayPal,Completed
2327,853,233,12,17,2025-04-09,2,400.32,0.2,Gift Card,Completed
2328,1994,116,4,34,2024-04-25,3,365.71,0.0,Debit Card,Returned
2329,842,218,1,22,2024-02-03,2,95.1,0.0,Credit Card,Completed
2330,1798,69,5,48,2023-07-08,3,444.45,0.05,Cash,Completed
2331,704,91,15,32,2025-05-01,2,406.77,0.05,PayPal,Completed
2332,373,112,9,38,2024-02-04,3,347.45,0.05,Cash,Completed
2333,746,186,5,23,2023-08-29,6,39.01,0.15,Debit Card,Shipped
2334,1913,76,5,23,2023-06-22,1,46.89,0.0,Cash,Pending
2335,543,151,5,48,2024-11-11,3,61.55,0.0,PayPal,Completed
2336,368,154,9,38,2025-02-14,2,214.32,0.1,Cash,Completed
2337,1279,57,2,28,2023-09-09,4,207.9,0.0,PayPal,Pending
2338,1353,199,3,31,2024-08-13,2,314.59,0.1,Debit Card,Pending
2339,1492,105,5,23,2024-10-23,2,500.45,0.15,Cash,Pending
2340,1663,61,13,49,2025-01-07,2,172.42,0.2,Credit Card,Completed
2341,1658,62,8,24,2024-06-18,3,539.25,0.15,PayPal,Completed
2342,984,292,4,34,2023-12-30,2,398.38,0.0,Gift Card,Cancelled
2343,533,167,14,8,2024-02-07,1,87.74,0.0,Debit Card,Completed
2344,615,123,5,23,2025-09-06,5,203.09,0.15,Debit Card,Returned
2345,1526,25,5,1,2023-05-26,3,323.92,0.15,Credit Card,Returned
2346,1509,200,7,40,2023-08-22,6,214.09,0.0,PayPal,Returned
2347,497,229,11,12,2024-09-25,5,321.97,0.0,Credit Card,Completed
2348,1225,19,9,38,2025-03-01,3,332.56,0.0,Credit Card,Returned
2349,897,43,14,47,2024-12-17,1,121.68,0.0,Cash,Completed
2350,1490,98,1,36,2023-06-16,4,263.06,0.0,Cash,Completed
2351,384,247,13,13,2023-12-05,5,58.54,0.1,PayPal,Returned
2352,274,58,4,35,2023-12-20,4,76.76,0.0,PayPal,Shipped
2353,289,191,9,38,2023-03-17,4,519.67,0.1,Gift Card,Returned
2354,1035,134,10,29,2023-12-02,1,170.45,0.15,Cash,Completed
2355,1717,139,2,37,2023-10-07,3,334.0,0.05,Gift Card,Completed
2356,348,127,4,34,2025-12-28,1,90.5,0.15,PayPal,Cancelled
2357,1063,165,6,9,2024-07-13,4,216.64,0.0,Gift Card,Pending
2358,1439,258,4,34,2023-12-16,1,270.37,0.0,Gift Card,Cancelled
2359,961,274,8,39,2024-03-03,4,57.88,0.05,Credit Card,Returned
2360,1475,52,8,24,2023-03-24,3,120.46,0.1,PayPal,Completed
2361,1378,275,5,48,2023-07-31,3,255.49,0.0,Debit Card,Shipped
2362,1998,122,10,4,2024-11-29,4,203.86,0.15,Debit Card,Completed
2363,1572,283,9,38,2025-04-19,5,84.31,0.15,Gift Card,Returned
2364,1751,215,12,10,2024-03-09,3,108.22,0.0,Gift Card,Pending
2365,669,42,1,50,2023-12-18,1,483.01,0.1,Debit Card,Shipped
2366,1359,71,7,2,2025-02-16,3,251.36,0.2,Credit Card,Shipped
2367,1795,67,9,25,2024-07-22,3,138.29,0.1,Credit Card,Shipped
2368,1611,120,9,38,2024-10-20,4,346.06,0.0,Cash,Completed
2369,1313,126,3,31,2025-08-21,4,333.86,0.2,Credit Card,Cancelled
2370,1481,214,14,47,2025-01-12,3,264.25,0.05,Gift Card,Completed
2371,517,287,15,44,2024-12-23,6,173.87,0.0,Credit Card,Cancelled
2372,1932,170,3,20,2024-08-17,4,260.29,0.05,Credit Card,Completed
2373,1650,167,11,12,2023-12-14,4,87.74,0.1,PayPal,Completed
2374,1405,220,5,48,2024-11-02,2,357.02,0.2,Gift Card,Returned
2375,1789,300,5,48,2023-04-19,2,306.79,0.0,PayPal,Completed
2376,78,225,6,14,2023-01-02,1,131.27,0.1,Credit Card,Shipped
2377,1928,66,6,9,2024-08-02,2,330.95,0.05,Gift Card,Cancelled
2378,454,279,15,16,2024-11-28,2,281.48,0.15,Gift Card,Pending
2379,684,83,12,10,2024-08-05,4,347.94,0.0,Debit Card,Shipped
2380,1532,86,12,11,2023-02-14,3,302.91,0.0,Debit Card,Cancelled
2381,1620,126,1,50,2024-02-23,3,333.86,0.05,Credit Card,Completed
2382,1077,254,9,38,2024-01-22,4,307.61,0.0,Gift Card,Completed
2383,1236,97,15,16,2024-03-23,6,228.27,0.1,Cash,Completed
2384,986,44,2,3,2025-02-26,1,317.68,0.0,Debit Card,Completed
2385,598,145,1,41,2023-06-27,5,328.64,0.15,Debit Card,Shipped
2386,112,93,7,40,2023-02-02,6,380.69,0.1,Credit Card,Completed
2387,1865,284,4,34,2023-04-09,6,413.62,0.0,Credit Card,Completed
2388,1905,213,10,6,2025-09-21,6,64.0,0.15,Gift Card,Returned
2389,932,123,8,24,2025-05-02,3,203.09,0.2,Gift Card,Pending
2390,714,153,5,23,2024-11-08,1,238.04,0.0,PayPal,Shipped
2391,1651,129,2,37,2024-02-18,3,267.03,0.2,Credit Card,Completed
2392,287,196,15,5,2024-02-23,5,222.19,0.0,Debit Card,Cancelled
2393,1101,70,4,26,2024-01-29,6,42.41,0.0,Credit Card,Completed
2394,1391,36,4,34,2024-09-29,6,480.04,0.1,Cash,Cancelled
2395,952,12,12,10,2023-10-21,4,582.22,0.0,Gift Card,Completed
2396,30,198,3,31,2025-06-20,3,125.5,0.15,Cash,Completed
2397,1529,153,11,7,2024-09-18,5,238.04,0.05,Debit Card,Returned
2398,1965,147,2,45,2024-05-16,6,433.97,0.0,Gift Card,Completed
2399,929,128,12,17,2023-04-22,2,257.64,0.1,Credit Card,Shipped
2400,1690,245,7,40,2023-12-12,6,328.64,0.0,Debit Card,Completed
2401,1039,106,12,11,2025-07-18,4,127.35,0.2,Debit Card,Completed
2402,1100,136,6,9,2025-12-22,5,266.29,0.1,PayPal,Completed
2403,1208,154,11,33,2025-01-03,1,214.32,0.05,PayPal,Cancelled
2404,1535,299,10,4,2024-07-19,3,150.33,0.2,Cash,Returned
2405,515,165,5,23,2023-10-23,2,216.64,0.2,Credit Card,Completed
2406,1984,190,5,1,2023-12-14,2,292.3,0.2,Gift Card,Returned
2407,677,131,9,38,2025-10-08,1,582.03,0.2,PayPal,Completed
2408,1561,250,10,29,2024-12-10,1,120.54,0.15,Gift Card,Shipped
2409,1534,117,8,19,2025-05-17,4,77.12,0.0,Credit Card,Cancelled
2410,1859,258,12,10,2023-02-27,1,270.37,0.2,Credit Card,Shipped
2411,1844,17,8,24,2025-10-11,2,307.03,0.0,Credit Card,Returned
2412,217,212,11,7,2023-07-20,2,26.85,0.15,Credit Card,Shipped
2413,1204,66,12,11,2023-06-29,4,330.95,0.0,Gift Card,Cancelled
2414,1000,177,6,9,2024-08-14,6,467.22,0.0,Debit Card,Completed
2415,1546,205,13,49,2025-09-30,6,370.78,0.1,Credit Card,Cancelled
2416,867,201,6,9,2025-12-03,1,307.14,0.0,Gift Card,Cancelled
2417,748,213,2,37,2025-05-02,1,64.0,0.2,Gift Card,Returned
2418,89,290,9,38,2024-05-05,4,30.66,0.15,Gift Card,Completed
2419,1310,8,5,23,2024-11-30,3,143.64,0.0,Gift Card,Completed
2420,449,107,2,3,2024-11-15,2,247.26,0.0,Cash,Completed
2421,1907,39,15,16,2025-11-12,4,340.31,0.1,Credit Card,Returned
2422,167,75,10,6,2025-05-29,5,363.98,0.05,PayPal,Shipped
2423,1188,249,14,47,2024-09-14,5,471.0,0.05,Debit Card,Returned
2424,1905,115,2,45,2023-04-30,3,295.79,0.0,Credit Card,Pending
2425,420,200,5,48,2024-01-11,2,214.09,0.2,PayPal,Cancelled
2426,865,129,12,10,2023-09-30,2,267.03,0.0,Debit Card,Completed
2427,831,6,8,24,2023-08-15,4,628.51,0.05,Credit Card,Completed
2428,186,293,13,49,2025-10-25,4,54.25,0.0,Credit Card,Pending
2429,1367,178,14,47,2024-04-08,4,41.87,0.0,Debit Card,Returned
2430,25,212,3,20,2024-01-22,3,26.85,0.05,Debit Card,Pending
2431,723,252,11,33,2025-07-20,3,163.4,0.05,Debit Card,Shipped
2432,1067,159,13,49,2023-05-13,1,323.53,0.2,Credit Card,Shipped
2433,445,82,14,8,2025-08-18,2,166.87,0.0,Debit Card,Completed
2434,357,228,5,48,2024-09-15,6,247.35,0.05,Cash,Completed
2435,1485,118,3,43,2024-11-30,1,145.14,0.0,Credit Card,Completed
2436,7,220,4,35,2024-11-05,4,357.02,0.0,PayPal,Completed
2437,1882,33,6,9,2023-07-30,1,422.83,0.15,PayPal,Completed
2438,956,249,13,13,2023-03-03,2,471.0,0.15,Gift Card,Returned
2439,469,201,7,40,2024-09-14,4,307.14,0.0,Debit Card,Completed
2440,1949,168,3,31,2025-11-21,1,303.92,0.0,Gift Card,Completed
2441,1469,89,10,4,2024-07-23,1,248.83,0.2,Gift Card,Completed
2442,707,102,6,9,2023-08-09,6,455.19,0.0,Cash,Completed
2443,259,230,12,11,2024-11-06,1,49.56,0.1,Credit Card,Cancelled
2444,112,190,14,8,2025-04-04,5,292.3,0.05,Gift Card,Completed
2445,258,204,13,13,2024-11-06,5,65.5,0.1,PayPal,Completed
2446,1638,259,6,9,2024-05-02,5,395.59,0.1,Credit Card,Completed
2447,152,168,15,32,2023-09-05,3,303.92,0.1,Gift Card,Pending
2448,550,295,8,24,2023-07-02,2,647.12,0.05,Gift Card,Completed
2449,903,212,14,47,2024-12-10,2,26.85,0.0,Credit Card,Returned
2450,1345,138,14,47,2023-02-18,2,102.03,0.1,PayPal,Shipped
2451,1189,152,14,47,2024-01-24,6,290.47,0.2,Cash,Shipped
2452,1708,210,8,24,2025-03-20,1,77.07,0.15,PayPal,Completed
2453,703,175,9,38,2023-02-03,6,86.78,0.0,Cash,Completed
2454,1476,205,10,21,2025-06-27,5,370.78,0.0,Debit Card,Completed
2455,1965,97,10,21,2025-02-24,1,228.27,0.0,Credit Card,Shipped
2456,942,16,3,43,2025-04-30,4,561.32,0.0,Debit Card,Cancelled
2457,1445,272,7,2,2025-10-06,5,596.66,0.0,Debit Card,Pending
2458,60,115,1,36,2024-03-15,5,295.79,0.1,Credit Card,Completed
2459,1554,296,3,20,2025-05-24,4,81.85,0.2,Gift Card,Pending
2460,336,9,4,34,2024-02-13,6,307.63,0.05,Cash,Completed
2461,1031,115,13,42,2025-02-07,3,295.79,0.05,Credit Card,Pending
2462,207,297,8,39,2023-01-06,3,334.26,0.05,Gift Card,Cancelled
2463,1719,100,13,42,2025-04-15,4,447.11,0.05,Cash,Completed
2464,1677,231,5,23,2024-02-17,5,52.2,0.0,Gift Card,Completed
2465,1223,3,5,48,2024-11-28,4,507.54,0.1,Debit Card,Pending
2466,103,182,12,17,2025-11-25,4,543.63,0.1,Credit Card,Completed
2467,677,109,14,8,2023-07-13,2,33.31,0.1,Gift Card,Completed
2468,262,162,14,47,2024-07-11,4,532.97,0.2,Credit Card,Completed
2469,1057,27,10,21,2024-09-18,1,565.88,0.2,Cash,Completed
2470,1704,162,7,2,2025-08-14,6,532.97,0.0,Credit Card,Completed
2471,1979,18,2,3,2025-07-12,2,383.42,0.1,Cash,Cancelled
2472,1880,119,7,40,2024-09-24,6,63.82,0.05,Debit Card,Shipped
2473,1543,294,14,47,2024-04-20,5,345.43,0.15,PayPal,Completed
2474,215,108,10,21,2023-08-08,5,603.53,0.1,PayPal,Cancelled
2475,139,269,7,40,2024-03-24,2,260.22,0.0,Credit Card,Completed
2476,258,278,6,14,2024-06-02,6,98.31,0.2,Cash,Completed
2477,213,45,11,7,2023-03-27,2,107.36,0.2,PayPal,Cancelled
2478,30,296,5,48,2024-08-24,2,81.85,0.15,Credit Card,Shipped
2479,643,290,14,8,2025-07-07,5,30.66,0.1,Debit Card,Completed
2480,506,286,13,30,2025-07-05,6,217.06,0.05,Gift Card,Pending
2481,75,199,14,47,2023-12-05,5,314.59,0.1,Credit Card,Cancelled
2482,1600,159,15,15,2023-02-04,6,323.53,0.0,PayPal,Pending
2483,945,147,4,35,2024-08-17,6,433.97,0.15,Credit Card,Completed
2484,1046,101,9,25,2025-04-14,2,314.94,0.0,PayPal,Completed
2485,1446,5,14,47,2024-01-05,4,136.89,0.2,Debit Card,Returned
2486,1798,3,9,25,2025-08-24,1,507.54,0.0,PayPal,Shipped
2487,241,114,2,37,2024-04-02,1,356.17,0.0,PayPal,Pending
2488,699,225,7,2,2025-07-08,4,131.27,0.2,Gift Card,Pending
2489,1443,287,2,28,2023-10-04,1,173.87,0.2,Credit Card,Completed
2490,1087,228,15,15,2024-10-16,4,247.35,0.0,Cash,Completed
2491,488,7,9,25,2024-03-04,4,279.59,0.0,Gift Card,Returned
2492,988,57,8,39,2023-12-14,5,207.9,0.05,Gift Card,Completed
2493,1538,239,6,14,2023-05-12,2,337.62,0.05,PayPal,Shipped
2494,977,133,14,47,2025-01-14,1,321.54,0.15,Cash,Shipped
2495,730,91,4,34,2024-12-28,3,406.77,0.2,PayPal,Shipped
2496,1754,166,9,25,2023-10-13,6,172.27,0.05,Credit Card,Completed
2497,1943,54,14,47,2023-07-30,1,43.29,0.0,Gift Card,Returned
2498,1613,119,15,15,2024-12-06,4,63.82,0.05,Gift Card,Shipped
2499,1330,189,8,19,2023-05-04,6,399.71,0.05,PayPal,Completed
2500,1033,108,9,25,2023-05-19,5,603.53,0.0,Gift Card,Shipped
2501,364,249,6,9,2024-10-17,5,471.0,0.05,Debit Card,Completed
2502,613,177,15,32,2025-02-10,2,467.22,0.15,Debit Card,Completed
2503,1184,78,13,49,2024-05-15,3,176.26,0.1,Debit Card,Cancelled
2504,926,28,5,23,2024-11-25,3,360.14,0.15,PayPal,Pending
2505,825,99,11,7,2023-01-16,6,384.25,0.0,Cash,Completed
2506,1790,75,11,33,2025-08-08,1,363.98,0.05,PayPal,Completed
2507,799,83,12,17,2025-11-13,4,347.94,0.1,Cash,Pending
2508,1482,93,8,24,2024-03-17,6,380.69,0.05,Debit Card,Completed
2509,706,143,11,33,2025-08-19,5,511.76,0.2,Debit Card,Pending
2510,1169,97,7,2,2023-09-09,5,228.27,0.0,PayPal,Completed
2511,1581,90,5,1,2024-04-01,2,483.64,0.1,Gift Card,Completed
2512,493,297,3,31,2024-05-28,6,334.26,0.0,Cash,Cancelled
2513,570,33,6,14,2023-12-03,5,422.83,0.0,Cash,Completed
2514,105,119,13,13,2024-12-11,1,63.82,0.0,PayPal,Completed
2515,973,98,3,31,2024-10-30,6,263.06,0.0,Cash,Completed
2516,1666,280,8,39,2025-02-17,3,59.78,0.05,Gift Card,Completed
2517,1340,72,14,47,2023-07-09,2,301.36,0.0,Credit Card,Cancelled
2518,354,277,9,38,2025-04-15,5,320.72,0.0,Cash,Returned
2519,611,225,11,7,2025-03-02,1,131.27,0.15,Debit Card,Completed
2520,1743,186,1,36,2025-06-18,2,39.01,0.1,Gift Card,Shipped
2521,438,202,8,39,2024-03-04,1,211.09,0.05,Debit Card,Completed
2522,794,22,1,41,2023-07-31,4,90.87,0.0,Debit Card,Returned
2523,483,107,9,25,2025-04-09,3,247.26,0.1,PayPal,Completed
2524,1604,256,14,47,2024-07-30,5,203.89,0.0,Gift Card,Completed
2525,521,114,13,30,2023-03-12,2,356.17,0.0,Credit Card,Completed
2526,482,193,7,40,2025-06-02,2,248.63,0.2,PayPal,Completed
2527,1715,163,5,23,2024-09-18,1,270.34,0.0,PayPal,Completed
2528,930,194,11,12,2023-11-08,5,35.78,0.0,Credit Card,Completed
2529,1048,160,11,7,2025-12-15,1,466.97,0.05,Credit Card,Returned
2530,1619,31,12,17,2024-01-10,4,179.93,0.0,Gift Card,Shipped
2531,1305,54,10,4,2025-06-24,3,43.29,0.1,Debit Card,Cancelled
2532,1862,195,9,25,2023-10-02,3,165.25,0.0,Credit Card,Completed
2533,1284,252,7,40,2024-08-12,3,163.4,0.05,Debit Card,Completed
2534,882,179,15,5,2023-04-25,2,63.58,0.15,Debit Card,Shipped
2535,1586,269,15,15,2024-02-04,3,260.22,0.0,Credit Card,Shipped
2536,1639,35,8,19,2023-02-01,6,53.95,0.05,PayPal,Completed
2537,50,87,9,38,2024-05-14,6,321.84,0.15,Cash,Completed
2538,63,218,11,33,2025-06-07,4,95.1,0.0,PayPal,Shipped
2539,1905,114,6,9,2024-02-12,1,356.17,0.05,Cash,Completed
2540,1558,163,8,39,2024-12-28,1,270.34,0.0,Cash,Completed
2541,365,81,13,49,2023-01-12,2,379.78,0.1,Cash,Completed
2542,98,261,13,30,2024-12-26,4,638.9,0.2,PayPal,Returned
2543,1992,81,1,22,2025-05-04,5,379.78,0.05,Cash,Completed
2544,1555,30,1,41,2025-09-04,6,544.88,0.0,Cash,Completed
2545,130,119,12,17,2024-08-27,2,63.82,0.0,Debit Card,Completed
2546,1520,87,6,9,2025-09-23,3,321.84,0.1,Debit Card,Returned
2547,1150,118,13,30,2025-11-01,3,145.14,0.0,Gift Card,Completed
2548,727,132,11,12,2024-03-07,5,127.63,0.1,Debit Card,Shipped
2549,1511,269,14,47,2023-02-09,2,260.22,0.0,PayPal,Completed
2550,1682,50,7,40,2024-08-11,5,564.26,0.05,Debit Card,Completed
2551,1056,164,10,4,2023-02-11,3,117.71,0.0,PayPal,Shipped
2552,1354,55,14,47,2024-11-16,3,17.81,0.0,Debit Card,Completed
2553,349,54,8,24,2023-05-02,5,43.29,0.0,Cash,Pending
2554,964,294,5,23,2024-04-19,5,345.43,0.0,Gift Card,Completed
2555,1925,129,2,45,2023-01-21,1,267.03,0.0,Cash,Shipped
2556,1875,272,7,40,2025-03-22,3,596.66,0.15,Debit Card,Pending
2557,1599,143,8,24,2025-02-13,4,511.76,0.05,Gift Card,Completed
2558,807,194,3,20,2023-04-29,3,35.78,0.2,Cash,Pending
2559,14,286,2,28,2023-08-05,5,217.06,0.0,Gift Card,Completed
2560,1027,79,9,25,2024-12-29,2,143.89,0.2,Credit Card,Shipped
2561,1190,127,5,1,2025-01-17,1,90.5,0.05,Debit Card,Completed
2562,990,226,7,40,2025-02-03,2,522.95,0.15,Gift Card,Returned
2563,1940,287,9,38,2023-04-16,2,173.87,0.15,Gift Card,Completed
2564,963,268,4,34,2023-05-23,4,252.86,0.0,Cash,Completed
2565,509,174,14,8,2024-05-14,4,62.11,0.05,Debit Card,Shipped
2566,1549,113,10,6,2023-01-24,2,438.2,0.1,Debit Card,Cancelled
2567,278,204,10,21,2023-03-27,5,134.16,0.0,Debit Card,Completed
2568,1802,122,10,29,2024-08-17,6,203.86,0.2,Credit Card,Completed
2569,1269,251,2,37,2024-09-15,4,355.21,0.0,Gift Card,Shipped
2570,1781,231,4,35,2025-08-06,1,52.2,0.0,PayPal,Completed
2571,1094,35,7,40,2024-09-26,3,53.95,0.2,Cash,Returned
2572,1938,231,10,29,2024-04-22,5,52.2,0.05,Credit Card,Completed
2573,1584,129,11,7,2023-02-13,3,267.03,0.05,Gift Card,Completed
2574,1890,27,9,25,2025-11-28,1,565.88,0.0,Gift Card,Completed
2575,880,143,15,16,2024-03-15,1,511.76,0.05,Credit Card,Completed
2576,1030,260,15,32,2025-07-23,6,172.37,0.05,Gift Card,Completed
2577,1205,52,15,27,2025-03-03,3,120.46,0.1,Debit Card,Pending
2578,507,158,4,34,2023-05-24,1,324.07,0.0,PayPal,Shipped
2579,901,285,14,47,2025-05-09,4,313.87,0.0,Gift Card,Completed
2580,1422,82,6,14,2023-05-17,5,166.87,0.0,Debit Card,Completed
2581,1553,288,14,47,2025-12-29,6,367.22,0.0,PayPal,Shipped
2582,132,208,11,33,2023-02-22,6,146.45,0.1,Credit Card,Shipped
2583,713,287,12,17,2024-11-16,2,173.87,0.05,Credit Card,Completed
2584,440,234,12,11,2025-05-02,2,314.58,0.0,Cash,Cancelled
2585,1989,253,10,29,2023-02-14,4,101.3,0.2,Gift Card,Completed
2586,1710,131,13,49,2024-06-06,5,582.03,0.15,Cash,Completed
2587,5,3,12,11,2023-05-02,6,507.54,0.15,Credit Card,Shipped
2588,757,211,13,46,2023-04-03,2,199.85,0.0,Credit Card,Completed
2589,640,21,12,11,2025-06-29,5,407.45,0.05,PayPal,Completed
2590,362,288,7,2,2025-10-27,6,367.22,0.0,Debit Card,Shipped
2591,1521,137,8,19,2024-06-13,5,47.19,0.15,PayPal,Pending
2592,1836,192,14,8,2023-08-24,6,29.92,0.1,Debit Card,Pending
2593,836,165,13,46,2024-07-18,4,216.64,0.15,PayPal,Cancelled
2594,946,287,15,44,2024-05-13,6,173.87,0.05,Credit Card,Completed
2595,385,74,14,47,2024-12-27,5,292.63,0.0,Gift Card,Returned
2596,1144,166,8,19,2024-02-04,6,172.27,0.05,Credit Card,Completed
2597,1902,115,8,24,2023-02-11,3,295.79,0.0,Cash,Completed
2598,96,151,7,2,2023-09-05,2,61.55,0.0,Gift Card,Returned
2599,953,181,14,47,2023-10-30,4,334.11,0.2,Gift Card,Completed
2600,1805,230,2,28,2025-08-17,1,49.56,0.05,Debit Card,Returned
2601,19,211,12,11,2024-08-28,2,199.85,0.15,Debit Card,Pending
2602,1409,151,10,4,2024-03-07,5,61.55,0.1,Gift Card,Completed
2603,834,237,15,32,2025-03-25,2,159.44,0.2,Gift Card,Completed
2604,1512,179,1,36,2024-09-30,2,63.58,0.0,Debit Card,Returned
2605,653,262,10,4,2024-09-24,4,392.06,0.0,Debit Card,Pending
2606,111,145,6,14,2025-02-25,4,328.64,0.1,Credit Card,Completed
2607,893,11,11,7,2025-03-11,6,289.37,0.0,Cash,Cancelled
2608,805,34,1,36,2024-05-01,3,71.12,0.0,Debit Card,Pending
2609,317,29,2,28,2025-06-03,4,197.73,0.05,Gift Card,Returned
2610,1344,3,6,14,2024-10-26,2,507.54,0.15,Cash,Completed
2611,1990,59,3,43,2025-04-23,5,239.55,0.0,Cash,Completed
2612,342,257,4,35,2025-06-08,1,29.22,0.05,Cash,Completed
2613,492,266,9,25,2023-03-07,3,140.34,0.05,Debit Card,Completed
2614,775,228,2,28,2025-02-27,3,247.35,0.0,Cash,Cancelled
2615,226,162,3,31,2023-09-02,1,532.97,0.05,Cash,Completed
2616,1020,5,11,12,2025-01-15,2,136.89,0.1,Credit Card,Cancelled
2617,1089,253,9,38,2024-06-30,3,101.3,0.0,Debit Card,Completed
2618,1344,89,6,14,2024-10-13,5,248.83,0.05,Gift Card,Completed
2619,883,13,4,34,2023-03-13,4,127.76,0.15,Cash,Completed
2620,129,188,11,12,2023-06-28,4,448.74,0.2,Cash,Pending
2621,973,267,2,28,2024-05-27,5,139.61,0.0,Credit Card,Completed
2622,931,102,14,8,2024-07-01,3,455.19,0.2,PayPal,Cancelled
2623,1371,34,11,7,2025-10-05,4,71.12,0.15,Credit Card,Completed
2624,854,46,4,34,2025-03-23,3,393.27,0.15,Credit Card,Returned
2625,1923,221,6,9,2024-11-17,2,183.32,0.0,Gift Card,Shipped
2626,5,55,1,22,2024-07-06,5,17.81,0.15,Debit Card,Completed
2627,149,286,10,29,2024-07-12,1,217.06,0.2,Debit Card,Shipped
2628,1135,62,8,24,2023-10-06,4,539.25,0.1,Gift Card,Completed
2629,512,5,13,49,2023-01-30,5,136.89,0.2,Cash,Completed
2630,676,261,9,25,2023-03-27,5,638.9,0.0,Credit Card,Shipped
2631,579,13,4,26,2024-11-27,5,127.76,0.2,Credit Card,Completed
2632,1944,114,6,14,2024-11-29,5,356.17,0.15,PayPal,Returned
2633,1300,95,10,4,2023-08-05,2,435.89,0.0,Gift Card,Completed
2634,1165,156,12,11,2025-05-06,1,64.7,0.0,Debit Card,Completed
2635,1855,221,15,16,2025-07-06,4,183.32,0.2,Debit Card,Shipped
2636,306,178,9,25,2025-12-08,4,41.87,0.2,Credit Card,Completed
2637,1274,261,8,24,2024-06-23,5,638.9,0.15,PayPal,Cancelled
2638,797,3,2,28,2023-11-01,2,507.54,0.0,Gift Card,Shipped
2639,1984,182,6,14,2025-10-11,6,543.63,0.2,Gift Card,Completed
2640,1006,263,7,40,2023-07-17,2,47.7,0.0,PayPal,Shipped
2641,1740,30,10,21,2024-09-12,2,544.88,0.1,Cash,Returned
2642,815,139,11,7,2024-12-21,4,334.0,0.0,Debit Card,Cancelled
2643,1575,66,13,30,2024-04-08,1,330.95,0.05,Cash,Completed
2644,1132,251,15,32,2025-02-28,3,355.21,0.0,Gift Card,Completed
2645,1372,292,2,28,2025-01-15,3,398.38,0.05,Cash,Shipped
2646,243,259,9,38,2023-01-28,6,395.59,0.0,PayPal,Completed
2647,1812,19,4,34,2025-11-27,3,332.56,0.15,Debit Card,Shipped
2648,971,264,11,33,2025-12-22,5,25.86,0.1,PayPal,Completed
2649,888,197,3,20,2025-02-02,4,82.36,0.1,Debit Card,Completed
2650,1660,73,6,14,2025-07-27,4,68.44,0.15,Debit Card,Completed
2651,1104,121,4,34,2023-06-19,2,13.34,0.05,Debit Card,Cancelled
2652,252,273,15,16,2024-02-26,5,265.88,0.15,Cash,Cancelled
2653,1711,288,11,12,2023-03-09,2,367.22,0.2,PayPal,Completed
2654,1764,233,1,22,2025-10-15,1,400.32,0.15,Gift Card,Completed
2655,607,186,3,43,2023-02-06,2,39.01,0.15,PayPal,Returned
2656,932,115,5,23,2025-01-17,6,295.79,0.0,Credit Card,Shipped
2657,1316,145,15,44,2024-05-20,5,328.64,0.0,Debit Card,Completed
2658,1508,64,3,20,2025-12-18,6,566.62,0.15,Gift Card,Returned
2659,1820,218,14,8,2025-05-14,6,95.1,0.05,Gift Card,Shipped
2660,1300,70,8,39,2023-04-16,6,42.41,0.0,Credit Card,Completed
2661,1130,118,5,1,2025-11-09,6,145.14,0.05,Gift Card,Completed
2662,1316,280,1,22,2025-07-04,4,59.78,0.15,PayPal,Pending
2663,1320,114,13,42,2024-01-21,6,356.17,0.0,Debit Card,Completed
2664,1212,116,6,9,2023-09-23,2,365.71,0.0,Cash,Completed
2665,1009,245,15,44,2025-07-12,2,328.64,0.05,Cash,Pending
2666,1382,174,6,14,2023-04-09,2,62.11,0.0,Debit Card,Cancelled
2667,1917,145,2,3,2025-12-13,1,328.64,0.0,Debit Card,Returned
2668,1193,203,9,25,2025-12-30,5,511.82,0.2,Debit Card,Shipped
2669,1553,147,13,13,2025-08-04,3,433.97,0.15,Cash,Completed
2670,1622,160,11,33,2025-07-04,4,466.97,0.0,PayPal,Returned
2671,1699,126,12,17,2023-12-30,2,333.86,0.0,Debit Card,Completed
2672,636,209,15,16,2023-06-16,4,193.95,0.15,PayPal,Pending
2673,1529,228,5,23,2025-07-15,5,247.35,0.15,PayPal,Completed
2674,1059,223,13,49,2024-03-16,6,162.74,0.05,Debit Card,Completed
2675,1267,149,14,47,2024-11-02,5,431.72,0.0,Credit Card,Completed
2676,687,225,12,17,2023-12-21,6,131.27,0.0,Credit Card,Completed
2677,944,110,10,21,2025-10-09,4,570.1,0.1,Debit Card,Returned
2678,1035,299,7,2,2025-02-15,3,150.33,0.0,Gift Card,Pending
2679,1450,246,10,4,2023-11-11,2,594.34,0.0,PayPal,Completed
2680,253,12,12,17,2023-03-03,1,582.22,0.15,Debit Card,Shipped
2681,1368,214,9,38,2023-04-29,4,264.25,0.0,Credit Card,Cancelled
2682,663,175,6,14,2023-08-09,3,86.78,0.2,PayPal,Completed
2683,912,51,12,11,2023-01-29,6,190.91,0.1,Credit Card,Completed
2684,1293,181,12,11,2025-11-20,2,334.11,0.0,Debit Card,Completed
2685,1843,151,8,39,2025-03-18,4,61.55,0.0,PayPal,Completed
2686,407,23,5,48,2024-12-08,1,298.77,0.1,Debit Card,Pending
2687,131,93,12,11,2024-03-20,3,380.69,0.0,Cash,Completed
2688,949,192,4,34,2025-07-05,6,29.92,0.05,Gift Card,Pending
2689,1850,67,4,34,2025-03-05,3,138.29,0.1,Cash,Pending
2690,1364,36,1,36,2023-01-19,3,480.04,0.15,PayPal,Pending
2691,3,241,2,37,2025-09-04,1,108.19,0.15,PayPal,Completed
2692,175,296,1,50,2023-03-14,4,81.85,0.2,Gift Card,Shipped
2693,1238,255,7,40,2024-07-13,4,118.85,0.0,Gift Card,Completed
2694,594,118,2,28,2025-01-24,4,145.14,0.05,Credit Card,Completed
2695,714,101,4,26,2025-03-03,5,314.94,0.0,Cash,Completed
2696,1491,195,6,14,2025-09-29,2,165.25,0.0,Gift Card,Completed
2697,1529,29,9,25,2025-10-19,2,197.73,0.1,PayPal,Completed
2698,1723,198,5,23,2024-07-02,6,125.5,0.05,Debit Card,Completed
2699,181,134,11,12,2024-02-24,6,170.45,0.05,Credit Card,Completed
2700,809,91,13,49,2025-06-22,3,406.77,0.05,Cash,Shipped
2701,1777,20,4,35,2024-10-14,1,170.95,0.15,Gift Card,Cancelled
2702,446,9,15,18,2023-05-07,6,307.63,0.05,Gift Card,Completed
2703,1896,61,3,43,2023-04-21,3,172.42,0.15,Gift Card,Completed
2704,913,262,5,1,2025-08-04,6,392.06,0.2,Cash,Completed
2705,186,105,14,8,2025-01-15,2,500.45,0.2,Debit Card,Pending
2706,748,82,10,29,2025-09-15,6,166.87,0.0,PayPal,Cancelled
2707,804,226,12,17,2025-08-01,4,522.95,0.15,Cash,Completed
2708,1059,300,6,14,2023-03-17,4,306.79,0.0,PayPal,Completed
2709,787,50,15,27,2024-10-28,3,564.26,0.15,Gift Card,Completed
2710,1346,66,1,22,2024-05-21,2,330.95,0.2,Debit Card,Completed
2711,1044,293,3,31,2024-02-04,4,54.25,0.2,Gift Card,Shipped
2712,132,128,1,36,2025-06-08,5,257.64,0.2,Credit Card,Shipped
2713,988,43,6,14,2023-10-05,6,121.68,0.1,PayPal,Completed
2714,1435,192,5,1,2023-05-10,6,29.92,0.1,Gift Card,Cancelled
2715,969,224,13,13,2025-01-16,3,190.7,0.1,Debit Card,Completed
2716,755,186,4,35,2023-09-23,6,39.01,0.1,PayPal,Cancelled
2717,53,224,8,39,2024-02-04,1,190.7,0.2,Debit Card,Completed
2718,1246,115,9,25,2024-04-27,3,295.79,0.0,PayPal,Pending
2719,213,192,10,29,2024-02-02,3,29.92,0.2,Cash,Returned
2720,841,270,8,19,2024-09-26,6,17.58,0.05,Gift Card,Shipped
2721,738,165,5,48,2023-03-11,4,216.64,0.15,PayPal,Completed
2722,1553,6,4,26,2023-09-09,5,628.51,0.0,PayPal,Completed
2723,1915,277,9,25,2025-09-10,3,320.72,0.05,Cash,Shipped
2724,1531,174,13,13,2023-08-16,6,62.11,0.0,PayPal,Cancelled
2725,4,288,1,22,2025-05-11,4,367.22,0.1,Cash,Pending
2726,892,41,5,23,2024-03-10,4,441.65,0.1,Gift Card,Returned
2727,1610,152,4,34,2025-03-06,3,290.47,0.0,Debit Card,Completed
2728,907,142,5,23,2025-04-16,2,306.71,0.0,PayPal,Pending
2729,303,80,15,44,2025-05-31,2,249.35,0.1,PayPal,Completed
2730,707,1,15,5,2024-01-07,2,31.01,0.05,Debit Card,Shipped
2731,502,148,9,38,2024-10-03,1,293.31,0.0,Credit Card,Completed
2732,18,164,10,21,2023-01-08,3,117.71,0.05,Gift Card,Completed
2733,1771,289,1,50,2025-05-24,2,246.14,0.1,Cash,Completed
2734,924,121,6,14,2025-04-19,4,13.34,0.0,PayPal,Cancelled
2735,900,153,2,3,2025-09-19,6,238.04,0.0,Gift Card,Returned
2736,1258,226,6,9,2025-12-18,5,522.95,0.05,PayPal,Shipped
2737,1399,178,12,17,2025-01-11,4,41.87,0.0,Credit Card,Completed
2738,1097,130,13,49,2024-06-21,3,293.35,0.2,Credit Card,Returned
2739,498,290,15,18,2024-10-17,2,30.66,0.0,Cash,Pending
2740,990,143,8,24,2024-04-30,4,511.76,0.15,Credit Card,Completed
2741,1040,141,3,20,2025-11-21,3,236.86,0.05,PayPal,Completed
2742,681,192,2,45,2025-10-06,5,29.92,0.2,Debit Card,Completed
2743,1668,21,12,10,2023-02-28,1,407.45,0.0,Cash,Completed
2744,1515,59,5,23,2025-06-16,2,239.55,0.05,PayPal,Cancelled
2745,67,166,6,14,2023-05-18,5,172.27,0.0,Cash,Shipped
2746,595,210,15,15,2023-09-15,6,77.07,0.15,Credit Card,Pending
2747,1250,120,3,20,2024-05-20,1,346.06,0.2,Cash,Returned
2748,762,100,4,26,2025-01-24,5,447.11,0.05,PayPal,Cancelled
2749,42,293,11,33,2025-03-21,2,54.25,0.1,Credit Card,Completed
2750,1877,1,10,29,2025-12-11,4,31.01,0.2,Gift Card,Cancelled
2751,1594,244,9,25,2024-01-25,4,328.77,0.2,Debit Card,Returned
2752,934,113,1,50,2025-11-21,4,438.2,0.2,Gift Card,Returned
2753,1347,292,1,50,2025-10-18,5,398.38,0.2,Cash,Cancelled
2754,1406,150,1,22,2024-07-22,3,157.31,0.15,Gift Card,Completed
2755,1231,205,12,10,2023-11-18,6,370.78,0.2,Credit Card,Completed
2756,1254,119,1,50,2024-01-08,6,63.82,0.0,Cash,Returned
2757,1059,82,3,31,2024-12-08,2,166.87,0.0,PayPal,Cancelled
2758,161,180,5,48,2025-05-21,4,177.87,0.0,Gift Card,Completed
2759,417,300,8,24,2025-06-24,2,306.79,0.0,PayPal,Cancelled
2760,1374,18,2,45,2025-11-02,3,383.42,0.0,Cash,Pending
2761,1567,103,12,11,2023-01-05,3,220.08,0.0,Cash,Returned
2762,291,224,10,29,2025-12-04,5,190.7,0.0,Gift Card,Completed
2763,1995,13,12,17,2024-12-16,2,127.76,0.2,Gift Card,Completed
2764,919,94,10,29,2023-05-13,2,325.59,0.1,Cash,Completed
2765,1133,231,7,2,2023-02-27,2,52.2,0.05,Debit Card,Cancelled
2766,1797,286,8,39,2023-11-15,6,217.06,0.1,Cash,Completed
2767,969,53,2,28,2025-09-08,2,459.8,0.0,Debit Card,Returned
2768,1698,271,10,4,2025-01-31,5,316.69,0.0,Gift Card,Completed
2769,1400,257,9,38,2024-02-23,4,29.22,0.2,Gift Card,Completed
2770,408,275,8,19,2025-03-19,4,255.49,0.0,Credit Card,Returned
2771,973,247,15,18,2025-01-30,3,58.54,0.1,Gift Card,Cancelled
2772,1506,168,13,30,2024-08-18,1,303.92,0.2,Cash,Completed
2773,1371,227,12,17,2025-09-12,6,225.3,0.0,Credit Card,Cancelled
2774,367,169,5,1,2025-12-27,6,446.78,0.1,Credit Card,Completed
2775,1868,164,11,33,2024-10-28,5,117.71,0.05,Debit Card,Completed
2776,1032,150,6,14,2025-01-06,4,157.31,0.15,Credit Card,Completed
2777,314,148,9,25,2023-08-22,1,293.31,0.2,Credit Card,Shipped
2778,1617,240,6,9,2024-09-12,5,196.7,0.0,Gift Card,Completed
2779,1072,61,7,2,2025-05-26,6,172.42,0.2,Credit Card,Completed
2780,1290,196,6,14,2025-06-13,1,222.19,0.0,Credit Card,Shipped
2781,903,183,12,11,2023-04-03,1,70.12,0.0,Cash,Shipped
2782,70,284,9,38,2023-10-10,2,413.62,0.15,Credit Card,Pending
2783,1899,197,7,2,2024-09-27,5,82.36,0.2,PayPal,Shipped
2784,896,179,4,34,2025-11-02,6,63.58,0.0,Debit Card,Returned
2785,827,150,9,25,2025-09-24,2,157.31,0.2,Cash,Completed
2786,1580,262,6,14,2023-07-19,4,392.06,0.0,Debit Card,Completed
2787,1603,152,6,9,2024-01-12,3,290.47,0.0,Gift Card,Returned
2788,1375,19,12,10,2023-03-25,6,332.56,0.0,Cash,Shipped
2789,1858,281,4,35,2023-02-07,3,125.56,0.15,Gift Card,Returned
2790,1725,162,11,7,2023-08-02,3,532.97,0.0,Credit Card,Returned
2791,105,290,12,11,2025-10-25,4,30.66,0.0,Gift Card,Completed
2792,1951,257,14,8,2023-08-25,4,29.22,0.05,Debit Card,Completed
2793,471,280,15,5,2024-08-25,4,59.78,0.1,Debit Card,Completed
2794,748,28,9,25,2023-07-27,4,360.14,0.0,Cash,Cancelled
2795,789,79,15,18,2025-01-27,4,143.89,0.0,Debit Card,Completed
2796,449,216,14,47,2023-08-10,2,91.49,0.05,PayPal,Returned
2797,809,89,9,38,2023-11-28,5,248.83,0.0,PayPal,Pending
2798,574,187,5,23,2023-03-18,5,226.55,0.0,Credit Card,Pending
2799,1336,113,8,19,2023-07-03,3,438.2,0.2,Credit Card,Pending
2800,76,143,15,18,2023-12-20,1,511.76,0.0,Gift Card,Shipped
2801,682,19,2,45,2024-06-26,3,332.56,0.2,Cash,Completed
2802,536,146,3,31,2024-12-07,5,309.25,0.15,PayPal,Completed
2803,849,147,15,44,2025-01-25,3,433.97,0.0,Debit Card,Completed
2804,1675,238,15,32,2023-04-02,3,196.9,0.1,Gift Card,Pending
2805,1235,97,3,20,2024-01-29,4,228.27,0.0,Cash,Returned
2806,640,89,12,10,2025-08-31,6,248.83,0.05,Gift Card,Completed
2807,1385,62,5,48,2024-09-28,4,539.25,0.0,Credit Card,Shipped
2808,892,64,13,30,2024-01-25,3,566.62,0.0,Debit Card,Shipped
2809,700,198,6,14,2023-06-26,5,125.5,0.0,Gift Card,Completed
2810,1703,46,12,10,2024-03-01,5,393.27,0.0,Cash,Completed
2811,1726,5,6,9,2024-12-21,2,136.89,0.2,Debit Card,Cancelled
2812,695,4,14,47,2025-01-23,4,355.19,0.1,PayPal,Completed
2813,1326,270,15,16,2023-12-19,4,17.58,0.0,Credit Card,Pending
2814,386,106,3,31,2024-09-20,1,127.35,0.15,PayPal,Completed
2815,1085,54,4,34,2024-05-23,2,43.29,0.05,Debit Card,Pending
2816,500,80,8,19,2025-04-18,2,249.35,0.05,Gift Card,Pending
2817,890,172,8,24,2025-11-03,1,70.42,0.1,Gift Card,Shipped
2818,1312,235,9,38,2024-08-25,5,265.0,0.15,PayPal,Completed
2819,1244,100,5,23,2023-05-30,2,447.11,0.05,Cash,Pending
2820,322,207,11,12,2025-04-17,5,245.28,0.0,Cash,Completed
2821,1330,217,4,34,2025-06-18,6,80.74,0.1,Debit Card,Completed
2822,155,204,1,36,2023-09-10,6,145.14,0.0,Gift Card,Completed
2823,31,175,8,39,2024-05-13,3,86.78,0.0,PayPal,Completed
2824,454,97,11,33,2024-02-13,1,228.27,0.15,Credit Card,Cancelled
2825,216,204,9,25,2025-04-04,3,112.7,0.0,Debit Card,Completed
2826,1102,30,7,2,2023-09-02,5,544.88,0.0,Debit Card,Cancelled
2827,725,142,2,3,2024-05-08,5,306.71,0.05,Cash,Completed
2828,533,45,8,19,2024-10-12,5,107.36,0.2,Credit Card,Completed
2829,1587,219,11,12,2023-01-26,5,243.18,0.05,Debit Card,Completed
2830,724,31,12,11,2024-08-16,4,179.93,0.0,Gift Card,Completed
2831,358,74,15,32,2024-09-28,4,292.63,0.1,Debit Card,Completed
2832,215,282,15,16,2023-10-27,4,461.23,0.15,Debit Card,Completed
2833,1957,213,6,9,2023-09-14,1,64.0,0.0,Credit Card,Shipped
2834,1775,246,2,37,2025-10-13,6,594.34,0.0,Debit Card,Returned
2835,1811,269,12,17,2023-05-12,1,260.22,0.1,Cash,Pending
2836,1088,203,3,31,2025-05-06,3,511.82,0.0,Gift Card,Completed
2837,1563,201,9,25,2023-12-02,1,307.14,0.05,Gift Card,Completed
2838,1077,233,4,26,2023-06-19,3,400.32,0.2,PayPal,Completed
2839,1268,6,1,36,2023-11-14,1,628.51,0.0,Debit Card,Returned
2840,988,4,7,2,2023-12-30,3,355.19,0.05,PayPal,Shipped
2841,1829,230,14,47,2025-12-07,5,49.56,0.1,Credit Card,Completed
2842,946,117,4,26,2025-12-27,3,77.12,0.0,PayPal,Completed
2843,355,70,13,30,2025-07-17,6,42.41,0.15,Cash,Completed
2844,230,152,5,1,2024-05-24,5,290.47,0.15,Gift Card,Shipped
2845,598,121,13,42,2023-06-24,5,13.34,0.1,Cash,Returned
2846,931,280,6,14,2023-04-17,1,59.78,0.05,Cash,Completed
2847,444,205,13,46,2025-04-21,5,370.78,0.2,Gift Card,Completed
2848,737,188,14,47,2023-02-04,3,448.74,0.2,PayPal,Cancelled
2849,1010,185,4,35,2023-03-21,1,357.71,0.2,Gift Card,Pending
2850,1499,97,1,22,2023-08-25,4,228.27,0.2,Credit Card,Completed
2851,1626,117,11,7,2025-01-12,5,77.12,0.15,Cash,Completed
2852,485,57,4,26,2025-02-06,6,207.9,0.05,Cash,Returned
2853,100,43,1,22,2024-10-01,4,121.68,0.0,PayPal,Completed
2854,1887,107,11,7,2024-10-31,2,247.26,0.0,Debit Card,Returned
2855,112,291,3,31,2024-02-29,1,9.1,0.05,Debit Card,Shipped
2856,817,117,13,46,2024-04-18,1,77.12,0.05,Cash,Completed
2857,390,54,1,36,2023-01-16,1,43.29,0.05,Gift Card,Completed
2858,649,239,2,37,2024-05-27,1,337.62,0.0,PayPal,Completed
2859,1173,186,11,33,2023-03-01,5,39.01,0.0,Credit Card,Completed
2860,846,226,14,47,2024-04-21,6,522.95,0.0,Gift Card,Completed
2861,1225,189,4,34,2023-06-28,4,399.71,0.2,Debit Card,Returned
2862,541,57,6,9,2024-05-06,6,207.9,0.0,Debit Card,Completed
2863,1605,193,13,49,2025-09-07,1,248.63,0.0,Gift Card,Returned
2864,45,87,6,14,2024-08-26,5,321.84,0.0,Cash,Completed
2865,902,228,15,18,2024-08-11,1,247.35,0.15,PayPal,Shipped
2866,965,44,1,41,2025-10-17,3,317.68,0.0,Debit Card,Completed
2867,1769,253,12,11,2024-12-13,1,101.3,0.0,PayPal,Pending
2868,822,284,10,4,2024-05-25,1,413.62,0.05,Cash,Completed
2869,192,35,14,8,2024-06-12,2,53.95,0.15,Credit Card,Shipped
2870,1438,257,3,31,2024-09-30,3,29.22,0.0,Gift Card,Returned
2871,1875,105,4,26,2025-06-27,1,500.45,0.15,Cash,Pending
2872,1398,210,2,3,2025-04-03,5,77.07,0.0,Cash,Shipped
2873,1112,181,11,7,2025-09-01,6,334.11,0.2,Debit Card,Completed
2874,1829,63,5,1,2023-07-05,4,63.8,0.05,Gift Card,Completed
2875,214,106,1,50,2023-03-17,1,127.35,0.0,Gift Card,Completed
2876,454,47,4,35,2025-12-05,6,126.89,0.0,Debit Card,Pending
2877,1976,163,1,36,2025-08-20,5,270.34,0.05,Gift Card,Cancelled
2878,63,33,5,1,2023-05-11,6,422.83,0.2,Cash,Cancelled
2879,1600,205,14,8,2023-04-28,6,370.78,0.2,PayPal,Pending
2880,1745,149,14,8,2023-06-03,1,431.72,0.05,Debit Card,Shipped
2881,354,156,5,48,2023-05-23,1,64.7,0.0,Cash,Pending
2882,1350,203,15,16,2025-06-12,2,511.82,0.0,Debit Card,Completed
2883,1320,218,4,26,2024-08-24,2,95.1,0.15,Credit Card,Completed
2884,820,29,7,40,2024-04-04,5,197.73,0.2,Credit Card,Cancelled
2885,693,77,11,33,2024-05-02,3,442.92,0.15,Gift Card,Returned
2886,133,254,6,9,2024-08-10,4,307.61,0.0,Debit Card,Cancelled
2887,202,222,13,30,2024-07-07,5,412.69,0.2,Credit Card,Cancelled
2888,1596,166,7,2,2024-08-12,1,172.27,0.0,Gift Card,Completed
2889,214,115,15,32,2024-08-18,6,295.79,0.05,Credit Card,Completed
2890,1939,255,13,13,2023-04-04,6,118.85,0.05,PayPal,Returned
2891,928,193,14,47,2023-04-20,1,248.63,0.1,Credit Card,Completed
2892,1425,166,5,1,2024-07-23,6,172.27,0.0,Cash,Pending
2893,493,122,14,47,2024-07-01,6,203.86,0.0,PayPal,Cancelled
2894,885,245,8,19,2023-03-12,1,328.64,0.15,PayPal,Returned
2895,320,186,13,42,2024-05-09,1,39.01,0.15,Cash,Pending
2896,9,289,1,41,2024-03-14,4,246.14,0.0,Credit Card,Completed
2897,1273,204,9,38,2025-07-05,3,132.41,0.15,Debit Card,Cancelled
2898,671,182,10,4,2023-03-08,5,543.63,0.0,PayPal,Pending
2899,139,272,3,43,2024-06-30,4,596.66,0.15,Gift Card,Completed
2900,813,106,7,2,2023-12-19,4,127.35,0.15,Credit Card,Completed
2901,1766,138,10,21,2023-03-14,6,102.03,0.15,Debit Card,Returned
2902,1051,14,12,11,2025-11-11,6,379.66,0.15,Gift Card,Completed
2903,183,63,9,25,2023-11-04,1,63.8,0.05,PayPal,Cancelled
2904,305,83,3,43,2024-03-05,2,347.94,0.0,Cash,Completed
2905,1021,71,7,40,2024-12-10,6,251.36,0.15,PayPal,Completed
2906,1932,220,14,47,2023-09-10,4,357.02,0.0,Credit Card,Pending
2907,389,143,5,1,2023-12-24,6,511.76,0.05,Debit Card,Completed
2908,1333,252,4,34,2024-04-21,6,163.4,0.05,Debit Card,Shipped
2909,208,159,15,44,2023-11-06,3,323.53,0.0,Gift Card,Completed
2910,1836,247,10,6,2024-06-18,1,58.54,0.0,Credit Card,Pending
2911,294,176,10,21,2023-04-14,6,171.51,0.0,Cash,Completed
2912,1653,2,4,35,2025-01-15,3,35.98,0.15,Gift Card,Pending
2913,810,152,10,6,2024-01-09,4,290.47,0.0,PayPal,Pending
2914,306,114,6,14,2025-12-02,1,356.17,0.05,Debit Card,Completed
2915,175,123,10,6,2024-10-18,1,203.09,0.0,Debit Card,Completed
2916,104,55,11,7,2023-03-02,4,17.81,0.0,Cash,Completed
2917,365,134,13,13,2025-04-09,5,170.45,0.0,Credit Card,Shipped
2918,286,65,3,20,2024-01-07,2,543.26,0.2,Credit Card,Completed
2919,1609,128,9,38,2025-12-08,6,257.64,0.2,Credit Card,Pending
2920,624,107,13,49,2023-08-03,2,247.26,0.05,PayPal,Completed
2921,1964,266,6,14,2024-02-25,4,140.34,0.1,Credit Card,Completed
2922,869,284,4,26,2024-01-16,2,413.62,0.05,PayPal,Completed
2923,915,35,1,36,2025-02-01,1,53.95,0.1,Credit Card,Completed
2924,1726,279,15,18,2024-09-09,3,281.48,0.15,PayPal,Completed
2925,910,143,1,36,2025-06-15,6,511.76,0.2,PayPal,Completed
2926,458,107,2,3,2025-07-01,1,247.26,0.15,PayPal,Shipped
2927,347,157,5,23,2025-01-20,3,110.95,0.0,Gift Card,Completed
2928,1808,8,14,47,2023-02-01,3,143.64,0.0,Cash,Cancelled
2929,1063,67,11,33,2024-02-23,3,138.29,0.1,Credit Card,Completed
2930,57,285,13,49,2024-01-02,5,313.87,0.15,PayPal,Completed
2931,1651,70,6,9,2025-12-28,4,42.41,0.1,Cash,Completed
2932,1508,182,9,38,2024-03-24,4,543.63,0.0,Gift Card,Cancelled
2933,206,165,13,42,2024-04-25,2,216.64,0.15,Gift Card,Completed
2934,781,211,13,13,2025-05-02,6,199.85,0.05,Gift Card,Completed
2935,186,52,4,26,2023-05-22,6,120.46,0.05,Credit Card,Completed
2936,691,113,10,21,2023-02-22,5,438.2,0.0,Debit Card,Pending
2937,1723,98,12,10,2024-06-07,6,263.06,0.0,Gift Card,Completed
2938,159,239,8,39,2023-01-18,2,337.62,0.05,Credit Card,Completed
2939,1661,276,7,2,2023-10-08,1,394.14,0.0,Cash,Shipped
2940,93,245,9,25,2023-10-22,1,328.64,0.05,Cash,Completed
2941,612,66,8,39,2024-09-03,4,330.95,0.1,Gift Card,Shipped
2942,738,165,4,26,2023-05-05,4,216.64,0.0,PayPal,Completed
2943,50,172,11,33,2024-03-24,4,70.42,0.2,PayPal,Pending
2944,265,13,11,7,2025-07-11,2,127.76,0.15,PayPal,Completed
2945,1124,12,6,14,2024-04-24,3,582.22,0.15,Credit Card,Cancelled
2946,203,292,15,27,2025-04-28,5,398.38,0.2,Cash,Shipped
2947,669,229,6,14,2023-06-12,6,321.97,0.05,Cash,Shipped
2948,1987,162,3,20,2024-06-17,1,532.97,0.15,Credit Card,Cancelled
2949,1891,167,15,16,2025-05-09,4,87.74,0.2,Credit Card,Shipped
2950,100,60,10,6,2025-03-17,6,307.03,0.05,PayPal,Cancelled
2951,1392,125,12,17,2023-03-14,1,152.14,0.0,Cash,Completed
2952,621,18,14,8,2024-12-15,5,383.42,0.0,Gift Card,Returned
2953,1727,131,1,22,2024-07-10,4,582.03,0.0,PayPal,Shipped
2954,2000,26,5,1,2023-01-28,1,68.26,0.0,Credit Card,Completed
2955,845,131,5,48,2025-01-04,3,582.03,0.1,Gift Card,Pending
2956,606,275,9,25,2025-06-21,3,255.49,0.0,Gift Card,Cancelled
2957,1834,283,1,41,2023-10-18,3,84.31,0.05,Debit Card,Returned
2958,865,31,6,14,2023-06-20,2,179.93,0.1,Gift Card,Completed
2959,1513,41,10,21,2023-07-02,5,441.65,0.0,Credit Card,Completed
2960,723,91,13,46,2025-02-02,1,406.77,0.1,Cash,Completed
2961,1233,12,10,21,2024-09-23,2,582.22,0.0,Credit Card,Cancelled
2962,1590,255,8,19,2024-06-09,1,118.85,0.15,Cash,Returned
2963,1755,199,8,24,2024-01-22,1,314.59,0.15,Debit Card,Completed
2964,1435,127,13,30,2023-09-07,5,90.5,0.05,Gift Card,Returned
2965,742,158,1,36,2025-02-08,1,324.07,0.05,Cash,Shipped
2966,1216,215,5,23,2024-08-02,3,108.22,0.2,Cash,Completed
2967,173,278,11,12,2024-04-11,2,98.31,0.1,Credit Card,Completed
2968,1770,228,14,8,2023-09-18,3,247.35,0.15,Gift Card,Shipped
2969,1220,81,15,32,2025-07-26,6,379.78,0.15,PayPal,Cancelled
2970,1875,154,2,37,2025-12-21,5,214.32,0.0,Credit Card,Completed
2971,788,174,10,21,2024-06-06,4,62.11,0.0,Cash,Completed
2972,1148,10,9,38,2025-09-03,2,46.02,0.05,Gift Card,Returned
2973,1749,293,7,40,2025-08-20,2,54.25,0.05,Cash,Completed
2974,1755,76,4,34,2024-12-19,1,46.89,0.2,Credit Card,Pending
2975,1735,276,7,2,2025-07-03,3,394.14,0.05,Gift Card,Returned
2976,1422,205,7,40,2023-04-28,6,370.78,0.1,PayPal,Completed
2977,1832,187,2,28,2023-12-02,3,226.55,0.0,PayPal,Cancelled
2978,1252,108,11,33,2023-08-20,4,603.53,0.05,Credit Card,Pending
2979,862,230,9,38,2024-10-14,5,49.56,0.0,Cash,Completed
2980,1503,109,14,47,2025-05-01,4,33.31,0.0,Cash,Shipped
2981,978,247,13,46,2023-08-16,3,58.54,0.0,Gift Card,Cancelled
2982,1935,29,14,47,2023-10-04,3,197.73,0.15,Credit Card,Completed
2983,1972,145,6,14,2024-06-08,5,328.64,0.0,PayPal,Completed
2984,1799,276,12,17,2024-10-18,4,394.14,0.2,Debit Card,Cancelled
2985,1291,111,6,14,2025-10-01,3,123.3,0.0,Cash,Shipped
2986,1454,243,6,14,2025-03-10,6,523.63,0.05,Debit Card,Completed
2987,1413,140,14,47,2024-01-12,1,257.08,0.15,Credit Card,Cancelled
2988,1950,111,10,21,2023-01-21,6,123.3,0.05,Gift Card,Completed
2989,963,67,15,32,2025-12-17,6,138.29,0.2,Gift Card,Completed
2990,1377,260,7,40,2025-10-16,1,172.37,0.15,Debit Card,Shipped
2991,874,207,12,17,2023-02-16,2,245.28,0.05,PayPal,Returned
2992,1614,96,9,25,2025-08-09,4,595.96,0.15,Cash,Shipped
2993,1314,147,9,25,2024-02-07,6,433.97,0.0,Credit Card,Completed
2994,1702,204,8,39,2023-07-30,4,77.43,0.05,Gift Card,Pending
2995,525,72,11,33,2024-07-23,4,301.36,0.0,Cash,Returned
2996,1201,58,10,4,2025-03-08,2,76.76,0.15,PayPal,Returned
2997,1751,242,6,9,2023-12-22,2,378.8,0.0,Credit Card,Completed
2998,715,219,7,2,2025-09-02,5,243.18,0.0,PayPal,Pending
2999,427,28,9,25,2025-09-06,6,360.14,0.0,PayPal,Completed
3000,442,158,2,28,2023-02-07,2,324.07,0.0,Cash,Pending
3001,1703,222,4,26,2023-12-26,3,412.69,0.1,Credit Card,Shipped
3002,185,195,9,25,2024-12-22,5,165.25,0.0,Debit Card,Completed
3003,862,135,10,21,2023-03-22,2,126.8,0.0,PayPal,Completed
3004,947,49,3,43,2024-06-22,4,148.66,0.0,Credit Card,Cancelled
3005,57,97,2,28,2024-04-17,5,228.27,0.2,Cash,Completed
3006,886,222,10,29,2024-06-03,2,412.69,0.0,Debit Card,Shipped
3007,1477,247,9,25,2025-01-01,6,58.54,0.15,Debit Card,Shipped
3008,789,125,9,38,2025-08-28,6,152.14,0.05,Cash,Completed
3009,1291,167,11,33,2023-04-20,6,87.74,0.0,Debit Card,Completed
3010,973,70,14,47,2023-06-12,4,42.41,0.1,Credit Card,Completed
3011,733,24,7,2,2024-11-06,2,129.26,0.05,PayPal,Pending
3012,570,157,10,6,2025-11-12,4,110.95,0.0,PayPal,Returned
3013,1562,250,12,11,2024-05-07,6,120.54,0.1,PayPal,Shipped
3014,1752,270,2,28,2025-06-12,4,17.58,0.0,Gift Card,Pending
3015,1615,276,5,23,2025-02-24,5,394.14,0.0,Cash,Completed
3016,778,85,1,50,2025-02-11,5,347.38,0.2,Cash,Returned
3017,577,52,3,43,2024-10-10,4,120.46,0.0,PayPal,Completed
3018,38,147,1,36,2023-02-11,-3,433.97,0.0,Gift Card,Completed
3019,1161,36,13,13,2023-10-03,5,480.04,0.2,Debit Card,Shipped
3020,935,29,13,30,2024-01-04,4,197.73,0.0,PayPal,Pending
3021,597,203,15,5,2024-03-30,3,511.82,0.0,Credit Card,Completed
3022,758,108,10,6,2023-05-10,6,603.53,0.0,Credit Card,Completed
3023,1047,155,12,11,2025-01-26,4,232.62,0.05,Credit Card,Completed
3024,978,30,14,8,2023-04-05,6,544.88,0.15,Gift Card,Completed
3025,391,48,5,48,2025-07-12,3,397.65,0.05,Gift Card,Completed
3026,379,54,4,26,2025-06-30,2,43.29,0.05,Debit Card,Completed
3027,1662,23,14,47,2023-06-20,1,298.77,0.0,PayPal,Shipped
3028,321,40,3,31,2023-11-20,2,408.98,0.15,Credit Card,Shipped
3029,159,107,1,50,2025-12-09,3,247.26,0.2,Gift Card,Returned
3030,1876,161,1,36,2023-06-24,3,322.86,0.0,PayPal,Cancelled
3031,1710,142,12,10,2025-08-22,1,306.71,0.0,Credit Card,Completed
3032,108,43,5,23,2024-10-08,6,121.68,0.0,Credit Card,Completed
3033,1252,209,10,21,2023-04-30,2,193.95,0.05,PayPal,Returned
3034,1637,141,13,30,2025-10-09,4,236.86,0.1,Gift Card,Returned
3035,526,258,1,41,2024-11-11,3,270.37,0.05,Credit Card,Cancelled
3036,347,92,14,47,2024-09-26,4,665.8,0.2,Credit Card,Shipped
3037,1358,257,7,40,2025-04-29,1,29.22,0.2,Cash,Pending
3038,1802,55,14,47,2025-11-27,4,17.81,0.0,Cash,Completed
3039,784,29,9,25,2025-01-25,5,197.73,0.0,PayPal,Completed
3040,1610,170,8,39,2024-12-26,1,260.29,0.1,Gift Card,Completed
3041,1124,196,8,39,2024-10-29,1,222.19,0.0,Cash,Shipped
3042,1856,143,2,37,2023-10-09,5,511.76,0.0,Gift Card,Completed
3043,39,272,8,39,2023-05-05,6,596.66,0.0,Credit Card,Completed
3044,466,225,6,9,2025-11-14,2,131.27,0.05,PayPal,Shipped
3045,601,74,8,19,2024-06-05,1,292.63,0.05,Cash,Completed
3046,912,196,3,20,2023-06-10,4,222.19,0.15,Credit Card,Completed
3047,1847,136,7,2,2024-03-26,4,266.29,0.0,Debit Card,Pending
3048,1221,240,11,7,2025-03-12,4,196.7,0.15,Credit Card,Completed
3049,249,236,6,14,2023-06-21,3,209.86,0.0,Gift Card,Completed
3050,165,235,7,2,2024-12-13,1,265.0,0.15,Credit Card,Completed
3051,1869,243,15,18,2024-05-27,2,523.63,0.1,Cash,Shipped
3052,895,53,6,14,2025-12-20,4,459.8,0.05,Gift Card,Completed
3053,269,48,7,40,2023-11-23,2,397.65,0.1,Cash,Completed
3054,531,106,10,4,2023-01-22,6,127.35,0.1,Credit Card,Completed
3055,927,91,6,9,2025-01-14,5,406.77,0.05,Debit Card,Completed
3056,1867,144,7,40,2023-04-22,5,296.96,0.15,Debit Card,Completed
3057,708,300,11,7,2024-07-02,3,306.79,0.15,Gift Card,Pending
3058,186,91,10,4,2023-12-05,4,406.77,0.2,Credit Card,Completed
3059,850,50,9,25,2023-01-30,5,564.26,0.1,Debit Card,Completed
3060,1688,20,6,14,2023-05-24,4,170.95,0.2,Credit Card,Completed
3061,816,124,12,17,2025-07-26,1,311.92,0.0,Cash,Cancelled
3062,1813,55,10,21,2024-10-13,1,17.81,0.05,Gift Card,Pending
3063,893,212,13,13,2023-11-07,4,26.85,0.2,PayPal,Cancelled
3064,1892,99,14,47,2025-03-01,1,384.25,0.0,Debit Card,Cancelled
3065,1052,250,14,47,2024-01-21,2,120.54,0.2,PayPal,Completed
3066,669,142,3,20,2025-01-06,1,306.71,0.2,Gift Card,Completed
3067,38,225,10,21,2025-08-06,2,131.27,0.2,Credit Card,Pending
3068,1303,148,14,8,2023-08-29,1,293.31,0.0,Gift Card,Completed
3069,1106,150,7,40,2025-11-21,2,157.31,0.2,Credit Card,Completed
3070,567,221,13,13,2023-05-07,2,183.32,0.15,Gift Card,Cancelled
3071,1818,20,1,50,2025-02-25,3,170.95,0.1,Gift Card,Completed
3072,583,145,6,9,2025-08-15,5,328.64,0.0,PayPal,Cancelled
3073,119,135,14,8,2025-08-20,1,126.8,0.0,PayPal,Pending
3074,328,234,10,4,2025-05-21,3,314.58,0.0,Debit Card,Completed
3075,657,26,1,22,2023-08-31,5,68.26,0.1,Gift Card,Cancelled
3076,988,108,6,14,2025-11-06,5,603.53,0.0,Gift Card,Completed
3077,784,82,5,1,2025-11-11,3,166.87,0.2,Gift Card,Completed
3078,645,115,3,31,2024-01-12,1,295.79,0.0,PayPal,Completed
3079,655,190,6,9,2023-04-25,1,292.3,0.0,Debit Card,Cancelled
3080,166,48,5,23,2025-06-15,5,397.65,0.1,Cash,Pending
3081,251,107,1,41,2023-09-04,5,247.26,0.15,Credit Card,Shipped
3082,735,48,9,25,2024-08-15,1,397.65,0.0,Credit Card,Completed
3083,1295,22,8,24,2024-07-16,6,90.87,0.0,Cash,Completed
3084,443,79,7,2,2025-08-26,4,143.89,0.15,Gift Card,Completed
3085,918,116,9,38,2025-11-12,5,365.71,0.0,PayPal,Completed
3086,1382,190,15,15,2023-12-31,5,292.3,0.0,Credit Card,Returned
3087,407,211,6,14,2023-04-03,4,199.85,0.0,Cash,Completed
3088,417,245,14,8,2024-02-25,5,328.64,0.2,PayPal,Shipped
3089,1322,161,2,28,2023-05-23,5,322.86,0.0,Gift Card,Returned
3090,1782,98,10,21,2025-06-01,3,263.06,0.0,Cash,Returned
3091,400,44,11,33,2024-09-19,6,317.68,0.0,Cash,Shipped
3092,754,17,7,2,2024-10-16,1,307.03,0.0,Debit Card,Returned
3093,1094,230,13,13,2025-09-07,4,49.56,0.2,Debit Card,Completed
3094,264,102,11,7,2023-01-17,3,455.19,0.0,Debit Card,Completed
3095,1417,266,14,8,2025-12-11,2,140.34,0.0,Credit Card,Returned
3096,665,14,13,30,2023-11-11,3,379.66,0.0,Cash,Completed
3097,1878,223,4,35,2025-02-16,4,162.74,0.1,Gift Card,Shipped
3098,1336,79,1,50,2025-03-07,1,143.89,0.15,Gift Card,Completed
3099,1503,260,6,14,2025-05-07,4,172.37,0.0,PayPal,Returned
3100,421,249,1,41,2024-02-01,5,471.0,0.0,Debit Card,Completed
3101,1156,236,4,26,2023-03-02,1,209.86,0.1,Cash,Completed
3102,104,239,8,24,2025-01-11,1,337.62,0.1,Debit Card,Returned
3103,1154,260,2,3,2025-04-27,2,172.37,0.05,PayPal,Pending
3104,357,259,15,32,2023-05-20,4,395.59,0.1,Credit Card,Returned
3105,1588,205,1,50,2025-10-29,6,370.78,0.1,Debit Card,Completed
3106,97,160,8,39,2023-12-01,5,466.97,0.15,Gift Card,Shipped
3107,865,280,6,9,2023-06-03,6,59.78,0.05,Debit Card,Completed
3108,207,234,11,12,2025-06-25,1,314.58,0.0,Credit Card,Completed
3109,1088,109,9,25,2024-06-25,5,33.31,0.15,PayPal,Completed
3110,1813,133,9,38,2024-06-11,5,321.54,0.05,Cash,Completed
3111,506,99,15,27,2024-06-06,4,384.25,0.2,PayPal,Cancelled
3112,1876,70,7,40,2025-03-03,1,42.41,0.0,Debit Card,Completed
3113,865,217,2,3,2025-04-29,3,80.74,0.0,PayPal,Cancelled
3114,976,156,15,27,2024-03-31,6,64.7,0.0,PayPal,Pending
3115,912,269,1,36,2023-12-21,6,260.22,0.2,Debit Card,Cancelled
3116,260,215,8,19,2025-12-13,1,108.22,0.0,Cash,Completed
3117,997,277,13,42,2023-07-21,2,320.72,0.15,Debit Card,Pending
3118,582,86,12,10,2023-09-02,4,302.91,0.15,Gift Card,Cancelled
3119,985,142,3,31,2024-05-31,2,306.71,0.0,Gift Card,Completed
3120,921,116,9,25,2023-03-21,3,365.71,0.15,Gift Card,Pending
3121,66,271,7,2,2024-09-24,1,316.69,0.05,Gift Card,Shipped
3122,1565,59,5,1,2024-11-11,3,239.55,0.05,Debit Card,Returned
3123,1047,163,2,45,2025-05-25,3,270.34,0.15,Cash,Completed
3124,1360,154,15,16,2023-11-03,5,214.32,0.2,Gift Card,Returned
3125,1250,92,8,19,2023-04-23,4,665.8,0.0,Gift Card,Completed
3126,556,23,8,39,2025-06-06,6,298.77,0.0,Cash,Completed
3127,214,117,13,42,2025-11-24,6,77.12,0.0,PayPal,Returned
3128,485,70,9,25,2024-02-20,5,42.41,0.15,Debit Card,Returned
3129,1325,130,3,31,2025-05-16,6,293.35,0.1,Debit Card,Returned
3130,1830,221,10,29,2023-06-27,1,183.32,0.0,Gift Card,Cancelled
3131,551,284,6,14,2023-04-17,5,413.62,0.0,Gift Card,Completed
3132,1446,157,11,7,2023-11-26,4,110.95,0.0,Credit Card,Cancelled
3133,65,27,11,12,2023-06-08,2,565.88,0.2,Gift Card,Returned
3134,1752,200,14,47,2023-03-16,5,214.09,0.2,Credit Card,Returned
3135,1604,19,5,48,2023-06-21,1,332.56,0.0,Gift Card,Completed
3136,1710,166,7,40,2024-09-24,3,172.27,0.0,Credit Card,Completed
3137,972,266,1,22,2024-07-04,4,140.34,0.0,Cash,Pending
3138,1648,3,14,8,2024-10-06,2,507.54,0.2,Cash,Completed
3139,1127,293,11,33,2025-11-03,4,54.25,0.15,Credit Card,Completed
3140,324,56,8,19,2025-04-23,4,176.55,0.0,PayPal,Returned
3141,94,230,15,5,2023-05-02,6,49.56,0.1,Credit Card,Returned
3142,1667,254,14,8,2023-07-10,2,307.61,0.15,Credit Card,Shipped
3143,733,18,11,7,2023-02-15,4,383.42,0.0,Debit Card,Completed
3144,1860,132,8,24,2024-05-17,3,127.63,0.2,Gift Card,Shipped
3145,1880,221,6,9,2024-12-28,3,183.32,0.0,Gift Card,Shipped
3146,1377,135,15,18,2023-06-12,1,126.8,0.05,Debit Card,Completed
3147,1436,294,9,38,2024-12-22,5,345.43,0.1,Cash,Pending
3148,1891,163,6,14,2024-01-19,1,270.34,0.0,Cash,Completed
3149,336,272,15,16,2023-12-04,1,596.66,0.2,Gift Card,Completed
3150,1493,119,15,16,2023-02-11,6,63.82,0.0,PayPal,Completed
3151,1444,143,8,24,2024-08-26,6,511.76,0.2,Debit Card,Shipped
3152,1998,75,4,35,2024-09-25,3,363.98,0.15,PayPal,Pending
3153,1420,145,7,40,2023-04-21,3,328.64,0.2,Gift Card,Pending
3154,1304,202,3,31,2024-07-15,5,211.09,0.05,PayPal,Completed
3155,1585,152,4,35,2023-07-30,5,290.47,0.2,Gift Card,Completed
3156,1839,39,8,39,2023-02-14,1,340.31,0.1,PayPal,Pending
3157,356,261,5,23,2023-12-05,2,638.9,0.0,Cash,Returned
3158,264,258,3,20,2023-09-17,4,270.37,0.0,PayPal,Cancelled
3159,1982,93,8,19,2024-08-05,5,380.69,0.1,Credit Card,Completed
3160,962,289,6,14,2023-07-01,3,246.14,0.2,Debit Card,Shipped
3161,719,194,5,48,2024-12-18,6,35.78,0.0,Cash,Completed
3162,564,29,4,34,2025-08-15,6,197.73,0.0,Gift Card,Completed
3163,146,123,14,8,2024-11-04,3,203.09,0.0,Gift Card,Cancelled
3164,1755,167,9,38,2023-02-12,6,87.74,0.05,Credit Card,Completed
3165,335,38,3,43,2023-07-26,1,142.98,0.0,Cash,Returned
3166,194,262,11,7,2023-06-11,3,392.06,0.0,Gift Card,Shipped
3167,1572,238,9,25,2025-07-22,1,196.9,0.05,Cash,Completed
3168,910,13,14,8,2025-01-29,6,127.76,0.15,Gift Card,Completed
3169,789,112,15,15,2024-01-15,4,347.45,0.05,Cash,Completed
3170,1789,104,12,17,2023-09-24,4,61.42,0.0,Debit Card,Pending
3171,1242,269,1,50,2023-04-18,3,260.22,0.15,Credit Card,Pending
3172,1273,124,8,39,2025-06-22,5,311.92,0.1,Gift Card,Pending
3173,334,98,11,12,2025-06-09,2,263.06,0.05,PayPal,Completed
3174,568,138,5,23,2023-08-09,6,102.03,0.2,PayPal,Completed
3175,927,292,15,16,2023-11-11,4,398.38,0.2,PayPal,Completed
3176,859,181,1,22,2023-08-03,3,334.11,0.1,Debit Card,Cancelled
3177,915,279,8,24,2025-10-08,1,281.48,0.0,Debit Card,Cancelled
3178,145,229,4,26,2024-04-11,1,321.97,0.2,Cash,Completed
3179,675,197,14,47,2023-05-11,5,82.36,0.2,Credit Card,Returned
3180,778,185,14,47,2023-04-14,2,357.71,0.0,Credit Card,Completed
3181,352,256,13,13,2025-12-18,6,203.89,0.1,PayPal,Cancelled
3182,116,3,11,12,2024-12-19,2,507.54,0.0,PayPal,Completed
3183,110,216,15,32,2024-01-31,1,91.49,0.1,Cash,Completed
3184,1817,254,15,15,2025-02-23,5,307.61,0.0,PayPal,Completed
3185,1179,86,8,39,2025-10-16,3,302.91,0.15,Debit Card,Returned
3186,1866,264,3,31,2025-09-01,3,25.86,0.0,Credit Card,Completed
3187,335,134,12,11,2024-02-27,5,170.45,0.05,Credit Card,Completed
3188,914,99,8,24,2023-07-18,3,384.25,0.2,Cash,Shipped
3189,549,59,11,33,2025-02-08,6,239.55,0.0,PayPal,Cancelled
3190,361,135,13,46,2024-02-19,5,126.8,0.0,PayPal,Completed
3191,1698,73,15,32,2025-10-06,4,68.44,0.15,Cash,Completed
3192,1364,212,8,19,2025-12-17,6,26.85,0.05,Cash,Completed
3193,1835,278,11,7,2023-11-16,6,98.31,0.0,Debit Card,Completed
3194,928,67,2,45,2023-02-08,4,138.29,0.0,Cash,Completed
3195,765,213,5,48,2025-05-29,1,64.0,0.1,Gift Card,Returned
3196,1406,193,12,11,2023-01-20,1,248.63,0.15,Credit Card,Cancelled
3197,481,140,12,11,2023-01-04,1,257.08,0.0,Gift Card,Completed
3198,701,233,11,12,2025-02-14,6,400.32,0.0,Cash,Pending
3199,743,235,7,40,2024-01-30,6,265.0,0.0,Gift Card,Pending
3200,1566,31,5,1,2024-11-22,5,179.93,0.0,Debit Card,Completed
3201,112,153,4,26,2025-05-22,6,238.04,0.0,Cash,Completed
3202,1304,12,12,11,2025-05-06,1,582.22,0.2,Cash,Returned
3203,451,7,4,34,2024-10-21,2,279.59,0.2,Debit Card,Shipped
3204,1948,252,9,25,2025-12-17,4,163.4,0.0,Credit Card,Completed
3205,1645,194,15,27,2023-08-17,3,35.78,0.2,Gift Card,Completed
3206,885,204,2,3,2023-09-07,4,124.74,0.0,Gift Card,Returned
3207,1181,31,1,41,2024-07-05,1,179.93,0.0,PayPal,Pending
3208,962,227,11,33,2025-06-01,6,225.3,0.0,PayPal,Completed
3209,845,227,10,21,2023-03-08,5,225.3,0.1,Credit Card,Returned
3210,556,216,9,38,2023-05-22,2,91.49,0.0,Credit Card,Completed
3211,1109,265,9,38,2024-09-28,6,348.49,0.05,PayPal,Pending
3212,525,111,9,25,2025-07-21,3,123.3,0.1,PayPal,Returned
3213,1102,221,12,11,2023-12-29,3,183.32,0.1,Debit Card,Completed
3214,1168,226,1,22,2023-05-13,3,522.95,0.0,Cash,Pending
3215,33,60,10,21,2024-02-03,2,307.03,0.05,Debit Card,Pending
3216,180,34,12,17,2024-11-01,6,71.12,0.1,Cash,Completed
3217,1857,274,1,36,2024-01-09,3,57.88,0.2,Cash,Returned
3218,1313,123,10,4,2025-07-09,1,203.09,0.05,Credit Card,Cancelled
3219,1373,86,10,21,2024-03-19,6,302.91,0.0,PayPal,Cancelled
3220,961,276,7,2,2023-06-25,2,394.14,0.0,Cash,Completed
3221,1453,124,2,3,2025-02-19,5,311.92,0.2,Credit Card,Completed
3222,1217,25,5,23,2024-09-14,4,323.92,0.15,Cash,Shipped
3223,123,178,10,21,2023-05-13,3,41.87,0.0,PayPal,Completed
3224,1013,287,5,1,2023-07-10,6,173.87,0.15,PayPal,Completed
3225,889,274,11,7,2023-04-22,1,57.88,0.1,Credit Card,Returned
3226,1694,268,11,12,2023-05-29,3,252.86,0.0,Gift Card,Completed
3227,874,200,15,32,2023-07-16,1,214.09,0.05,Debit Card,Pending
3228,335,2,14,47,2025-04-18,4,35.98,0.0,Cash,Completed
3229,1524,177,12,17,2023-11-11,6,467.22,0.0,PayPal,Shipped
3230,993,166,11,12,2025-09-18,2,172.27,0.0,Credit Card,Completed
3231,405,43,4,26,2025-01-18,1,121.68,0.15,Credit Card,Returned
3232,1208,286,8,24,2025-06-10,2,217.06,0.2,Cash,Completed
3233,1298,240,10,21,2025-05-08,3,196.7,0.15,PayPal,Completed
3234,1977,178,5,48,2025-11-02,2,41.87,0.0,PayPal,Completed
3235,170,6,10,4,2023-10-07,4,628.51,0.0,Cash,Completed
3236,1711,69,15,27,2023-10-24,4,444.45,0.2,Gift Card,Pending
3237,1183,157,1,41,2023-12-05,2,110.95,0.0,Cash,Cancelled
3238,1422,143,5,1,2024-06-08,5,511.76,0.2,Credit Card,Completed
3239,1298,3,4,35,2023-08-29,1,507.54,0.0,Gift Card,Cancelled
3240,1595,52,7,40,2025-01-29,1,120.46,0.0,Cash,Cancelled
3241,322,105,13,30,2025-08-21,3,500.45,0.0,PayPal,Completed
3242,241,237,8,19,2024-10-16,2,159.44,0.2,Debit Card,Cancelled
3243,452,76,11,33,2024-07-24,2,46.89,0.0,Credit Card,Completed
3244,1166,179,12,10,2025-09-15,5,63.58,0.05,Gift Card,Cancelled
3245,14,252,3,43,2024-02-09,2,163.4,0.0,Credit Card,Completed
3246,1755,167,7,40,2024-10-29,6,87.74,0.1,Cash,Completed
3247,350,150,13,49,2023-03-27,4,157.31,0.2,PayPal,Completed
3248,749,178,7,2,2025-12-04,2,41.87,0.1,Gift Card,Completed
3249,1796,81,1,50,2025-01-09,5,379.78,0.05,Gift Card,Completed
3250,753,181,1,22,2023-09-30,6,334.11,0.0,Debit Card,Returned
3251,1920,43,13,30,2025-04-17,4,121.68,0.0,Credit Card,Completed
3252,406,70,2,37,2025-07-09,6,42.41,0.0,Cash,Completed
3253,1699,147,13,13,2025-06-27,4,433.97,0.0,PayPal,Returned
3254,434,250,9,38,2023-07-03,2,120.54,0.05,Credit Card,Pending
3255,1765,171,9,25,2024-05-23,5,293.86,0.0,Debit Card,Completed
3256,1341,115,12,10,2025-03-10,3,295.79,0.05,Debit Card,Cancelled
3257,1623,200,13,46,2024-07-06,3,214.09,0.0,Debit Card,Completed
3258,1899,197,11,12,2023-11-13,2,82.36,0.0,Cash,Completed
3259,1703,132,13,46,2024-07-04,2,127.63,0.1,Credit Card,Returned
3260,117,230,4,35,2023-06-03,5,49.56,0.15,Credit Card,Returned
3261,886,292,15,32,2024-02-19,5,398.38,0.1,Cash,Shipped
3262,1948,197,2,3,2025-12-19,6,82.36,0.0,Credit Card,Completed
3263,1996,299,7,2,2025-11-23,4,150.33,0.0,Debit Card,Shipped
3264,765,254,8,39,2023-08-05,1,307.61,0.0,Debit Card,Returned
3265,738,193,11,7,2024-11-13,6,248.63,0.2,Debit Card,Returned
3266,1407,298,6,9,2025-02-24,5,202.95,0.0,Debit Card,Completed
3267,345,281,4,34,2025-12-18,5,125.56,0.15,PayPal,Completed
3268,1556,266,15,27,2025-02-24,1,140.34,0.1,Credit Card,Completed
3269,943,51,15,5,2024-08-01,5,190.91,0.15,Debit Card,Completed
3270,53,126,12,11,2025-04-27,5,333.86,0.0,PayPal,Cancelled
3271,587,134,11,33,2024-07-11,2,170.45,0.2,Debit Card,Pending
3272,1722,102,13,13,2023-12-22,6,455.19,0.15,Gift Card,Pending
3273,436,287,14,47,2024-04-03,1,173.87,0.15,PayPal,Completed
3274,478,263,1,41,2024-08-31,6,47.7,0.0,PayPal,Completed
3275,1984,250,8,39,2024-11-05,4,120.54,0.1,Debit Card,Shipped
3276,1139,17,2,3,2023-05-15,5,307.03,0.2,Cash,Pending
3277,1226,47,8,19,2024-04-12,1,126.89,0.0,Gift Card,Completed
3278,634,199,6,14,2023-01-16,2,314.59,0.0,Debit Card,Completed
3279,148,251,2,28,2025-12-16,1,355.21,0.0,Debit Card,Completed
3280,1012,162,14,8,2025-12-13,1,532.97,0.2,PayPal,Completed
3281,50,213,6,9,2024-03-23,1,64.0,0.2,Credit Card,Shipped
3282,267,233,7,40,2023-12-09,1,400.32,0.1,Credit Card,Completed
3283,462,50,10,21,2023-03-29,1,564.26,0.2,Gift Card,Completed
3284,1552,166,10,6,2023-05-12,2,172.27,0.05,Debit Card,Completed
3285,1336,10,4,35,2023-06-03,2,46.02,0.15,Credit Card,Pending
3286,1742,290,3,20,2023-07-06,5,30.66,0.0,Credit Card,Completed
3287,795,199,14,47,2023-06-18,6,314.59,0.0,Credit Card,Returned
3288,1015,74,15,18,2025-10-02,2,292.63,0.0,Cash,Shipped
3289,889,105,1,22,2024-12-19,2,500.45,0.0,Credit Card,Completed
3290,863,68,7,2,2024-10-28,1,15.0,0.0,PayPal,Shipped
3291,1922,62,5,23,2025-09-20,2,539.25,0.0,Credit Card,Cancelled
3292,206,106,13,42,2024-03-29,6,127.35,0.0,PayPal,Completed
3293,416,29,7,40,2023-11-03,1,197.73,0.05,Credit Card,Shipped
3294,693,291,11,7,2025-05-09,4,9.1,0.0,Debit Card,Completed
3295,456,197,10,4,2024-04-06,6,82.36,0.1,Gift Card,Cancelled
3296,454,52,5,1,2024-10-17,5,120.46,0.0,Credit Card,Completed
3297,612,53,13,49,2025-03-13,2,459.8,0.15,Gift Card,Returned
3298,190,159,6,9,2025-05-31,5,323.53,0.0,Cash,Completed
3299,12,10,7,40,2024-04-06,5,46.02,0.0,Cash,Cancelled
3300,796,148,9,38,2023-11-27,5,293.31,0.0,Debit Card,Completed
3301,5,49,4,26,2025-02-07,3,148.66,0.0,Gift Card,Completed
3302,1727,58,12,10,2025-09-23,3,76.76,0.0,Cash,Pending
3303,799,237,2,28,2025-08-27,6,159.44,0.0,Cash,Completed
3304,1814,201,7,2,2023-11-23,6,307.14,0.15,Debit Card,Shipped
3305,1381,221,12,17,2024-12-09,6,183.32,0.2,Debit Card,Pending
3306,1820,2,1,36,2024-06-10,5,35.98,0.05,Credit Card,Completed
3307,786,174,14,8,2024-04-10,3,62.11,0.05,Cash,Returned
3308,597,74,2,37,2025-08-18,1,292.63,0.15,Cash,Pending
3309,132,152,6,9,2025-01-14,5,290.47,0.0,Credit Card,Cancelled
3310,102,75,9,25,2023-02-07,4,363.98,0.15,Cash,Cancelled
3311,1995,162,8,19,2025-05-19,3,532.97,0.0,Debit Card,Pending
3312,417,212,10,21,2023-07-10,1,26.85,0.2,PayPal,Completed
3313,535,166,9,25,2023-04-27,6,172.27,0.1,Cash,Completed
3314,1362,153,12,11,2025-06-24,1,238.04,0.0,Gift Card,Completed
3315,606,58,1,50,2025-10-04,1,76.76,0.2,Credit Card,Returned
3316,744,87,3,20,2024-11-18,2,321.84,0.15,Debit Card,Completed
3317,192,231,5,48,2025-05-12,2,52.2,0.0,PayPal,Completed
3318,1897,36,6,14,2025-10-04,3,480.04,0.0,Credit Card,Completed
3319,920,19,7,2,2024-12-19,3,332.56,0.1,PayPal,Completed
3320,385,105,2,45,2024-03-08,5,500.45,0.15,PayPal,Returned
3321,54,279,11,7,2023-12-02,4,281.48,0.15,Gift Card,Cancelled
3322,1664,32,2,28,2025-02-22,3,162.12,0.05,Gift Card,Shipped
3323,771,133,14,47,2025-08-07,5,321.54,0.2,Gift Card,Cancelled
3324,1842,25,3,31,2024-06-19,3,323.92,0.0,Cash,Completed
3325,1189,290,4,35,2023-11-14,1,30.66,0.1,PayPal,Completed
3326,17,74,7,2,2025-12-02,3,292.63,0.2,Cash,Completed
3327,1385,79,4,35,2024-10-22,6,143.89,0.0,Credit Card,Completed
3328,1923,278,4,26,2025-04-18,3,98.31,0.2,PayPal,Completed
3329,1764,289,13,13,2025-12-19,3,246.14,0.0,PayPal,Completed
3330,1742,174,13,13,2024-02-03,1,62.11,0.05,Debit Card,Pending
3331,1504,278,15,5,2024-04-05,1,98.31,0.0,Credit Card,Shipped
3332,1306,244,2,45,2025-08-08,4,328.77,0.1,Credit Card,Completed
3333,1505,9,10,4,2024-11-03,4,307.63,0.0,Credit Card,Pending
3334,994,151,10,21,2024-09-19,3,61.55,0.15,Credit Card,Shipped
3335,1211,60,14,47,2024-09-25,2,307.03,0.1,Gift Card,Pending
3336,1132,157,8,19,2024-05-18,1,110.95,0.2,Cash,Cancelled
3337,870,162,7,40,2025-08-03,5,532.97,0.0,Debit Card,Returned
3338,465,85,12,11,2025-09-01,2,347.38,0.0,Debit Card,Shipped
3339,391,41,8,19,2023-03-24,3,441.65,0.05,Cash,Returned
3340,1893,136,11,7,2023-05-09,6,266.29,0.0,Debit Card,Shipped
3341,814,266,1,50,2024-04-17,2,140.34,0.1,Gift Card,Pending
3342,176,221,13,49,2023-03-10,3,183.32,0.2,PayPal,Completed
3343,1623,4,2,45,2023-11-24,2,355.19,0.2,Gift Card,Completed
3344,905,129,12,10,2024-03-16,4,267.03,0.0,Credit Card,Completed
3345,1077,135,4,26,2024-01-30,3,126.8,0.0,Cash,Completed
3346,1466,62,14,47,2025-06-14,6,539.25,0.1,Gift Card,Completed
3347,223,147,2,3,2025-08-02,4,433.97,0.0,Gift Card,Completed
3348,945,276,4,34,2025-09-13,2,394.14,0.15,Cash,Cancelled
3349,1690,166,2,37,2024-12-15,4,172.27,0.2,Gift Card,Shipped
3350,132,51,15,15,2025-03-22,5,190.91,0.1,PayPal,Cancelled
3351,825,119,3,31,2025-08-27,6,63.82,0.15,Credit Card,Completed
3352,458,281,9,38,2024-02-03,1,125.56,0.0,PayPal,Shipped
3353,971,260,11,12,2023-08-02,4,172.37,0.0,Credit Card,Returned
3354,1823,136,9,25,2023-05-21,5,266.29,0.15,Debit Card,Completed
3355,1942,206,5,23,2024-01-14,5,367.62,0.1,Gift Card,Completed
3356,421,135,2,45,2025-02-12,1,126.8,0.2,Debit Card,Pending
3357,1710,104,13,46,2023-06-10,3,61.42,0.1,Credit Card,Completed
3358,390,232,9,25,2023-10-01,2,316.8,0.1,PayPal,Completed
3359,626,174,12,10,2023-01-14,6,62.11,0.0,PayPal,Completed
3360,568,291,13,30,2023-08-18,6,9.1,0.0,Cash,Returned
3361,523,298,8,24,2024-01-14,6,202.95,0.05,PayPal,Completed
3362,1137,50,12,11,2024-02-21,2,564.26,0.15,Debit Card,Pending
3363,331,250,15,32,2023-07-31,5,120.54,0.0,Cash,Cancelled
3364,1350,297,15,15,2024-01-15,3,334.26,0.15,Credit Card,Completed
3365,181,103,15,15,2025-03-25,4,220.08,0.0,Credit Card,Returned
3366,501,258,11,7,2024-09-28,1,270.37,0.15,PayPal,Pending
3367,28,80,8,24,2025-11-12,5,249.35,0.0,Debit Card,Pending
3368,1087,261,7,40,2023-05-26,1,638.9,0.0,Debit Card,Completed
3369,855,247,10,4,2023-06-02,2,58.54,0.1,Gift Card,Completed
3370,1233,277,10,6,2024-11-04,5,320.72,0.0,PayPal,Completed
3371,1978,95,15,15,2025-07-06,6,435.89,0.1,Cash,Completed
3372,512,163,7,40,2024-05-16,4,270.34,0.1,Debit Card,Completed
3373,88,225,13,30,2023-12-09,5,131.27,0.05,Credit Card,Completed
3374,1638,82,6,14,2024-04-18,1,166.87,0.2,Gift Card,Returned
3375,133,295,9,25,2024-07-26,4,647.12,0.05,Credit Card,Completed
3376,159,78,5,48,2023-01-02,3,176.26,0.0,Credit Card,Pending
3377,325,20,15,44,2024-02-17,4,170.95,0.0,PayPal,Shipped
3378,1032,169,8,24,2025-04-04,2,446.78,0.0,PayPal,Pending
3379,872,36,11,33,2025-09-09,2,480.04,0.2,Gift Card,Completed
3380,52,213,8,24,2024-01-21,5,64.0,0.15,Credit Card,Cancelled
3381,835,286,12,10,2023-04-11,4,217.06,0.0,Cash,Pending
3382,1216,281,2,45,2024-05-29,6,125.56,0.0,Gift Card,Returned
3383,500,127,15,32,2025-09-01,6,90.5,0.2,Gift Card,Cancelled
3384,1856,260,13,13,2024-07-11,3,172.37,0.0,Gift Card,Cancelled
3385,1464,254,8,24,2025-12-10,2,307.61,0.15,Cash,Shipped
3386,848,38,9,25,2025-11-16,2,142.98,0.05,Cash,Shipped
3387,390,194,9,25,2023-03-18,3,35.78,0.0,Cash,Shipped
3388,374,180,6,9,2025-03-09,4,177.87,0.15,Debit Card,Completed
3389,1664,265,2,45,2023-12-21,5,348.49,0.1,Gift Card,Completed
3390,1482,2,13,13,2024-04-24,4,35.98,0.15,Debit Card,Returned
3391,1207,150,13,30,2023-01-06,2,157.31,0.2,Cash,Completed
3392,524,47,4,34,2023-11-18,5,126.89,0.0,Cash,Returned
3393,32,269,6,9,2025-04-26,1,260.22,0.1,Credit Card,Pending
3394,1737,258,14,47,2024-02-28,5,270.37,0.2,Credit Card,Completed
3395,1275,156,4,26,2023-03-08,2,64.7,0.15,Cash,Pending
3396,372,184,10,21,2023-03-29,1,304.08,0.05,Gift Card,Cancelled
3397,655,244,6,14,2024-09-09,5,328.77,0.05,Debit Card,Completed
3398,1992,6,9,25,2025-10-11,6,628.51,0.15,Cash,Completed
3399,1785,173,7,2,2024-10-06,4,159.58,0.0,Credit Card,Shipped
3400,14,15,1,50,2025-06-02,4,454.62,0.2,Gift Card,Completed
3401,1381,35,15,44,2024-12-03,1,53.95,0.05,Gift Card,Returned
3402,601,150,1,36,2025-02-06,4,157.31,0.1,PayPal,Pending
3403,601,110,2,3,2024-04-16,6,570.1,0.2,PayPal,Returned
3404,939,171,8,24,2025-01-11,3,293.86,0.05,Gift Card,Completed
3405,550,93,9,25,2025-05-05,1,380.69,0.0,Debit Card,Completed
3406,1665,159,14,8,2025-06-10,5,323.53,0.05,Credit Card,Returned
3407,1053,239,9,25,2024-10-17,5,337.62,0.1,Cash,Completed
3408,1310,11,2,37,2024-01-31,4,289.37,0.0,PayPal,Shipped
3409,684,54,8,24,2023-10-10,6,43.29,0.05,PayPal,Completed
3410,1775,231,15,15,2023-04-26,2,52.2,0.0,Credit Card,Completed
3411,603,111,10,21,2023-05-24,6,123.3,0.0,Debit Card,Completed
3412,663,170,5,48,2025-06-19,5,260.29,0.1,Credit Card,Completed
3413,702,206,8,19,2025-03-04,5,367.62,0.05,Debit Card,Completed
3414,1313,108,1,50,2025-05-08,3,603.53,0.05,Gift Card,Completed
3415,1326,190,12,10,2023-08-12,1,292.3,0.0,Debit Card,Completed
3416,933,248,7,40,2025-02-16,4,230.55,0.1,PayPal,Cancelled
3417,1319,104,11,33,2023-09-21,6,61.42,0.0,PayPal,Shipped
3418,447,240,7,40,2023-06-12,5,196.7,0.05,Cash,Pending
3419,1194,61,6,14,2023-09-28,1,172.42,0.2,Cash,Shipped
3420,49,84,5,48,2024-07-22,3,38.26,0.0,Gift Card,Completed
3421,827,293,14,47,2024-07-25,1,54.25,0.0,Gift Card,Returned
3422,1570,280,8,24,2025-12-02,5,59.78,0.1,PayPal,Returned
3423,1064,246,14,8,2025-11-27,5,594.34,0.0,Credit Card,Shipped
3424,663,300,9,25,2023-03-20,6,306.79,0.15,PayPal,Shipped
3425,1618,150,1,41,2024-06-17,4,157.31,0.0,Gift Card,Completed
3426,283,186,1,50,2024-09-06,3,39.01,0.0,Gift Card,Completed
3427,131,32,9,38,2024-11-15,6,162.12,0.0,Cash,Pending
3428,935,163,15,5,2023-07-05,5,270.34,0.0,Cash,Completed
3429,490,230,7,2,2023-12-11,1,49.56,0.0,Gift Card,Cancelled
3430,1385,10,9,25,2025-02-01,5,46.02,0.05,Gift Card,Pending
3431,734,16,1,50,2023-08-06,2,561.32,0.1,PayPal,Completed
3432,661,202,11,7,2025-07-14,5,211.09,0.05,Gift Card,Shipped
3433,189,246,14,8,2025-09-14,1,594.34,0.1,Debit Card,Returned
3434,1498,226,7,40,2025-12-16,4,522.95,0.0,PayPal,Completed
3435,1621,274,7,2,2023-09-02,2,57.88,0.0,Debit Card,Completed
3436,266,156,12,11,2025-11-22,1,64.7,0.1,Gift Card,Shipped
3437,1658,142,7,40,2025-09-23,4,306.71,0.0,Debit Card,Cancelled
3438,551,128,7,40,2024-06-09,5,257.64,0.15,Cash,Cancelled
3439,224,239,2,28,2025-02-17,2,337.62,0.0,Credit Card,Completed
3440,1770,272,12,10,2024-05-26,3,596.66,0.1,PayPal,Completed
3441,1618,84,1,22,2023-02-08,3,38.26,0.0,Cash,Returned
3442,1297,182,1,41,2025-03-28,5,543.63,0.05,PayPal,Returned
3443,1900,41,1,22,2023-12-13,2,441.65,0.0,Debit Card,Cancelled
3444,30,140,13,42,2023-09-09,3,257.08,0.15,Cash,Pending
3445,1424,75,9,38,2025-08-04,4,363.98,0.1,Credit Card,Returned
3446,984,230,11,7,2024-02-09,2,49.56,0.0,Cash,Completed
3447,1853,80,7,40,2023-02-10,1,249.35,0.1,Cash,Shipped
3448,917,202,13,42,2025-02-13,1,211.09,0.05,PayPal,Completed
3449,109,213,14,47,2024-07-30,1,64.0,0.0,Credit Card,Completed
3450,130,250,9,38,2024-05-18,6,120.54,0.0,Cash,Returned
3451,435,131,14,8,2025-05-26,3,582.03,0.15,Cash,Cancelled
3452,262,32,7,2,2024-03-27,5,162.12,0.0,Gift Card,Returned
3453,893,134,11,7,2024-09-11,6,170.45,0.0,PayPal,Completed
3454,1445,262,14,8,2023-08-23,3,392.06,0.15,Cash,Completed
3455,1796,135,4,34,2024-01-04,3,126.8,0.15,Debit Card,Returned
3456,1651,2,14,47,2025-10-13,6,35.98,0.1,Debit Card,Completed
3457,582,233,13,49,2024-11-13,2,400.32,0.15,Credit Card,Shipped
3458,560,46,8,39,2025-10-27,6,393.27,0.0,Cash,Completed
3459,1812,71,12,17,2024-06-17,1,251.36,0.2,Cash,Cancelled
3460,856,180,13,42,2023-06-09,2,177.87,0.0,PayPal,Returned
3461,223,50,1,50,2024-12-15,4,564.26,0.0,Debit Card,Pending
3462,1620,1,6,9,2024-04-20,1,31.01,0.0,Gift Card,Shipped
3463,1979,129,5,1,2024-07-09,2,267.03,0.1,Cash,Completed
3464,35,32,5,48,2023-12-04,6,162.12,0.2,Credit Card,Completed
3465,1914,25,10,21,2025-08-25,5,323.92,0.05,Credit Card,Completed
3466,701,97,15,44,2023-02-25,1,228.27,0.0,Debit Card,Shipped
3467,1276,82,3,43,2025-03-06,2,166.87,0.0,Cash,Cancelled
3468,1448,178,13,42,2025-02-22,2,41.87,0.1,PayPal,Shipped
3469,788,177,8,24,2025-06-25,5,467.22,0.15,Debit Card,Completed
3470,1234,298,10,6,2024-08-15,2,202.95,0.0,PayPal,Completed
3471,163,277,11,12,2025-10-30,5,320.72,0.0,PayPal,Pending
3472,1887,96,8,39,2025-12-20,1,595.96,0.15,Gift Card,Cancelled
3473,1780,261,3,43,2024-05-11,5,638.9,0.05,Credit Card,Completed
3474,1149,288,11,7,2025-06-04,3,367.22,0.15,Gift Card,Shipped
3475,1706,231,13,13,2024-08-21,3,52.2,0.2,Debit Card,Returned
3476,1391,194,11,12,2025-08-15,1,35.78,0.0,Gift Card,Completed
3477,731,267,2,45,2025-07-14,3,139.61,0.0,Debit Card,Completed
3478,700,65,1,50,2023-04-04,3,543.26,0.05,Gift Card,Completed
3479,1190,11,5,1,2025-03-27,3,289.37,0.1,Gift Card,Shipped
3480,1258,86,8,19,2023-03-26,2,302.91,0.0,Cash,Shipped
3481,483,52,1,50,2025-09-17,1,120.46,0.1,Credit Card,Completed
3482,119,101,2,28,2025-03-25,4,314.94,0.0,Gift Card,Completed
3483,1901,65,10,21,2025-06-06,1,543.26,0.15,Gift Card,Returned
3484,563,248,11,12,2023-05-16,1,230.55,0.05,Cash,Completed
3485,700,216,3,31,2025-01-20,2,91.49,0.15,PayPal,Completed
3486,1954,99,4,26,2023-01-24,6,384.25,0.0,Gift Card,Completed
3487,366,47,2,28,2024-11-07,5,126.89,0.0,Gift Card,Completed
3488,1654,197,5,1,2025-02-12,6,82.36,0.15,Debit Card,Shipped
3489,50,152,1,50,2023-10-31,5,290.47,0.2,Credit Card,Completed
3490,288,109,7,40,2023-09-25,3,33.31,0.05,Cash,Shipped
3491,79,195,8,19,2023-04-09,4,165.25,0.0,Gift Card,Returned
3492,1007,233,11,7,2025-12-18,5,400.32,0.0,Cash,Completed
3493,81,31,2,3,2025-07-29,2,179.93,0.2,PayPal,Completed
3494,965,273,11,12,2023-04-06,6,265.88,0.0,Gift Card,Completed
3495,1572,201,1,41,2024-07-09,4,307.14,0.15,Cash,Returned
3496,931,187,9,38,2025-07-10,5,226.55,0.0,Debit Card,Completed
3497,1784,164,7,40,2024-07-26,4,117.71,0.1,Credit Card,Completed
3498,1521,248,14,8,2025-12-19,6,230.55,0.2,Cash,Returned
3499,1579,23,3,20,2023-01-10,3,298.77,0.0,Debit Card,Completed
3500,51,136,5,1,2023-12-23,4,266.29,0.2,Credit Card,Completed
3501,805,240,1,36,2024-12-16,4,196.7,0.0,PayPal,Completed
3502,1618,46,7,40,2025-05-19,2,393.27,0.1,Cash,Completed
3503,965,73,2,3,2024-02-19,1,68.44,0.0,PayPal,Cancelled
3504,973,90,3,20,2025-03-06,2,483.64,0.15,Credit Card,Completed
3505,1604,133,9,25,2023-01-27,5,321.54,0.15,Credit Card,Returned
3506,1581,189,2,28,2025-10-25,1,399.71,0.0,Debit Card,Shipped
3507,653,238,1,50,2025-09-17,2,196.9,0.0,Debit Card,Completed
3508,1439,208,8,19,2025-11-23,5,146.45,0.1,Gift Card,Completed
3509,1996,120,7,40,2025-01-22,2,346.06,0.0,Debit Card,Cancelled
3510,992,104,15,18,2025-07-13,1,61.42,0.0,Gift Card,Completed
3511,1917,203,13,13,2025-12-29,6,511.82,0.05,Gift Card,Shipped
3512,207,149,12,11,2025-08-26,2,431.72,0.0,Gift Card,Shipped
3513,393,239,9,38,2024-08-20,2,337.62,0.0,Cash,Completed
3514,1896,195,8,24,2025-10-03,6,165.25,0.05,PayPal,Completed
3515,795,198,6,9,2023-03-11,2,125.5,0.15,Debit Card,Completed
3516,1515,16,11,12,2023-07-24,3,561.32,0.15,PayPal,Completed
3517,1391,226,6,9,2023-06-07,3,522.95,0.15,PayPal,Completed
3518,1492,114,10,29,2023-10-16,2,356.17,0.0,Gift Card,Shipped
3519,310,173,15,18,2025-05-07,1,159.58,0.15,Cash,Completed
3520,1247,177,11,33,2024-04-15,2,467.22,0.2,Credit Card,Shipped
3521,1893,297,7,2,2023-02-05,4,334.26,0.0,Cash,Completed
3522,1494,210,12,17,2025-03-25,1,77.07,0.15,Credit Card,Completed
3523,1096,30,15,27,2024-12-20,6,544.88,0.1,Cash,Completed
3524,562,291,15,15,2024-02-24,4,9.1,0.0,Gift Card,Cancelled
3525,1419,268,9,25,2025-10-18,4,252.86,0.1,Cash,Completed
3526,604,134,8,19,2023-07-12,6,170.45,0.05,Gift Card,Pending
3527,1640,275,3,20,2025-10-02,6,255.49,0.0,Credit Card,Completed
3528,586,256,10,29,2024-09-09,2,203.89,0.1,Debit Card,Completed
3529,1494,155,7,2,2025-12-06,5,232.62,0.15,PayPal,Completed
3530,214,216,14,47,2023-12-12,5,91.49,0.0,Cash,Shipped
3531,1618,80,5,48,2025-02-12,2,249.35,0.05,Debit Card,Pending
3532,1765,96,4,26,2024-11-22,2,595.96,0.15,Gift Card,Pending
3533,545,4,7,2,2024-06-08,1,355.19,0.1,Cash,Pending
3534,872,175,5,23,2024-01-08,2,86.78,0.0,PayPal,Returned
3535,1926,59,7,40,2025-04-24,5,239.55,0.0,Gift Card,Completed
3536,945,54,6,9,2024-05-21,3,43.29,0.15,PayPal,Completed
3537,534,233,5,23,2023-03-01,6,400.32,0.15,Credit Card,Cancelled
3538,726,226,11,7,2024-06-16,6,522.95,0.0,Gift Card,Completed
3539,640,274,7,40,2025-07-30,5,57.88,0.0,Debit Card,Completed
3540,244,92,9,25,2025-07-23,4,665.8,0.0,PayPal,Pending
3541,403,180,13,30,2024-08-09,5,177.87,0.0,Cash,Completed
3542,588,278,6,9,2023-09-01,4,98.31,0.2,Debit Card,Completed
3543,1653,128,15,16,2024-09-25,1,257.64,0.05,Cash,Returned
3544,219,135,5,23,2023-07-22,1,126.8,0.15,Credit Card,Completed
3545,600,237,11,7,2024-03-31,5,159.44,0.15,Debit Card,Completed
3546,1927,161,14,8,2025-11-28,5,322.86,0.15,Credit Card,Completed
3547,973,38,3,31,2023-10-05,4,142.98,0.05,Cash,Completed
3548,399,3,7,40,2023-07-16,6,507.54,0.05,Cash,Shipped
3549,1864,130,8,39,2023-01-29,5,293.35,0.0,Credit Card,Completed
3550,1219,82,13,49,2023-12-08,1,166.87,0.2,Cash,Returned
3551,1240,200,14,8,2024-10-29,5,214.09,0.15,Credit Card,Shipped
3552,1158,126,3,43,2025-08-09,4,333.86,0.0,Debit Card,Cancelled
3553,1311,164,14,47,2025-07-16,2,117.71,0.1,Debit Card,Completed
3554,1800,198,4,35,2024-10-17,4,125.5,0.0,Credit Card,Returned
3555,748,297,1,22,2023-02-22,6,334.26,0.2,PayPal,Completed
3556,1048,7,13,49,2023-01-15,6,279.59,0.0,Credit Card,Completed
3557,935,276,6,9,2023-11-11,4,394.14,0.2,Debit Card,Pending
3558,105,98,13,30,2023-01-21,4,263.06,0.0,PayPal,Completed
3559,1170,88,2,45,2023-12-07,6,291.53,0.1,Gift Card,Pending
3560,343,58,11,12,2025-01-20,3,76.76,0.0,Credit Card,Cancelled
3561,913,2,10,4,2023-09-17,4,35.98,0.15,PayPal,Completed
3562,1704,158,11,7,2023-11-13,4,324.07,0.0,PayPal,Cancelled
3563,628,299,13,30,2023-12-10,4,150.33,0.0,Cash,Pending
3564,720,46,10,21,2023-04-19,5,393.27,0.0,Debit Card,Completed
3565,1740,269,6,14,2025-10-29,3,260.22,0.05,PayPal,Completed
3566,538,205,11,7,2024-03-17,6,370.78,0.1,Gift Card,Completed
3567,718,165,2,3,2025-09-26,3,216.64,0.0,Debit Card,Completed
3568,177,140,10,29,2023-04-27,6,257.08,0.2,Credit Card,Shipped
3569,1160,168,7,40,2023-11-18,2,303.92,0.05,Cash,Completed
3570,1889,278,6,14,2023-06-15,1,98.31,0.1,Gift Card,Completed
3571,1052,144,11,7,2024-11-21,3,296.96,0.1,Cash,Pending
3572,88,23,10,21,2023-12-23,5,298.77,0.2,Cash,Returned
3573,1721,12,12,17,2025-10-07,6,582.22,0.0,Credit Card,Completed
3574,729,234,9,25,2023-02-12,1,314.58,0.1,Cash,Pending
3575,1976,165,14,8,2025-07-03,3,216.64,0.15,PayPal,Completed
3576,705,192,3,31,2025-05-13,5,29.92,0.0,Gift Card,Shipped
3577,3,54,14,8,2024-11-26,5,43.29,0.0,Debit Card,Completed
3578,560,96,7,2,2024-08-23,5,595.96,0.15,Gift Card,Shipped
3579,10,70,11,7,2024-12-07,6,42.41,0.0,Gift Card,Returned
3580,632,138,15,15,2025-05-20,1,102.03,0.1,Gift Card,Cancelled
3581,1839,82,12,11,2024-08-11,5,166.87,0.05,Cash,Pending
3582,498,28,8,24,2025-12-24,4,360.14,0.0,PayPal,Completed
3583,76,214,2,3,2024-05-26,3,264.25,0.15,Cash,Pending
3584,165,259,11,33,2023-01-30,3,395.59,0.2,Credit Card,Completed
3585,322,100,11,7,2023-02-01,3,447.11,0.2,Cash,Pending
3586,440,222,8,19,2024-01-19,5,412.69,0.2,Gift Card,Pending
3587,738,183,6,14,2024-12-11,5,70.12,0.05,Gift Card,Cancelled
3588,738,13,15,27,2025-05-22,4,127.76,0.0,PayPal,Pending
3589,821,159,3,43,2025-11-10,2,323.53,0.0,Credit Card,Completed
3590,722,134,3,31,2025-04-09,6,170.45,0.0,Debit Card,Cancelled
3591,911,261,4,34,2024-12-16,3,638.9,0.15,Cash,Shipped
3592,588,61,8,19,2024-09-29,3,172.42,0.0,Gift Card,Cancelled
3593,988,21,4,26,2025-05-25,5,407.45,0.0,Credit Card,Completed
3594,1210,202,9,25,2023-09-05,2,211.09,0.1,Cash,Pending
3595,714,167,11,33,2024-07-26,2,87.74,0.0,Debit Card,Completed
3596,311,148,4,35,2023-06-06,5,293.31,0.15,Gift Card,Pending
3597,166,267,12,10,2023-01-12,1,139.61,0.15,Gift Card,Returned
3598,604,100,12,11,2025-02-15,1,447.11,0.2,PayPal,Shipped
3599,1774,267,10,4,2024-11-10,4,139.61,0.0,Debit Card,Shipped
3600,1175,139,11,12,2025-08-21,3,334.0,0.1,Cash,Completed
3601,800,265,13,46,2025-12-28,6,348.49,0.1,Credit Card,Returned
3602,1435,270,7,2,2025-09-11,4,17.58,0.05,Cash,Shipped
3603,1106,150,9,25,2024-01-23,1,157.31,0.2,Cash,Returned
3604,138,229,3,43,2023-03-16,6,321.97,0.2,Cash,Completed
3605,133,69,4,35,2025-05-09,1,444.45,0.0,Gift Card,Cancelled
3606,287,273,5,1,2024-09-10,3,265.88,0.1,PayPal,Cancelled
3607,868,294,13,46,2024-10-19,3,345.43,0.1,Debit Card,Completed
3608,466,18,7,2,2025-10-12,5,383.42,0.0,Debit Card,Pending
3609,714,298,2,28,2024-09-20,1,202.95,0.0,Cash,Completed
3610,414,91,6,9,2025-01-27,6,406.77,0.1,Debit Card,Completed
3611,654,256,5,23,2023-06-08,1,203.89,0.2,Debit Card,Returned
3612,553,107,13,46,2024-11-12,3,247.26,0.1,PayPal,Completed
3613,412,69,14,47,2025-10-12,6,444.45,0.0,Debit Card,Completed
3614,526,18,2,45,2023-09-23,5,383.42,0.15,Credit Card,Completed
3615,1600,249,7,2,2025-03-05,2,471.0,0.2,Cash,Shipped
3616,574,213,4,26,2023-01-05,2,64.0,0.15,Debit Card,Returned
3617,751,204,4,35,2024-07-22,1,144.97,0.15,PayPal,Completed
3618,1360,254,13,49,2023-03-19,2,307.61,0.0,Credit Card,Completed
3619,551,117,6,9,2024-12-19,1,77.12,0.05,Debit Card,Completed
3620,1891,260,11,12,2025-01-19,1,172.37,0.0,PayPal,Shipped
3621,796,27,6,9,2023-10-18,6,565.88,0.0,Cash,Cancelled
3622,315,87,11,12,2024-06-09,1,321.84,0.0,Debit Card,Cancelled
3623,1833,40,1,50,2023-08-26,2,408.98,0.1,Credit Card,Completed
3624,1344,272,5,23,2023-10-04,4,596.66,0.0,Debit Card,Completed
3625,1038,252,5,1,2023-03-15,3,163.4,0.05,Debit Card,Completed
3626,1946,184,6,14,2025-04-02,2,304.08,0.1,PayPal,Cancelled
3627,1077,79,9,25,2024-06-17,2,143.89,0.1,Cash,Pending
3628,1188,287,9,38,2023-03-28,1,173.87,0.2,Cash,Cancelled
3629,1965,107,8,39,2024-02-19,5,247.26,0.0,PayPal,Pending
3630,832,199,12,10,2023-01-02,5,314.59,0.15,Credit Card,Shipped
3631,934,190,5,23,2023-02-23,1,292.3,0.05,Credit Card,Cancelled
3632,1392,201,6,14,2024-12-11,5,307.14,0.1,Gift Card,Completed
3633,1777,255,6,14,2023-09-30,2,118.85,0.0,Cash,Completed
3634,517,123,3,20,2023-02-07,1,203.09,0.05,Credit Card,Completed
3635,1777,20,10,4,2025-05-29,5,170.95,0.05,Debit Card,Completed
3636,697,41,7,2,2023-07-06,3,441.65,0.15,Credit Card,Completed
3637,1122,204,14,8,2023-08-11,2,164.99,0.0,PayPal,Completed
3638,553,2,7,2,2023-09-27,6,35.98,0.0,Cash,Cancelled
3639,536,80,3,20,2023-12-16,1,249.35,0.0,Debit Card,Completed
3640,31,14,13,13,2023-07-17,2,379.66,0.0,PayPal,Pending
3641,1116,83,10,6,2024-06-26,6,347.94,0.0,Credit Card,Cancelled
3642,1713,251,11,33,2023-07-16,6,355.21,0.0,Debit Card,Cancelled
3643,1238,166,13,30,2025-02-18,1,172.27,0.15,Gift Card,Pending
3644,575,266,3,43,2024-07-16,4,140.34,0.15,Gift Card,Pending
3645,1843,276,5,1,2025-07-19,4,394.14,0.1,Debit Card,Cancelled
3646,1854,141,7,2,2023-01-08,5,236.86,0.0,Gift Card,Completed
3647,804,126,1,22,2024-05-01,4,333.86,0.0,Gift Card,Completed
3648,1478,172,4,26,2025-05-16,4,70.42,0.2,Gift Card,Completed
3649,1528,102,2,45,2025-05-29,2,455.19,0.1,Cash,Completed
3650,1450,231,6,14,2025-07-20,2,52.2,0.1,Cash,Completed
3651,320,33,4,35,2024-07-26,4,422.83,0.0,Debit Card,Completed
3652,1938,272,3,20,2024-04-01,2,596.66,0.1,Debit Card,Completed
3653,362,84,9,38,2024-03-21,3,38.26,0.1,Gift Card,Completed
3654,1396,15,3,31,2024-08-19,1,454.62,0.15,Cash,Completed
3655,352,160,5,1,2024-11-24,2,466.97,0.1,Cash,Completed
3656,795,227,13,42,2023-02-23,5,225.3,0.15,PayPal,Completed
3657,1854,179,12,10,2023-03-12,3,63.58,0.05,PayPal,Completed
3658,403,236,12,10,2024-07-24,1,209.86,0.0,Cash,Completed
3659,425,268,9,25,2025-07-04,5,252.86,0.15,PayPal,Cancelled
3660,698,125,2,3,2023-03-08,5,152.14,0.15,Cash,Shipped
3661,741,293,9,38,2024-12-08,6,54.25,0.0,Gift Card,Cancelled
3662,373,98,3,20,2023-01-29,1,263.06,0.05,PayPal,Completed
3663,1142,224,7,2,2024-09-13,5,190.7,0.2,Gift Card,Shipped
3664,584,239,11,12,2024-12-17,5,337.62,0.0,PayPal,Shipped
3665,752,195,4,35,2025-01-13,1,165.25,0.1,PayPal,Returned
3666,1718,72,3,43,2025-07-27,6,301.36,0.0,Cash,Completed
3667,1388,189,14,8,2024-06-25,6,399.71,0.0,Credit Card,Completed
3668,1791,189,15,44,2024-12-28,2,399.71,0.15,Credit Card,Shipped
3669,1352,209,3,31,2025-07-01,4,193.95,0.15,PayPal,Completed
3670,1945,26,14,47,2024-10-03,5,68.26,0.05,Gift Card,Shipped
3671,411,218,1,36,2024-06-30,2,95.1,0.2,Cash,Shipped
3672,1465,80,13,30,2023-02-18,4,249.35,0.0,Debit Card,Shipped
3673,1299,35,3,31,2024-08-27,2,53.95,0.0,Debit Card,Completed
3674,708,77,8,19,2024-06-29,2,442.92,0.2,Credit Card,Completed
3675,687,211,10,4,2025-12-28,1,199.85,0.1,Debit Card,Cancelled
3676,1531,96,12,10,2023-12-01,2,595.96,0.15,Cash,Returned
3677,577,225,10,29,2025-08-07,1,131.27,0.05,Gift Card,Pending
3678,335,260,5,23,2025-04-27,6,172.37,0.2,Credit Card,Completed
3679,1510,16,8,39,2025-07-31,5,561.32,0.0,Credit Card,Completed
3680,224,70,12,10,2024-08-25,3,42.41,0.1,Cash,Completed
3681,1931,66,7,40,2023-08-03,1,330.95,0.15,Cash,Pending
3682,1338,11,12,17,2023-02-22,3,289.37,0.0,Credit Card,Completed
3683,127,225,11,33,2023-12-14,6,131.27,0.0,PayPal,Shipped
3684,581,292,3,20,2024-03-01,1,398.38,0.15,Cash,Returned
3685,176,67,1,41,2023-05-31,1,138.29,0.05,Cash,Completed
3686,154,15,11,7,2024-12-13,1,454.62,0.0,Cash,Completed
3687,1052,234,12,17,2024-10-10,1,314.58,0.05,Credit Card,Returned
3688,912,184,13,46,2023-08-26,3,304.08,0.0,PayPal,Shipped
3689,1920,37,4,34,2024-11-11,5,91.98,0.0,Cash,Completed
3690,1908,235,12,10,2025-08-29,1,265.0,0.15,Credit Card,Completed
3691,1106,199,6,9,2023-08-24,1,314.59,0.0,Credit Card,Completed
3692,357,242,2,45,2023-07-17,3,378.8,0.0,PayPal,Cancelled
3693,230,19,4,34,2025-03-15,1,332.56,0.15,Cash,Returned
3694,1954,256,1,41,2024-01-18,3,203.89,0.0,Credit Card,Completed
3695,1018,103,14,8,2025-10-19,1,220.08,0.0,Credit Card,Completed
3696,660,17,8,19,2024-09-19,3,307.03,0.2,Cash,Completed
3697,1124,265,15,5,2025-06-13,6,348.49,0.2,PayPal,Completed
3698,651,118,7,2,2024-04-25,4,145.14,0.0,Credit Card,Completed
3699,1507,295,15,27,2024-05-01,1,647.12,0.2,Cash,Completed
3700,53,259,13,13,2023-08-23,2,395.59,0.2,Credit Card,Pending
3701,278,95,13,49,2025-11-23,3,435.89,0.15,Cash,Completed
3702,1769,132,12,17,2023-11-04,3,127.63,0.15,Cash,Completed
3703,1682,23,12,11,2023-11-01,3,298.77,0.15,Gift Card,Completed
3704,1919,222,4,35,2025-03-17,4,412.69,0.0,Credit Card,Completed
3705,144,88,1,41,2023-10-05,6,291.53,0.05,Cash,Completed
3706,1508,219,4,26,2025-10-06,4,243.18,0.05,Gift Card,Completed
3707,1040,35,8,24,2023-01-24,4,53.95,0.0,Cash,Completed
3708,1297,184,1,36,2023-06-20,6,304.08,0.15,Debit Card,Completed
3709,728,233,12,10,2024-01-01,1,400.32,0.1,Debit Card,Completed
3710,790,43,13,46,2025-03-04,6,121.68,0.0,Credit Card,Completed
3711,1208,167,8,19,2023-08-28,6,87.74,0.0,Gift Card,Returned
3712,1948,217,1,50,2023-08-15,1,80.74,0.2,PayPal,Completed
3713,1380,123,5,1,2023-02-25,6,203.09,0.1,Gift Card,Completed
3714,444,211,7,40,2023-02-12,5,199.85,0.05,Debit Card,Completed
3715,1220,178,4,35,2023-04-01,4,41.87,0.05,Gift Card,Returned
3716,1623,175,7,2,2024-12-26,6,86.78,0.0,Cash,Completed
3717,1391,28,14,8,2024-03-22,1,360.14,0.05,Cash,Completed
3718,720,190,1,22,2025-06-01,3,292.3,0.0,PayPal,Completed
3719,1587,35,10,21,2023-09-17,3,53.95,0.0,Credit Card,Returned
3720,762,7,7,2,2024-01-04,5,279.59,0.15,Gift Card,Completed
3721,1191,61,7,2,2025-10-30,1,172.42,0.15,PayPal,Shipped
3722,432,212,15,27,2025-10-07,5,26.85,0.0,Debit Card,Completed
3723,922,227,3,20,2024-07-25,5,225.3,0.2,Credit Card,Completed
3724,892,225,13,46,2024-11-12,6,131.27,0.15,Cash,Completed
3725,695,102,4,34,2023-08-04,3,455.19,0.2,Cash,Pending
3726,1761,68,11,33,2023-12-30,1,15.0,0.15,PayPal,Completed
3727,1858,102,7,2,2023-05-01,2,455.19,0.05,Cash,Pending
3728,906,185,9,38,2025-03-21,4,357.71,0.0,Cash,Completed
3729,509,133,2,37,2025-10-08,3,321.54,0.0,Gift Card,Completed
3730,350,30,1,22,2025-07-27,5,544.88,0.0,Debit Card,Completed
3731,183,2,8,39,2023-08-25,1,35.98,0.0,Credit Card,Completed
3732,1735,123,9,25,2024-06-10,1,203.09,0.2,Credit Card,Returned
3733,1182,238,10,4,2024-12-12,5,196.9,0.1,Credit Card,Cancelled
3734,817,44,15,18,2023-02-07,4,317.68,0.05,Cash,Shipped
3735,99,144,5,48,2024-04-02,5,296.96,0.0,Credit Card,Returned
3736,257,87,7,2,2025-08-12,6,321.84,0.2,Debit Card,Pending
3737,39,175,7,2,2024-07-04,6,86.78,0.2,Debit Card,Completed
3738,40,93,12,11,2025-12-07,4,380.69,0.0,PayPal,Cancelled
3739,1449,272,3,20,2024-10-11,4,596.66,0.1,Cash,Returned
3740,1741,99,14,8,2025-07-10,3,384.25,0.0,PayPal,Completed
3741,361,120,2,3,2024-08-25,5,346.06,0.05,Credit Card,Returned
3742,622,131,13,42,2024-04-03,6,582.03,0.15,Gift Card,Completed
3743,774,19,15,15,2023-05-07,5,332.56,0.0,Cash,Pending
3744,959,157,4,35,2025-06-25,4,110.95,0.2,Credit Card,Completed
3745,1340,131,9,25,2024-01-04,6,582.03,0.1,Credit Card,Completed
3746,1910,85,3,31,2025-09-24,5,347.38,0.2,Debit Card,Cancelled
3747,605,205,14,8,2023-06-10,3,370.78,0.0,Credit Card,Completed
3748,1008,207,13,46,2023-01-10,5,245.28,0.1,Credit Card,Returned
3749,775,219,2,3,2024-10-11,5,243.18,0.1,PayPal,Pending
3750,1446,159,11,7,2023-09-23,6,323.53,0.0,Cash,Returned
3751,1548,296,9,25,2024-03-23,5,81.85,0.2,Cash,Cancelled
3752,1878,22,12,17,2024-09-07,6,90.87,0.0,Credit Card,Cancelled
3753,1805,295,12,10,2025-03-28,2,647.12,0.1,Cash,Completed
3754,1235,12,7,40,2025-12-07,3,582.22,0.0,Credit Card,Returned
3755,1457,208,3,43,2024-11-08,2,146.45,0.15,Credit Card,Completed
3756,46,246,6,9,2023-02-04,4,594.34,0.1,PayPal,Completed
3757,1445,270,1,41,2025-10-13,5,17.58,0.05,Credit Card,Completed
3758,1056,116,6,9,2024-05-03,3,365.71,0.2,Credit Card,Cancelled
3759,1081,77,3,43,2024-05-30,3,442.92,0.0,PayPal,Completed
3760,1595,255,4,26,2025-12-02,6,118.85,0.05,Debit Card,Shipped
3761,49,235,15,16,2024-09-23,2,265.0,0.1,Credit Card,Completed
3762,1219,183,14,8,2023-05-02,6,70.12,0.15,Gift Card,Completed
3763,916,229,9,38,2024-11-12,1,321.97,0.2,Debit Card,Cancelled
3764,992,197,12,11,2023-05-03,6,82.36,0.0,Gift Card,Returned
3765,797,35,4,26,2024-07-05,2,53.95,0.0,Cash,Pending
3766,1566,48,2,37,2025-06-08,6,397.65,0.0,PayPal,Completed
3767,852,33,6,14,2024-07-17,5,422.83,0.2,Cash,Completed
3768,854,155,11,7,2024-12-01,5,232.62,0.0,Cash,Pending
3769,971,104,12,11,2023-05-04,4,61.42,0.0,Gift Card,Shipped
3770,1009,131,1,22,2023-06-26,5,582.03,0.05,Credit Card,Shipped
3771,124,32,15,32,2023-11-14,6,162.12,0.1,Cash,Completed
3772,1341,219,15,27,2023-09-16,4,243.18,0.1,PayPal,Completed
3773,981,196,8,24,2024-11-03,2,222.19,0.0,Gift Card,Shipped
3774,580,177,13,13,2023-08-23,2,467.22,0.05,Credit Card,Shipped
3775,1089,84,13,30,2025-05-06,3,38.26,0.2,Cash,Returned
3776,457,193,3,43,2025-09-07,3,248.63,0.05,Gift Card,Completed
3777,699,133,6,14,2023-01-29,2,321.54,0.2,PayPal,Shipped
3778,1549,294,11,33,2024-05-20,5,345.43,0.05,PayPal,Cancelled
3779,486,205,6,14,2024-09-03,6,370.78,0.0,Credit Card,Completed
3780,898,18,14,47,2024-11-10,3,383.42,0.05,Cash,Returned
3781,1250,6,9,25,2023-05-20,5,628.51,0.15,Gift Card,Pending
3782,337,229,13,49,2023-05-08,-3,321.97,0.2,PayPal,Completed
3783,1853,76,9,38,2025-11-29,3,46.89,0.2,Cash,Completed
3784,1594,137,11,33,2024-04-05,1,47.19,0.0,Debit Card,Pending
3785,637,139,9,38,2023-12-28,1,334.0,0.0,PayPal,Shipped
3786,618,218,13,13,2025-11-21,6,95.1,0.15,PayPal,Completed
3787,821,103,12,11,2024-06-06,6,220.08,0.0,Debit Card,Pending
3788,1650,239,5,23,2023-08-01,1,337.62,0.0,PayPal,Pending
3789,984,275,8,19,2023-06-24,3,255.49,0.05,Gift Card,Completed
3790,1517,251,3,20,2024-03-09,4,355.21,0.05,Debit Card,Completed
3791,1480,254,12,17,2024-02-09,1,307.61,0.0,Debit Card,Completed
3792,1166,61,15,5,2025-03-25,4,172.42,0.05,Gift Card,Completed
3793,1530,204,3,31,2025-12-06,6,149.13,0.05,Debit Card,Returned
3794,156,258,15,32,2023-10-11,2,270.37,0.0,PayPal,Pending
3795,372,65,11,33,2024-06-11,4,543.26,0.05,Gift Card,Returned
3796,210,201,1,50,2025-06-26,1,307.14,0.15,PayPal,Shipped
3797,736,236,11,33,2023-10-16,3,209.86,0.05,Debit Card,Cancelled
3798,310,258,4,34,2023-04-23,1,270.37,0.2,Cash,Completed
3799,457,227,13,13,2024-05-04,3,225.3,0.0,Debit Card,Shipped
3800,1705,50,5,23,2023-05-15,3,564.26,0.0,Debit Card,Completed
3801,1693,290,2,3,2024-11-13,1,30.66,0.2,Gift Card,Completed
3802,891,234,14,8,2025-08-24,6,314.58,0.05,Credit Card,Completed
3803,1625,201,4,26,2024-09-01,3,307.14,0.0,Debit Card,Completed
3804,331,179,7,40,2024-10-22,1,63.58,0.2,Cash,Completed
3805,1423,90,4,26,2023-07-01,1,483.64,0.0,Cash,Completed
3806,827,231,5,48,2024-11-01,5,52.2,0.0,PayPal,Shipped
3807,1739,293,10,21,2025-07-08,4,54.25,0.0,Credit Card,Completed
3808,4,185,12,11,2025-05-27,5,357.71,0.15,Cash,Completed
3809,383,22,9,25,2023-05-18,3,90.87,0.2,Cash,Completed
3810,796,99,5,23,2025-03-22,4,384.25,0.1,Gift Card,Completed
3811,482,215,9,38,2024-09-07,6,108.22,0.0,PayPal,Shipped
3812,63,207,9,25,2024-02-02,2,245.28,0.2,Gift Card,Returned
3813,1157,72,13,30,2023-02-25,4,301.36,0.2,Cash,Completed
3814,604,76,3,43,2023-10-15,1,46.89,0.0,Cash,Completed
3815,1960,109,8,24,2024-11-28,5,33.31,0.15,PayPal,Pending
3816,123,295,15,15,2024-02-29,5,647.12,0.05,Credit Card,Completed
3817,1907,10,2,28,2024-03-17,5,46.02,0.0,PayPal,Completed
3818,1803,21,13,49,2023-08-03,3,407.45,0.0,PayPal,Cancelled
3819,1004,219,6,14,2023-06-11,4,243.18,0.1,Gift Card,Completed
3820,1946,122,9,25,2023-03-20,3,203.86,0.15,Credit Card,Completed
3821,1398,139,14,47,2025-05-10,5,334.0,0.0,Debit Card,Completed
3822,433,124,2,37,2025-05-02,1,311.92,0.0,Cash,Pending
3823,210,56,4,26,2023-09-03,3,176.55,0.0,PayPal,Cancelled
3824,1343,67,11,33,2023-06-17,6,138.29,0.05,PayPal,Completed
3825,1234,35,7,2,2024-04-26,4,53.95,0.0,Gift Card,Completed
3826,650,292,11,12,2023-09-21,1,398.38,0.2,PayPal,Cancelled
3827,1300,105,5,48,2025-03-25,1,500.45,0.1,Credit Card,Completed
3828,220,43,7,2,2024-11-27,6,121.68,0.0,Credit Card,Returned
3829,598,108,10,29,2024-09-05,3,603.53,0.15,Cash,Completed
3830,1010,107,15,27,2023-09-16,1,247.26,0.0,Credit Card,Returned
3831,403,172,2,37,2024-02-17,6,70.42,0.2,Cash,Completed
3832,1627,177,4,26,2025-06-03,6,467.22,0.0,PayPal,Shipped
3833,1770,154,9,25,2025-10-11,1,214.32,0.0,Cash,Returned
3834,661,183,9,38,2023-07-19,6,70.12,0.05,Debit Card,Completed
3835,65,171,12,11,2025-07-11,6,293.86,0.2,Credit Card,Shipped
3836,757,102,2,28,2023-07-21,6,455.19,0.0,PayPal,Completed
3837,151,203,11,33,2025-03-30,4,511.82,0.05,PayPal,Completed
3838,318,38,14,47,2025-11-05,3,142.98,0.15,PayPal,Returned
3839,88,134,15,32,2024-01-23,5,170.45,0.0,PayPal,Completed
3840,1624,264,1,22,2025-12-23,2,25.86,0.0,Gift Card,Cancelled
3841,1247,279,9,25,2023-04-03,2,281.48,0.05,Debit Card,Completed
3842,423,43,8,24,2023-11-11,5,121.68,0.2,PayPal,Returned
3843,627,266,11,33,2024-12-27,1,140.34,0.05,PayPal,Shipped
3844,160,97,8,39,2024-06-08,1,228.27,0.15,Credit Card,Cancelled
3845,30,164,15,16,2023-04-28,6,117.71,0.0,Debit Card,Completed
3846,792,39,12,17,2025-10-09,1,340.31,0.0,Cash,Completed
3847,624,56,9,38,2023-10-04,6,176.55,0.0,PayPal,Shipped
3848,18,299,15,5,2024-08-05,6,150.33,0.0,Cash,Completed
3849,1434,293,6,9,2025-02-27,2,54.25,0.0,Gift Card,Cancelled
3850,551,52,2,37,2023-11-15,6,120.46,0.2,Credit Card,Pending
3851,1254,98,2,3,2023-09-22,1,263.06,0.0,PayPal,Completed
3852,1017,221,5,1,2023-08-13,1,183.32,0.0,PayPal,Shipped
3853,514,20,4,26,2025-04-11,6,170.95,0.0,Gift Card,Completed
3854,270,64,14,8,2025-03-05,4,566.62,0.15,PayPal,Shipped
3855,4,40,2,3,2023-05-12,2,408.98,0.15,Debit Card,Completed
3856,252,215,12,10,2025-07-20,5,108.22,0.2,Cash,Returned
3857,1333,238,6,14,2024-05-18,2,196.9,0.0,Gift Card,Completed
3858,204,151,9,38,2024-05-08,3,61.55,0.0,Debit Card,Returned
3859,47,250,3,43,2024-06-24,6,120.54,0.1,Cash,Completed
3860,1381,293,4,35,2023-01-28,3,54.25,0.15,Credit Card,Cancelled
3861,332,269,10,21,2023-05-21,4,260.22,0.1,Gift Card,Completed
3862,1951,229,3,31,2025-10-04,2,321.97,0.0,PayPal,Completed
3863,957,147,8,19,2023-09-08,1,433.97,0.2,PayPal,Cancelled
3864,1518,236,2,37,2025-11-08,6,209.86,0.0,Cash,Cancelled
3865,1131,160,6,9,2025-01-01,6,466.97,0.2,Debit Card,Cancelled
3866,525,127,10,29,2024-10-12,2,90.5,0.0,Gift Card,Completed
3867,1130,157,4,26,2023-10-17,3,110.95,0.2,Debit Card,Pending
3868,1359,83,10,4,2023-02-16,2,347.94,0.1,Gift Card,Completed
3869,644,55,3,31,2024-05-14,6,17.81,0.0,Credit Card,Completed
3870,688,252,5,48,2025-11-22,2,163.4,0.0,Cash,Shipped
3871,281,191,13,46,2024-04-10,1,519.67,0.0,Debit Card,Completed
3872,450,9,5,1,2023-02-01,1,307.63,0.0,Credit Card,Completed
3873,620,158,5,23,2024-01-14,1,324.07,0.0,Gift Card,Completed
3874,1029,15,11,12,2025-01-30,3,454.62,0.15,Debit Card,Completed
3875,1978,243,15,18,2023-02-18,6,523.63,0.0,Credit Card,Returned
3876,1154,239,12,11,2025-03-29,5,337.62,0.15,PayPal,Pending
3877,1426,95,10,29,2024-12-20,5,435.89,0.05,Credit Card,Shipped
3878,713,8,2,28,2025-07-06,6,143.64,0.05,PayPal,Shipped
3879,926,86,10,29,2025-07-04,6,302.91,0.05,Debit Card,Completed
3880,1037,14,10,29,2023-03-24,4,379.66,0.0,PayPal,Completed
3881,1023,161,14,47,2023-04-08,6,322.86,0.2,Debit Card,Cancelled
3882,195,34,3,20,2023-10-22,4,71.12,0.2,Cash,Completed
3883,1959,190,3,20,2024-04-02,2,292.3,0.15,Debit Card,Completed
3884,176,156,13,49,2024-04-20,2,64.7,0.0,Credit Card,Returned
3885,1513,242,7,40,2024-09-21,6,378.8,0.0,PayPal,Returned
3886,999,59,8,19,2023-08-18,5,239.55,0.1,Credit Card,Cancelled
3887,242,190,13,13,2025-10-08,5,292.3,0.05,Debit Card,Completed
3888,1871,101,10,4,2025-10-10,1,314.94,0.0,PayPal,Cancelled
3889,373,206,7,2,2024-09-09,2,367.62,0.0,Debit Card,Returned
3890,695,261,12,11,2024-08-07,6,638.9,0.05,Gift Card,Completed
3891,946,283,2,37,2025-10-14,3,84.31,0.2,PayPal,Completed
3892,732,236,11,7,2023-05-15,1,209.86,0.2,PayPal,Pending
3893,629,143,5,48,2023-04-11,1,511.76,0.0,Cash,Pending
3894,1234,131,13,49,2023-12-15,2,582.03,0.05,Gift Card,Completed
3895,1960,27,7,40,2024-08-09,3,565.88,0.1,Gift Card,Returned
3896,1103,269,2,3,2023-06-05,4,260.22,0.0,Gift Card,Completed
3897,1321,113,12,11,2024-08-28,4,438.2,0.05,PayPal,Shipped
3898,1992,266,7,40,2024-08-20,3,140.34,0.15,Gift Card,Completed
3899,1417,125,15,15,2023-07-29,-6,152.14,0.1,Cash,Completed
3900,670,146,7,40,2023-09-05,2,309.25,0.2,Cash,Cancelled
3901,721,176,11,33,2025-06-16,5,171.51,0.05,Gift Card,Completed
3902,976,227,10,4,2023-04-24,3,225.3,0.15,Cash,Cancelled
3903,41,37,4,26,2025-09-20,2,91.98,0.0,Credit Card,Shipped
3904,353,180,3,31,2023-12-26,2,177.87,0.1,Gift Card,Cancelled
3905,261,133,8,39,2023-04-18,3,321.54,0.0,Debit Card,Cancelled
3906,1021,241,6,9,2024-08-14,6,108.19,0.1,Gift Card,Cancelled
3907,1891,207,6,9,2024-09-22,2,245.28,0.2,Debit Card,Shipped
3908,317,259,8,24,2023-10-04,2,395.59,0.0,Debit Card,Completed
3909,150,2,1,41,2025-05-06,3,35.98,0.1,Credit Card,Returned
3910,771,175,8,19,2023-11-17,6,86.78,0.0,PayPal,Shipped
3911,97,211,8,24,2025-07-13,2,199.85,0.05,Cash,Completed
3912,1175,123,1,22,2023-11-26,6,203.09,0.1,Gift Card,Cancelled
3913,400,92,12,17,2023-05-02,3,665.8,0.15,Gift Card,Completed
3914,86,204,12,11,2025-03-06,6,31.57,0.15,PayPal,Cancelled
3915,559,180,9,38,2023-09-17,2,177.87,0.05,PayPal,Shipped
3916,148,53,15,16,2023-02-25,1,459.8,0.2,Credit Card,Completed
3917,1007,207,9,38,2023-03-11,3,245.28,0.0,Debit Card,Returned
3918,198,186,4,26,2023-09-03,6,39.01,0.2,Cash,Pending
3919,969,92,2,45,2025-04-15,1,665.8,0.0,Cash,Returned
3920,1945,139,4,26,2024-03-09,3,334.0,0.0,Credit Card,Completed
3921,1848,147,8,19,2024-03-20,1,433.97,0.2,Gift Card,Completed
3922,340,74,8,19,2025-08-13,3,292.63,0.1,PayPal,Cancelled
3923,1503,205,10,6,2025-09-23,3,370.78,0.0,Credit Card,Returned
3924,1585,201,2,45,2025-08-22,6,307.14,0.2,Debit Card,Pending
3925,1563,265,15,27,2023-04-28,1,348.49,0.0,Debit Card,Completed
3926,353,298,1,41,2023-11-05,5,202.95,0.0,Debit Card,Cancelled
3927,954,253,3,20,2024-11-17,3,101.3,0.2,Gift Card,Completed
3928,1289,96,11,7,2024-06-24,3,595.96,0.1,PayPal,Returned
3929,71,143,5,23,2023-08-13,6,511.76,0.0,Credit Card,Returned
3930,666,160,7,40,2023-09-23,4,466.97,0.1,Debit Card,Completed
3931,1170,241,11,33,2023-04-25,2,108.19,0.0,Gift Card,Shipped
3932,1255,18,2,45,2024-09-30,4,383.42,0.15,Credit Card,Returned
3933,1977,219,1,36,2025-01-21,3,243.18,0.0,PayPal,Completed
3934,1552,136,12,10,2024-02-11,4,266.29,0.05,Debit Card,Completed
3935,939,17,10,29,2024-11-07,3,307.03,0.05,Debit Card,Completed
3936,1543,141,8,19,2025-03-24,6,236.86,0.0,Gift Card,Cancelled
3937,1101,183,1,41,2023-06-26,1,70.12,0.1,Gift Card,Completed
3938,1500,121,6,14,2023-12-27,6,13.34,0.05,PayPal,Pending
3939,158,252,2,3,2025-11-07,2,163.4,0.0,Gift Card,Completed
3940,159,208,3,43,2024-08-19,2,146.45,0.2,Debit Card,Completed
3941,1243,73,15,44,2024-12-14,3,68.44,0.0,Cash,Pending
3942,1980,200,13,46,2023-06-27,4,214.09,0.05,Gift Card,Cancelled
3943,1372,133,3,20,2025-01-15,5,321.54,0.2,Gift Card,Completed
3944,1024,300,7,2,2024-03-18,2,306.79,0.15,Credit Card,Shipped
3945,1502,100,9,25,2025-08-24,5,447.11,0.0,Credit Card,Returned
3946,1745,200,6,9,2025-04-29,5,214.09,0.05,PayPal,Returned
3947,986,190,1,22,2025-05-04,3,292.3,0.0,Credit Card,Completed
3948,1663,74,1,36,2025-09-19,3,292.63,0.0,Gift Card,Completed
3949,576,241,11,7,2023-01-12,5,108.19,0.0,Debit Card,Completed
3950,927,45,15,15,2024-06-26,2,107.36,0.15,Debit Card,Completed
3951,592,231,13,46,2023-12-28,5,52.2,0.0,Debit Card,Completed
3952,1483,258,11,12,2024-07-24,5,270.37,0.0,Debit Card,Shipped
3953,1519,65,8,24,2024-05-19,6,543.26,0.15,Gift Card,Completed
3954,1787,262,12,17,2024-03-14,2,392.06,0.2,Credit Card,Shipped
3955,357,264,11,12,2023-06-25,5,25.86,0.2,PayPal,Cancelled
3956,1292,214,9,25,2023-06-04,6,264.25,0.1,PayPal,Completed
3957,1678,16,13,49,2025-12-30,1,561.32,0.0,PayPal,Completed
3958,807,91,4,26,2025-06-15,2,406.77,0.0,Cash,Shipped
3959,381,248,14,8,2025-01-06,5,230.55,0.0,Gift Card,Completed
3960,1633,69,8,19,2025-09-18,2,444.45,0.0,Credit Card,Completed
3961,714,122,13,42,2023-10-27,3,203.86,0.0,Gift Card,Completed
3962,1592,96,10,6,2025-06-25,3,595.96,0.0,Credit Card,Completed
3963,809,174,12,17,2023-05-21,4,62.11,0.0,Debit Card,Returned
3964,1707,167,13,42,2023-08-06,2,87.74,0.0,Gift Card,Returned
3965,1945,175,14,8,2025-08-08,3,86.78,0.2,PayPal,Completed
3966,1524,157,7,40,2025-09-07,1,110.95,0.15,PayPal,Completed
3967,1869,69,2,28,2023-01-08,4,444.45,0.0,PayPal,Completed
3968,1101,135,2,3,2025-03-29,3,126.8,0.0,Gift Card,Completed
3969,887,298,15,15,2025-11-07,1,202.95,0.05,Gift Card,Pending
3970,728,298,11,12,2023-06-04,5,202.95,0.05,PayPal,Returned
3971,126,95,8,24,2023-10-10,2,435.89,0.05,Cash,Shipped
3972,1406,54,10,21,2024-08-15,2,43.29,0.05,Cash,Completed
3973,516,80,4,35,2024-08-30,5,249.35,0.0,Debit Card,Returned
3974,246,255,7,2,2025-08-16,4,118.85,0.2,Cash,Shipped
3975,298,51,3,20,2024-01-16,6,190.91,0.0,Credit Card,Completed
3976,1724,246,13,49,2024-01-28,850,594.34,0.0,Debit Card,Completed
3977,418,54,5,23,2025-07-18,3,43.29,0.0,Debit Card,Completed
3978,1107,122,10,21,2024-10-31,1,203.86,0.1,Debit Card,Completed
3979,208,13,3,31,2024-09-03,3,127.76,0.0,Credit Card,Cancelled
3980,1332,219,4,34,2024-02-18,6,243.18,0.15,Debit Card,Shipped
3981,1973,40,2,45,2023-05-13,4,408.98,0.0,Cash,Completed
3982,1287,44,5,23,2025-01-04,3,317.68,0.2,Debit Card,Completed
3983,1298,260,15,32,2023-12-07,1,172.37,0.05,PayPal,Returned
3984,1412,76,10,6,2023-03-08,4,46.89,0.1,PayPal,Completed
3985,1848,131,11,33,2024-11-29,6,582.03,0.0,PayPal,Completed
3986,710,236,15,16,2023-08-31,6,209.86,0.1,PayPal,Returned
3987,1550,289,11,7,2025-11-19,4,246.14,0.15,Cash,Completed
3988,1240,101,5,48,2023-08-07,3,314.94,0.0,Gift Card,Completed
3989,411,112,6,9,2025-11-25,1,347.45,0.2,Gift Card,Completed
3990,596,198,8,39,2023-06-17,4,125.5,0.0,Credit Card,Returned
3991,494,116,6,14,2025-07-16,6,365.71,0.0,Debit Card,Pending
3992,161,66,7,40,2025-10-17,6,330.95,0.0,Credit Card,Pending
3993,1973,123,7,40,2023-06-09,2,203.09,0.0,PayPal,Pending
3994,1754,1,14,47,2025-03-05,5,31.01,0.2,Debit Card,Pending
3995,915,73,10,29,2023-04-18,3,68.44,0.0,Debit Card,Returned
3996,134,55,10,6,2025-02-11,4,17.81,0.1,Cash,Pending
3997,1917,286,12,17,2025-02-27,6,217.06,0.0,Cash,Pending
3998,1245,74,1,22,2025-01-14,3,292.63,0.0,Gift Card,Completed
3999,1637,1,6,14,2024-06-17,4,31.01,0.2,Gift Card,Completed
4000,1446,120,2,37,2024-07-10,1,346.06,0.0,Debit Card,Pending
4001,977,173,14,47,2024-07-30,3,159.58,0.05,PayPal,Returned
4002,1192,151,11,7,2023-07-02,3,61.55,0.0,Credit Card,Cancelled
4003,804,101,10,21,2025-04-16,6,314.94,0.15,Debit Card,Completed
4004,1324,165,9,38,2023-11-25,5,216.64,0.0,Credit Card,Completed
4005,1266,219,4,26,2025-09-22,5,243.18,0.0,Debit Card,Shipped
4006,1098,187,15,16,2023-08-10,5,226.55,0.05,Gift Card,Pending
4007,742,263,4,35,2025-03-13,6,47.7,0.2,Debit Card,Completed
4008,465,250,6,14,2025-04-13,2,120.54,0.05,Debit Card,Returned
4009,199,40,9,38,2025-08-03,1,408.98,0.2,Cash,Returned
4010,1977,176,14,8,2024-11-12,2,171.51,0.1,Cash,Shipped
4011,871,291,13,13,2025-12-03,5,9.1,0.2,PayPal,Completed
4012,846,121,5,48,2023-05-06,5,13.34,0.1,Debit Card,Pending
4013,667,142,9,38,2023-09-06,4,306.71,0.1,PayPal,Completed
4014,175,160,5,1,2023-09-01,3,466.97,0.0,Cash,Completed
4015,1480,17,5,23,2025-04-02,4,307.03,0.2,Debit Card,Returned
4016,1127,185,5,1,2025-10-09,3,357.71,0.0,Credit Card,Shipped
4017,326,249,13,42,2025-08-10,1,471.0,0.0,Cash,Cancelled
4018,883,195,15,18,2024-04-19,1,165.25,0.05,PayPal,Pending
4019,1001,165,13,49,2023-06-07,6,216.64,0.15,PayPal,Completed
4020,1442,182,1,50,2023-07-21,5,543.63,0.2,Credit Card,Shipped
4021,1693,117,8,19,2024-07-28,4,77.12,0.0,Credit Card,Cancelled
4022,1459,33,5,1,2025-10-19,1,422.83,0.1,PayPal,Completed
4023,108,74,3,20,2024-10-12,1,292.63,0.2,PayPal,Completed
4024,368,300,1,22,2024-12-28,6,306.79,0.0,Gift Card,Shipped
4025,1698,229,5,48,2023-12-28,1,321.97,0.15,Cash,Cancelled
4026,493,247,6,9,2025-10-29,2,58.54,0.15,Cash,Completed
4027,707,246,10,29,2024-08-22,3,594.34,0.05,Cash,Shipped
4028,475,101,3,31,2024-03-07,2,314.94,0.2,Gift Card,Shipped
4029,1169,22,6,9,2024-02-29,6,90.87,0.0,Credit Card,Completed
4030,604,46,9,25,2024-03-02,1,393.27,0.0,Credit Card,Returned
4031,1355,135,7,40,2023-03-26,2,126.8,0.0,Cash,Completed
4032,1977,249,15,5,2025-09-18,6,471.0,0.15,Debit Card,Completed
4033,1408,120,5,48,2023-03-28,6,346.06,0.2,Credit Card,Pending
4034,1704,52,9,25,2025-12-24,4,120.46,0.15,Gift Card,Completed
4035,1166,85,11,7,2024-03-26,1,347.38,0.1,Gift Card,Returned
4036,1068,59,11,33,2023-06-23,6,239.55,0.2,PayPal,Completed
4037,316,121,13,13,2024-05-08,4,13.34,0.1,Credit Card,Pending
4038,1634,183,13,30,2025-07-10,5,70.12,0.0,Cash,Completed
4039,554,33,7,40,2023-05-23,5,422.83,0.15,Cash,Completed
4040,1422,95,5,23,2025-12-07,5,435.89,0.1,Debit Card,Returned
4041,1359,81,5,1,2024-04-19,5,379.78,0.15,PayPal,Shipped
4042,462,37,3,20,2025-08-30,6,91.98,0.0,Cash,Completed
4043,1244,23,6,9,2023-02-18,6,298.77,0.0,Gift Card,Cancelled
4044,1833,193,3,43,2024-05-09,5,248.63,0.0,PayPal,Completed
4045,51,197,11,7,2025-09-11,2,82.36,0.0,PayPal,Completed
4046,787,164,3,31,2024-03-19,3,117.71,0.1,Debit Card,Completed
4047,1181,200,12,11,2025-03-12,5,214.09,0.1,Debit Card,Completed
4048,1122,177,9,38,2024-11-09,1,467.22,0.0,Credit Card,Completed
4049,1948,187,11,33,2024-09-27,3,226.55,0.2,PayPal,Shipped
4050,1007,73,14,47,2023-01-09,4,68.44,0.0,Cash,Completed
4051,29,97,2,45,2023-10-03,2,228.27,0.0,Gift Card,Pending
4052,275,177,6,9,2024-05-29,6,467.22,0.15,PayPal,Completed
4053,1969,107,2,3,2023-12-27,3,247.26,0.0,Debit Card,Completed
4054,269,261,11,12,2023-05-19,1,638.9,0.0,Debit Card,Pending
4055,1675,230,10,21,2024-10-31,3,49.56,0.0,Gift Card,Completed
4056,115,29,4,34,2025-10-08,5,197.73,0.05,Debit Card,Completed
4057,1632,93,12,10,2023-11-21,4,380.69,0.05,Gift Card,Returned
4058,242,85,14,8,2025-09-28,3,347.38,0.05,Credit Card,Completed
4059,439,156,14,8,2025-01-16,5,64.7,0.15,PayPal,Cancelled
4060,1276,189,3,43,2025-03-25,3,399.71,0.05,Credit Card,Completed
4061,1225,167,10,6,2023-03-09,5,87.74,0.15,Cash,Shipped
4062,1021,187,2,37,2024-03-02,4,226.55,0.05,Gift Card,Completed
4063,1858,90,13,49,2024-12-15,3,483.64,0.2,PayPal,Cancelled
4064,1020,224,7,40,2025-05-05,5,190.7,0.0,Gift Card,Cancelled
4065,10,165,8,39,2023-08-29,5,216.64,0.05,Credit Card,Cancelled
4066,1227,298,7,40,2025-04-26,3,202.95,0.2,Credit Card,Cancelled
4067,1200,3,2,37,2024-10-03,5,507.54,0.0,Gift Card,Cancelled
4068,6,159,9,38,2023-12-06,4,323.53,0.1,PayPal,Pending
4069,1737,280,6,9,2023-04-07,3,59.78,0.15,Gift Card,Returned
4070,1419,200,14,8,2024-03-27,5,214.09,0.15,PayPal,Completed
4071,1467,152,6,9,2023-07-29,4,290.47,0.0,Cash,Pending
4072,57,81,1,36,2024-01-05,3,379.78,0.0,Debit Card,Completed
4073,1150,7,13,30,2023-12-24,6,279.59,0.15,Cash,Shipped
4074,1800,69,12,11,2025-10-05,4,444.45,0.0,Credit Card,Cancelled
4075,602,262,15,44,2025-08-08,3,392.06,0.1,Credit Card,Pending
4076,270,169,6,9,2024-07-18,3,446.78,0.2,PayPal,Completed
4077,1839,117,6,9,2024-11-09,6,77.12,0.0,Gift Card,Completed
4078,457,179,10,21,2024-11-26,5,63.58,0.15,Cash,Pending
4079,15,293,2,28,2023-04-01,1,54.25,0.1,Gift Card,Completed
4080,1545,295,11,12,2025-07-25,2,647.12,0.2,Credit Card,Completed
4081,1831,217,2,37,2024-05-04,2,80.74,0.05,PayPal,Completed
4082,1904,28,9,25,2024-10-06,6,360.14,0.0,Cash,Shipped
4083,1301,53,10,29,2025-07-15,6,459.8,0.0,Credit Card,Completed
4084,1264,252,14,47,2025-01-21,5,163.4,0.0,Cash,Shipped
4085,345,46,6,14,2023-02-03,6,393.27,0.0,Credit Card,Completed
4086,1854,151,11,33,2023-07-03,5,61.55,0.0,Cash,Returned
4087,74,239,5,48,2025-06-26,2,337.62,0.0,Credit Card,Cancelled
4088,637,62,12,11,2024-11-16,1,539.25,0.1,PayPal,Completed
4089,758,230,4,34,2025-08-12,1,49.56,0.2,PayPal,Pending
4090,1757,206,7,2,2023-07-09,6,367.62,0.05,Credit Card,Shipped
4091,1672,52,4,34,2023-12-18,3,120.46,0.2,Gift Card,Completed
4092,1591,185,14,47,2025-01-16,5,357.71,0.0,Gift Card,Pending
4093,1420,210,12,10,2023-09-27,2,77.07,0.05,Cash,Completed
4094,1225,15,7,40,2025-06-09,1,454.62,0.2,Gift Card,Completed
4095,40,6,7,2,2023-12-14,3,628.51,0.2,Debit Card,Completed
4096,749,197,1,41,2023-08-13,3,82.36,0.2,Debit Card,Pending
4097,1231,134,12,11,2024-02-03,5,170.45,0.0,Debit Card,Returned
4098,735,291,4,34,2025-11-14,3,9.1,0.1,Debit Card,Completed
4099,1507,243,12,17,2025-12-18,1,523.63,0.0,Credit Card,Completed
4100,479,243,2,28,2024-10-29,6,523.63,0.0,Debit Card,Completed
4101,482,86,2,37,2024-07-18,1,302.91,0.15,Credit Card,Pending
4102,1799,51,11,12,2023-10-24,4,190.91,0.1,PayPal,Pending
4103,504,262,7,2,2025-09-20,5,392.06,0.15,PayPal,Completed
4104,394,89,12,10,2023-12-20,5,248.83,0.0,Credit Card,Completed
4105,1064,151,5,23,2024-05-04,3,61.55,0.0,PayPal,Pending
4106,201,213,13,49,2024-06-07,5,64.0,0.0,Credit Card,Pending
4107,1641,149,13,13,2023-10-17,6,431.72,0.2,PayPal,Cancelled
4108,31,96,10,4,2025-11-12,2,595.96,0.0,Gift Card,Completed
4109,1105,115,1,22,2023-07-15,2,295.79,0.05,Cash,Pending
4110,72,115,4,34,2023-05-02,3,295.79,0.15,PayPal,Pending
4111,1449,47,3,31,2025-10-16,2,126.89,0.0,Cash,Completed
4112,477,210,9,25,2025-10-22,2,77.07,0.2,Credit Card,Completed
4113,1755,80,2,37,2025-09-23,5,249.35,0.05,Cash,Cancelled
4114,167,48,7,2,2025-02-28,4,397.65,0.0,Gift Card,Completed
4115,1053,71,3,20,2023-08-05,2,251.36,0.0,Gift Card,Completed
4116,887,146,14,47,2024-11-22,2,309.25,0.05,PayPal,Completed
4117,1550,126,3,20,2024-11-12,1,333.86,0.0,Cash,Completed
4118,773,278,5,48,2024-10-30,1,98.31,0.1,PayPal,Completed
4119,1042,300,2,37,2024-06-09,3,306.79,0.0,PayPal,Shipped
4120,721,151,8,19,2025-08-12,2,61.55,0.15,Cash,Completed
4121,1612,157,8,24,2023-09-15,6,110.95,0.0,Cash,Pending
4122,1166,132,7,2,2023-01-04,3,127.63,0.2,Cash,Returned
4123,617,133,2,37,2024-09-16,4,321.54,0.15,Gift Card,Cancelled
4124,140,150,5,48,2024-10-13,2,157.31,0.0,PayPal,Completed
4125,1094,202,13,49,2024-09-02,4,211.09,0.0,PayPal,Completed
4126,1834,13,10,6,2024-05-27,2,127.76,0.0,PayPal,Pending
4127,157,122,5,1,2023-07-20,2,203.86,0.2,PayPal,Returned
4128,697,134,10,29,2025-12-15,2,170.45,0.05,Gift Card,Pending
4129,1533,226,15,15,2023-09-07,3,522.95,0.0,Debit Card,Completed
4130,337,163,5,1,2023-01-04,6,270.34,0.0,Cash,Completed
4131,382,148,13,13,2025-08-30,2,293.31,0.0,Gift Card,Completed
4132,90,228,15,15,2024-09-01,1,247.35,0.1,Cash,Pending
4133,101,27,4,34,2025-05-29,2,565.88,0.0,PayPal,Completed
4134,1141,285,15,27,2025-09-29,4,313.87,0.0,Cash,Completed
4135,2,272,3,20,2024-11-30,2,596.66,0.15,Cash,Pending
4136,1986,213,6,9,2024-04-08,2,64.0,0.0,Cash,Shipped
4137,1490,32,15,5,2025-12-07,5,162.12,0.1,PayPal,Completed
4138,1637,139,2,3,2024-01-07,5,334.0,0.0,PayPal,Pending
4139,277,2,4,34,2025-04-23,3,35.98,0.0,PayPal,Completed
4140,1830,164,12,17,2024-11-26,3,117.71,0.0,Cash,Completed
4141,1459,51,10,29,2025-06-29,2,190.91,0.15,Cash,Completed
4142,380,150,1,36,2023-10-31,3,157.31,0.2,Credit Card,Completed
4143,1256,42,14,8,2025-07-30,2,483.01,0.0,Debit Card,Returned
4144,601,117,4,26,2023-01-08,6,77.12,0.1,Debit Card,Pending
4145,984,258,5,23,2024-05-04,5,270.37,0.15,Gift Card,Completed
4146,172,86,2,28,2025-01-19,4,302.91,0.1,PayPal,Returned
4147,301,156,2,3,2023-08-17,5,64.7,0.1,Gift Card,Completed
4148,576,149,13,30,2025-01-07,2,431.72,0.0,Gift Card,Pending
4149,729,74,10,4,2024-03-07,1,292.63,0.0,Gift Card,Pending
4150,219,219,9,38,2025-04-10,3,243.18,0.2,Credit Card,Completed
4151,99,27,15,27,2025-02-01,3,565.88,0.0,Debit Card,Completed
4152,799,31,8,24,2023-08-28,6,179.93,0.2,Debit Card,Completed
4153,282,174,2,45,2025-08-23,3,62.11,0.0,Credit Card,Completed
4154,791,211,1,36,2024-12-15,3,199.85,0.0,Debit Card,Pending
4155,1757,231,9,38,2023-07-06,6,52.2,0.15,Cash,Shipped
4156,1774,199,9,25,2024-04-09,1,314.59,0.0,Debit Card,Completed
4157,1098,82,10,4,2024-01-29,4,166.87,0.0,Debit Card,Pending
4158,192,72,6,9,2025-12-03,6,301.36,0.2,Credit Card,Completed
4159,780,79,1,36,2024-04-21,4,143.89,0.0,Credit Card,Cancelled
4160,1380,151,7,40,2023-12-24,2,61.55,0.2,PayPal,Completed
4161,577,202,3,31,2024-11-20,6,211.09,0.15,Gift Card,Shipped
4162,1663,40,7,2,2025-06-04,5,408.98,0.0,Cash,Shipped
4163,423,198,6,9,2024-11-23,6,125.5,0.2,Debit Card,Shipped
4164,904,82,14,8,2024-06-07,4,166.87,0.05,Gift Card,Pending
4165,343,210,12,10,2025-09-13,4,77.07,0.0,Cash,Pending
4166,1205,7,11,12,2024-07-22,3,279.59,0.2,Debit Card,Cancelled
4167,603,88,13,30,2023-03-30,3,291.53,0.1,Cash,Returned
4168,592,231,3,31,2025-12-26,3,52.2,0.0,Credit Card,Pending
4169,82,97,10,29,2024-08-17,5,228.27,0.1,Debit Card,Pending
4170,877,24,2,3,2023-09-09,3,129.26,0.05,Debit Card,Cancelled
4171,1235,190,15,27,2024-01-15,1,292.3,0.0,Cash,Cancelled
4172,523,3,13,30,2023-07-11,3,507.54,0.0,Debit Card,Shipped
4173,1252,32,14,47,2025-12-10,5,162.12,0.0,Cash,Completed
4174,1828,181,9,38,2025-10-26,6,334.11,0.0,Cash,Returned
4175,1298,288,6,14,2025-07-07,3,367.22,0.2,PayPal,Pending
4176,533,69,10,29,2024-12-16,2,444.45,0.15,Cash,Completed
4177,1086,86,4,34,2025-09-04,3,302.91,0.05,PayPal,Shipped
4178,1082,168,8,39,2023-05-07,6,303.92,0.05,Gift Card,Returned
4179,1563,163,15,15,2024-04-21,1,270.34,0.2,Cash,Completed
4180,1113,207,9,25,2025-06-18,5,245.28,0.15,Cash,Shipped
4181,1733,114,2,3,2023-11-22,4,356.17,0.05,PayPal,Completed
4182,951,173,10,6,2023-12-17,1,159.58,0.0,Debit Card,Completed
4183,1969,189,12,17,2025-02-28,2,399.71,0.0,PayPal,Completed
4184,719,232,14,47,2023-04-24,3,316.8,0.0,Credit Card,Completed
4185,771,40,10,6,2024-03-29,6,408.98,0.15,Credit Card,Completed
4186,1653,209,5,23,2024-07-14,1,193.95,0.1,Debit Card,Pending
4187,1703,148,12,17,2023-05-26,6,293.31,0.0,Gift Card,Completed
4188,1087,8,8,24,2025-03-04,5,143.64,0.2,Debit Card,Completed
4189,1582,269,12,17,2024-06-29,1,260.22,0.0,Gift Card,Completed
4190,1812,18,2,28,2024-05-23,6,383.42,0.05,PayPal,Completed
4191,1084,136,8,19,2025-04-23,4,266.29,0.1,PayPal,Completed
4192,1638,120,8,24,2025-09-01,2,346.06,0.15,Gift Card,Completed
4193,1628,74,13,49,2025-07-05,3,292.63,0.1,Gift Card,Completed
4194,1898,25,5,23,2023-06-22,1,323.92,0.0,PayPal,Returned
4195,1669,227,15,32,2025-08-21,3,225.3,0.0,PayPal,Completed
4196,113,33,12,11,2025-11-17,3,422.83,0.15,Gift Card,Returned
4197,1115,5,12,10,2025-02-12,1,136.89,0.0,Debit Card,Cancelled
4198,84,4,13,46,2025-10-20,1,355.19,0.2,Credit Card,Completed
4199,1537,72,1,36,2023-09-29,6,301.36,0.0,Gift Card,Completed
4200,1790,22,9,25,2024-10-14,1,90.87,0.2,Credit Card,Completed
4201,157,280,15,44,2023-05-20,6,59.78,0.05,Cash,Completed
4202,230,3,12,17,2025-02-21,4,507.54,0.05,Credit Card,Pending
4203,577,157,1,22,2023-06-12,1,110.95,0.2,Debit Card,Returned
4204,1145,77,14,8,2023-11-07,5,442.92,0.05,Debit Card,Shipped
4205,1919,169,15,27,2025-11-04,1,446.78,0.05,Debit Card,Pending
4206,1840,249,2,3,2023-02-10,2,471.0,0.2,Cash,Cancelled
4207,1612,200,14,47,2024-10-09,3,214.09,0.0,Cash,Completed
4208,321,43,15,32,2025-11-27,2,121.68,0.0,PayPal,Shipped
4209,1425,239,1,41,2024-12-08,3,337.62,0.0,Cash,Completed
4210,1333,71,3,31,2025-05-07,2,251.36,0.0,Debit Card,Cancelled
4211,1351,238,4,26,2024-10-18,3,196.9,0.1,Gift Card,Pending
4212,315,2,2,28,2023-11-13,1,35.98,0.15,PayPal,Completed
4213,30,121,13,30,2023-08-05,5,13.34,0.05,Gift Card,Pending
4214,574,158,14,47,2025-11-26,2,324.07,0.1,PayPal,Pending
4215,1868,100,1,50,2023-05-07,1,447.11,0.2,PayPal,Shipped
4216,65,297,7,2,2025-03-02,4,334.26,0.05,Gift Card,Pending
4217,775,17,3,43,2023-11-17,6,307.03,0.1,Cash,Returned
4218,1858,22,14,8,2024-06-10,6,90.87,0.05,Gift Card,Completed
4219,672,132,5,48,2024-10-18,6,127.63,0.1,Cash,Shipped
4220,705,240,15,18,2025-08-03,6,196.7,0.0,Gift Card,Completed
4221,405,131,2,37,2023-12-09,6,582.03,0.1,Debit Card,Completed
4222,1577,111,9,38,2023-10-27,2,123.3,0.2,Gift Card,Pending
4223,527,274,7,40,2024-08-15,2,57.88,0.05,PayPal,Shipped
4224,878,157,13,42,2024-12-02,6,110.95,0.0,Credit Card,Completed
4225,319,52,12,10,2024-09-06,2,120.46,0.05,Cash,Returned
4226,602,184,13,49,2024-02-17,5,304.08,0.1,Debit Card,Completed
4227,626,171,3,20,2024-05-16,2,293.86,0.0,Gift Card,Returned
4228,272,269,9,25,2025-04-30,3,260.22,0.2,Cash,Pending
4229,1847,77,5,48,2023-01-11,2,442.92,0.2,Credit Card,Completed
4230,1658,239,4,26,2025-03-23,1,337.62,0.2,Cash,Completed
4231,987,5,11,12,2023-07-23,3,136.89,0.0,Credit Card,Completed
4232,1304,195,6,9,2023-11-11,3,165.25,0.0,Debit Card,Shipped
4233,232,184,9,25,2025-08-05,6,304.08,0.05,Credit Card,Cancelled
4234,771,104,10,4,2025-07-07,6,61.42,0.0,Cash,Completed
4235,1680,71,15,18,2023-09-05,3,251.36,0.0,PayPal,Completed
4236,128,16,9,25,2024-06-26,3,561.32,0.0,Credit Card,Completed
4237,1000,116,3,31,2023-10-11,1,365.71,0.15,Cash,Returned
4238,300,229,7,40,2025-04-25,6,321.97,0.0,PayPal,Completed
4239,1769,102,3,31,2023-12-04,4,455.19,0.05,Credit Card,Completed
4240,505,41,2,37,2023-05-06,4,441.65,0.0,PayPal,Completed
4241,161,142,9,38,2023-08-11,3,306.71,0.2,Gift Card,Completed
4242,275,114,12,11,2023-03-04,4,356.17,0.15,Gift Card,Shipped
4243,577,102,15,5,2025-11-02,6,455.19,0.1,Gift Card,Completed
4244,1452,69,8,24,2024-10-02,3,444.45,0.2,Cash,Completed
4245,1345,243,9,38,2024-06-15,2,523.63,0.1,Gift Card,Shipped
4246,274,261,15,16,2025-09-18,2,638.9,0.15,Cash,Shipped
4247,1869,289,14,47,2024-01-01,2,246.14,0.2,Cash,Shipped
4248,55,144,6,14,2023-11-07,1,296.96,0.0,PayPal,Shipped
4249,243,57,10,29,2025-08-27,4,207.9,0.1,Cash,Cancelled
4250,1159,17,6,9,2024-12-10,5,307.03,0.1,Gift Card,Returned
4251,2000,221,15,15,2023-12-28,2,183.32,0.0,Debit Card,Cancelled
4252,1711,5,15,32,2023-03-08,6,136.89,0.15,Cash,Completed
4253,1930,101,12,11,2024-11-16,2,314.94,0.2,Gift Card,Cancelled
4254,931,250,12,10,2024-03-22,1,120.54,0.0,Debit Card,Cancelled
4255,1088,251,5,23,2023-03-07,1,355.21,0.0,Credit Card,Completed
4256,719,63,2,45,2025-10-01,2,63.8,0.15,Cash,Completed
4257,843,73,9,25,2024-08-25,5,68.44,0.15,Credit Card,Completed
4258,696,220,6,9,2024-09-24,3,357.02,0.0,PayPal,Pending
4259,938,36,8,19,2024-04-18,3,480.04,0.15,Cash,Completed
4260,1371,263,15,32,2023-06-21,1,47.7,0.0,PayPal,Shipped
4261,1590,90,15,44,2024-11-08,6,483.64,0.05,PayPal,Completed
4262,408,104,7,40,2023-09-13,4,61.42,0.0,Credit Card,Completed
4263,1263,73,11,33,2025-05-11,6,68.44,0.1,PayPal,Pending
4264,1366,242,5,1,2025-09-12,3,378.8,0.0,Debit Card,Cancelled
4265,1619,71,7,40,2023-04-07,6,251.36,0.1,Cash,Pending
4266,770,54,1,50,2023-09-21,6,43.29,0.1,Gift Card,Cancelled
4267,1158,141,9,38,2024-08-19,1,236.86,0.05,PayPal,Shipped
4268,204,43,4,26,2023-06-28,3,121.68,0.05,Cash,Cancelled
4269,793,65,1,36,2023-07-23,5,543.26,0.0,Credit Card,Returned
4270,1537,210,12,10,2024-05-26,2,77.07,0.0,Credit Card,Cancelled
4271,1776,88,9,38,2023-10-24,5,291.53,0.15,Gift Card,Completed
4272,818,48,14,47,2024-02-13,6,397.65,0.0,Debit Card,Pending
4273,1056,225,13,49,2023-06-10,6,131.27,0.15,PayPal,Shipped
4274,659,139,5,48,2024-09-22,2,334.0,0.0,Gift Card,Completed
4275,1603,173,11,12,2025-07-12,6,159.58,0.05,Cash,Pending
4276,1841,216,2,37,2024-12-10,5,91.49,0.0,Gift Card,Completed
4277,1552,90,4,26,2025-01-21,2,483.64,0.2,Gift Card,Completed
4278,681,234,4,26,2024-12-24,5,314.58,0.2,Gift Card,Returned
4279,929,30,14,8,2024-01-18,3,544.88,0.0,Gift Card,Pending
4280,92,198,7,40,2025-01-01,1,125.5,0.1,Debit Card,Cancelled
4281,1943,25,7,2,2025-05-11,5,323.92,0.1,Cash,Returned
4282,279,198,6,9,2024-06-05,4,125.5,0.0,Cash,Completed
4283,1378,140,2,28,2023-01-29,6,257.08,0.2,Debit Card,Shipped
4284,1066,146,10,29,2025-11-20,3,309.25,0.1,Credit Card,Returned
4285,1807,35,1,22,2023-11-15,5,53.95,0.05,Gift Card,Completed
4286,1088,283,11,7,2023-09-07,5,84.31,0.0,Gift Card,Completed
4287,1037,295,2,3,2024-03-27,5,647.12,0.2,PayPal,Completed
4288,1793,66,9,38,2023-07-17,4,330.95,0.0,Credit Card,Completed
4289,954,186,14,8,2025-07-24,4,39.01,0.15,Credit Card,Completed
4290,1977,267,9,25,2025-06-01,6,139.61,0.05,Debit Card,Cancelled
4291,269,157,3,31,2023-06-27,3,110.95,0.0,Debit Card,Completed
4292,1858,207,9,25,2025-06-12,3,245.28,0.2,Gift Card,Completed
4293,160,106,8,19,2023-06-20,5,127.35,0.2,Cash,Pending
4294,237,123,10,6,2024-10-29,2,203.09,0.15,Gift Card,Pending
4295,1605,177,13,30,2024-12-02,4,467.22,0.05,Credit Card,Cancelled
4296,657,224,2,28,2025-05-18,6,190.7,0.2,Credit Card,Cancelled
4297,1221,57,7,2,2025-07-22,2,207.9,0.05,Cash,Completed
4298,1420,100,5,48,2025-04-26,2,447.11,0.1,Debit Card,Completed
4299,480,171,5,1,2023-02-18,2,293.86,0.0,Gift Card,Shipped
4300,638,213,1,50,2025-10-31,4,64.0,0.0,Cash,Pending
4301,606,220,11,33,2024-10-07,3,357.02,0.15,PayPal,Shipped
4302,1056,251,3,20,2024-03-21,5,355.21,0.1,Credit Card,Completed
4303,1832,169,13,30,2024-10-29,5,446.78,0.1,Gift Card,Pending
4304,1843,180,5,1,2023-04-29,2,177.87,0.2,Cash,Completed
4305,636,195,2,28,2025-02-03,1,165.25,0.1,Cash,Returned
4306,1270,289,12,11,2025-05-28,6,246.14,0.15,PayPal,Completed
4307,601,246,8,24,2025-10-04,1,594.34,0.0,Credit Card,Shipped
4308,1525,123,3,31,2025-11-28,6,203.09,0.0,Credit Card,Shipped
4309,755,235,1,50,2023-10-05,5,265.0,0.15,Gift Card,Pending
4310,751,216,14,47,2023-11-18,1,91.49,0.05,Credit Card,Pending
4311,1827,120,14,8,2024-03-14,4,346.06,0.05,Gift Card,Pending
4312,1735,49,5,23,2023-03-10,6,148.66,0.15,Debit Card,Shipped
4313,1848,63,10,29,2023-08-18,5,63.8,0.0,Credit Card,Completed
4314,1879,141,4,35,2023-03-14,5,236.86,0.15,Cash,Completed
4315,376,245,12,17,2023-08-21,4,328.64,0.0,Credit Card,Completed
4316,1361,6,4,26,2025-06-14,4,628.51,0.05,Gift Card,Shipped
4317,198,257,12,11,2024-06-30,4,29.22,0.1,PayPal,Pending
4318,1125,263,8,39,2024-09-15,3,47.7,0.2,PayPal,Pending
4319,953,298,12,11,2025-09-04,1,202.95,0.0,PayPal,Shipped
4320,1879,151,2,45,2025-05-03,1,61.55,0.15,Gift Card,Completed
4321,1639,116,10,6,2024-12-26,5,365.71,0.2,Debit Card,Completed
4322,1374,265,13,46,2025-03-25,4,348.49,0.1,PayPal,Returned
4323,1171,269,11,33,2024-09-09,2,260.22,0.0,Debit Card,Completed
4324,1924,170,3,31,2023-05-04,6,260.29,0.0,Cash,Completed
4325,536,49,15,15,2023-07-17,3,148.66,0.2,Credit Card,Completed
4326,834,192,12,11,2023-07-14,2,29.92,0.0,Debit Card,Cancelled
4327,1230,192,14,47,2025-09-02,4,29.92,0.0,PayPal,Completed
4328,63,277,7,2,2024-07-07,6,320.72,0.15,PayPal,Completed
4329,617,163,8,19,2024-02-26,5,270.34,0.05,Gift Card,Pending
4330,1423,291,2,28,2025-07-07,4,9.1,0.05,Debit Card,Returned
4331,687,154,2,28,2024-10-19,4,214.32,0.2,Cash,Completed
4332,1743,62,12,10,2024-12-06,6,539.25,0.1,Cash,Completed
4333,502,34,9,38,2024-01-01,1,71.12,0.0,PayPal,Cancelled
4334,639,25,15,5,2023-03-02,2,323.92,0.0,Gift Card,Completed
4335,829,129,1,36,2024-01-11,2,267.03,0.2,Debit Card,Pending
4336,419,154,4,26,2023-11-02,3,214.32,0.15,Credit Card,Pending
4337,1173,247,13,49,2025-03-16,2,58.54,0.2,Gift Card,Completed
4338,1241,151,13,46,2023-10-16,6,61.55,0.1,Credit Card,Completed
4339,1014,70,1,22,2025-10-12,3,42.41,0.1,Credit Card,Completed
4340,1830,45,12,11,2025-09-10,3,107.36,0.0,PayPal,Pending
4341,165,116,7,2,2023-10-22,3,365.71,0.15,Cash,Completed
4342,1673,42,10,29,2025-05-09,6,483.01,0.15,Credit Card,Cancelled
4343,804,88,10,29,2025-09-12,1,291.53,0.0,Gift Card,Cancelled
4344,649,273,1,50,2025-06-06,5,265.88,0.05,Debit Card,Completed
4345,762,230,8,39,2025-08-05,1,49.56,0.15,Credit Card,Pending
4346,1179,293,3,20,2024-02-04,6,54.25,0.15,Gift Card,Completed
4347,3,251,7,40,2023-01-24,1,355.21,0.0,Gift Card,Completed
4348,1587,83,10,29,2024-07-20,3,347.94,0.0,Gift Card,Completed
4349,1944,101,9,38,2023-01-01,6,314.94,0.0,PayPal,Completed
4350,1026,21,9,38,2025-05-10,3,407.45,0.05,PayPal,Cancelled
4351,1223,45,5,48,2025-04-29,5,107.36,0.15,PayPal,Shipped
4352,997,140,11,33,,6,257.08,0.0,Debit Card,Completed
4353,290,86,12,17,2025-02-13,5,302.91,0.2,PayPal,Returned
4354,1328,106,8,19,2025-08-21,3,127.35,0.0,PayPal,Pending
4355,672,248,6,14,2025-03-02,3,230.55,0.0,PayPal,Completed
4356,1531,215,3,31,2024-08-12,2,108.22,0.0,Debit Card,Completed
4357,355,178,3,20,2025-08-01,3,41.87,0.0,Credit Card,Shipped
4358,864,202,3,20,2024-09-18,2,211.09,0.15,Credit Card,Cancelled
4359,1717,162,10,21,2025-01-27,6,532.97,0.15,Debit Card,Pending
4360,1578,292,2,37,2023-11-05,4,398.38,0.05,Debit Card,Completed
4361,1007,225,13,42,2025-05-27,1,131.27,0.0,PayPal,Completed
4362,1970,36,1,50,2023-05-05,1,480.04,0.0,Cash,Shipped
4363,559,58,9,38,2025-07-30,6,76.76,0.1,PayPal,Completed
4364,1255,245,10,29,2024-05-15,6,328.64,0.2,PayPal,Completed
4365,504,259,13,30,2024-02-05,6,395.59,0.0,Gift Card,Pending
4366,1130,205,9,25,2025-12-05,5,370.78,0.0,PayPal,Cancelled
4367,431,286,2,45,2025-06-07,5,217.06,0.0,Cash,Returned
4368,291,128,3,43,2024-11-12,6,257.64,0.1,Gift Card,Completed
4369,477,185,9,38,2023-09-30,1,357.71,0.1,Gift Card,Completed
4370,1892,207,9,38,2023-03-04,6,245.28,0.0,Cash,Completed
4371,1862,180,3,43,2023-04-28,5,177.87,0.05,Debit Card,Pending
4372,837,223,12,10,2024-01-15,5,162.74,0.0,Gift Card,Completed
4373,936,228,7,40,2025-04-26,4,247.35,0.15,PayPal,Completed
4374,1092,35,8,19,2023-04-03,3,53.95,0.15,Cash,Pending
4375,1027,294,15,18,2024-04-11,2,345.43,0.0,Debit Card,Cancelled
4376,575,22,12,11,2025-05-19,2,90.87,0.0,Gift Card,Completed
4377,1453,121,2,3,2024-05-09,2,13.34,0.0,Gift Card,Pending
4378,718,56,4,34,2025-12-17,5,176.55,0.0,Gift Card,Returned
4379,290,298,2,28,2024-09-08,1,202.95,0.05,Cash,Completed
4380,542,240,8,19,2025-04-05,2,196.7,0.1,Gift Card,Cancelled
4381,1655,204,13,30,2025-12-07,1,98.36,0.1,Debit Card,Shipped
4382,1075,5,9,38,2023-02-25,5,136.89,0.1,Gift Card,Returned
4383,1911,292,15,32,2023-11-26,3,398.38,0.15,Credit Card,Cancelled
4384,133,137,15,16,2023-02-28,3,47.19,0.1,Debit Card,Pending
4385,768,140,6,14,2024-04-07,3,257.08,0.2,Debit Card,Cancelled
4386,1267,290,7,40,2025-03-13,1,30.66,0.15,Gift Card,Completed
4387,1881,294,8,39,2025-06-29,4,345.43,0.0,Debit Card,Completed
4388,880,158,3,43,2025-02-14,6,324.07,0.15,Cash,Completed
4389,486,18,15,15,2023-01-22,2,383.42,0.05,Debit Card,Completed
4390,1520,31,8,24,2025-09-02,4,179.93,0.2,Gift Card,Pending
4391,499,276,12,17,2023-03-21,3,394.14,0.0,Cash,Shipped
4392,773,6,4,35,2023-08-28,4,628.51,0.1,Debit Card,Completed
4393,1020,176,13,13,2023-01-14,1,171.51,0.0,PayPal,Returned
4394,1948,179,14,8,2025-01-19,5,63.58,0.0,PayPal,Completed
4395,322,74,15,32,2024-06-13,3,292.63,0.0,Gift Card,Cancelled
4396,435,93,6,9,2023-09-18,1,380.69,0.0,Cash,Shipped
4397,389,293,13,13,2025-02-04,6,54.25,0.0,Gift Card,Pending
4398,428,27,10,6,2024-05-03,5,565.88,0.0,Gift Card,Cancelled
4399,1203,22,10,21,2025-09-13,1,90.87,0.0,PayPal,Returned
4400,27,221,6,9,2024-03-03,4,183.32,0.0,Debit Card,Completed
4401,597,22,9,38,2025-10-26,6,90.87,0.0,Gift Card,Completed
4402,51,193,14,8,2024-04-14,5,248.63,0.0,Cash,Completed
4403,1117,226,6,9,2025-11-29,5,522.95,0.1,Debit Card,Returned
4404,16,96,9,25,2024-08-10,1,595.96,0.0,Credit Card,Completed
4405,97,165,9,38,2025-02-24,1,216.64,0.1,Credit Card,Completed
4406,307,210,10,4,2023-04-20,3,77.07,0.15,PayPal,Cancelled
4407,668,135,10,29,2023-05-20,5,126.8,0.0,Credit Card,Shipped
4408,1114,220,10,6,2024-12-24,4,357.02,0.0,Gift Card,Completed
4409,1408,191,11,7,2024-06-03,5,519.67,0.05,PayPal,Shipped
4410,689,205,8,19,2025-02-18,2,370.78,0.0,Credit Card,Completed
4411,804,4,14,47,2024-09-24,3,355.19,0.15,Credit Card,Returned
4412,1760,50,6,9,2023-10-11,6,564.26,0.2,Cash,Completed
4413,809,192,1,50,2025-02-09,4,29.92,0.2,Cash,Completed
4414,1265,11,1,41,2025-11-13,6,289.37,0.0,Gift Card,Pending
4415,1102,295,6,14,2024-03-11,4,647.12,0.1,PayPal,Completed
4416,999,137,2,37,2024-04-07,4,47.19,0.0,Debit Card,Completed
4417,170,291,6,9,2025-03-04,1,9.1,0.1,Credit Card,Completed
4418,866,140,3,31,2025-10-15,1,257.08,0.2,Debit Card,Shipped
4419,1336,117,5,48,2023-12-11,1,77.12,0.2,Debit Card,Completed
4420,1561,69,7,40,2024-04-25,4,444.45,0.05,PayPal,Completed
4421,1943,128,2,28,2023-01-16,5,257.64,0.1,Credit Card,Completed
4422,333,128,5,23,2025-10-02,5,257.64,0.2,Debit Card,Completed
4423,445,101,5,23,2024-01-06,5,314.94,0.05,Debit Card,Shipped
4424,854,164,13,42,2025-04-06,5,117.71,0.05,PayPal,Returned
4425,1885,284,1,41,2023-03-25,1,413.62,0.0,PayPal,Cancelled
4426,1886,111,10,21,2023-08-26,3,123.3,0.05,Credit Card,Cancelled
4427,1748,161,15,5,2024-07-06,2,322.86,0.15,Gift Card,Cancelled
4428,1147,26,9,25,2025-09-11,4,68.26,0.1,PayPal,Shipped
4429,1884,55,15,32,2024-07-31,5,17.81,0.1,Cash,Completed
4430,1612,59,11,33,2024-08-27,3,239.55,0.05,Credit Card,Returned
4431,1348,175,15,27,2024-06-01,1,86.78,0.05,Credit Card,Completed
4432,1882,187,1,50,2025-04-29,2,226.55,0.05,Gift Card,Returned
4433,595,161,9,38,2024-11-12,6,322.86,0.15,Debit Card,Returned
4434,872,222,8,24,2025-01-08,5,412.69,0.1,PayPal,Cancelled
4435,346,118,10,4,2024-07-18,3,145.14,0.2,Debit Card,Completed
4436,1150,53,15,44,2025-05-26,2,459.8,0.0,Gift Card,Returned
4437,1734,159,5,48,2023-08-09,5,323.53,0.15,Credit Card,Returned
4438,1816,83,5,23,2025-11-24,2,347.94,0.15,PayPal,Cancelled
4439,1540,106,1,41,2024-02-16,1,127.35,0.15,Credit Card,Cancelled
4440,159,101,11,7,2024-12-08,1,314.94,0.05,Debit Card,Completed
4441,593,244,8,39,2024-01-20,3,328.77,0.0,PayPal,Pending
4442,913,88,13,30,2023-12-26,5,291.53,0.2,Gift Card,Completed
4443,156,209,13,46,2023-11-25,3,193.95,0.1,PayPal,Cancelled
4444,560,101,15,44,2023-09-04,2,314.94,0.15,Gift Card,Cancelled
4445,1081,230,5,1,2024-09-21,4,49.56,0.0,Gift Card,Completed
4446,977,78,4,35,2025-05-09,1,176.26,0.15,Cash,Pending
4447,900,249,7,40,2023-04-24,4,471.0,0.0,Cash,Completed
4448,674,64,5,1,2023-06-26,5,566.62,0.0,Cash,Cancelled
4449,160,300,6,14,2023-09-16,3,306.79,0.0,Debit Card,Cancelled
4450,486,160,9,38,2024-05-29,1,466.97,0.0,Credit Card,Returned
4451,99,195,11,12,2024-05-30,5,165.25,0.0,Cash,Shipped
4452,503,253,6,9,2024-12-16,1,101.3,0.0,Gift Card,Cancelled
4453,566,223,10,4,2023-08-12,4,162.74,0.15,Credit Card,Shipped
4454,467,97,6,14,2025-08-31,4,228.27,0.1,Credit Card,Shipped
4455,182,104,12,17,2024-07-01,1,61.42,0.15,PayPal,Pending
4456,1267,3,2,3,2025-09-24,1,507.54,0.1,Gift Card,Cancelled
4457,1346,154,11,7,2024-12-07,5,214.32,0.0,Cash,Completed
4458,670,273,10,21,2024-01-23,5,265.88,0.05,Gift Card,Completed
4459,1958,240,9,25,2023-12-25,4,196.7,0.15,PayPal,Completed
4460,495,267,1,41,2025-11-28,4,139.61,0.2,PayPal,Shipped
4461,1462,87,3,31,2024-02-05,6,321.84,0.0,Gift Card,Completed
4462,1614,160,15,5,2025-02-27,3,466.97,0.0,Credit Card,Cancelled
4463,1358,4,4,26,2025-02-12,6,355.19,0.0,Cash,Shipped
4464,255,25,12,17,2025-11-13,5,323.92,0.05,Debit Card,Completed
4465,364,253,1,22,2025-02-12,2,101.3,0.15,Gift Card,Completed
4466,424,255,3,20,2024-03-30,4,118.85,0.1,Credit Card,Cancelled
4467,300,198,5,1,2023-04-02,3,125.5,0.1,Cash,Completed
4468,731,108,8,19,2024-11-01,2,603.53,0.05,Cash,Cancelled
4469,108,177,10,6,2024-03-04,5,467.22,0.05,Cash,Completed
4470,198,100,14,47,2024-12-11,5,447.11,0.05,Debit Card,Shipped
4471,1298,195,7,2,2023-05-07,6,165.25,0.0,Debit Card,Pending
4472,1808,6,8,24,2024-10-05,1,628.51,0.0,Credit Card,Completed
4473,793,149,15,44,2023-07-06,1,431.72,0.1,Debit Card,Completed
4474,860,159,7,40,2023-04-12,6,323.53,0.2,Cash,Completed
4475,1813,89,15,16,2025-05-26,1,248.83,0.0,Debit Card,Returned
4476,343,97,9,25,2025-12-02,3,228.27,0.2,PayPal,Pending
4477,385,276,15,27,2024-10-15,5,394.14,0.0,PayPal,Cancelled
4478,319,167,10,6,2023-05-11,6,87.74,0.05,Gift Card,Shipped
4479,1222,139,6,9,2025-06-30,4,334.0,0.0,Cash,Returned
4480,333,264,6,9,2025-11-16,5,25.86,0.15,Gift Card,Cancelled
4481,386,220,4,35,2025-10-01,4,357.02,0.05,Gift Card,Cancelled
4482,165,2,1,36,2023-06-10,2,35.98,0.0,Debit Card,Completed
4483,1557,265,4,35,2025-10-06,3,348.49,0.2,Cash,Completed
4484,618,148,3,20,2025-11-13,3,293.31,0.0,Gift Card,Cancelled
4485,1038,270,5,48,2024-04-18,5,17.58,0.05,PayPal,Completed
4486,742,78,12,10,2025-01-31,3,176.26,0.0,PayPal,Completed
4487,1922,175,14,8,2024-05-24,3,86.78,0.0,Cash,Completed
4488,401,147,2,45,2025-02-16,4,433.97,0.2,Gift Card,Completed
4489,1991,131,9,25,2025-08-21,1,582.03,0.0,Cash,Pending
4490,36,280,7,2,2023-04-06,6,59.78,0.0,Debit Card,Completed
4491,333,92,14,8,2023-07-30,6,665.8,0.0,PayPal,Completed
4492,219,92,6,14,2023-07-17,4,665.8,0.1,Debit Card,Completed
4493,1138,182,4,26,2024-06-15,1,543.63,0.0,Debit Card,Completed
4494,1286,69,7,2,2025-04-24,6,444.45,0.15,Credit Card,Completed
4495,655,104,5,23,2025-08-30,1,61.42,0.0,Cash,Completed
4496,1710,202,6,9,2025-09-27,5,211.09,0.2,Gift Card,Pending
4497,1569,41,9,25,2023-09-13,6,441.65,0.0,Debit Card,Completed
4498,1100,153,3,31,2024-01-17,2,238.04,0.0,Debit Card,Returned
4499,1625,138,6,14,2025-04-28,5,102.03,0.15,Debit Card,Completed
4500,793,289,4,35,2024-01-21,1,246.14,0.0,Gift Card,Cancelled
4501,507,91,2,45,2024-02-15,6,406.77,0.1,Cash,Completed
4502,694,71,5,23,2025-07-18,5,251.36,0.15,Gift Card,Pending
4503,1291,196,11,7,2023-01-14,2,222.19,0.0,Gift Card,Cancelled
4504,1385,299,5,1,2024-04-21,1,150.33,0.1,PayPal,Returned
4505,1229,192,10,4,2023-01-26,4,29.92,0.15,Gift Card,Returned
4506,1167,293,10,29,2024-03-21,6,54.25,0.1,PayPal,Completed
4507,1817,291,11,7,2024-08-17,5,9.1,0.2,Cash,Pending
4508,355,121,7,2,2023-06-20,5,13.34,0.15,Credit Card,Completed
4509,187,186,3,31,2024-11-20,3,39.01,0.1,Debit Card,Returned
4510,432,171,15,18,2024-02-23,2,293.86,0.0,Credit Card,Pending
4511,1588,206,3,43,2025-04-16,4,367.62,0.1,PayPal,Returned
4512,436,36,6,14,2023-07-02,4,480.04,0.0,Credit Card,Completed
4513,1422,208,12,17,2024-12-27,1,146.45,0.0,Gift Card,Shipped
4514,1915,207,4,35,2025-01-14,6,245.28,0.2,Debit Card,Shipped
4515,697,182,2,3,2025-06-17,4,543.63,0.0,Debit Card,Completed
4516,1355,74,11,7,2025-08-02,3,292.63,0.1,Credit Card,Returned
4517,1123,197,9,38,2025-07-13,5,82.36,0.0,PayPal,Cancelled
4518,524,83,5,1,2024-01-21,1,347.94,0.0,Cash,Shipped
4519,208,87,3,43,2024-12-08,5,321.84,0.05,Gift Card,Completed
4520,1985,3,3,43,2025-11-14,1,507.54,0.15,Credit Card,Shipped
4521,1788,300,11,33,2023-08-25,3,306.79,0.0,Credit Card,Shipped
4522,734,31,5,1,2024-12-15,1,179.93,0.15,Cash,Completed
4523,559,83,8,39,2025-04-02,2,347.94,0.2,Cash,Returned
4524,352,211,2,28,2024-09-12,4,199.85,0.0,Cash,Cancelled
4525,1433,295,12,10,2024-01-01,3,647.12,0.0,PayPal,Completed
4526,815,7,15,32,2024-08-15,2,279.59,0.0,PayPal,Completed
4527,580,142,2,45,2023-10-11,3,306.71,0.15,PayPal,Completed
4528,1685,205,12,17,2025-12-17,6,370.78,0.0,Gift Card,Pending
4529,40,292,9,25,2023-07-20,5,398.38,0.15,Debit Card,Completed
4530,1605,197,3,31,2025-03-09,1,82.36,0.0,PayPal,Completed
4531,4,83,1,50,2023-01-17,5,347.94,0.2,PayPal,Pending
4532,1244,223,12,10,2024-05-20,3,162.74,0.2,Cash,Completed
4533,154,241,10,4,2024-11-30,2,108.19,0.0,Credit Card,Pending
4534,1732,180,3,43,2024-02-22,2,177.87,0.05,Credit Card,Pending
4535,106,158,9,38,2024-04-27,4,324.07,0.2,Cash,Pending
4536,369,189,9,38,2024-02-11,4,399.71,0.0,Debit Card,Pending
4537,663,118,1,22,2024-05-06,2,145.14,0.0,Debit Card,Completed
4538,382,173,15,44,2025-02-22,5,159.58,0.2,Cash,Returned
4539,1877,35,8,24,2024-01-26,2,53.95,0.0,Cash,Completed
4540,1031,117,2,45,2024-08-18,5,77.12,0.2,Debit Card,Shipped
4541,1344,222,3,31,2024-02-09,1,412.69,0.0,Debit Card,Shipped
4542,423,160,1,22,2023-08-29,2,466.97,0.0,Gift Card,Cancelled
4543,402,195,11,12,2025-06-03,4,165.25,0.0,Gift Card,Completed
4544,1806,101,5,23,2024-11-04,3,314.94,0.0,Debit Card,Completed
4545,436,72,9,25,2024-10-27,6,301.36,0.0,PayPal,Shipped
4546,1486,96,11,12,2025-07-04,5,595.96,0.1,Cash,Completed
4547,728,225,10,29,2025-07-23,3,131.27,0.1,Debit Card,Completed
4548,245,255,6,9,2023-01-01,6,118.85,0.05,Credit Card,Shipped
4549,181,74,7,40,2024-02-06,6,292.63,0.2,Cash,Completed
4550,319,158,5,1,2024-06-19,4,324.07,0.1,Credit Card,Completed
4551,1823,172,15,18,2023-01-30,1,70.42,0.05,Debit Card,Completed
4552,43,98,8,39,2024-07-05,5,263.06,0.0,Credit Card,Shipped
4553,1384,178,14,8,2023-09-14,4,41.87,0.1,Debit Card,Returned
4554,1914,153,14,47,2023-12-09,2,238.04,0.15,Debit Card,Completed
4555,832,134,15,44,2024-10-03,3,170.45,0.0,Gift Card,Returned
4556,1252,222,7,40,2025-09-07,6,412.69,0.0,Gift Card,Returned
4557,792,264,11,7,2025-04-16,6,25.86,0.0,Credit Card,Completed
4558,423,113,12,10,2023-09-29,4,438.2,0.1,Credit Card,Completed
4559,3,88,14,47,2025-05-04,6,291.53,0.2,Credit Card,Pending
4560,145,152,10,29,2024-08-02,5,290.47,0.0,Credit Card,Cancelled
4561,942,182,5,48,2025-05-15,1,543.63,0.05,Debit Card,Completed
4562,1195,168,9,38,2023-11-04,4,303.92,0.1,Debit Card,Completed
4563,1160,161,9,38,2025-04-07,1,322.86,0.0,Credit Card,Completed
4564,784,36,10,29,2025-01-24,5,480.04,0.0,Debit Card,Completed
4565,1953,232,12,11,2025-12-16,5,316.8,0.1,Credit Card,Cancelled
4566,392,29,7,2,2024-03-31,3,197.73,0.15,Credit Card,Pending
4567,101,71,2,28,2025-08-18,2,251.36,0.0,Debit Card,Completed
4568,1308,294,14,47,2024-11-07,1,345.43,0.15,PayPal,Completed
4569,1951,19,11,7,2025-08-09,2,332.56,0.0,Credit Card,Completed
4570,497,191,13,30,2023-11-04,5,519.67,0.1,Credit Card,Cancelled
4571,1961,124,2,3,2025-10-15,6,311.92,0.05,PayPal,Completed
4572,1233,81,14,47,2025-06-18,5,379.78,0.05,Gift Card,Returned
4573,504,201,9,25,2023-01-16,6,307.14,0.1,Debit Card,Shipped
4574,1578,197,3,43,2025-04-15,3,82.36,0.0,Cash,Shipped
4575,1631,261,11,12,2025-02-10,3,638.9,0.05,Debit Card,Shipped
4576,318,12,1,50,2025-02-21,5,582.22,0.0,PayPal,Shipped
4577,1658,290,11,12,2023-09-10,5,30.66,0.1,Debit Card,Pending
4578,1727,264,1,36,2023-06-12,1,25.86,0.0,Credit Card,Completed
4579,487,112,9,38,2023-09-03,3,347.45,0.0,Credit Card,Completed
4580,898,211,12,17,2024-05-25,2,199.85,0.0,Credit Card,Cancelled
4581,1171,174,8,24,2023-04-19,3,62.11,0.0,Debit Card,Completed
4582,1692,86,8,19,2023-01-13,2,302.91,0.15,Cash,Shipped
4583,1631,210,13,13,2023-06-27,6,77.07,0.05,Gift Card,Completed
4584,560,30,13,30,2025-11-30,3,544.88,0.2,Gift Card,Completed
4585,493,260,4,26,2023-08-01,2,172.37,0.05,Cash,Completed
4586,1362,151,8,39,2023-06-06,1,61.55,0.0,Gift Card,Pending
4587,359,213,15,15,2024-11-16,1,64.0,0.15,Debit Card,Cancelled
4588,1079,180,6,9,2023-06-21,4,177.87,0.0,Gift Card,Cancelled
4589,1637,61,9,25,2025-04-22,3,172.42,0.2,Gift Card,Shipped
4590,1651,246,7,40,2023-08-06,2,594.34,0.0,Credit Card,Completed
4591,1818,92,13,13,2023-07-26,3,665.8,0.1,Credit Card,Cancelled
4592,1129,189,14,8,2025-12-12,1,399.71,0.2,Credit Card,Completed
4593,94,68,5,23,2024-01-27,6,15.0,0.0,Cash,Completed
4594,1990,204,11,33,2025-11-09,5,12.8,0.2,Credit Card,Shipped
4595,1739,72,9,25,2024-05-11,3,301.36,0.05,Credit Card,Completed
4596,1674,196,7,40,2025-03-20,1,222.19,0.0,Credit Card,Pending
4597,949,271,7,2,2024-07-16,4,316.69,0.1,Credit Card,Pending
4598,1749,102,9,25,2025-12-25,4,455.19,0.15,Credit Card,Pending
4599,26,131,6,9,2025-08-29,2,582.03,0.0,Debit Card,Completed
4600,1929,49,9,25,2024-03-17,1,148.66,0.15,Cash,Completed
4601,638,48,14,8,2024-09-08,6,397.65,0.0,Cash,Completed
4602,634,196,13,42,2025-08-09,5,222.19,0.15,Debit Card,Shipped
4603,1153,212,13,42,2024-03-28,3,26.85,0.1,Credit Card,Completed
4604,1210,232,15,5,2025-05-09,5,316.8,0.15,Debit Card,Completed
4605,15,32,5,23,2024-06-13,1,162.12,0.1,Credit Card,Cancelled
4606,406,23,11,7,2024-03-15,1,298.77,0.05,Gift Card,Returned
4607,9,199,2,45,2023-08-06,4,314.59,0.15,PayPal,Returned
4608,1751,212,12,11,2024-09-28,6,26.85,0.1,Credit Card,Completed
4609,1070,251,15,27,2023-09-17,5,355.21,0.0,PayPal,Completed
4610,1176,202,2,45,2023-10-14,2,211.09,0.2,Cash,Shipped
4611,115,168,15,16,2025-01-27,4,303.92,0.0,Gift Card,Shipped
4612,351,43,13,46,2024-03-31,5,121.68,0.05,Gift Card,Completed
4613,1449,299,3,20,2023-06-02,4,150.33,0.0,PayPal,Shipped
4614,1950,57,11,12,2025-09-04,6,207.9,0.15,Debit Card,Completed
4615,129,225,2,3,2023-04-25,6,131.27,0.2,Gift Card,Returned
4616,498,225,14,47,2023-10-02,1,131.27,0.15,PayPal,Cancelled
4617,1726,178,10,6,2025-11-17,6,41.87,0.15,Cash,Completed
4618,1596,188,8,19,2025-07-24,1,448.74,0.2,Gift Card,Completed
4619,1969,178,6,14,2025-02-25,6,41.87,0.0,Gift Card,Completed
4620,799,215,6,14,2025-07-26,1,108.22,0.0,Credit Card,Pending
4621,288,20,2,3,2025-10-09,1,170.95,0.0,Cash,Completed
4622,1573,291,11,33,2024-01-28,3,9.1,0.1,Gift Card,Returned
4623,1656,96,11,33,2025-04-18,2,595.96,0.0,Debit Card,Cancelled
4624,863,41,6,14,2024-12-16,6,441.65,0.2,Debit Card,Completed
4625,1097,25,6,14,2025-11-22,5,323.92,0.05,Credit Card,Completed
4626,419,144,14,47,2023-10-25,2,296.96,0.1,PayPal,Pending
4627,268,64,6,9,2023-01-07,1,566.62,0.15,Debit Card,Completed
4628,1115,290,15,27,2024-03-20,1,30.66,0.1,Cash,Completed
4629,507,251,1,22,2025-05-10,3,355.21,0.1,PayPal,Shipped
4630,218,156,11,7,2023-03-28,3,64.7,0.05,Credit Card,Cancelled
4631,922,281,3,31,2025-09-27,1,125.56,0.15,PayPal,Completed
4632,293,237,6,9,2023-01-15,3,159.44,0.05,Gift Card,Completed
4633,1593,295,10,4,2023-08-17,5,647.12,0.2,PayPal,Completed
4634,1087,277,7,40,2024-01-20,4,320.72,0.0,PayPal,Returned
4635,163,212,15,18,2024-02-02,4,26.85,0.05,Credit Card,Pending
4636,938,163,8,39,2024-01-15,5,270.34,0.05,Debit Card,Shipped
4637,1276,51,12,11,2025-01-02,3,190.91,0.15,PayPal,Pending
4638,1376,136,9,25,2023-07-17,6,266.29,0.0,Cash,Shipped
4639,1629,228,14,8,2025-08-25,1,247.35,0.0,PayPal,Completed
4640,692,174,13,46,2023-03-25,3,62.11,0.05,Cash,Completed
4641,165,279,5,48,2025-12-27,4,281.48,0.05,Credit Card,Cancelled
4642,1817,294,2,28,2023-08-20,5,345.43,0.0,Credit Card,Pending
4643,1717,42,8,24,2024-09-03,2,483.01,0.0,Debit Card,Completed
4644,1671,276,5,48,2024-09-26,2,394.14,0.1,PayPal,Completed
4645,1917,160,11,7,2023-02-04,3,466.97,0.05,Cash,Completed
4646,896,101,8,39,2025-01-02,4,314.94,0.2,Debit Card,Completed
4647,987,117,7,2,2024-04-21,1,77.12,0.1,Debit Card,Completed
4648,1591,152,5,23,2024-09-26,4,290.47,0.15,Debit Card,Shipped
4649,1711,33,13,30,2023-03-28,5,422.83,0.0,PayPal,Shipped
4650,209,250,7,40,2025-08-01,6,120.54,0.15,Credit Card,Completed
4651,1160,2,13,46,2023-06-05,6,35.98,0.2,Gift Card,Shipped
4652,140,239,8,24,2023-02-09,5,337.62,0.1,Credit Card,Cancelled
4653,442,180,2,3,2025-04-07,6,177.87,0.0,Gift Card,Cancelled
4654,273,36,12,11,2023-04-27,6,480.04,0.15,Debit Card,Completed
4655,710,233,9,25,2024-12-04,1,400.32,0.2,Cash,Completed
4656,151,177,5,23,2025-05-23,4,467.22,0.15,Credit Card,Completed
4657,1490,230,15,16,2023-11-17,4,49.56,0.0,Credit Card,Completed
4658,924,164,3,20,2024-01-02,5,117.71,0.0,Cash,Completed
4659,60,61,4,34,2024-04-09,6,172.42,0.05,Credit Card,Returned
4660,379,3,11,12,2024-03-19,2,507.54,0.15,PayPal,Shipped
4661,1702,73,10,6,2024-04-10,6,68.44,0.05,Cash,Pending
4662,975,139,7,40,2025-02-08,4,334.0,0.2,Debit Card,Cancelled
4663,568,60,14,8,2024-08-24,5,307.03,0.0,Gift Card,Completed
4664,1238,261,11,33,2023-03-14,4,638.9,0.05,Gift Card,Cancelled
4665,896,177,14,47,2025-12-20,6,467.22,0.05,Gift Card,Cancelled
4666,751,45,14,47,2024-01-03,3,107.36,0.0,PayPal,Pending
4667,791,276,4,34,2023-09-18,6,394.14,0.1,Credit Card,Cancelled
4668,296,94,7,40,2025-12-03,2,325.59,0.0,Credit Card,Completed
4669,985,272,9,38,2025-03-16,2,596.66,0.0,Cash,Completed
4670,1848,245,5,48,2025-09-20,4,328.64,0.0,Gift Card,Pending
4671,1197,229,13,30,2023-06-08,1,321.97,0.0,PayPal,Completed
4672,1747,92,9,38,2025-10-15,4,665.8,0.2,Credit Card,Returned
4673,1367,277,14,47,2025-11-01,6,320.72,0.05,Cash,Pending
4674,1949,5,12,10,2024-11-07,1,136.89,0.15,Gift Card,Cancelled
4675,827,90,9,38,2023-10-23,1,483.64,0.05,Cash,Completed
4676,677,48,13,46,2025-12-24,3,397.65,0.2,Cash,Completed
4677,272,33,4,26,2024-08-23,1,422.83,0.15,PayPal,Completed
4678,1262,257,3,43,2025-09-18,5,29.22,0.0,PayPal,Returned
4679,1614,56,7,40,2024-06-03,4,176.55,0.2,Credit Card,Returned
4680,1013,8,13,13,2024-12-17,5,143.64,0.05,Credit Card,Pending
4681,757,85,2,37,2024-01-12,4,347.38,0.0,Debit Card,Completed
4682,1960,192,5,23,2024-11-16,6,29.92,0.15,Gift Card,Cancelled
4683,1979,101,9,38,2024-10-11,1,314.94,0.05,Debit Card,Completed
4684,326,238,1,36,2023-09-12,1,196.9,0.0,PayPal,Completed
4685,294,43,1,22,2024-07-23,5,121.68,0.1,Credit Card,Completed
4686,521,227,12,17,2024-10-07,3,225.3,0.0,Gift Card,Pending
4687,1407,111,4,34,2023-11-03,2,123.3,0.1,Debit Card,Completed
4688,1447,34,3,43,2024-05-08,4,71.12,0.05,PayPal,Shipped
4689,734,263,9,25,2023-01-21,5,47.7,0.0,PayPal,Returned
4690,423,71,9,38,2025-07-17,3,251.36,0.1,Cash,Shipped
4691,972,55,7,2,2024-01-24,4,17.81,0.0,Cash,Completed
4692,804,269,15,16,2024-07-20,3,260.22,0.1,PayPal,Completed
4693,818,15,1,50,2024-08-31,4,454.62,0.1,Credit Card,Completed
4694,302,218,14,47,2024-08-18,4,95.1,0.15,PayPal,Cancelled
4695,1889,290,15,27,2025-10-20,2,30.66,0.0,Cash,Shipped
4696,169,73,7,2,2025-12-21,2,68.44,0.15,PayPal,Completed
4697,627,300,3,31,2024-05-18,6,306.79,0.1,PayPal,Completed
4698,1404,41,9,25,2023-10-21,2,441.65,0.0,Credit Card,Completed
4699,284,260,6,9,2024-12-25,4,172.37,0.1,Credit Card,Shipped
4700,1721,56,6,14,2025-03-05,6,176.55,0.0,Debit Card,Completed
4701,3,276,8,19,2025-07-14,4,394.14,0.05,Credit Card,Cancelled
4702,1538,24,10,4,2024-02-26,2,129.26,0.0,Credit Card,Returned
4703,588,238,8,19,2025-11-09,2,196.9,0.0,Gift Card,Returned
4704,635,217,5,48,2024-07-11,6,80.74,0.0,Credit Card,Completed
4705,288,112,14,8,2024-04-20,5,347.45,0.15,Cash,Cancelled
4706,1465,223,4,34,2025-09-12,2,162.74,0.0,PayPal,Cancelled
4707,159,217,6,9,2024-07-22,3,80.74,0.1,PayPal,Returned
4708,556,106,3,20,2023-07-10,2,127.35,0.15,Debit Card,Completed
4709,1930,257,6,14,2025-10-24,5,29.22,0.1,PayPal,Completed
4710,422,11,3,43,2025-09-04,5,289.37,0.0,Credit Card,Shipped
4711,958,11,3,31,2025-04-24,4,289.37,0.0,Gift Card,Pending
4712,1724,154,14,8,2024-06-03,6,214.32,0.2,Cash,Cancelled
4713,668,225,12,11,2023-05-23,1,131.27,0.0,Cash,Completed
4714,1640,270,13,46,2025-09-23,2,17.58,0.0,Debit Card,Completed
4715,793,152,5,1,2024-10-11,5,290.47,0.15,Debit Card,Returned
4716,1980,219,10,21,2025-12-18,5,243.18,0.0,Credit Card,Completed
4717,30,99,13,49,2024-12-10,3,384.25,0.1,Debit Card,Pending
4718,1396,96,7,2,2025-08-27,3,595.96,0.0,Gift Card,Completed
4719,1241,80,11,7,2025-03-07,3,249.35,0.0,Credit Card,Completed
4720,1126,225,3,20,2023-11-29,5,131.27,0.2,Gift Card,Completed
4721,1999,213,4,34,2024-09-21,5,64.0,0.05,Gift Card,Completed
4722,1689,161,11,33,2023-01-06,6,322.86,0.15,PayPal,Completed
4723,1358,137,14,47,2024-03-27,6,47.19,0.15,Cash,Completed
4724,387,298,7,2,2024-11-13,2,202.95,0.0,Credit Card,Completed
4725,966,3,15,27,2023-04-01,1,507.54,0.0,Debit Card,Completed
4726,736,121,3,20,2023-09-26,6,13.34,0.0,PayPal,Completed
4727,1180,184,10,6,2025-02-24,1,304.08,0.1,Cash,Completed
4728,146,229,7,40,2023-08-27,1,321.97,0.2,Cash,Completed
4729,372,135,8,39,2025-08-11,3,126.8,0.1,Credit Card,Completed
4730,393,291,15,18,2023-04-01,4,9.1,0.05,Credit Card,Cancelled
4731,1055,272,12,11,2025-10-26,3,596.66,0.05,Credit Card,Returned
4732,1942,101,3,31,2023-09-06,4,314.94,0.0,Cash,Completed
4733,1411,157,1,36,2024-11-27,2,110.95,0.0,Credit Card,Pending
4734,1424,179,15,32,2023-11-13,3,63.58,0.0,PayPal,Returned
4735,1594,161,14,47,2025-06-02,3,322.86,0.05,Gift Card,Returned
4736,1584,131,8,24,2025-04-23,5,582.03,0.2,Cash,Completed
4737,1035,157,3,43,2023-01-18,1,110.95,0.0,Credit Card,Completed
4738,539,98,4,34,2025-07-05,5,263.06,0.0,Credit Card,Pending
4739,493,260,1,50,2024-01-01,2,172.37,0.0,Cash,Completed
4740,458,247,14,8,2025-05-25,2,58.54,0.15,Debit Card,Completed
4741,551,169,12,10,2023-04-01,1,446.78,0.0,Credit Card,Shipped
4742,830,189,8,24,2025-08-03,5,399.71,0.05,Credit Card,Returned
4743,74,10,1,22,2024-12-20,1,46.02,0.1,Debit Card,Returned
4744,550,256,11,33,2024-05-03,5,203.89,0.0,Cash,Completed
4745,585,29,9,25,2023-09-20,4,197.73,0.1,Debit Card,Returned
4746,1987,178,2,37,2024-12-19,1,41.87,0.15,PayPal,Completed
4747,1021,174,8,24,2025-08-01,3,62.11,0.0,Credit Card,Completed
4748,1507,283,9,25,2023-10-06,2,84.31,0.05,PayPal,Completed
4749,525,199,5,23,2024-10-16,1,314.59,0.0,PayPal,Completed
4750,1038,188,2,28,2024-09-02,1,448.74,0.1,Debit Card,Shipped
4751,330,207,10,6,2024-07-27,3,245.28,0.05,Credit Card,Completed
4752,512,118,8,24,2025-09-24,6,145.14,0.0,Credit Card,Completed
4753,395,206,7,40,2023-04-01,3,367.62,0.0,Credit Card,Pending
4754,1183,120,3,31,2023-06-11,6,346.06,0.0,Gift Card,Completed
4755,1328,247,3,43,2025-08-16,3,58.54,0.05,Gift Card,Completed
4756,616,60,12,10,2025-11-01,4,307.03,0.0,Gift Card,Cancelled
4757,174,285,7,2,2024-01-18,5,313.87,0.1,Credit Card,Completed
4758,985,161,12,10,2025-10-26,4,322.86,0.0,Cash,Completed
4759,46,300,9,25,2025-10-06,3,306.79,0.0,Gift Card,Completed
4760,1962,135,4,26,2023-10-03,5,126.8,0.15,PayPal,Returned
4761,246,244,2,45,2024-10-16,6,328.77,0.05,Debit Card,Returned
4762,1351,141,5,23,2025-02-21,3,236.86,0.15,Debit Card,Completed
4763,1658,291,1,50,2023-11-10,3,9.1,0.1,Credit Card,Completed
4764,1638,180,1,36,2025-12-28,6,177.87,0.15,Cash,Pending
4765,521,149,7,2,2023-07-18,6,431.72,0.2,PayPal,Completed
4766,1727,120,9,38,2024-08-17,5,346.06,0.1,Credit Card,Completed
4767,1708,96,15,27,2025-06-21,6,595.96,0.0,Gift Card,Pending
4768,591,25,9,25,2025-10-14,5,323.92,0.2,Debit Card,Completed
4769,1923,286,9,25,2023-07-02,4,217.06,0.15,Credit Card,Pending
4770,926,49,15,18,2023-09-02,1,148.66,0.0,Credit Card,Shipped
4771,1975,252,3,20,2024-03-24,4,163.4,0.0,Cash,Pending
4772,1551,134,6,14,2023-08-05,4,170.45,0.15,PayPal,Completed
4773,1083,3,5,48,2023-02-06,1,507.54,0.0,Credit Card,Completed
4774,121,87,4,26,2023-08-29,3,321.84,0.2,Cash,Completed
4775,164,48,15,5,2024-05-21,6,397.65,0.1,Credit Card,Completed
4776,1189,77,6,9,2025-08-12,4,442.92,0.0,Cash,Shipped
4777,919,216,4,35,2024-08-14,3,91.49,0.05,PayPal,Completed
4778,1807,159,12,17,2025-05-23,5,323.53,0.1,Cash,Completed
4779,1302,280,15,32,2024-02-06,2,59.78,0.05,PayPal,Cancelled
4780,634,250,13,46,2023-04-02,6,120.54,0.1,Cash,Completed
4781,1520,61,9,38,2024-01-15,6,172.42,0.15,PayPal,Completed
4782,457,268,13,30,2023-09-26,6,252.86,0.05,Gift Card,Cancelled
4783,1096,298,2,45,2025-02-14,5,202.95,0.0,Gift Card,Completed
4784,1400,298,7,40,2023-08-31,4,202.95,0.15,Gift Card,Completed
4785,1381,14,14,47,2025-10-25,6,379.66,0.05,Cash,Returned
4786,1898,276,8,24,2025-05-18,3,394.14,0.2,Gift Card,Pending
4787,1230,238,11,12,2025-10-01,4,196.9,0.05,PayPal,Completed
4788,1849,237,1,22,2024-10-13,1,159.44,0.15,PayPal,Returned
4789,1343,128,3,20,2025-08-30,2,257.64,0.2,PayPal,Completed
4790,958,145,4,34,2023-07-11,6,328.64,0.15,Gift Card,Completed
4791,1025,208,8,39,2024-11-22,4,146.45,0.0,Cash,Cancelled
4792,7,185,14,47,2023-11-15,4,357.71,0.0,Credit Card,Completed
4793,7,171,4,26,2025-11-18,6,293.86,0.1,PayPal,Completed
4794,337,81,9,25,2024-12-10,4,379.78,0.05,Credit Card,Completed
4795,1021,17,9,25,2025-06-17,5,307.03,0.15,PayPal,Completed
4796,855,66,13,13,2024-01-21,6,330.95,0.15,Cash,Completed
4797,461,157,12,11,2024-08-24,5,110.95,0.0,Cash,Pending
4798,931,2,15,44,2024-08-07,5,35.98,0.15,Gift Card,Returned
4799,1441,226,2,3,2023-11-21,5,522.95,0.15,PayPal,Cancelled
4800,525,104,7,2,2025-05-15,3,61.42,0.2,PayPal,Completed
4801,856,73,5,1,2025-03-13,4,68.44,0.0,Credit Card,Shipped
4802,336,287,9,38,2025-10-05,1,173.87,0.0,Debit Card,Completed
4803,763,204,14,8,2025-05-18,4,21.75,0.15,PayPal,Completed
4804,952,57,8,19,2023-01-15,3,207.9,0.2,PayPal,Cancelled
4805,1468,24,10,6,2025-09-02,1,129.26,0.1,Debit Card,Completed
4806,497,54,3,20,2025-03-25,1,43.29,0.0,Debit Card,Completed
4807,789,56,15,16,2023-07-04,4,176.55,0.0,Credit Card,Shipped
4808,526,46,8,39,2024-07-25,4,393.27,0.2,Cash,Cancelled
4809,176,94,5,23,2024-05-21,2,325.59,0.0,PayPal,Cancelled
4810,1626,155,2,45,2023-06-28,3,232.62,0.15,Gift Card,Returned
4811,1414,101,4,26,2025-02-21,2,314.94,0.0,Cash,Returned
4812,682,10,9,38,2023-04-22,4,46.02,0.0,Debit Card,Shipped
4813,1842,163,6,9,2023-01-03,1,270.34,0.1,Gift Card,Completed
4814,815,133,6,9,2025-08-02,1,321.54,0.2,Gift Card,Returned
4815,1729,246,10,29,2025-09-21,5,594.34,0.15,Debit Card,Completed
4816,633,176,5,1,2023-11-03,3,171.51,0.1,Cash,Returned
4817,133,162,13,49,2024-03-18,3,532.97,0.0,Cash,Completed
4818,1506,39,4,34,2025-12-02,4,340.31,0.0,PayPal,Completed
4819,1305,207,12,11,2025-01-15,1,245.28,0.2,Debit Card,Completed
4820,176,26,15,18,2023-03-12,3,68.26,0.1,Debit Card,Completed
4821,1542,121,7,40,2025-11-23,4,13.34,0.15,PayPal,Completed
4822,1180,82,9,25,2023-02-05,3,166.87,0.0,Gift Card,Completed
4823,490,291,14,8,2023-11-07,4,9.1,0.0,PayPal,Cancelled
4824,1785,283,4,26,2025-05-27,3,84.31,0.05,Credit Card,Completed
4825,346,151,12,17,2023-08-10,2,61.55,0.1,Credit Card,Completed
4826,876,89,15,5,2024-05-04,5,248.83,0.0,PayPal,Completed
4827,746,60,3,31,2025-04-28,4,307.03,0.1,Gift Card,Completed
4828,251,294,8,24,2025-06-13,1,345.43,0.05,Credit Card,Completed
4829,1256,77,8,19,2024-04-30,2,442.92,0.15,PayPal,Cancelled
4830,1499,108,2,28,2025-01-10,2,603.53,0.0,Debit Card,Cancelled
4831,344,279,6,14,2025-07-31,6,281.48,0.0,Cash,Shipped
4832,46,140,12,17,2023-02-27,5,257.08,0.0,Cash,Completed
4833,1363,255,13,46,2023-07-04,4,118.85,0.1,PayPal,Completed
4834,1103,89,11,33,2023-06-08,5,248.83,0.15,Cash,Completed
4835,1122,83,5,23,2023-07-18,4,347.94,0.0,Debit Card,Returned
4836,9,109,10,29,2025-12-07,6,33.31,0.0,Debit Card,Pending
4837,333,112,3,43,2023-10-12,2,347.45,0.0,Gift Card,Completed
4838,1784,285,4,34,2024-03-15,4,313.87,0.1,Debit Card,Completed
4839,214,151,6,14,2024-12-02,5,61.55,0.2,PayPal,Pending
4840,712,4,5,23,2024-07-22,3,355.19,0.05,Credit Card,Shipped
4841,640,110,8,24,2024-07-13,3,570.1,0.0,Cash,Completed
4842,614,18,8,39,2025-03-02,6,383.42,0.0,Cash,Completed
4843,1186,127,4,26,2023-09-20,3,90.5,0.0,PayPal,Shipped
4844,569,192,13,30,2023-09-01,5,29.92,0.1,Cash,Cancelled
4845,1544,282,15,5,2025-07-09,4,461.23,0.0,Gift Card,Shipped
4846,1114,62,3,43,2024-10-21,6,539.25,0.05,Gift Card,Completed
4847,710,1,7,2,2023-08-01,6,31.01,0.05,Debit Card,Completed
4848,400,230,1,41,2025-06-27,1,49.56,0.0,PayPal,Shipped
4849,338,145,15,18,2025-11-26,2,328.64,0.05,Cash,Completed
4850,1785,122,3,43,2023-01-12,3,203.86,0.2,PayPal,Returned
4851,106,287,3,43,2023-04-07,5,173.87,0.0,Gift Card,Completed
4852,1749,3,11,33,2025-10-24,5,507.54,0.0,Credit Card,Completed
4853,730,91,10,6,2023-08-24,1,406.77,0.15,Debit Card,Shipped
4854,708,133,4,35,2025-10-02,5,321.54,0.0,Credit Card,Completed
4855,1004,298,12,10,2023-09-25,5,202.95,0.2,Debit Card,Completed
4856,47,8,6,9,2023-12-10,5,143.64,0.1,Cash,Completed
4857,1172,293,14,47,2025-11-15,2,54.25,0.0,Debit Card,Shipped
4858,1618,18,3,31,2024-04-20,2,383.42,0.2,Cash,Completed
4859,1753,240,1,22,2025-08-27,6,196.7,0.0,Debit Card,Completed
4860,214,252,8,39,2023-08-05,3,163.4,0.0,PayPal,Returned
4861,602,196,6,9,2023-01-28,5,222.19,0.1,PayPal,Cancelled
4862,103,278,3,43,2024-10-30,1,98.31,0.0,Debit Card,Completed
4863,1762,262,3,43,2025-05-03,4,392.06,0.0,PayPal,Completed
4864,1980,149,10,29,2024-07-28,1,431.72,0.0,Credit Card,Pending
4865,481,208,6,9,2024-08-28,5,146.45,0.15,Debit Card,Pending
4866,1428,177,8,19,2023-02-13,1,467.22,0.0,PayPal,Cancelled
4867,1037,143,10,29,2025-12-03,3,511.76,0.2,Debit Card,Completed
4868,1108,219,10,29,2025-10-01,1,243.18,0.0,Debit Card,Shipped
4869,1413,174,13,49,2024-10-25,4,62.11,0.0,Gift Card,Shipped
4870,1018,27,11,33,2023-04-02,4,565.88,0.0,Credit Card,Completed
4871,387,113,4,34,2025-04-02,2,438.2,0.0,Credit Card,Completed
4872,368,104,11,12,2024-06-28,1,61.42,0.0,Cash,Completed
4873,862,127,6,14,2023-08-14,6,90.5,0.15,Debit Card,Shipped
4874,116,193,9,38,2023-08-14,1,248.63,0.0,Debit Card,Shipped
4875,231,268,14,8,2025-10-21,5,252.86,0.2,PayPal,Cancelled
4876,1453,59,5,48,2023-10-30,6,239.55,0.15,Cash,Returned
4877,688,61,11,33,2025-09-01,2,172.42,0.0,Gift Card,Returned
4878,1124,62,7,40,2024-07-24,2,539.25,0.0,Gift Card,Completed
4879,48,1,15,16,2023-07-10,5,31.01,0.1,Credit Card,Completed
4880,10,210,14,8,2024-05-22,5,77.07,0.0,Cash,Completed
4881,482,82,14,47,2025-02-26,3,166.87,0.2,PayPal,Shipped
4882,165,264,14,47,2025-10-23,1,25.86,0.15,PayPal,Pending
4883,677,167,11,33,2023-05-14,4,87.74,0.1,Cash,Completed
4884,821,297,5,1,2023-03-25,6,334.26,0.0,Cash,Shipped
4885,1094,105,10,21,2023-02-28,3,500.45,0.1,Credit Card,Shipped
4886,1246,36,9,25,2023-03-10,1,480.04,0.05,Gift Card,Cancelled
4887,1235,275,10,4,2024-03-18,2,255.49,0.0,Gift Card,Completed
4888,1965,87,8,39,2025-03-08,4,321.84,0.0,Debit Card,Completed
4889,916,178,12,10,2023-01-06,3,41.87,0.1,Gift Card,Completed
4890,1057,60,5,1,2023-05-04,4,307.03,0.05,Credit Card,Completed
4891,905,193,10,4,2025-01-26,1,248.63,0.0,PayPal,Cancelled
4892,1107,196,3,20,2024-11-03,4,222.19,0.0,Cash,Shipped
4893,1460,273,12,11,2024-02-05,5,265.88,0.0,PayPal,Completed
4894,789,171,6,14,2024-06-08,5,293.86,0.0,Gift Card,Shipped
4895,1625,76,9,25,2025-04-20,5,46.89,0.1,Credit Card,Completed
4896,1890,286,8,39,2025-02-08,6,217.06,0.15,Debit Card,Completed
4897,1226,238,1,22,2023-03-23,6,196.9,0.2,Credit Card,Completed
4898,1591,269,8,39,2023-09-05,4,260.22,0.15,Debit Card,Returned
4899,354,168,4,35,2024-11-17,5,303.92,0.0,PayPal,Completed
4900,339,226,11,7,2025-08-06,4,522.95,0.0,Credit Card,Cancelled
4901,922,258,9,25,2024-06-28,3,270.37,0.0,Gift Card,Shipped
4902,1604,10,8,24,2023-05-06,3,46.02,0.2,Cash,Completed
4903,1806,211,10,29,2024-10-08,4,199.85,0.0,Cash,Completed
4904,1792,180,5,23,2024-09-09,4,177.87,0.1,Credit Card,Cancelled
4905,131,131,10,29,2023-02-06,1,582.03,0.2,Credit Card,Shipped
4906,1960,11,12,17,2024-11-16,6,289.37,0.0,PayPal,Shipped
4907,1330,192,7,2,2023-10-24,1,29.92,0.05,Debit Card,Cancelled
4908,1673,112,9,38,2023-04-09,4,347.45,0.05,Gift Card,Returned
4909,1437,78,8,24,2024-06-09,6,176.26,0.0,Credit Card,Completed
4910,213,165,14,8,2025-09-11,5,216.64,0.1,Credit Card,Pending
4911,1605,286,7,40,2023-05-15,1,217.06,0.0,Cash,Shipped
4912,1630,243,13,13,2025-06-15,5,523.63,0.0,Debit Card,Returned
4913,1384,216,6,9,2025-11-13,1,91.49,0.1,Debit Card,Completed
4914,1565,215,8,19,2025-04-30,2,108.22,0.0,Cash,Completed
4915,3,44,3,31,2025-08-02,6,317.68,0.05,Gift Card,Completed
4916,1035,35,6,14,2024-02-22,2,53.95,0.2,Credit Card,Returned
4917,1343,134,4,34,2023-10-07,4,170.45,0.2,Credit Card,Completed
4918,263,110,11,33,2024-02-19,6,570.1,0.2,Credit Card,Completed
4919,665,115,1,36,2023-03-30,3,295.79,0.2,Gift Card,Returned
4920,35,233,12,11,2023-07-12,5,400.32,0.2,Debit Card,Cancelled
4921,1557,40,4,26,2024-11-27,6,408.98,0.1,Cash,Completed
4922,364,285,14,47,2025-08-01,3,313.87,0.0,PayPal,Completed
4923,1913,122,5,48,2024-05-01,4,203.86,0.0,Credit Card,Completed
4924,1681,213,6,9,2024-06-02,3,64.0,0.1,Credit Card,Pending
4925,398,108,7,40,2023-04-07,2,603.53,0.0,Credit Card,Completed
4926,956,2,7,2,2023-07-15,5,35.98,0.0,Cash,Completed
4927,539,45,6,14,2023-10-02,3,107.36,0.0,Credit Card,Completed
4928,1972,100,9,25,2024-08-17,1,447.11,0.2,Gift Card,Completed
4929,1215,156,10,4,2024-06-29,6,64.7,0.15,Cash,Cancelled
4930,1834,224,15,18,2025-03-06,5,190.7,0.2,Debit Card,Returned
4931,842,232,6,9,2023-07-31,1,316.8,0.05,Debit Card,Completed
4932,625,188,1,36,2025-09-09,6,448.74,0.0,Gift Card,Completed
4933,706,89,6,14,2024-03-02,1,248.83,0.0,Debit Card,Completed
4934,265,119,5,1,2025-07-10,1,63.82,0.05,Cash,Returned
4935,1356,99,4,26,2024-12-29,5,384.25,0.1,Debit Card,Pending
4936,136,36,15,5,2024-10-10,2,480.04,0.1,Gift Card,Completed
4937,1718,297,13,13,2024-03-10,6,334.26,0.0,Gift Card,Returned
4938,258,25,7,40,2023-08-27,6,323.92,0.2,Gift Card,Completed
4939,1710,126,15,44,2023-06-03,1,333.86,0.0,PayPal,Completed
4940,64,135,14,8,2025-03-14,1,126.8,0.0,Debit Card,Cancelled
4941,638,300,11,7,2024-11-28,4,306.79,0.1,Cash,Returned
4942,411,281,2,3,2025-01-03,2,125.56,0.05,Debit Card,Completed
4943,1596,272,8,39,2024-04-16,5,596.66,0.0,Debit Card,Completed
4944,372,158,6,9,2024-07-02,5,324.07,0.1,Gift Card,Completed
4945,1226,224,13,46,2024-12-31,4,190.7,0.0,Debit Card,Shipped
4946,1972,85,10,21,2023-07-24,3,347.38,0.05,Credit Card,Completed
4947,1580,152,3,43,2024-12-02,3,290.47,0.05,PayPal,Shipped
4948,1988,34,12,17,2023-06-06,4,71.12,0.0,Gift Card,Shipped
4949,1143,81,9,25,2023-10-24,2,379.78,0.0,Cash,Shipped
4950,1635,149,11,33,2024-07-24,4,431.72,0.2,PayPal,Shipped
4951,728,203,5,48,2024-09-27,3,511.82,0.0,Cash,Completed
4952,1289,189,3,20,2025-08-07,2,399.71,0.1,Cash,Completed
4953,1471,29,3,31,2025-09-09,1,197.73,0.0,PayPal,Completed
4954,480,274,2,37,2023-09-23,4,57.88,0.05,Gift Card,Shipped
4955,434,181,2,28,2024-10-22,3,334.11,0.0,Cash,Completed
4956,1594,58,12,17,2024-03-01,4,76.76,0.0,Gift Card,Completed
4957,904,112,13,46,2023-05-04,5,347.45,0.15,PayPal,Pending
4958,1747,110,1,36,2024-06-06,4,570.1,0.1,Debit Card,Returned
4959,704,109,1,50,2023-08-26,5,33.31,0.0,PayPal,Completed
4960,1059,289,15,15,2023-06-21,5,246.14,0.2,Cash,Completed
4961,484,257,1,50,2024-09-13,5,29.22,0.15,Cash,Cancelled
4962,76,201,1,41,2025-11-09,1,307.14,0.15,Cash,Completed
4963,944,258,7,2,2024-11-14,6,270.37,0.05,Credit Card,Completed
4964,1544,202,8,39,2023-11-28,6,211.09,0.0,Debit Card,Shipped
4965,1963,157,14,8,2024-07-05,3,110.95,0.05,Credit Card,Cancelled
4966,1214,232,12,11,2024-12-03,1,316.8,0.0,Cash,Shipped
4967,500,279,7,2,2024-06-19,3,281.48,0.0,Cash,Shipped
4968,183,65,13,13,2023-10-19,2,543.26,0.0,PayPal,Shipped
4969,162,66,2,28,2023-04-20,3,330.95,0.1,Credit Card,Completed
4970,49,290,9,25,2023-11-08,2,30.66,0.0,Debit Card,Completed
4971,1797,36,12,11,2025-10-20,4,480.04,0.05,Credit Card,Pending
4972,1784,272,14,47,2024-02-17,6,596.66,0.1,PayPal,Completed
4973,1449,210,3,31,2025-07-07,3,77.07,0.0,Credit Card,Completed
4974,999,114,10,29,2024-11-02,3,356.17,0.1,Debit Card,Returned
4975,1211,10,6,14,2023-08-25,2,46.02,0.0,Cash,Completed
4976,107,61,6,9,2023-11-28,3,172.42,0.15,Gift Card,Completed
4977,797,220,12,11,2024-03-31,4,357.02,0.0,Gift Card,Returned
4978,1876,223,11,12,2024-09-03,3,162.74,0.0,Credit Card,Completed
4979,360,94,5,48,2023-09-02,1,325.59,0.1,Cash,Shipped
4980,370,10,13,46,2024-12-11,2,46.02,0.0,Gift Card,Completed
4981,1720,167,13,49,2024-12-21,2,87.74,0.05,Cash,Shipped
4982,1981,268,1,41,2024-03-03,6,252.86,0.05,Gift Card,Completed
4983,1148,258,3,20,2024-07-31,5,270.37,0.1,PayPal,Completed
4984,1693,273,3,43,2025-04-12,4,265.88,0.1,Credit Card,Completed
4985,1296,175,1,50,2024-01-04,5,86.78,0.0,Cash,Shipped
4986,66,161,12,10,2023-12-24,6,322.86,0.05,Cash,Completed
4987,886,120,14,8,2025-06-30,1,346.06,0.05,Gift Card,Completed
4988,1445,72,15,16,2023-03-01,1,301.36,0.2,Credit Card,Cancelled
4989,1271,151,3,43,2023-01-10,4,61.55,0.1,PayPal,Completed
4990,971,288,15,18,2025-11-15,1,367.22,0.0,PayPal,Cancelled
4991,1582,13,2,37,2025-01-04,3,127.76,0.0,PayPal,Shipped
4992,1071,145,13,46,2023-04-01,3,328.64,0.0,Gift Card,Shipped
4993,13,263,2,37,2025-11-27,5,47.7,0.2,Credit Card,Cancelled
4994,1250,83,6,14,2023-10-02,5,347.94,0.0,Gift Card,Completed
4995,70,33,11,33,2025-03-26,5,422.83,0.1,Credit Card,Shipped
4996,979,207,5,48,2024-04-27,2,245.28,0.0,Gift Card,Shipped
4997,205,157,13,49,2023-07-29,3,110.95,0.15,PayPal,Completed
4998,957,195,5,1,2025-10-01,4,165.25,0.0,Gift Card,Completed
4999,1595,228,6,9,2024-07-27,4,247.35,0.15,Gift Card,Returned
5000,1695,215,9,38,2024-02-26,6,108.22,0.05,Gift Card,Completed
5001,814,35,5,1,2023-08-21,1,53.95,0.05,PayPal,Cancelled
5002,1800,71,13,42,2024-09-28,1,251.36,0.05,Gift Card,Completed
5003,617,252,9,38,2023-12-02,6,163.4,0.0,Debit Card,Shipped
5004,180,6,3,31,2023-09-09,1,628.51,0.0,PayPal,Completed
5005,1421,61,9,25,2024-07-02,5,172.42,0.15,Cash,Completed
5006,174,46,2,3,2023-09-22,1,393.27,0.2,Gift Card,Completed
5007,958,133,13,42,2023-07-10,3,321.54,0.15,PayPal,Pending
5008,1205,141,7,2,2023-09-23,2,236.86,0.2,Debit Card,Completed
5009,354,132,12,10,2024-10-21,6,127.63,0.1,Cash,Completed
5010,1536,5,14,47,2025-11-08,6,136.89,0.05,PayPal,Completed
5011,1060,186,3,31,2025-07-07,3,39.01,0.15,Gift Card,Completed
5012,336,169,12,11,2024-07-16,2,446.78,0.15,Gift Card,Shipped
5013,791,56,1,36,2024-10-14,6,176.55,0.0,Gift Card,Returned
5014,1888,1,7,2,2025-09-17,6,31.01,0.0,Debit Card,Pending
5015,1436,60,3,20,2025-12-07,1,307.03,0.1,Debit Card,Returned
5016,1547,142,4,34,2024-12-18,4,306.71,0.0,PayPal,Completed
5017,1831,11,3,43,2024-02-16,5,289.37,0.15,Gift Card,Cancelled
5018,1028,24,12,17,2023-10-11,5,129.26,0.0,Credit Card,Shipped
5019,924,265,15,15,2024-02-14,4,348.49,0.15,Gift Card,Completed
5020,1266,152,9,38,2023-08-11,6,290.47,0.15,Gift Card,Shipped
5021,541,147,10,4,2025-07-22,3,433.97,0.0,Debit Card,Cancelled
5022,1297,86,15,18,2025-03-31,6,302.91,0.0,Credit Card,Returned
5023,1578,67,15,27,2024-05-25,6,138.29,0.1,Credit Card,Completed
5024,29,89,11,7,2025-08-25,5,248.83,0.0,Gift Card,Returned
5025,285,138,12,17,2025-05-14,3,102.03,0.15,Debit Card,Cancelled
5026,306,93,1,36,2023-12-15,5,380.69,0.1,Gift Card,Completed
5027,420,164,10,4,2024-03-20,2,117.71,0.15,Debit Card,Completed
5028,295,116,3,31,2024-09-16,3,365.71,0.0,Credit Card,Shipped
5029,1805,201,15,44,2023-04-29,5,307.14,0.0,Cash,Completed
5030,1197,139,13,49,2023-12-08,2,334.0,0.0,Debit Card,Completed
5031,1924,155,3,43,2025-05-20,4,232.62,0.0,Credit Card,Pending
5032,1569,261,1,22,2025-03-30,2,638.9,0.0,Debit Card,Completed
5033,914,163,11,7,2024-01-01,1,270.34,0.2,Cash,Shipped
5034,1691,155,11,12,2024-06-11,4,232.62,0.0,Gift Card,Completed
5035,1789,136,1,22,2025-11-22,6,266.29,0.15,Cash,Pending
5036,339,90,13,42,2024-12-03,4,483.64,0.0,Debit Card,Completed
5037,1055,187,8,24,2023-04-17,5,226.55,0.0,Cash,Pending
5038,298,26,14,8,2023-04-17,4,68.26,0.15,PayPal,Completed
5039,1309,233,4,26,2025-09-25,2,400.32,0.05,Gift Card,Returned
5040,1955,260,13,42,2024-12-29,4,172.37,0.05,Cash,Completed
5041,464,120,8,19,2024-11-11,5,346.06,0.0,PayPal,Pending
5042,506,274,1,36,2024-08-19,6,57.88,0.0,Gift Card,Cancelled
5043,1391,235,10,21,2025-02-16,1,265.0,0.1,Gift Card,Completed
5044,246,79,12,17,2023-03-31,4,143.89,0.1,Debit Card,Returned
5045,74,295,5,48,2024-12-24,3,647.12,0.15,Gift Card,Completed
5046,238,231,6,14,2024-05-17,4,52.2,0.0,Credit Card,Completed
5047,1420,12,8,39,2023-05-11,1,582.22,0.05,Cash,Cancelled
5048,932,236,6,14,2024-08-25,4,209.86,0.0,Credit Card,Cancelled
5049,929,156,1,50,2024-08-31,3,64.7,0.15,Gift Card,Completed
5050,1000,252,2,45,2025-11-29,6,163.4,0.15,Debit Card,Completed
5051,587,295,1,36,2023-10-05,2,647.12,0.15,Credit Card,Completed
5052,460,155,9,25,2023-09-05,5,232.62,0.05,Cash,Completed
5053,1618,10,12,11,2024-02-06,5,46.02,0.15,Credit Card,Completed
5054,1044,6,13,30,2024-01-25,3,628.51,0.0,Credit Card,Completed
5055,904,113,14,8,2023-08-12,2,438.2,0.15,Credit Card,Cancelled
5056,1129,264,13,42,2023-08-10,5,25.86,0.1,Cash,Pending
5057,468,71,10,29,2023-12-30,2,251.36,0.2,PayPal,Pending
5058,1858,268,1,36,2024-04-26,6,252.86,0.15,Debit Card,Returned
5059,1289,20,14,8,2025-05-09,2,170.95,0.0,Gift Card,Shipped
5060,1151,213,14,47,2024-02-07,1,64.0,0.2,PayPal,Completed
5061,1186,35,2,45,2024-06-11,5,53.95,0.05,Credit Card,Pending
5062,778,276,8,39,2025-04-13,3,394.14,0.0,PayPal,Shipped
5063,1118,180,2,3,2023-06-17,1,177.87,0.0,Cash,Cancelled
5064,902,90,11,7,2024-10-23,3,483.64,0.05,Credit Card,Completed
5065,1033,24,12,10,2025-12-12,3,129.26,0.1,Debit Card,Shipped
5066,34,68,14,8,2023-11-27,4,15.0,0.2,Gift Card,Completed
5067,325,59,12,11,2024-12-05,2,239.55,0.05,Debit Card,Completed
5068,1436,137,2,3,2024-03-29,3,47.19,0.0,Gift Card,Returned
5069,1111,82,14,8,2025-05-05,4,166.87,0.05,PayPal,Cancelled
5070,953,226,8,19,2025-08-12,1,522.95,0.15,Gift Card,Shipped
5071,387,155,1,41,2025-03-18,6,232.62,0.0,Cash,Pending
5072,1540,32,15,44,2025-02-19,5,162.12,0.0,PayPal,Shipped
5073,193,219,7,40,2024-08-17,4,243.18,0.2,PayPal,Completed
5074,192,255,3,43,2025-09-10,2,118.85,0.05,Cash,Completed
5075,5,279,4,35,2023-05-12,1,281.48,0.2,Credit Card,Completed
5076,1741,242,1,50,2024-04-29,1,378.8,0.2,Gift Card,Completed
5077,1310,129,4,34,2023-05-25,5,267.03,0.1,Credit Card,Pending
5078,381,163,4,26,2023-04-26,6,270.34,0.1,PayPal,Completed
5079,1280,77,4,26,2023-11-26,3,442.92,0.15,Cash,Shipped
5080,1421,180,5,48,2024-08-03,3,177.87,0.05,Gift Card,Completed
5081,1453,90,9,38,2024-08-17,3,483.64,0.2,Gift Card,Pending
5082,156,234,15,44,2024-09-30,1,314.58,0.05,PayPal,Returned
5083,1165,296,7,40,2024-06-18,2,81.85,0.2,Gift Card,Completed
5084,968,220,2,28,2025-12-25,2,357.02,0.05,Credit Card,Returned
5085,650,105,14,8,2023-03-02,5,500.45,0.05,PayPal,Pending
5086,363,257,1,22,2023-06-07,2,29.22,0.0,Gift Card,Completed
5087,1635,285,4,34,2023-08-17,3,313.87,0.05,Credit Card,Pending
5088,1967,200,1,36,2023-12-17,3,214.09,0.2,PayPal,Completed
5089,650,215,4,26,2023-09-25,5,108.22,0.2,Cash,Shipped
5090,1378,94,4,34,2024-01-12,5,325.59,0.0,Credit Card,Completed
5091,727,68,14,8,2023-04-30,1,15.0,0.0,Debit Card,Completed
5092,1108,81,1,22,2025-10-21,6,379.78,0.0,Cash,Completed
5093,814,215,8,39,2025-06-01,6,108.22,0.05,Credit Card,Completed
5094,1004,87,4,26,2024-06-29,1,321.84,0.1,Gift Card,Completed
5095,437,250,6,9,2025-05-01,6,120.54,0.1,PayPal,Shipped
5096,1509,53,2,37,2025-02-18,4,459.8,0.1,PayPal,Completed
5097,140,79,5,23,2023-01-06,5,143.89,0.15,PayPal,Shipped
5098,718,128,12,11,2025-11-16,5,257.64,0.0,Cash,Completed
5099,1106,149,15,18,2024-12-11,5,431.72,0.2,Cash,Completed
5100,97,237,1,22,2025-01-14,2,159.44,0.1,PayPal,Pending
5101,338,72,10,29,2024-11-26,6,301.36,0.15,Credit Card,Cancelled
5102,689,128,3,20,2023-08-29,6,257.64,0.0,Gift Card,Completed
5103,552,147,3,31,2025-01-19,3,433.97,0.15,Debit Card,Completed
5104,928,296,11,7,2024-10-11,5,81.85,0.0,Cash,Cancelled
5105,962,226,13,46,2023-11-01,4,522.95,0.05,PayPal,Pending
5106,23,228,4,35,2024-10-16,1,247.35,0.05,PayPal,Completed
5107,873,93,1,50,2025-04-08,4,380.69,0.1,Credit Card,Shipped
5108,941,107,10,4,2025-08-13,6,247.26,0.0,PayPal,Completed
5109,1024,200,12,10,2024-07-15,5,214.09,0.0,Gift Card,Completed
5110,1300,183,2,37,2024-09-13,3,70.12,0.0,PayPal,Completed
5111,784,171,2,37,2023-02-09,6,293.86,0.2,PayPal,Cancelled
5112,616,37,5,48,2024-07-09,5,91.98,0.0,PayPal,Completed
5113,1461,206,4,34,2023-03-11,6,367.62,0.0,PayPal,Completed
5114,1849,33,4,34,2023-06-17,6,422.83,0.05,PayPal,Shipped
5115,388,213,11,12,2024-05-11,5,64.0,0.15,Cash,Completed
5116,803,18,9,38,2025-08-29,1,383.42,0.15,Debit Card,Shipped
5117,998,192,6,9,2024-01-28,1,29.92,0.05,Gift Card,Completed
5118,135,18,15,44,2024-06-22,3,383.42,0.05,Credit Card,Completed
5119,916,204,13,42,2023-08-01,2,90.15,0.0,Cash,Pending
5120,399,243,6,14,2025-09-03,5,523.63,0.1,Gift Card,Completed
5121,1055,23,12,11,2025-04-08,3,298.77,0.0,PayPal,Completed
5122,586,156,9,38,2025-08-30,2,64.7,0.2,Credit Card,Completed
5123,927,261,8,39,2024-10-23,3,638.9,0.0,Cash,Pending
5124,1892,237,15,18,2023-02-17,4,159.44,0.0,Cash,Cancelled
5125,640,277,9,25,2025-02-03,4,320.72,0.0,Debit Card,Completed
5126,1446,187,14,47,2024-09-23,1,226.55,0.0,Gift Card,Cancelled
5127,969,233,6,9,2023-04-15,1,400.32,0.15,Gift Card,Cancelled
5128,822,290,3,31,2023-06-16,5,30.66,0.0,Debit Card,Cancelled
5129,307,14,8,39,2023-04-03,5,379.66,0.0,Gift Card,Shipped
5130,866,143,4,26,2025-04-17,1,511.76,0.05,Cash,Returned
5131,1766,83,10,6,2024-05-03,4,347.94,0.0,PayPal,Cancelled
5132,1067,104,4,35,2024-04-05,2,61.42,0.15,Cash,Completed
5133,1333,80,10,6,2025-01-02,3,249.35,0.1,PayPal,Cancelled
5134,1028,90,11,7,2023-01-17,4,483.64,0.05,Cash,Returned
5135,1024,230,4,34,2023-06-29,1,49.56,0.1,Credit Card,Completed
5136,1911,43,3,43,2023-01-01,1,121.68,0.0,Debit Card,Completed
5137,818,210,12,11,2023-07-04,4,77.07,0.1,PayPal,Completed
5138,1690,208,12,17,2024-06-09,3,146.45,0.15,Gift Card,Completed
5139,1423,249,3,31,2025-04-27,3,471.0,0.0,PayPal,Completed
5140,1913,83,13,42,2024-12-26,1,347.94,0.0,PayPal,Completed
5141,1960,104,2,37,2025-01-24,2,61.42,0.05,PayPal,Cancelled
5142,2000,247,15,15,2023-05-30,5,58.54,0.05,Gift Card,Returned
5143,770,86,15,5,2024-08-14,2,302.91,0.1,Debit Card,Completed
5144,225,25,9,25,2025-08-29,6,323.92,0.0,Gift Card,Completed
5145,632,203,8,24,2023-02-10,5,511.82,0.0,PayPal,Shipped
5146,544,295,15,18,2023-08-28,4,647.12,0.15,Credit Card,Cancelled
5147,1555,104,8,39,2023-07-14,2,61.42,0.0,Credit Card,Completed
5148,1749,116,14,47,2024-07-12,5,365.71,0.05,Debit Card,Returned
5149,588,37,2,45,2023-03-03,6,91.98,0.0,Cash,Pending
5150,219,195,2,37,2024-07-27,5,165.25,0.15,Gift Card,Returned
5151,1882,98,9,25,2025-07-18,6,263.06,0.2,Debit Card,Completed
5152,806,17,8,39,2023-11-23,3,307.03,0.15,Debit Card,Returned
5153,751,183,15,16,2023-02-04,1,70.12,0.0,PayPal,Completed
5154,1657,42,11,33,2024-06-21,6,483.01,0.1,Debit Card,Cancelled
5155,1813,173,6,9,2025-01-18,2,159.58,0.0,PayPal,Completed
5156,557,292,7,40,2025-09-26,1,398.38,0.0,Cash,Shipped
5157,533,161,6,9,2023-10-30,1,322.86,0.0,Credit Card,Completed
5158,1033,280,11,7,2025-09-02,1,59.78,0.15,Credit Card,Pending
5159,1301,220,4,35,2023-02-15,3,357.02,0.0,Debit Card,Completed
5160,1648,4,15,5,2023-03-11,3,355.19,0.05,PayPal,Pending
5161,296,42,8,24,2023-03-24,1,483.01,0.1,PayPal,Shipped
5162,614,90,7,40,2024-12-11,3,483.64,0.15,PayPal,Returned
5163,375,85,7,2,2023-04-23,6,347.38,0.15,Cash,Cancelled
5164,943,46,5,1,2023-02-06,3,393.27,0.2,Gift Card,Returned
5165,1500,74,4,35,2024-03-19,6,292.63,0.2,PayPal,Returned
5166,954,5,14,8,2025-02-17,3,136.89,0.15,Debit Card,Pending
5167,685,269,12,10,2024-01-20,5,260.22,0.15,Credit Card,Cancelled
5168,1302,72,8,24,2023-04-22,3,301.36,0.05,Credit Card,Pending
5169,1068,101,1,41,2023-01-15,6,314.94,0.05,Debit Card,Returned
5170,1798,88,8,19,2025-01-11,3,291.53,0.0,Gift Card,Completed
5171,443,286,14,47,2024-04-24,2,217.06,0.15,Debit Card,Returned
5172,691,30,14,8,2025-05-21,2,544.88,0.0,Gift Card,Completed
5173,1393,71,4,35,2024-04-19,1,251.36,0.0,Gift Card,Shipped
5174,989,187,5,23,2023-03-03,2,226.55,0.1,PayPal,Completed
5175,1842,44,6,14,2024-10-07,6,317.68,0.0,Debit Card,Completed
5176,216,23,10,29,2023-09-05,6,298.77,0.0,Cash,Shipped
5177,74,187,4,26,2023-03-30,5,226.55,0.1,PayPal,Completed
5178,1680,131,10,6,2023-03-26,6,582.03,0.1,Credit Card,Returned
5179,1797,207,1,50,2025-10-28,3,245.28,0.15,Cash,Returned
5180,319,84,6,14,2024-12-20,4,38.26,0.05,PayPal,Returned
5181,688,188,6,14,2025-06-09,3,448.74,0.0,PayPal,Completed
5182,1012,175,3,31,2023-02-17,1,86.78,0.1,Debit Card,Completed
5183,268,209,13,42,2025-06-22,3,193.95,0.1,Debit Card,Shipped
5184,1563,89,14,8,2023-07-04,4,248.83,0.05,PayPal,Completed
5185,358,98,15,16,2025-11-08,3,263.06,0.1,Credit Card,Pending
5186,372,12,12,11,2024-03-31,6,582.22,0.0,Gift Card,Pending
5187,452,62,8,39,2023-12-28,3,539.25,0.1,PayPal,Completed
5188,769,76,7,2,2024-04-14,1,46.89,0.05,Cash,Cancelled
5189,1498,240,4,26,2024-02-14,6,196.7,0.0,Gift Card,Pending
5190,446,32,11,12,2025-06-08,3,162.12,0.1,PayPal,Cancelled
5191,1808,221,3,31,2024-12-28,6,183.32,0.2,PayPal,Returned
5192,708,284,10,4,2025-09-29,2,413.62,0.15,Debit Card,Completed
5193,1543,262,12,11,2024-10-18,5,392.06,0.0,Cash,Shipped
5194,1935,291,11,7,2025-12-09,2,9.1,0.05,Gift Card,Pending
5195,943,161,2,3,2023-02-18,3,322.86,0.05,Credit Card,Completed
5196,711,181,15,32,2025-01-15,1,334.11,0.0,Cash,Pending
5197,1282,280,13,49,2023-09-09,5,59.78,0.1,PayPal,Returned
5198,1814,54,14,47,2023-06-26,3,43.29,0.1,Credit Card,Completed
5199,1504,258,8,19,2025-06-16,2,270.37,0.1,Credit Card,Pending
5200,1494,96,14,8,2025-04-29,5,595.96,0.0,Cash,Completed
5201,346,134,13,46,2024-01-17,1,170.45,0.05,Cash,Completed
5202,1594,50,11,7,2025-04-06,5,564.26,0.2,Gift Card,Pending
5203,704,137,10,4,2024-05-20,3,47.19,0.2,Gift Card,Completed
5204,1613,65,15,27,2023-05-18,5,543.26,0.2,Gift Card,Shipped
5205,1419,68,2,3,2024-05-21,2,15.0,0.05,Credit Card,Completed
5206,1601,127,14,47,2023-09-16,3,90.5,0.05,PayPal,Cancelled
5207,247,93,14,8,2024-05-06,1,380.69,0.2,Cash,Completed
5208,665,210,9,25,2024-05-29,2,77.07,0.0,Debit Card,Pending
5209,1510,30,13,13,2024-07-27,4,544.88,0.0,Credit Card,Completed
5210,1561,233,9,38,2023-02-03,6,400.32,0.0,PayPal,Pending
5211,717,11,14,8,2024-10-16,3,289.37,0.0,PayPal,Cancelled
5212,1121,55,4,26,2024-03-31,1,17.81,0.0,Cash,Cancelled
5213,8,296,15,18,2025-10-20,2,81.85,0.0,Debit Card,Completed
5214,1910,176,6,9,2024-07-23,6,171.51,0.0,Gift Card,Pending
5215,225,285,5,23,2025-02-26,6,313.87,0.0,Debit Card,Shipped
5216,389,46,7,2,2024-08-28,3,393.27,0.0,PayPal,Shipped
5217,1595,240,11,7,2023-10-01,1,196.7,0.2,PayPal,Pending
5218,1494,178,14,47,2025-11-26,5,41.87,0.0,Debit Card,Completed
5219,909,248,3,20,2025-02-14,6,230.55,0.0,Credit Card,Completed
5220,868,223,9,25,2025-09-20,2,162.74,0.0,Gift Card,Completed
5221,1539,146,10,6,2024-06-05,3,309.25,0.0,PayPal,Completed
5222,902,251,1,50,2024-08-31,6,355.21,0.0,Credit Card,Completed
5223,31,213,14,8,2024-03-03,6,64.0,0.0,Debit Card,Shipped
5224,211,10,14,47,2025-11-28,3,46.02,0.05,Cash,Cancelled
5225,943,123,3,20,2024-11-22,3,203.09,0.1,Debit Card,Pending
5226,859,267,5,48,2025-11-09,6,139.61,0.15,Debit Card,Completed
5227,1739,114,3,31,2024-11-20,2,356.17,0.05,Cash,Pending
5228,1311,297,11,12,2023-01-16,2,334.26,0.0,Gift Card,Shipped
5229,450,245,14,8,2023-01-20,3,328.64,0.1,Gift Card,Pending
5230,288,84,12,11,2024-01-09,1,38.26,0.2,Credit Card,Completed
5231,26,77,1,41,2024-03-15,6,442.92,0.0,Credit Card,Completed
5232,1389,280,4,26,2025-09-07,6,59.78,0.0,Cash,Shipped
5233,1728,108,15,44,2025-01-05,1,603.53,0.2,Debit Card,Completed
5234,1359,211,2,37,2024-05-06,5,199.85,0.0,Gift Card,Returned
5235,1311,97,7,40,2025-04-13,3,228.27,0.1,PayPal,Returned
5236,1263,37,15,16,2025-09-09,5,91.98,0.15,Credit Card,Cancelled
5237,1454,159,14,8,2024-08-24,3,323.53,0.15,Debit Card,Cancelled
5238,1222,200,12,10,2025-10-16,4,214.09,0.0,Cash,Pending
5239,1786,80,10,21,2024-03-04,1,249.35,0.1,Credit Card,Returned
5240,820,118,7,40,2024-05-14,3,145.14,0.0,PayPal,Completed
5241,695,133,2,3,2023-08-19,4,321.54,0.1,Cash,Completed
5242,935,3,10,29,2024-12-30,3,507.54,0.15,Credit Card,Completed
5243,1909,134,15,32,2023-03-06,4,170.45,0.0,Gift Card,Shipped
5244,196,93,7,40,2025-05-18,4,380.69,0.15,PayPal,Shipped
5245,939,183,15,5,2024-04-07,3,70.12,0.0,PayPal,Completed
5246,1917,188,4,34,2025-04-26,2,448.74,0.2,Debit Card,Completed
5247,1231,167,5,48,2025-05-14,3,87.74,0.0,PayPal,Cancelled
5248,1444,110,3,20,2023-04-18,5,570.1,0.2,Gift Card,Shipped
5249,701,291,7,2,2025-05-24,4,9.1,0.05,Gift Card,Cancelled
5250,560,290,2,28,2024-03-23,2,30.66,0.2,Cash,Shipped
5251,783,249,2,37,2025-02-26,5,471.0,0.15,PayPal,Completed
5252,762,85,10,6,2023-07-26,3,347.38,0.15,Gift Card,Completed
5253,1310,82,4,34,2023-04-08,5,166.87,0.0,Credit Card,Completed
5254,1410,264,12,11,2025-05-13,4,25.86,0.15,Cash,Shipped
5255,1074,224,13,46,2025-12-12,2,190.7,0.0,Gift Card,Completed
5256,1999,50,2,3,2025-04-07,5,564.26,0.0,Credit Card,Shipped
5257,294,202,11,33,2025-10-17,6,211.09,0.0,Credit Card,Pending
5258,703,117,12,10,2025-08-04,3,77.12,0.2,Cash,Completed
5259,159,296,13,42,2023-05-13,5,81.85,0.2,PayPal,Shipped
5260,1345,63,9,38,2023-09-08,4,63.8,0.0,Gift Card,Completed
5261,269,73,2,37,2025-06-28,3,68.44,0.0,Cash,Shipped
5262,1710,86,2,28,2025-12-08,5,302.91,0.1,Gift Card,Completed
5263,102,121,1,22,2024-12-08,3,13.34,0.0,PayPal,Completed
5264,76,16,10,4,2024-09-29,6,561.32,0.2,Cash,Completed
5265,1709,62,7,2,2023-11-05,3,539.25,0.0,Debit Card,Pending
5266,206,172,7,2,2023-04-18,5,70.42,0.0,PayPal,Completed
5267,906,28,7,40,2024-07-03,6,360.14,0.2,PayPal,Completed
5268,1227,10,6,14,2024-03-12,3,46.02,0.0,Gift Card,Completed
5269,1528,271,5,1,2023-11-22,3,316.69,0.1,PayPal,Shipped
5270,816,41,9,38,2025-05-07,3,441.65,0.2,Credit Card,Shipped
5271,305,122,3,20,2024-07-30,5,203.86,0.05,Cash,Completed
5272,1551,256,10,6,2023-03-28,6,203.89,0.05,Gift Card,Completed
5273,685,72,3,20,2025-03-12,3,301.36,0.15,Gift Card,Completed
5274,504,266,2,3,2025-12-29,6,140.34,0.0,Credit Card,Pending
5275,886,83,15,44,2025-11-04,6,347.94,0.0,PayPal,Shipped
5276,1513,27,8,19,2025-05-31,3,565.88,0.05,Cash,Completed
5277,1054,126,7,40,2025-11-15,6,333.86,0.0,Credit Card,Returned
5278,1651,217,2,45,2025-10-27,3,80.74,0.1,Gift Card,Returned
5279,1079,171,13,46,2024-04-17,6,293.86,0.0,PayPal,Shipped
5280,1637,111,8,24,2024-03-04,1,123.3,0.0,Credit Card,Returned
5281,258,194,14,8,2023-02-14,2,35.78,0.2,Credit Card,Returned
5282,1478,225,11,12,2024-08-07,2,131.27,0.2,Gift Card,Completed
5283,921,269,9,25,2023-01-18,6,260.22,0.0,Credit Card,Pending
5284,1127,222,8,19,2024-10-21,5,412.69,0.1,Gift Card,Completed
5285,1604,60,5,23,2023-10-28,1,307.03,0.0,Cash,Returned
5286,774,163,5,23,2025-06-08,4,270.34,0.0,Debit Card,Returned
5287,1998,283,7,2,2023-08-21,2,84.31,0.1,Debit Card,Completed
5288,432,30,15,15,2024-08-04,2,544.88,0.0,Debit Card,Completed
5289,1536,293,8,39,2024-01-16,1,54.25,0.0,PayPal,Pending
5290,441,256,12,17,2023-04-05,1,203.89,0.0,Debit Card,Completed
5291,1708,292,6,14,2024-03-21,6,398.38,0.05,Cash,Pending
5292,166,92,10,4,2023-09-23,5,665.8,0.2,PayPal,Completed
5293,140,120,3,20,2024-03-04,4,346.06,0.0,Cash,Shipped
5294,1808,137,15,18,2023-01-15,6,47.19,0.1,Credit Card,Cancelled
5295,1919,242,15,32,2024-08-30,5,378.8,0.15,Credit Card,Completed
5296,319,276,4,35,2023-10-03,2,394.14,0.2,PayPal,Returned
5297,1277,123,7,40,2023-10-30,4,203.09,0.1,Credit Card,Completed
5298,29,10,4,35,2024-03-22,2,46.02,0.1,Debit Card,Completed
5299,1536,234,15,18,2024-02-11,6,314.58,0.05,Cash,Completed
5300,582,256,12,10,2025-04-27,1,203.89,0.1,Cash,Shipped
5301,179,164,15,18,2023-08-09,5,117.71,0.0,Credit Card,Completed
5302,1355,78,7,40,2024-01-13,2,176.26,0.0,PayPal,Completed
5303,1034,297,8,39,2024-12-03,5,334.26,0.1,Debit Card,Completed
5304,1857,20,1,22,2025-11-26,1,170.95,0.05,Debit Card,Completed
5305,1634,73,3,43,2025-10-16,3,,0.15,PayPal,Pending
5306,186,159,4,26,2024-07-01,1,323.53,0.0,Cash,Completed
5307,513,78,13,42,2024-11-25,3,176.26,0.0,PayPal,Shipped
5308,189,254,13,42,2025-10-23,3,307.61,0.1,Gift Card,Shipped
5309,89,80,12,11,2024-03-16,5,249.35,0.0,Credit Card,Completed
5310,767,225,1,22,2023-05-21,5,131.27,0.2,Credit Card,Completed
5311,492,228,5,48,2023-12-25,2,247.35,0.0,Credit Card,Completed
5312,1772,79,11,33,2024-09-08,2,143.89,0.0,Cash,Completed
5313,417,55,10,29,2023-04-25,4,17.81,0.2,Gift Card,Completed
5314,577,34,14,47,2025-08-17,4,71.12,0.2,PayPal,Returned
5315,180,241,10,29,2025-05-25,6,108.19,0.1,Debit Card,Pending
5316,257,11,10,29,2024-09-09,2,289.37,0.2,Cash,Pending
5317,1287,46,13,49,2023-04-29,1,393.27,0.15,Credit Card,Shipped
5318,1080,77,1,22,2024-12-05,6,442.92,0.0,Credit Card,Completed
5319,199,60,7,40,2025-09-07,4,307.03,0.1,Cash,Completed
5320,656,78,15,5,2025-10-31,5,176.26,0.0,Cash,Completed
5321,1929,13,10,29,2025-01-16,3,127.76,0.05,Cash,Completed
5322,1037,154,14,8,2024-11-15,1,214.32,0.05,Cash,Completed
5323,1556,145,3,20,2025-09-08,2,328.64,0.2,PayPal,Completed
5324,1145,279,14,47,2025-06-22,3,281.48,0.0,Debit Card,Returned
5325,1786,268,3,20,2024-06-04,3,252.86,0.0,Debit Card,Completed
5326,659,283,11,7,2023-04-22,2,84.31,0.15,Credit Card,Completed
5327,1533,245,4,34,2023-01-31,1,328.64,0.0,Debit Card,Completed
5328,407,170,6,9,2023-02-18,4,260.29,0.0,Cash,Pending
5329,1519,190,11,7,2025-08-27,1,292.3,0.1,Debit Card,Completed
5330,1747,19,9,38,2024-06-24,1,332.56,0.05,Cash,Completed
5331,1719,144,4,34,2024-03-26,6,296.96,0.0,PayPal,Completed
5332,1722,158,10,6,2024-12-09,4,324.07,0.15,Gift Card,Shipped
5333,1482,120,11,12,2024-02-06,2,346.06,0.0,Credit Card,Shipped
5334,1365,174,4,26,2023-06-16,5,62.11,0.0,PayPal,Cancelled
5335,703,2,6,9,2025-05-30,2,35.98,0.1,Cash,Completed
5336,1503,142,14,8,2023-05-10,5,306.71,0.15,Debit Card,Shipped
5337,488,110,8,19,2023-05-18,2,570.1,0.2,PayPal,Completed
5338,689,207,7,40,2024-11-29,1,245.28,0.2,Debit Card,Completed
5339,767,98,1,22,2024-08-31,4,263.06,0.2,Gift Card,Completed
5340,134,109,10,21,2024-01-13,6,33.31,0.0,Cash,Returned
5341,1400,190,2,28,2023-07-23,3,292.3,0.05,Debit Card,Completed
5342,1496,136,1,22,2023-03-25,6,266.29,0.05,Cash,Completed
5343,922,228,1,22,2023-06-04,6,247.35,0.15,Credit Card,Returned
5344,1151,113,2,3,2023-08-13,4,438.2,0.2,Cash,Completed
5345,416,90,14,47,2023-07-15,3,483.64,0.0,Debit Card,Completed
5346,1769,165,14,47,2024-02-18,1,216.64,0.05,Debit Card,Cancelled
5347,205,95,14,47,2023-11-21,1,435.89,0.15,Credit Card,Completed
5348,1176,102,3,31,2025-10-08,6,455.19,0.0,PayPal,Completed
5349,79,24,4,34,2024-01-14,2,129.26,0.1,Cash,Pending
5350,762,250,1,50,2025-11-24,2,120.54,0.0,Credit Card,Cancelled
5351,1920,20,11,33,2023-11-24,3,170.95,0.0,Cash,Completed
5352,1786,273,10,6,2025-11-11,4,265.88,0.15,Cash,Completed
5353,1006,240,15,16,2024-01-18,4,196.7,0.15,PayPal,Returned
5354,1265,78,13,30,2023-01-12,3,176.26,0.0,Cash,Completed
5355,953,3,12,17,2024-05-29,3,507.54,0.2,Debit Card,Completed
5356,449,129,1,41,2024-07-11,5,267.03,0.0,PayPal,Cancelled
5357,1415,200,9,25,2025-11-23,3,214.09,0.0,Gift Card,Completed
5358,229,135,15,15,2023-01-24,2,126.8,0.1,Debit Card,Completed
5359,1117,55,1,22,2023-01-16,2,17.81,0.1,Credit Card,Completed
5360,26,252,2,37,2024-12-06,5,163.4,0.05,Debit Card,Returned
5361,1857,111,2,45,2024-05-31,5,123.3,0.0,Debit Card,Shipped
5362,437,155,1,41,2024-06-18,6,232.62,0.05,Cash,Cancelled
5363,1834,118,1,36,2023-10-25,5,145.14,0.15,Gift Card,Completed
5364,1941,235,2,28,2023-06-24,5,265.0,0.0,Gift Card,Completed
5365,1863,249,4,26,2023-09-07,3,471.0,0.05,Cash,Completed
5366,292,274,6,14,2024-09-17,4,57.88,0.2,Debit Card,Returned
5367,910,91,13,49,2023-04-18,2,406.77,0.2,Debit Card,Completed
5368,1566,80,9,25,2023-09-17,4,249.35,0.0,PayPal,Shipped
5369,1796,72,5,1,2025-09-03,6,301.36,0.0,Debit Card,Completed
5370,703,282,7,40,2024-10-24,5,461.23,0.0,Cash,Shipped
5371,339,121,9,25,2024-05-22,1,13.34,0.0,PayPal,Completed
5372,1477,275,6,14,2023-02-18,3,255.49,0.15,Cash,Completed
5373,1058,268,4,35,2023-12-27,4,252.86,0.15,PayPal,Shipped
5374,1345,144,1,41,2025-10-15,1,296.96,0.1,Debit Card,Completed
5375,607,20,14,8,2025-04-12,2,170.95,0.0,Gift Card,Shipped
5376,444,180,2,28,2024-06-17,4,177.87,0.0,Gift Card,Completed
5377,1767,165,1,36,2024-10-21,3,216.64,0.2,Debit Card,Returned
5378,1126,62,5,48,2024-06-27,1,539.25,0.2,Gift Card,Cancelled
5379,227,286,8,39,2023-04-26,6,217.06,0.05,PayPal,Shipped
5380,1540,97,3,20,2025-05-28,4,228.27,0.0,PayPal,Completed
5381,1440,54,11,12,2024-06-14,1,43.29,0.1,PayPal,Completed
5382,1572,230,13,30,2024-07-23,3,49.56,0.15,Cash,Pending
5383,715,298,6,14,2023-11-04,1,202.95,0.05,Debit Card,Returned
5384,1704,119,4,34,2025-04-30,3,63.82,0.2,Cash,Completed
5385,1015,58,13,30,2024-01-06,1,76.76,0.0,Debit Card,Returned
5386,123,30,1,50,2024-11-04,1,544.88,0.0,PayPal,Completed
5387,445,77,15,18,2024-05-05,1,442.92,0.0,Gift Card,Completed
5388,1931,255,6,14,2024-07-30,4,118.85,0.0,PayPal,Shipped
5389,806,252,4,34,2024-04-11,3,163.4,0.0,Gift Card,Completed
5390,611,24,1,36,2023-12-08,5,129.26,0.1,Cash,Pending
5391,1265,109,13,13,2024-02-21,3,33.31,0.1,Cash,Returned
5392,1919,101,8,39,2025-01-15,2,314.94,0.1,Gift Card,Cancelled
5393,1520,167,3,20,2024-08-19,2,87.74,0.15,Debit Card,Returned
5394,931,42,14,47,2025-12-12,6,483.01,0.0,Gift Card,Returned
5395,428,221,1,22,2023-05-14,5,183.32,0.0,Gift Card,Returned
5396,382,73,8,19,2023-09-04,6,68.44,0.15,Gift Card,Pending
5397,1662,35,6,14,2024-09-03,3,53.95,0.05,Debit Card,Pending
5398,700,116,1,41,2024-04-03,4,365.71,0.15,PayPal,Returned
5399,1226,52,13,46,2025-06-10,2,120.46,0.05,Debit Card,Returned
5400,502,295,13,42,2025-04-18,6,647.12,0.0,Debit Card,Returned
5401,954,272,1,22,2023-12-21,2,596.66,0.15,Gift Card,Completed
5402,1546,105,9,38,2025-01-17,4,500.45,0.0,Credit Card,Completed
5403,1135,53,2,45,2025-02-25,2,459.8,0.05,Gift Card,Pending
5404,1516,60,4,34,2023-04-09,3,307.03,0.2,Debit Card,Pending
5405,1600,211,5,23,2025-12-07,1,199.85,0.0,Gift Card,Shipped
5406,936,84,10,21,2024-04-24,6,38.26,0.05,Gift Card,Completed
5407,1771,79,14,47,2023-03-25,5,143.89,0.05,PayPal,Completed
5408,476,219,7,40,2025-09-30,4,243.18,0.2,Debit Card,Returned
5409,790,118,10,29,2025-02-01,2,145.14,0.05,Gift Card,Completed
5410,1619,232,1,22,2025-01-09,3,316.8,0.0,Credit Card,Shipped
5411,565,59,11,33,2024-02-05,5,239.55,0.0,Credit Card,Completed
5412,650,77,2,45,2023-09-26,1,442.92,0.2,PayPal,Pending
5413,990,298,1,50,2025-10-26,6,202.95,0.15,Credit Card,Returned
5414,357,192,15,27,2025-04-28,6,29.92,0.0,Gift Card,Returned
5415,1818,88,5,1,2023-01-08,2,291.53,0.1,Debit Card,Completed
5416,1392,155,3,20,2024-08-25,4,232.62,0.05,Gift Card,Completed
5417,969,185,6,9,2025-06-05,4,357.71,0.05,Gift Card,Completed
5418,1668,27,6,14,2024-09-03,2,565.88,0.1,Debit Card,Completed
5419,360,102,13,49,2025-12-05,5,455.19,0.1,Debit Card,Completed
5420,1823,40,13,46,2025-07-21,4,408.98,0.2,PayPal,Shipped
5421,918,228,9,38,2024-08-30,2,247.35,0.05,Cash,Completed
5422,1949,29,10,21,2025-07-24,1,197.73,0.15,Cash,Cancelled
5423,99,69,8,19,2025-06-06,3,444.45,0.2,Cash,Returned
5424,1203,212,13,30,2025-07-29,6,26.85,0.1,Gift Card,Shipped
5425,1437,220,2,3,2025-04-19,5,357.02,0.0,Debit Card,Pending
5426,235,24,15,32,2023-02-28,1,129.26,0.05,Gift Card,Pending
5427,1929,24,7,40,2023-04-18,2,129.26,0.0,Credit Card,Completed
5428,1411,221,11,7,2024-09-22,2,183.32,0.0,Debit Card,Completed
5429,655,93,4,34,2023-10-16,1,380.69,0.1,Credit Card,Shipped
5430,1991,173,3,31,2025-04-02,2,159.58,0.15,Debit Card,Completed
5431,347,185,12,10,2024-06-12,6,357.71,0.2,PayPal,Completed
5432,164,97,5,1,2025-04-04,3,228.27,0.0,Debit Card,Cancelled
5433,200,228,6,14,2025-03-08,3,247.35,0.05,Gift Card,Completed
5434,1926,166,5,48,2023-02-23,5,172.27,0.15,Gift Card,Completed
5435,1900,247,3,43,2025-01-29,6,58.54,0.05,Credit Card,Completed
5436,1488,99,12,17,2023-07-23,3,384.25,0.15,Credit Card,Completed
5437,614,122,7,2,2023-12-30,3,203.86,0.1,Gift Card,Shipped
5438,849,295,1,22,2023-08-21,5,647.12,0.1,Debit Card,Completed
5439,147,31,13,46,2024-06-12,3,179.93,0.1,Gift Card,Completed
5440,458,217,2,3,2024-06-03,4,80.74,0.1,Gift Card,Completed
5441,1842,271,12,17,2025-08-14,5,316.69,0.0,Debit Card,Completed
5442,292,236,10,4,2025-09-18,5,209.86,0.2,Cash,Completed
5443,1109,256,4,35,2024-11-12,6,203.89,0.1,Debit Card,Cancelled
5444,1968,93,12,11,2025-07-13,6,380.69,0.0,PayPal,Completed
5445,1500,253,12,11,2024-02-20,2,101.3,0.1,Credit Card,Completed
5446,525,100,5,1,2023-12-04,6,447.11,0.05,Cash,Shipped
5447,1685,136,2,3,2023-10-01,2,266.29,0.2,Credit Card,Completed
5448,747,280,1,50,2025-02-07,2,59.78,0.15,Debit Card,Completed
5449,996,269,5,48,2023-05-18,5,260.22,0.0,Debit Card,Shipped
5450,131,146,15,5,2025-06-15,6,309.25,0.0,Gift Card,Returned
5451,450,87,6,14,2024-10-10,1,321.84,0.15,Credit Card,Shipped
5452,144,234,6,14,2024-01-24,1,314.58,0.0,Debit Card,Shipped
5453,1494,298,3,20,2025-07-27,5,202.95,0.0,Gift Card,Shipped
5454,234,237,13,46,2024-07-14,1,159.44,0.0,Debit Card,Cancelled
5455,81,171,12,10,2025-02-24,5,293.86,0.0,Gift Card,Completed
5456,431,139,3,31,2023-04-25,4,334.0,0.1,Cash,Pending
5457,466,94,5,1,2025-02-25,2,325.59,0.15,Credit Card,Completed
5458,1902,29,13,42,2023-09-27,2,197.73,0.1,Credit Card,Completed
5459,297,39,10,6,2024-04-04,2,340.31,0.05,Cash,Completed
5460,1614,22,11,12,2024-03-19,6,90.87,0.1,Credit Card,Returned
5461,1269,153,8,19,2024-02-02,1,238.04,0.05,PayPal,Completed
5462,1581,141,8,19,2024-11-17,5,236.86,0.0,PayPal,Completed
5463,1402,75,8,39,2024-11-18,4,363.98,0.05,Credit Card,Completed
5464,1322,80,7,2,2025-08-26,5,249.35,0.05,Cash,Completed
5465,1670,215,9,38,2025-01-10,6,108.22,0.05,Debit Card,Completed
5466,1914,210,9,25,2024-12-14,2,77.07,0.0,Credit Card,Completed
5467,1556,170,12,17,2024-03-10,1,260.29,0.05,Cash,Completed
5468,967,284,7,40,2024-11-22,1,413.62,0.0,Credit Card,Shipped
5469,1245,76,2,28,2025-11-28,3,46.89,0.0,PayPal,Completed
5470,665,93,11,33,2024-06-03,4,380.69,0.1,Cash,Returned
5471,594,182,12,11,2023-03-30,5,543.63,0.0,Cash,Cancelled
5472,1231,264,9,38,2023-03-31,4,25.86,0.1,Cash,Completed
5473,1607,281,4,35,2025-08-30,5,125.56,0.1,PayPal,Shipped
5474,1775,156,11,33,2024-07-27,1,64.7,0.05,Debit Card,Completed
5475,1188,18,13,46,2025-01-19,5,383.42,0.0,Cash,Completed
5476,272,54,11,33,2025-12-14,1,43.29,0.0,Gift Card,Completed
5477,398,27,8,24,2025-12-27,5,565.88,0.0,Debit Card,Cancelled
5478,1986,297,1,36,2024-03-27,2,334.26,0.0,Gift Card,Returned
5479,708,73,8,19,2025-10-07,5,68.44,0.0,Debit Card,Cancelled
5480,208,74,9,38,2025-07-08,5,292.63,0.15,Debit Card,Completed
5481,452,128,3,31,2023-10-14,6,257.64,0.0,Credit Card,Shipped
5482,866,89,5,1,2025-09-22,3,248.83,0.0,Credit Card,Completed
5483,1694,58,3,43,2023-06-30,6,76.76,0.2,Cash,Cancelled
5484,635,264,11,12,2024-12-18,6,25.86,0.0,Credit Card,Returned
5485,797,274,1,22,2023-07-11,1,57.88,0.05,Debit Card,Completed
5486,993,298,15,18,2025-09-29,2,202.95,0.0,Credit Card,Cancelled
5487,1300,202,12,11,2023-01-22,4,211.09,0.0,Debit Card,Pending
5488,82,125,1,41,2023-12-31,3,152.14,0.0,Cash,Shipped
5489,211,82,15,5,2023-06-04,4,166.87,0.1,Gift Card,Cancelled
5490,1812,106,12,17,2024-09-27,2,127.35,0.05,Cash,Completed
5491,1688,17,6,14,2023-06-23,2,307.03,0.1,Cash,Completed
5492,1869,82,4,26,2025-12-19,5,166.87,0.2,Gift Card,Returned
5493,708,197,8,24,2024-08-24,4,82.36,0.1,Gift Card,Completed
5494,1564,78,4,26,2023-03-13,5,176.26,0.0,Gift Card,Completed
5495,391,44,9,38,2023-01-04,6,317.68,0.1,Credit Card,Pending
5496,780,58,2,37,2025-11-21,1,76.76,0.2,Gift Card,Completed
5497,1823,67,12,10,2024-06-29,4,138.29,0.05,Credit Card,Completed
5498,1604,199,5,48,2024-07-27,2,314.59,0.0,PayPal,Completed
5499,1504,90,13,49,2024-05-01,2,483.64,0.2,Debit Card,Shipped
5500,1709,293,10,29,2025-06-03,6,54.25,0.15,Gift Card,Shipped
5501,437,77,11,12,2024-05-25,4,442.92,0.0,PayPal,Shipped
5502,338,85,12,17,2023-06-27,2,347.38,0.0,Cash,Completed
5503,148,265,1,50,2025-04-05,6,348.49,0.1,Gift Card,Shipped
5504,812,77,1,41,2025-07-06,3,442.92,0.0,Cash,Completed
5505,833,184,12,17,2025-12-08,1,304.08,0.2,PayPal,Returned
5506,567,114,2,28,2025-12-05,1,356.17,0.0,PayPal,Cancelled
5507,380,164,15,5,2025-03-13,2,117.71,0.0,Cash,Pending
5508,98,154,8,24,2024-08-31,1,214.32,0.0,Cash,Completed
5509,300,214,2,37,2024-10-07,4,264.25,0.0,Credit Card,Returned
5510,113,132,14,47,2025-04-07,3,127.63,0.0,Credit Card,Completed
5511,626,238,8,19,2025-03-16,4,196.9,0.15,Cash,Completed
5512,147,112,13,30,2025-09-11,5,347.45,0.0,Cash,Pending
5513,778,115,8,24,2025-10-06,4,295.79,0.15,Debit Card,Pending
5514,361,132,5,48,2023-12-12,3,127.63,0.2,Debit Card,Completed
5515,1312,212,14,47,2023-08-06,2,26.85,0.2,Gift Card,Completed
5516,573,299,2,28,2025-08-03,4,150.33,0.1,PayPal,Shipped
5517,1420,20,2,37,2025-04-13,6,170.95,0.1,Debit Card,Completed
5518,711,206,14,47,2023-07-04,6,367.62,0.0,Credit Card,Shipped
5519,968,97,9,38,2023-10-21,3,228.27,0.2,PayPal,Returned
5520,147,16,5,48,2025-02-14,2,561.32,0.0,Credit Card,Pending
5521,1876,201,7,40,2024-02-02,6,307.14,0.2,Cash,Returned
5522,53,173,2,28,2024-06-22,1,159.58,0.0,PayPal,Completed
5523,1027,216,1,50,2024-09-05,4,91.49,0.2,Credit Card,Pending
5524,1938,298,2,45,2025-02-07,2,202.95,0.0,Debit Card,Completed
5525,258,252,4,34,2023-03-04,4,163.4,0.0,PayPal,Completed
5526,1664,242,2,28,2024-11-08,6,378.8,0.0,Cash,Completed
5527,749,35,5,1,2023-11-30,1,53.95,0.0,PayPal,Cancelled
5528,1664,213,13,49,2024-03-24,6,64.0,0.1,PayPal,Cancelled
5529,283,149,15,16,2023-04-09,3,431.72,0.2,Credit Card,Completed
5530,1616,45,5,23,2023-02-14,6,107.36,0.05,Gift Card,Returned
5531,1140,263,1,41,2023-04-01,5,47.7,0.0,Cash,Completed
5532,1311,258,4,35,2023-06-24,3,270.37,0.1,Debit Card,Completed
5533,1693,251,3,31,2023-04-25,2,355.21,0.0,Gift Card,Completed
5534,825,23,9,38,2023-11-26,5,298.77,0.15,PayPal,Completed
5535,192,132,15,44,2025-11-02,3,127.63,0.05,Gift Card,Completed
5536,1956,188,9,25,2024-06-12,6,448.74,0.2,Gift Card,Completed
5537,1517,36,13,13,2024-10-09,2,480.04,0.1,Debit Card,Completed
5538,1561,157,7,40,2024-08-06,5,110.95,0.0,Gift Card,Shipped
5539,469,27,12,11,2024-04-21,3,565.88,0.15,Gift Card,Completed
5540,1531,138,8,39,2024-11-29,4,102.03,0.15,Credit Card,Completed
5541,1912,180,13,42,2025-03-28,5,177.87,0.15,Gift Card,Completed
5542,1222,197,15,5,2024-09-21,6,82.36,0.0,Gift Card,Cancelled
5543,1740,220,9,38,2025-05-05,1,357.02,0.2,Gift Card,Completed
5544,323,196,15,27,2023-07-16,3,222.19,0.15,Debit Card,Pending
5545,599,278,1,50,2023-02-28,2,98.31,0.05,Debit Card,Pending
5546,415,7,15,18,2023-08-18,5,279.59,0.1,PayPal,Returned
5547,625,203,13,49,2025-02-02,2,511.82,0.0,Cash,Pending
5548,1337,201,14,47,2024-10-05,5,307.14,0.1,Debit Card,Shipped
5549,868,288,13,49,2024-08-28,3,367.22,0.2,PayPal,Completed
5550,1808,268,1,50,2024-07-14,1,252.86,0.2,Cash,Shipped
5551,725,178,8,39,2025-07-19,2,41.87,0.1,Cash,Completed
5552,1469,232,11,12,2025-08-18,6,316.8,0.0,Cash,Completed
5553,172,97,15,18,2023-02-13,2,228.27,0.2,Debit Card,Completed
5554,1788,207,13,46,2024-03-17,5,245.28,0.0,PayPal,Returned
5555,1023,106,5,48,2025-07-12,4,127.35,0.1,Gift Card,Pending
5556,606,256,6,14,2023-08-12,5,203.89,0.2,Gift Card,Completed
5557,546,20,6,9,2025-06-04,1,170.95,0.15,Cash,Pending
5558,1646,249,2,3,2024-10-09,4,471.0,0.0,Cash,Shipped
5559,103,79,1,50,2023-08-30,1,143.89,0.1,Gift Card,Completed
5560,888,213,14,8,2025-05-09,4,64.0,0.0,PayPal,Pending
5561,440,90,12,10,2023-12-28,2,483.64,0.05,Credit Card,Completed
5562,1632,265,10,29,2023-12-24,4,348.49,0.1,Debit Card,Completed
5563,92,221,15,5,2025-08-26,5,183.32,0.15,Debit Card,Pending
5564,247,190,7,40,2025-05-14,5,292.3,0.0,Gift Card,Shipped
5565,150,81,13,13,2024-03-08,6,379.78,0.2,Cash,Shipped
5566,1800,196,5,1,2024-07-18,4,222.19,0.0,Credit Card,Pending
5567,3,221,6,9,2025-03-16,3,183.32,0.0,Debit Card,Cancelled
5568,534,168,1,22,2025-02-05,4,303.92,0.15,PayPal,Returned
5569,1267,94,14,47,2023-11-04,2,325.59,0.2,Credit Card,Completed
5570,1899,178,13,46,2025-09-06,6,41.87,0.05,Credit Card,Shipped
5571,278,29,5,23,2023-06-19,5,197.73,0.15,Debit Card,Completed
5572,1937,74,15,16,2023-01-03,6,292.63,0.05,Debit Card,Pending
5573,57,144,2,45,2025-05-28,4,296.96,0.1,Credit Card,Pending
5574,1826,286,11,33,2023-09-05,4,217.06,0.1,Debit Card,Returned
5575,1958,223,2,3,2025-09-17,1,162.74,0.0,Credit Card,Completed
5576,1427,176,5,23,2025-11-05,4,171.51,0.2,PayPal,Cancelled
5577,1532,50,10,4,2025-04-12,6,564.26,0.05,PayPal,Cancelled
5578,1704,116,14,8,2025-05-14,4,365.71,0.15,Debit Card,Completed
5579,1965,20,13,30,2025-02-09,1,170.95,0.15,Debit Card,Completed
5580,1757,11,2,28,2025-01-14,1,289.37,0.2,Debit Card,Returned
5581,994,282,10,21,2024-02-02,3,461.23,0.1,Cash,Completed
5582,1551,286,7,2,2023-10-25,3,217.06,0.15,Cash,Pending
5583,1161,155,1,50,2024-03-01,3,232.62,0.0,Credit Card,Shipped
5584,1685,189,11,12,2025-02-10,4,399.71,0.2,Credit Card,Returned
5585,381,45,14,47,2024-03-31,2,107.36,0.0,PayPal,Completed
5586,235,248,6,9,2025-02-26,1,230.55,0.0,Debit Card,Completed
5587,803,174,13,13,2025-10-25,6,62.11,0.0,Debit Card,Pending
5588,1390,18,7,40,2024-11-10,6,383.42,0.0,PayPal,Completed
5589,1905,32,9,25,2023-02-07,3,162.12,0.0,Gift Card,Completed
5590,1716,96,11,12,2023-06-18,5,595.96,0.0,Cash,Completed
5591,180,288,3,20,2025-01-18,5,367.22,0.0,Debit Card,Cancelled
5592,228,41,8,19,2025-06-17,4,441.65,0.0,Gift Card,Returned
5593,381,141,15,15,2023-08-09,2,236.86,0.1,Cash,Returned
5594,1433,128,12,10,2025-11-23,1,257.64,0.0,PayPal,Cancelled
5595,327,93,10,6,2024-06-25,5,380.69,0.0,Cash,Shipped
5596,57,205,13,42,2025-06-03,1,370.78,0.2,PayPal,Cancelled
5597,1421,66,11,7,2023-10-02,1,330.95,0.1,Gift Card,Pending
5598,569,277,12,17,2025-03-02,1,320.72,0.1,PayPal,Completed
5599,1646,173,3,31,2023-09-01,3,159.58,0.0,Credit Card,Completed
5600,1451,248,13,13,2023-12-16,4,230.55,0.15,Cash,Completed
5601,114,270,2,28,2023-03-20,5,17.58,0.05,Gift Card,Completed
5602,1078,254,9,25,2023-08-16,2,307.61,0.0,PayPal,Completed
5603,906,101,12,11,2023-11-03,2,314.94,0.0,Gift Card,Cancelled
5604,883,187,1,36,2025-02-05,5,226.55,0.0,Gift Card,Cancelled
5605,1491,96,1,50,2025-09-08,6,595.96,0.15,PayPal,Completed
5606,1451,221,1,41,2023-05-28,1,183.32,0.15,Debit Card,Pending
5607,1331,117,15,5,2025-09-10,1,77.12,0.0,Credit Card,Returned
5608,190,198,7,40,2025-08-30,2,125.5,0.2,Credit Card,Pending
5609,1497,150,3,20,2023-06-12,1,157.31,0.2,Gift Card,Completed
5610,34,274,3,20,2024-02-27,1,57.88,0.1,Debit Card,Completed
5611,623,116,1,22,2023-09-08,5,365.71,0.0,Credit Card,Shipped
5612,1641,127,13,42,2023-07-05,6,90.5,0.0,Debit Card,Completed
5613,1684,119,1,50,2023-06-13,2,63.82,0.1,Debit Card,Pending
5614,1673,92,10,29,2025-12-19,4,665.8,0.0,Credit Card,Completed
5615,1748,119,5,1,2025-11-05,4,63.82,0.1,PayPal,Completed
5616,1519,248,1,22,2025-07-28,5,230.55,0.05,Debit Card,Shipped
5617,1795,234,12,11,2023-03-12,5,314.58,0.05,Debit Card,Cancelled
5618,1725,34,6,9,2024-01-21,5,71.12,0.0,Credit Card,Shipped
5619,1765,236,4,26,2024-06-18,3,209.86,0.1,Credit Card,Cancelled
5620,735,130,13,49,2024-07-29,2,293.35,0.15,Debit Card,Completed
5621,85,90,5,23,2025-02-02,6,483.64,0.1,Cash,Cancelled
5622,20,270,15,5,2025-12-11,6,17.58,0.2,Gift Card,Completed
5623,1827,268,2,3,2025-07-16,3,252.86,0.1,Debit Card,Cancelled
5624,1233,222,2,37,2024-08-11,6,412.69,0.2,Credit Card,Returned
5625,1394,69,9,38,2024-11-24,4,444.45,0.05,Debit Card,Cancelled
5626,1526,231,9,25,2025-06-09,5,52.2,0.0,Debit Card,Cancelled
5627,966,269,3,31,2023-06-13,6,260.22,0.0,Credit Card,Completed
5628,310,59,13,46,2025-12-01,4,239.55,0.0,Gift Card,Shipped
5629,185,215,10,6,2023-07-01,6,108.22,0.0,Gift Card,Completed
5630,236,10,5,48,2025-10-07,1,46.02,0.15,Cash,Shipped
5631,1228,193,6,9,2024-08-14,5,248.63,0.2,Debit Card,Completed
5632,780,218,12,10,2023-05-14,5,95.1,0.0,Gift Card,Completed
5633,1602,266,11,12,2024-08-23,2,140.34,0.0,Cash,Completed
5634,1728,238,14,47,2023-09-02,5,196.9,0.0,Gift Card,Completed
5635,1641,152,12,17,2025-09-25,2,290.47,0.15,PayPal,Completed
5636,395,175,8,24,2025-12-28,5,86.78,0.0,Cash,Completed
5637,1366,185,4,34,2023-08-21,2,357.71,0.0,Credit Card,Completed
5638,1911,210,15,32,2025-02-02,3,77.07,0.0,Debit Card,Completed
5639,851,291,3,31,2024-03-25,3,9.1,0.0,Gift Card,Completed
5640,1130,265,10,29,2024-02-04,6,348.49,0.05,Gift Card,Pending
5641,1557,28,13,30,2024-09-22,2,360.14,0.1,Credit Card,Pending
5642,291,239,9,38,2023-08-16,6,337.62,0.05,Cash,Returned
5643,1903,182,7,40,2025-01-06,6,543.63,0.0,PayPal,Completed
5644,1789,105,5,1,2024-06-29,4,500.45,0.05,Cash,Returned
5645,1421,137,12,11,2024-09-19,1,47.19,0.05,PayPal,Returned
5646,307,175,10,21,2024-03-19,2,86.78,0.1,Gift Card,Completed
5647,12,284,10,6,2023-03-03,1,413.62,0.0,Debit Card,Pending
5648,1163,279,2,28,2024-01-23,6,281.48,0.0,Credit Card,Completed
5649,1660,182,12,10,2025-05-26,6,543.63,0.15,Gift Card,Cancelled
5650,337,104,15,44,2025-05-28,6,61.42,0.0,Credit Card,Returned
5651,144,298,2,45,2023-08-10,2,202.95,0.2,Cash,Returned
5652,1214,171,1,50,2023-03-07,3,293.86,0.15,PayPal,Completed
5653,96,152,14,47,2025-10-08,4,290.47,0.0,Credit Card,Cancelled
5654,1050,271,4,26,2024-09-10,5,316.69,0.05,Credit Card,Shipped
5655,374,85,7,2,2025-12-14,4,347.38,0.2,Debit Card,Completed
5656,1691,3,7,40,2024-01-12,2,507.54,0.0,Credit Card,Completed
5657,1176,69,8,39,2023-08-05,1,444.45,0.2,PayPal,Completed
5658,508,15,10,4,2024-10-22,1,454.62,0.0,Gift Card,Completed
5659,721,267,2,3,2023-06-29,3,139.61,0.05,Credit Card,Returned
5660,773,72,12,11,2024-05-13,2,301.36,0.0,Gift Card,Shipped
5661,828,264,10,29,2025-12-14,3,25.86,0.0,Gift Card,Shipped
5662,666,260,13,42,2023-11-15,3,172.37,0.05,Gift Card,Completed
5663,450,6,4,26,2023-03-27,2,628.51,0.15,Cash,Completed
5664,781,208,8,19,2023-11-07,6,146.45,0.0,Debit Card,Cancelled
5665,1703,24,12,17,2023-09-05,2,129.26,0.15,PayPal,Completed
5666,1541,2,5,1,2023-08-11,1,35.98,0.0,Debit Card,Cancelled
5667,1360,258,1,50,2023-07-29,5,270.37,0.05,Credit Card,Shipped
5668,713,214,5,23,2025-05-05,6,264.25,0.0,Credit Card,Pending
5669,1294,134,8,19,2024-04-27,6,170.45,0.15,Debit Card,Pending
5670,1442,189,13,46,2023-06-16,3,399.71,0.0,Debit Card,Cancelled
5671,720,135,14,47,2025-05-26,6,126.8,0.0,Debit Card,Completed
5672,1812,154,11,33,2025-07-27,4,214.32,0.05,Credit Card,Completed
5673,629,296,10,29,2023-01-03,5,81.85,0.0,Gift Card,Completed
5674,765,285,2,28,2023-07-21,3,313.87,0.0,Credit Card,Shipped
5675,1275,153,9,38,2023-04-27,1,238.04,0.0,Cash,Returned
5676,1131,129,7,2,2025-03-02,5,267.03,0.0,Cash,Shipped
5677,1856,194,10,21,2025-08-14,4,35.78,0.0,Gift Card,Cancelled
5678,137,83,15,44,2024-05-18,3,347.94,0.0,Credit Card,Completed
5679,274,92,13,42,2023-02-23,3,665.8,0.0,Cash,Completed
5680,882,85,1,50,2024-07-07,2,347.38,0.0,Debit Card,Completed
5681,941,70,12,10,2024-01-15,1,42.41,0.1,Debit Card,Shipped
5682,384,13,5,1,2025-11-26,3,127.76,0.2,PayPal,Completed
5683,949,234,9,38,2025-11-14,3,314.58,0.0,Gift Card,Completed
5684,81,234,3,20,2024-04-07,3,314.58,0.05,Debit Card,Completed
5685,1027,228,7,2,2025-08-13,3,247.35,0.1,PayPal,Pending
5686,1214,185,15,44,2024-03-03,6,357.71,0.2,Debit Card,Cancelled
5687,1779,127,6,14,2024-10-14,3,90.5,0.15,Credit Card,Cancelled
5688,216,150,6,14,2024-05-23,4,157.31,0.0,Debit Card,Shipped
5689,261,147,9,38,2024-04-26,1,433.97,0.1,PayPal,Shipped
5690,1497,17,13,46,2025-05-22,3,307.03,0.15,Cash,Completed
5691,316,186,5,48,2023-04-13,5,39.01,0.2,PayPal,Returned
5692,1600,255,4,26,2024-11-10,5,118.85,0.15,Credit Card,Completed
5693,1961,9,6,14,2025-12-19,4,307.63,0.0,PayPal,Cancelled
5694,557,178,5,23,2023-01-14,6,41.87,0.0,PayPal,Completed
5695,490,248,7,40,2023-04-05,3,230.55,0.05,PayPal,Returned
5696,1246,284,15,5,2024-12-26,4,413.62,0.1,Cash,Completed
5697,201,270,1,41,2024-04-30,3,17.58,0.0,Debit Card,Completed
5698,743,135,8,24,2025-10-01,6,126.8,0.0,Cash,Completed
5699,696,11,3,43,2024-05-07,6,289.37,0.0,PayPal,Returned
5700,1114,116,4,34,2024-09-04,1,365.71,0.0,Credit Card,Completed
5701,709,153,1,41,2025-11-28,6,238.04,0.2,Gift Card,Shipped
5702,737,97,1,50,2024-09-19,6,228.27,0.1,Credit Card,Completed
5703,842,224,10,29,2024-02-09,3,190.7,0.1,Gift Card,Completed
5704,766,166,7,2,2025-10-06,4,172.27,0.0,Cash,Completed
5705,1306,152,6,14,2024-01-29,4,290.47,0.0,Debit Card,Completed
5706,152,80,2,28,2023-06-02,6,249.35,0.0,Credit Card,Completed
5707,445,278,11,7,2025-09-28,4,98.31,0.0,Credit Card,Completed
5708,1023,287,8,39,2025-11-23,5,173.87,0.15,PayPal,Returned
5709,1879,6,13,46,2025-05-02,4,628.51,0.05,Debit Card,Shipped
5710,1922,46,14,8,2025-06-06,3,393.27,0.0,Debit Card,Completed
5711,136,93,15,27,2025-10-01,2,380.69,0.2,PayPal,Shipped
5712,222,138,12,10,2023-04-22,3,102.03,0.0,PayPal,Completed
5713,772,265,4,34,2025-12-03,6,348.49,0.0,Debit Card,Shipped
5714,1671,110,10,21,2025-09-24,2,570.1,0.0,Credit Card,Completed
5715,1579,119,14,47,2025-01-25,5,63.82,0.0,Debit Card,Returned
5716,73,105,14,8,2024-01-09,2,500.45,0.0,Credit Card,Completed
5717,778,275,2,28,2025-03-27,1,255.49,0.2,Gift Card,Completed
5718,727,166,4,35,2025-01-15,3,172.27,0.0,Cash,Completed
5719,1691,239,2,3,2025-02-10,1,337.62,0.0,Gift Card,Completed
5720,284,152,13,46,2024-09-18,2,290.47,0.05,Gift Card,Pending
5721,1695,132,13,13,2023-07-03,1,127.63,0.0,Credit Card,Completed
5722,1320,202,11,7,2024-07-18,5,211.09,0.0,Cash,Completed
5723,977,133,11,33,2025-12-13,4,321.54,0.0,Cash,Completed
5724,694,110,3,31,2023-07-04,4,570.1,0.05,Credit Card,Completed
5725,905,90,6,9,2025-01-03,4,483.64,0.0,Debit Card,Returned
5726,1018,102,15,15,2024-06-11,2,455.19,0.2,PayPal,Shipped
5727,1265,31,9,25,2023-02-21,1,179.93,0.0,Cash,Completed
5728,1872,37,3,20,2023-09-29,4,91.98,0.05,Credit Card,Returned
5729,1803,69,7,40,2025-02-03,6,444.45,0.1,Gift Card,Cancelled
5730,606,153,9,38,2023-08-16,1,238.04,0.0,PayPal,Shipped
5731,192,248,5,1,2023-12-26,4,230.55,0.0,Credit Card,Completed
5732,525,29,12,17,2024-08-11,4,197.73,0.1,Debit Card,Completed
5733,227,224,7,40,2023-05-24,6,190.7,0.05,PayPal,Shipped
5734,1288,291,11,33,2023-06-04,6,9.1,0.0,Debit Card,Returned
5735,1409,65,12,17,2025-07-13,5,543.26,0.0,Cash,Completed
5736,7,239,6,14,2024-05-04,2,337.62,0.0,PayPal,Completed
5737,977,24,15,27,2024-03-30,5,129.26,0.0,Debit Card,Shipped
5738,1120,185,15,27,2023-11-16,3,357.71,0.1,Debit Card,Pending
5739,1863,157,5,23,2025-03-09,2,110.95,0.2,Gift Card,Shipped
5740,528,292,5,23,2025-06-06,3,398.38,0.1,Debit Card,Completed
5741,30,37,2,3,2025-02-01,2,91.98,0.2,Credit Card,Completed
5742,720,300,14,8,2024-12-28,5,306.79,0.0,Debit Card,Completed
5743,787,17,7,40,2025-11-06,2,307.03,0.0,Debit Card,Completed
5744,147,127,6,9,2024-11-04,2,90.5,0.0,PayPal,Shipped
5745,741,231,11,12,2023-02-09,2,52.2,0.0,Gift Card,Pending
5746,115,45,9,25,2024-03-15,2,107.36,0.0,Credit Card,Pending
5747,386,30,14,47,2025-11-12,1,544.88,0.0,Debit Card,Completed
5748,898,142,8,24,2024-12-04,3,306.71,0.2,Gift Card,Completed
5749,1552,100,13,30,2023-01-11,1,447.11,0.05,Cash,Cancelled
5750,804,189,14,47,2025-07-07,5,399.71,0.0,PayPal,Cancelled
5751,801,181,2,45,2024-11-18,1,334.11,0.2,Debit Card,Pending
5752,793,129,13,49,2023-11-12,2,267.03,0.05,Credit Card,Completed
5753,623,248,8,19,2023-11-24,2,230.55,0.2,PayPal,Completed
5754,678,103,13,42,2023-07-22,5,220.08,0.05,Credit Card,Cancelled
5755,1624,149,7,40,2023-07-21,5,431.72,0.15,Cash,Completed
5756,58,266,5,1,2024-10-27,6,140.34,0.0,PayPal,Completed
5757,39,239,5,1,2025-03-25,6,337.62,0.0,PayPal,Completed
5758,1110,219,8,39,2024-11-05,6,243.18,0.0,Credit Card,Completed
5759,46,268,2,45,2025-07-29,5,252.86,0.15,Cash,Completed
5760,1422,300,8,24,2023-09-04,4,306.79,0.2,Credit Card,Pending
5761,888,242,7,40,2023-04-11,6,378.8,0.1,Gift Card,Returned
5762,1096,169,8,39,2023-08-31,6,446.78,0.05,Credit Card,Completed
5763,1908,189,4,35,2023-10-26,6,399.71,0.1,Gift Card,Cancelled
5764,1656,31,10,21,2023-05-16,3,179.93,0.0,Cash,Completed
5765,1054,300,1,50,2024-11-27,5,306.79,0.1,Credit Card,Completed
5766,1729,274,7,40,2025-09-30,2,57.88,0.0,PayPal,Completed
5767,240,130,13,42,2025-04-06,4,293.35,0.05,Gift Card,Cancelled
5768,1426,195,11,7,2024-10-10,3,165.25,0.0,Debit Card,Completed
5769,1559,148,2,28,2024-01-13,6,293.31,0.05,PayPal,Completed
5770,784,177,11,33,2025-08-03,1,467.22,0.0,Gift Card,Cancelled
5771,218,217,1,22,2024-08-21,3,80.74,0.0,Debit Card,Completed
5772,1812,32,12,11,2023-12-23,4,162.12,0.2,Credit Card,Completed
5773,237,152,4,35,2025-08-11,4,290.47,0.2,Cash,Completed
5774,1791,95,1,50,2025-05-15,2,435.89,0.1,Debit Card,Completed
5775,416,227,6,14,2025-05-22,2,225.3,0.0,PayPal,Completed
5776,409,93,9,38,2025-06-30,2,380.69,0.05,Credit Card,Completed
5777,949,189,7,40,2024-07-15,5,399.71,0.15,Cash,Completed
5778,439,9,10,29,2024-05-07,4,307.63,0.0,Gift Card,Completed
5779,767,32,13,42,2025-11-03,5,162.12,0.0,Gift Card,Completed
5780,1155,134,9,25,2025-11-23,4,170.45,0.0,PayPal,Shipped
5781,1000,77,12,11,2024-09-03,2,442.92,0.05,PayPal,Completed
5782,879,109,15,5,2025-07-14,6,33.31,0.1,Credit Card,Completed
5783,300,1,5,23,2023-12-08,5,31.01,0.1,Debit Card,Completed
5784,1153,250,10,29,2023-01-06,5,120.54,0.05,Credit Card,Pending
5785,648,87,14,8,2024-09-06,6,321.84,0.0,Cash,Shipped
5786,91,65,4,26,2024-03-20,2,543.26,0.0,Debit Card,Completed
5787,1338,136,7,40,2023-03-14,1,266.29,0.1,Cash,Completed
5788,302,255,14,47,2023-02-19,5,118.85,0.1,Credit Card,Completed
5789,1750,63,12,17,2023-05-05,2,63.8,0.2,Debit Card,Shipped
5790,215,155,1,50,2024-03-20,1,232.62,0.0,Cash,Shipped
5791,1894,253,1,36,2025-01-03,6,101.3,0.1,PayPal,Returned
5792,1219,253,6,9,2024-07-27,5,101.3,0.1,Gift Card,Shipped
5793,529,280,11,12,2023-11-16,2,59.78,0.2,Cash,Returned
5794,18,156,3,31,2025-04-14,3,64.7,0.05,Gift Card,Completed
5795,793,186,5,1,2024-09-03,1,39.01,0.05,Credit Card,Returned
5796,553,177,15,15,2023-02-22,1,467.22,0.0,Credit Card,Returned
5797,322,139,13,13,2023-08-23,5,334.0,0.0,Gift Card,Completed
5798,814,92,1,50,2023-07-27,1,665.8,0.1,PayPal,Returned
5799,334,210,11,33,2024-01-06,1,77.07,0.05,Gift Card,Shipped
5800,39,81,3,43,2023-04-07,4,379.78,0.0,Cash,Completed
5801,1881,67,2,3,2024-07-29,3,138.29,0.0,PayPal,Completed
5802,9,177,6,14,2025-06-11,5,467.22,0.15,Cash,Returned
5803,1656,202,3,43,2023-09-10,6,211.09,0.05,Cash,Completed
5804,1859,71,13,46,2025-10-04,6,251.36,0.0,PayPal,Completed
5805,76,223,14,47,2023-04-08,3,162.74,0.0,Debit Card,Returned
5806,908,145,1,36,2024-08-12,6,328.64,0.0,Credit Card,Pending
5807,1367,224,10,4,2025-09-03,2,190.7,0.0,Credit Card,Completed
5808,1951,47,5,1,2023-07-23,3,126.89,0.0,PayPal,Pending
5809,1769,119,13,13,2025-06-13,6,63.82,0.05,PayPal,Shipped
5810,21,254,3,43,2023-04-28,2,307.61,0.1,PayPal,Completed
5811,947,59,5,1,2024-03-26,6,239.55,0.0,Cash,Completed
5812,853,153,8,19,2023-10-01,2,238.04,0.2,Cash,Completed
5813,1636,50,12,11,2025-05-12,6,564.26,0.0,Credit Card,Completed
5814,1855,293,5,48,2025-01-07,2,54.25,0.0,Cash,Completed
5815,576,187,4,35,2025-05-28,3,226.55,0.05,Debit Card,Returned
5816,163,257,10,29,2023-03-28,1,29.22,0.0,Gift Card,Completed
5817,725,253,4,26,2024-12-31,5,101.3,0.15,PayPal,Pending
5818,958,162,5,48,2025-04-08,4,532.97,0.0,Cash,Returned
5819,1016,194,7,40,2025-03-23,4,35.78,0.2,PayPal,Shipped
5820,451,155,12,10,2025-11-11,5,232.62,0.2,Credit Card,Shipped
5821,618,73,4,26,2023-11-27,6,68.44,0.0,Debit Card,Cancelled
5822,1787,146,12,10,2024-08-10,6,309.25,0.15,Credit Card,Completed
5823,195,7,5,23,2023-02-03,3,279.59,0.1,Cash,Completed
5824,1714,28,10,4,2024-11-15,1,360.14,0.2,Gift Card,Completed
5825,1564,150,6,9,2025-03-30,5,157.31,0.0,PayPal,Cancelled
5826,1100,117,11,7,2025-09-12,4,77.12,0.0,PayPal,Completed
5827,1540,17,8,39,2023-03-16,3,307.03,0.05,Cash,Completed
5828,1112,26,2,3,2025-10-16,3,68.26,0.0,Credit Card,Cancelled
5829,663,140,11,7,2025-02-01,1,257.08,0.0,Cash,Returned
5830,1486,153,1,36,2023-12-25,2,238.04,0.15,PayPal,Completed
5831,6,98,6,14,2023-07-24,2,263.06,0.2,Cash,Completed
5832,1177,189,6,14,2023-12-21,1,399.71,0.1,Credit Card,Pending
5833,693,166,7,40,2024-03-19,4,172.27,0.2,Credit Card,Completed
5834,224,241,9,25,2023-01-01,2,108.19,0.0,Debit Card,Completed
5835,728,103,3,43,2024-02-14,4,220.08,0.0,Cash,Shipped
5836,963,297,14,8,2023-11-16,6,334.26,0.05,Credit Card,Cancelled
5837,248,33,5,48,2023-07-23,3,422.83,0.05,Debit Card,Pending
5838,243,253,7,2,2024-04-25,4,101.3,0.0,Credit Card,Completed
5839,1117,132,6,9,2024-12-17,2,127.63,0.0,PayPal,Cancelled
5840,1899,237,10,29,2024-04-03,1,159.44,0.0,Debit Card,Completed
5841,1646,39,2,28,2024-01-14,3,340.31,0.0,Gift Card,Shipped
5842,263,57,7,40,2024-02-17,6,207.9,0.2,Debit Card,Returned
5843,465,142,2,37,2024-06-12,1,306.71,0.2,Credit Card,Returned
5844,859,58,2,37,2023-09-26,1,76.76,0.0,PayPal,Shipped
5845,528,232,9,38,2025-02-01,2,316.8,0.1,Gift Card,Completed
5846,58,246,15,5,2024-08-29,5,594.34,0.0,Debit Card,Completed
5847,433,126,6,9,2025-05-27,5,333.86,0.0,Gift Card,Completed
5848,1027,16,6,9,2023-01-07,4,561.32,0.15,Gift Card,Cancelled
5849,689,168,6,9,2024-06-18,5,303.92,0.15,PayPal,Completed
5850,181,73,7,40,2024-02-11,6,68.44,0.0,PayPal,Pending
5851,10,246,1,41,2024-02-26,1,594.34,0.15,Gift Card,Completed
5852,1159,129,14,8,2025-12-19,2,267.03,0.05,Gift Card,Returned
5853,201,110,8,19,2025-04-08,6,570.1,0.0,Debit Card,Returned
5854,1183,235,4,35,2024-11-15,1,265.0,0.0,Debit Card,Completed
5855,404,184,2,37,2024-01-26,5,304.08,0.0,Debit Card,Shipped
5856,349,263,15,18,2023-11-02,5,47.7,0.1,Cash,Completed
5857,754,196,15,18,2023-01-29,3,222.19,0.0,PayPal,Completed
5858,577,157,11,12,2025-07-31,4,110.95,0.0,Cash,Returned
5859,422,123,9,25,2024-11-21,2,203.09,0.1,Cash,Completed
5860,1904,67,14,47,2024-04-19,3,138.29,0.2,Gift Card,Completed
5861,441,127,9,38,2024-04-01,6,90.5,0.2,Credit Card,Returned
5862,1787,217,7,2,2024-02-07,5,80.74,0.15,Debit Card,Completed
5863,1228,71,10,4,2024-08-28,4,251.36,0.15,Cash,Pending
5864,1648,185,6,14,2025-05-09,6,357.71,0.15,Debit Card,Completed
5865,1330,278,11,7,2025-04-22,5,98.31,0.2,Cash,Returned
5866,973,160,10,6,2025-11-23,6,466.97,0.0,Cash,Returned
5867,1065,67,6,14,2025-08-01,4,138.29,0.0,PayPal,Cancelled
5868,1278,135,2,3,2023-08-15,6,126.8,0.0,Cash,Returned
5869,913,242,5,48,2023-11-26,1,378.8,0.1,Cash,Shipped
5870,1633,131,1,22,2025-07-04,6,582.03,0.0,Debit Card,Completed
5871,226,242,2,45,2023-10-21,3,378.8,0.1,PayPal,Completed
5872,538,88,5,48,2025-06-24,1,291.53,0.15,Cash,Completed
5873,1254,47,6,14,2023-12-26,5,126.89,0.1,Credit Card,Cancelled
5874,1303,245,3,20,2024-09-18,6,328.64,0.0,Cash,Pending
5875,802,176,7,2,2023-09-12,5,171.51,0.0,Credit Card,Pending
5876,87,84,5,23,2024-01-30,4,38.26,0.2,Debit Card,Completed
5877,772,261,6,9,2024-01-15,1,638.9,0.15,Credit Card,Completed
5878,1756,189,15,15,2025-11-19,2,399.71,0.2,PayPal,Pending
5879,170,222,11,12,2024-01-08,6,412.69,0.0,Debit Card,Cancelled
5880,750,186,5,1,2025-11-03,2,39.01,0.0,PayPal,Cancelled
5881,1589,184,2,37,2023-11-17,5,304.08,0.0,Gift Card,Pending
5882,373,187,13,13,2024-08-03,3,226.55,0.1,Cash,Cancelled
5883,279,81,14,47,2023-03-19,3,379.78,0.0,Debit Card,Pending
5884,381,259,14,8,2025-04-03,4,395.59,0.0,Cash,Completed
5885,483,234,11,33,2023-02-28,6,314.58,0.05,Debit Card,Completed
5886,8,39,4,26,2025-06-21,1,340.31,0.1,Cash,Cancelled
5887,977,221,15,44,2024-01-22,2,183.32,0.1,Credit Card,Cancelled
5888,259,37,7,40,2024-12-13,6,91.98,0.2,Cash,Pending
5889,1514,193,13,49,2024-02-25,4,248.63,0.0,Credit Card,Pending
5890,34,109,4,35,2025-04-27,4,33.31,0.0,Credit Card,Returned
5891,1283,262,3,31,2025-07-20,1,392.06,0.15,Cash,Pending
5892,529,11,15,27,2024-11-14,1,289.37,0.1,Cash,Returned
5893,374,96,9,38,2025-11-04,4,595.96,0.05,Gift Card,Completed
5894,559,214,3,31,2023-04-29,1,264.25,0.0,Credit Card,Shipped
5895,1773,288,1,41,2023-12-20,4,367.22,0.0,Cash,Completed
5896,177,138,2,45,2025-06-30,3,102.03,0.0,Credit Card,Completed
5897,102,219,10,29,2024-07-01,6,243.18,0.0,Gift Card,Completed
5898,1311,89,11,7,2024-10-18,2,248.83,0.2,Gift Card,Shipped
5899,666,169,2,3,2024-11-15,3,446.78,0.15,Debit Card,Completed
5900,1655,95,8,39,2023-04-21,1,435.89,0.0,Credit Card,Completed
5901,1831,264,4,26,2024-04-12,5,25.86,0.0,Credit Card,Completed
5902,1306,166,2,45,2023-09-10,3,172.27,0.2,Debit Card,Completed
5903,1775,106,15,44,2024-06-22,3,127.35,0.2,PayPal,Completed
5904,60,246,10,29,2023-06-03,6,594.34,0.2,Gift Card,Completed
5905,785,240,14,47,2023-01-25,6,196.7,0.2,Gift Card,Completed
5906,877,28,13,13,2024-12-04,1,360.14,0.15,Cash,Returned
5907,196,46,1,41,2024-04-14,2,393.27,0.1,Credit Card,Shipped
5908,1351,151,14,8,2024-07-28,1,61.55,0.05,Cash,Completed
5909,1158,99,4,35,2024-10-19,2,384.25,0.0,Debit Card,Pending
5910,1770,149,12,10,2025-06-06,1,431.72,0.0,Debit Card,Cancelled
5911,1334,42,3,31,2023-05-17,2,483.01,0.0,Cash,Completed
5912,1687,54,15,27,2023-10-11,4,43.29,0.15,Gift Card,Completed
5913,672,90,6,9,2025-08-24,2,483.64,0.1,PayPal,Completed
5914,836,14,7,40,2025-04-18,5,379.66,0.0,Gift Card,Cancelled
5915,900,27,9,38,2024-03-16,1,565.88,0.1,Gift Card,Cancelled
5916,677,290,10,29,2023-08-01,2,30.66,0.15,PayPal,Completed
5917,1783,132,12,11,2024-06-06,5,127.63,0.0,Gift Card,Completed
5918,1133,159,11,33,2024-11-04,5,323.53,0.0,PayPal,Shipped
5919,127,87,11,33,2024-04-23,1,321.84,0.05,Credit Card,Pending
5920,635,198,15,44,2024-11-06,1,125.5,0.15,PayPal,Completed
5921,1720,39,7,2,2023-06-06,5,340.31,0.0,Gift Card,Pending
5922,65,262,14,8,2023-05-29,5,392.06,0.15,Debit Card,Completed
5923,113,58,8,39,2023-08-15,1,76.76,0.0,Credit Card,Pending
5924,568,130,9,38,2024-06-06,3,293.35,0.2,Debit Card,Completed
5925,963,69,6,14,2023-07-03,6,444.45,0.0,Credit Card,Cancelled
5926,16,291,15,5,2024-07-12,3,9.1,0.15,Gift Card,Completed
5927,146,209,6,9,2024-11-28,3,193.95,0.2,Debit Card,Returned
5928,1741,1,11,7,2023-01-15,5,31.01,0.1,Gift Card,Pending
5929,1613,55,5,48,2024-09-23,2,17.81,0.05,Debit Card,Pending
5930,1039,189,3,20,2024-10-29,4,399.71,0.2,Credit Card,Completed
5931,1155,119,14,47,2024-12-28,5,63.82,0.0,Gift Card,Completed
5932,950,214,4,26,2023-05-28,5,264.25,0.15,Debit Card,Completed
5933,925,127,8,24,2023-07-01,1,90.5,0.0,Cash,Completed
5934,1603,233,12,10,2024-10-14,5,400.32,0.0,Cash,Completed
5935,235,178,9,38,2023-05-20,6,41.87,0.0,Credit Card,Shipped
5936,1014,136,11,7,2025-06-02,4,266.29,0.0,PayPal,Completed
5937,1665,268,8,39,2023-06-16,1,252.86,0.1,Credit Card,Completed
5938,900,194,13,13,2023-03-07,3,35.78,0.15,Cash,Cancelled
5939,1578,24,9,38,2024-05-30,2,129.26,0.0,Gift Card,Completed
5940,833,209,15,18,2025-09-06,6,193.95,0.0,Cash,Completed
5941,1204,201,15,16,2025-02-21,1,307.14,0.2,Credit Card,Pending
5942,1299,241,3,43,2024-03-15,4,108.19,0.2,Debit Card,Completed
5943,739,234,9,25,2023-08-28,2,314.58,0.0,Gift Card,Returned
5944,788,198,3,43,2025-12-05,6,125.5,0.0,Debit Card,Pending
5945,1073,289,5,1,2023-05-01,6,246.14,0.2,Debit Card,Shipped
5946,1513,150,7,40,2024-08-18,4,157.31,0.2,Gift Card,Completed
5947,1920,260,9,38,2024-05-04,2,172.37,0.0,Debit Card,Completed
5948,65,143,4,35,2024-08-31,2,511.76,0.0,PayPal,Pending
5949,614,273,6,9,2024-12-10,3,265.88,0.15,Cash,Completed
5950,345,133,5,23,2023-02-20,3,321.54,0.15,Credit Card,Shipped
5951,188,218,7,2,2025-03-02,3,95.1,0.2,Gift Card,Completed
5952,128,114,1,22,2024-03-24,4,356.17,0.1,Cash,Completed
5953,545,65,14,47,2023-08-28,2,543.26,0.15,Gift Card,Completed
5954,44,192,13,46,2025-10-22,1,29.92,0.15,Gift Card,Cancelled
5955,1542,68,10,4,2023-07-18,6,15.0,0.05,PayPal,Completed
5956,1029,6,15,27,2025-06-17,2,628.51,0.0,Credit Card,Completed
5957,482,10,8,24,2025-06-29,4,46.02,0.0,Gift Card,Completed
5958,1587,201,14,47,2025-06-30,2,307.14,0.0,PayPal,Cancelled
5959,1995,32,12,11,2023-07-02,6,162.12,0.0,Credit Card,Completed
5960,1616,285,9,38,2024-10-22,3,313.87,0.1,Cash,Completed
5961,718,35,12,11,2025-06-13,4,53.95,0.2,Credit Card,Completed
5962,134,164,3,31,2023-10-18,4,117.71,0.0,Credit Card,Pending
5963,964,31,9,38,2025-05-31,5,179.93,0.0,Debit Card,Pending
5964,139,224,15,5,2024-06-06,5,190.7,0.15,Cash,Cancelled
5965,505,113,8,19,2023-10-02,6,438.2,0.0,PayPal,Completed
5966,428,130,12,11,2023-07-04,2,293.35,0.0,Cash,Completed
5967,1811,197,11,7,2023-10-22,3,82.36,0.15,PayPal,Returned
5968,504,123,2,37,2023-01-16,3,203.09,0.1,PayPal,Completed
5969,779,85,8,39,2024-07-31,1,347.38,0.0,Gift Card,Returned
5970,1719,33,2,3,2023-03-13,4,422.83,0.15,PayPal,Completed
5971,1624,193,6,9,2023-07-07,-5,248.63,0.1,Debit Card,Completed
5972,665,99,10,29,2025-05-26,4,384.25,0.2,Cash,Completed
5973,1373,40,6,9,2023-05-27,5,408.98,0.05,Credit Card,Cancelled
5974,617,104,4,34,2025-02-27,6,61.42,0.0,Cash,Completed
5975,341,199,2,37,2023-07-19,5,314.59,0.1,Debit Card,Completed
5976,672,82,5,1,2023-05-17,2,166.87,0.0,Debit Card,Completed
5977,424,9,9,38,2023-04-03,6,307.63,0.05,Debit Card,Completed
5978,1673,259,11,7,2025-06-28,5,395.59,0.2,Gift Card,Cancelled
5979,1521,237,4,34,2025-01-22,4,159.44,0.15,Credit Card,Shipped
5980,758,71,1,41,2023-03-06,4,251.36,0.0,PayPal,Cancelled
5981,13,99,5,48,2025-10-11,4,384.25,0.0,Credit Card,Shipped
5982,1927,12,4,26,2025-11-15,3,582.22,0.15,Cash,Cancelled
5983,1879,70,3,43,2025-02-05,3,42.41,0.0,Debit Card,Shipped
5984,699,37,3,43,2024-06-14,1,91.98,0.0,Debit Card,Returned
5985,1805,162,3,31,2025-12-17,1,532.97,0.0,Debit Card,Completed
5986,438,6,15,32,2024-12-13,6,628.51,0.0,Credit Card,Completed
5987,1009,72,2,28,2024-02-28,6,301.36,0.2,Gift Card,Returned
5988,1271,28,12,17,2025-11-13,1,360.14,0.0,Debit Card,Cancelled
5989,157,61,12,10,2023-06-06,1,172.42,0.1,PayPal,Completed
5990,1358,26,9,25,2025-11-05,5,68.26,0.0,Debit Card,Completed
5991,386,265,1,22,2023-06-18,6,348.49,0.15,Credit Card,Returned
5992,1759,262,3,20,2023-11-10,4,392.06,0.15,PayPal,Completed
5993,484,105,2,37,2024-10-12,6,500.45,0.2,Debit Card,Returned
5994,1809,190,9,25,2025-11-01,1,292.3,0.0,Gift Card,Pending
5995,893,257,11,33,2023-03-16,4,29.22,0.05,PayPal,Pending
5996,573,146,1,36,2025-05-07,3,309.25,0.0,Debit Card,Completed
5997,1915,295,11,12,2025-12-20,6,647.12,0.15,Cash,Returned
5998,58,299,9,38,2024-01-16,6,150.33,0.2,Credit Card,Pending
5999,1182,21,15,15,2025-09-19,3,407.45,0.0,Debit Card,Completed
6000,540,284,15,32,2023-03-17,1,413.62,0.0,Gift Card,Pending
6001,1690,206,9,25,2024-01-25,6,367.62,0.15,Cash,Completed
6002,803,183,15,27,2025-11-09,6,70.12,0.1,Cash,Completed
6003,1710,139,1,36,2024-05-31,3,334.0,0.0,Debit Card,Cancelled
6004,1161,97,7,40,2023-12-19,2,228.27,0.0,Cash,Shipped
6005,120,260,11,12,2023-05-25,1,172.37,0.05,PayPal,Cancelled
6006,1650,45,7,40,2024-08-19,3,107.36,0.15,Gift Card,Returned
6007,1914,300,6,14,2023-05-01,5,306.79,0.15,Gift Card,Cancelled
6008,990,23,2,3,2025-02-25,1,298.77,0.0,Credit Card,Shipped
6009,1350,110,3,20,2024-11-26,5,570.1,0.05,Gift Card,Completed
6010,1068,172,15,16,2024-12-21,5,70.42,0.2,Credit Card,Cancelled
6011,592,110,10,21,2025-06-09,1,570.1,0.2,PayPal,Shipped
6012,1094,203,9,38,2023-05-16,5,511.82,0.0,Cash,Pending
6013,1532,162,6,14,2025-06-22,4,532.97,0.1,Gift Card,Completed
6014,1630,223,11,7,2023-01-25,6,162.74,0.0,Debit Card,Pending
6015,453,218,11,7,2024-12-28,6,95.1,0.2,Gift Card,Completed
6016,868,225,8,24,2024-05-28,2,131.27,0.0,Credit Card,Shipped
6017,110,165,10,29,2024-11-23,1,216.64,0.0,Debit Card,Completed
6018,1770,117,4,34,2023-07-02,4,77.12,0.15,Gift Card,Completed
6019,1275,217,12,11,2024-04-03,1,80.74,0.1,Debit Card,Cancelled
6020,42,75,12,11,2025-03-12,1,363.98,0.2,Credit Card,Completed
6021,1981,78,6,14,2025-02-19,2,176.26,0.0,Credit Card,Completed
6022,1440,267,1,50,2024-11-20,5,139.61,0.15,Gift Card,Shipped
6023,762,149,3,20,2023-10-03,1,431.72,0.15,Credit Card,Completed
6024,804,262,9,38,2023-12-21,4,392.06,0.0,Credit Card,Shipped
6025,580,290,2,3,2025-06-16,6,30.66,0.05,Credit Card,Shipped
6026,1683,258,9,25,2023-09-16,4,270.37,0.0,Credit Card,Cancelled
6027,1537,57,13,30,2024-07-08,5,207.9,0.0,Gift Card,Completed
6028,554,108,7,2,2024-06-22,4,603.53,0.0,Gift Card,Cancelled
6029,1090,271,12,10,2025-04-03,6,316.69,0.1,Cash,Completed
6030,1977,119,5,23,2025-08-13,3,63.82,0.0,Credit Card,Pending
6031,1623,229,5,48,2024-01-14,4,321.97,0.0,PayPal,Pending
6032,254,277,15,15,2023-02-22,4,320.72,0.0,Debit Card,Completed
6033,908,263,4,34,2023-07-31,6,47.7,0.0,Cash,Completed
6034,1920,82,6,14,2024-03-25,4,166.87,0.0,Gift Card,Pending
6035,1925,11,11,33,2024-07-09,6,289.37,0.0,Cash,Shipped
6036,1093,212,15,27,2023-06-21,2,26.85,0.05,Debit Card,Shipped
6037,754,289,3,20,2023-03-08,4,246.14,0.0,PayPal,Completed
6038,657,174,8,24,2024-06-16,6,62.11,0.1,Credit Card,Shipped
6039,580,77,14,8,2023-05-19,1,442.92,0.2,PayPal,Pending
6040,1061,171,12,17,2025-07-29,4,293.86,0.15,Credit Card,Completed
6041,832,214,11,33,2025-03-10,6,264.25,0.05,PayPal,Completed
6042,1011,276,10,6,2024-02-03,4,394.14,0.15,Gift Card,Completed
6043,1464,291,10,4,2025-09-24,6,9.1,0.15,Credit Card,Completed
6044,1854,296,8,39,2025-11-13,6,81.85,0.0,Credit Card,Completed
6045,828,67,2,28,2024-07-28,1,138.29,0.1,Credit Card,Completed
6046,1619,77,10,21,2025-02-14,3,442.92,0.2,Gift Card,Returned
6047,1897,165,5,23,2025-04-22,6,216.64,0.0,Debit Card,Completed
6048,1875,169,15,32,2023-02-16,3,446.78,0.0,Gift Card,Returned
6049,1771,267,12,17,2024-08-12,5,139.61,0.2,Cash,Completed
6050,537,246,10,21,2024-08-10,2,594.34,0.0,Debit Card,Completed
6051,460,156,9,25,2024-03-28,6,64.7,0.05,Cash,Completed
6052,1743,146,14,8,2024-01-30,6,309.25,0.1,Credit Card,Completed
6053,945,92,4,35,2024-07-12,5,665.8,0.0,Credit Card,Shipped
6054,826,215,13,49,2024-10-10,4,108.22,0.0,Debit Card,Cancelled
6055,645,56,11,12,2023-12-27,1,176.55,0.05,Credit Card,Completed
6056,1632,293,14,47,2023-04-08,3,54.25,0.05,Debit Card,Completed
6057,308,138,15,15,2025-10-12,6,102.03,0.0,Debit Card,Completed
6058,173,122,11,33,2024-01-26,4,203.86,0.1,Credit Card,Completed
6059,22,210,7,40,2024-07-22,2,77.07,0.1,PayPal,Completed
6060,669,188,14,47,2023-03-22,4,448.74,0.15,Debit Card,Completed
6061,78,272,13,13,2023-10-01,6,596.66,0.0,Cash,Shipped
6062,1214,63,11,33,2024-03-26,1,63.8,0.15,Credit Card,Returned
6063,651,249,1,41,2023-04-23,3,471.0,0.0,Gift Card,Completed
6064,1659,196,5,1,2024-07-15,1,222.19,0.0,Credit Card,Completed
6065,373,88,9,25,2024-08-11,1,291.53,0.0,PayPal,Completed
6066,160,14,6,9,2023-09-18,2,379.66,0.0,Debit Card,Completed
6067,446,292,12,10,2023-10-06,6,398.38,0.1,PayPal,Cancelled
6068,580,96,15,5,2025-10-10,2,595.96,0.0,Debit Card,Completed
6069,1461,138,3,20,2023-06-23,4,102.03,0.2,Credit Card,Completed
6070,1229,298,12,10,2024-11-26,2,202.95,0.0,Cash,Completed
6071,1029,153,10,29,2024-01-02,6,238.04,0.1,Cash,Completed
6072,1772,127,15,32,2024-10-24,1,90.5,0.15,Credit Card,Shipped
6073,1934,276,10,29,2023-06-27,4,394.14,0.05,Credit Card,Completed
6074,1218,53,11,7,2023-08-10,3,459.8,0.0,Credit Card,Completed
6075,1415,229,14,47,2023-04-17,1,321.97,0.15,Credit Card,Shipped
6076,1924,155,15,5,2025-12-04,1,232.62,0.05,Cash,Shipped
6077,1327,16,7,2,2023-02-22,5,561.32,0.1,Debit Card,Completed
6078,391,222,12,11,2025-01-23,2,412.69,0.15,PayPal,Completed
6079,765,65,8,19,2023-04-16,6,543.26,0.15,Gift Card,Cancelled
6080,1409,238,6,14,2023-07-13,4,196.9,0.05,Debit Card,Completed
6081,637,139,8,39,2023-02-08,1,334.0,0.0,Cash,Completed
6082,268,165,10,29,2024-02-18,2,216.64,0.15,Cash,Completed
6083,932,23,13,49,2025-07-27,6,298.77,0.0,Gift Card,Completed
6084,1775,281,9,38,2025-11-09,5,125.56,0.2,Credit Card,Returned
6085,1930,32,10,6,2023-10-07,6,162.12,0.0,Cash,Cancelled
6086,29,73,1,41,2025-04-06,1,68.44,0.05,PayPal,Returned
6087,655,32,11,12,2023-07-25,3,162.12,0.2,Debit Card,Returned
6088,1633,277,3,31,2024-06-20,5,320.72,0.0,Gift Card,Completed
6089,681,279,1,41,2024-01-16,6,281.48,0.05,Cash,Completed
6090,1999,19,15,18,2024-11-30,4,332.56,0.0,Credit Card,Pending
6091,299,298,14,47,2023-09-11,2,202.95,0.05,Cash,Completed
6092,457,139,14,8,2025-01-05,2,334.0,0.0,Debit Card,Shipped
6093,856,233,1,36,2025-10-31,5,400.32,0.15,Debit Card,Completed
6094,1459,91,2,3,2023-04-13,5,406.77,0.0,Credit Card,Completed
6095,820,133,11,12,2024-11-23,1,321.54,0.0,Cash,Shipped
6096,1101,184,1,41,2025-06-14,3,304.08,0.15,Credit Card,Cancelled
6097,1530,132,10,29,2024-05-14,5,127.63,0.2,Credit Card,Cancelled
6098,1541,155,5,23,2023-10-14,6,232.62,0.0,Cash,Cancelled
6099,554,45,6,14,2024-01-09,5,107.36,0.0,Credit Card,Completed
6100,1821,293,13,46,2024-08-06,5,54.25,0.0,Debit Card,Shipped
6101,485,73,3,43,2024-11-17,4,68.44,0.2,Debit Card,Shipped
6102,1692,211,8,39,2024-03-25,1,199.85,0.2,PayPal,Shipped
6103,1687,175,14,47,2023-02-17,5,86.78,0.2,Gift Card,Shipped
6104,1455,146,9,38,2023-05-18,4,309.25,0.0,PayPal,Completed
6105,28,173,11,7,2023-11-26,2,159.58,0.0,PayPal,Completed
6106,781,82,10,21,2024-05-16,1,166.87,0.0,Gift Card,Returned
6107,800,115,6,14,2025-05-22,2,295.79,0.0,Cash,Completed
6108,415,164,14,8,2023-03-25,1,117.71,0.0,Cash,Returned
6109,1365,187,1,50,2024-11-05,5,226.55,0.0,Cash,Completed
6110,1999,227,15,18,2024-03-07,3,225.3,0.1,PayPal,Completed
6111,1392,197,4,35,2023-11-01,4,82.36,0.2,Cash,Pending
6112,1345,202,12,10,2023-09-08,4,211.09,0.2,Gift Card,Cancelled
6113,1539,162,11,12,2025-08-06,4,532.97,0.0,Gift Card,Completed
6114,785,184,4,26,2024-11-27,1,304.08,0.05,Credit Card,Completed
6115,1169,210,1,50,2025-07-30,5,77.07,0.05,PayPal,Completed
6116,575,300,15,15,2025-04-12,2,306.79,0.0,Cash,Shipped
6117,1231,89,4,34,2025-10-27,3,248.83,0.0,Gift Card,Cancelled
6118,1079,106,3,43,2025-10-14,5,127.35,0.2,Gift Card,Shipped
6119,594,36,8,39,2025-10-20,6,480.04,0.0,Debit Card,Completed
6120,238,28,7,2,2025-08-20,5,360.14,0.05,Gift Card,Pending
6121,754,110,13,13,2024-08-02,6,570.1,0.0,Debit Card,Completed
6122,877,186,6,9,2024-09-25,5,39.01,0.15,Gift Card,Completed
6123,783,155,2,37,2025-10-08,4,232.62,0.0,Gift Card,Cancelled
6124,627,220,15,18,2023-02-22,2,357.02,0.2,Debit Card,Returned
6125,1806,145,11,7,2023-09-24,5,328.64,0.2,Gift Card,Returned
6126,1023,51,3,20,2023-10-18,1,190.91,0.05,Gift Card,Completed
6127,892,215,7,40,2025-07-25,2,108.22,0.1,Gift Card,Completed
6128,1590,23,15,32,2025-09-27,2,298.77,0.05,Debit Card,Pending
6129,1365,100,15,44,2025-04-26,3,447.11,0.15,Gift Card,Pending
6130,942,222,2,37,2025-04-22,3,412.69,0.15,Credit Card,Pending
6131,58,81,7,40,2023-11-20,6,379.78,0.15,Debit Card,Completed
6132,1445,131,5,48,2024-11-25,2,582.03,0.0,PayPal,Shipped
6133,882,139,2,45,2024-01-12,4,334.0,0.0,PayPal,Shipped
6134,53,297,11,7,2024-11-27,4,334.26,0.1,PayPal,Completed
6135,1064,9,4,26,2025-10-02,1,307.63,0.0,Credit Card,Completed
6136,1566,214,6,14,2025-09-16,1,264.25,0.0,Debit Card,Completed
6137,83,273,11,33,2024-11-03,5,265.88,0.0,Credit Card,Returned
6138,1413,94,7,40,2024-09-21,5,325.59,0.1,Gift Card,Cancelled
6139,178,33,12,17,2023-03-29,2,422.83,0.0,Cash,Pending
6140,437,285,9,38,2023-02-27,3,313.87,0.0,Cash,Shipped
6141,153,203,2,45,2025-04-11,6,511.82,0.15,Debit Card,Completed
6142,814,103,13,13,2024-11-02,3,220.08,0.0,Credit Card,Returned
6143,596,264,11,7,2023-02-10,5,25.86,0.1,Cash,Completed
6144,1833,135,14,47,2025-12-06,4,126.8,0.0,Credit Card,Shipped
6145,1564,125,3,31,2025-10-24,4,152.14,0.0,PayPal,Completed
6146,939,291,10,6,2024-04-15,3,9.1,0.15,Cash,Shipped
6147,690,278,11,12,2023-02-17,3,98.31,0.2,Debit Card,Pending
6148,1970,64,11,7,2024-10-22,2,566.62,0.05,Cash,Completed
6149,1625,228,12,11,2025-11-26,3,247.35,0.0,Gift Card,Returned
6150,439,25,4,34,2025-01-04,1,323.92,0.0,Gift Card,Completed
6151,1265,300,4,34,2025-06-10,2,306.79,0.0,Debit Card,Pending
6152,1787,287,4,26,2024-12-22,6,173.87,0.0,PayPal,Returned
6153,917,21,13,42,2023-05-03,1,407.45,0.0,Debit Card,Completed
6154,245,220,5,1,2023-11-11,2,357.02,0.15,Gift Card,Cancelled
6155,1747,123,3,20,2024-06-20,2,203.09,0.0,Gift Card,Cancelled
6156,34,166,2,28,2025-09-25,3,172.27,0.1,Credit Card,Completed
6157,1096,218,4,35,2023-01-06,4,95.1,0.1,PayPal,Completed
6158,1570,69,10,29,2025-11-12,2,444.45,0.0,Gift Card,Cancelled
6159,671,120,5,48,2023-09-02,6,346.06,0.2,Gift Card,Completed
6160,979,16,7,2,2023-01-31,6,561.32,0.1,Credit Card,Returned
6161,953,157,9,38,2024-06-24,2,110.95,0.15,PayPal,Cancelled
6162,569,187,13,30,2025-10-06,1,226.55,0.05,Cash,Completed
6163,1318,218,15,32,2024-02-28,2,95.1,0.05,Gift Card,Completed
6164,36,41,11,7,2024-05-11,6,441.65,0.0,Credit Card,Completed
6165,45,117,3,20,2025-03-28,4,77.12,0.0,PayPal,Returned
6166,469,21,5,23,2023-06-26,4,407.45,0.1,Debit Card,Completed
6167,425,140,6,9,2023-09-20,1,257.08,0.05,PayPal,Completed
6168,704,270,12,17,2023-01-19,3,17.58,0.0,PayPal,Shipped
6169,1288,40,6,9,2025-06-01,5,408.98,0.15,PayPal,Completed
6170,1666,34,3,20,2024-10-01,2,71.12,0.15,Gift Card,Returned
6171,1082,232,9,38,2024-04-23,2,316.8,0.2,Gift Card,Shipped
6172,878,205,7,40,2025-12-23,2,370.78,0.0,Gift Card,Completed
6173,30,123,4,34,2025-10-31,4,203.09,0.2,Cash,Pending
6174,1739,138,14,47,2024-04-20,5,102.03,0.15,Credit Card,Cancelled
6175,762,231,9,25,2023-03-04,3,52.2,0.0,Cash,Cancelled
6176,1143,126,5,1,2025-01-22,6,333.86,0.1,Cash,Pending
6177,97,298,3,20,2024-06-29,2,202.95,0.2,Cash,Completed
6178,1406,234,13,42,2024-06-24,6,314.58,0.1,Credit Card,Completed
6179,1068,218,15,5,2023-04-12,5,95.1,0.0,Cash,Pending
6180,1175,118,13,30,2025-01-08,4,145.14,0.05,Credit Card,Returned
6181,372,246,1,41,2023-03-23,5,594.34,0.1,PayPal,Completed
6182,598,270,7,40,2024-09-06,6,17.58,0.0,PayPal,Completed
6183,1874,188,11,7,2024-03-20,4,448.74,0.0,Gift Card,Shipped
6184,1917,199,13,13,2025-10-11,5,314.59,0.0,Gift Card,Shipped
6185,1646,284,11,33,2023-05-07,3,413.62,0.15,Cash,Shipped
6186,1200,88,6,9,2025-01-29,5,291.53,0.0,PayPal,Shipped
6187,1119,4,2,37,2025-07-06,3,355.19,0.0,Credit Card,Completed
6188,1174,104,11,33,2023-07-20,6,61.42,0.0,PayPal,Cancelled
6189,797,267,15,18,2025-03-29,5,139.61,0.15,Gift Card,Shipped
6190,1732,43,2,37,2025-02-25,3,121.68,0.15,Credit Card,Pending
6191,1356,256,5,1,2025-07-15,3,203.89,0.2,Credit Card,Completed
6192,843,100,6,14,2023-09-23,4,447.11,0.0,Gift Card,Shipped
6193,370,175,4,26,2025-10-06,5,86.78,0.15,Cash,Returned
6194,687,247,14,8,2025-02-24,4,58.54,0.05,Debit Card,Pending
6195,449,75,7,2,2023-07-17,1,363.98,0.15,Cash,Completed
6196,169,184,6,14,2024-07-16,4,304.08,0.1,Cash,Shipped
6197,208,279,12,17,2024-12-13,5,281.48,0.05,Debit Card,Completed
6198,859,73,8,39,2025-12-27,1,68.44,0.1,Debit Card,Completed
6199,57,192,8,19,2025-05-07,1,29.92,0.0,Debit Card,Completed
6200,1044,11,12,17,2024-07-20,4,289.37,0.15,Debit Card,Completed
6201,1612,94,15,18,2023-09-21,3,325.59,0.0,Cash,Pending
6202,211,219,9,25,2023-10-02,3,243.18,0.1,PayPal,Returned
6203,1928,34,14,47,2025-10-28,3,71.12,0.0,Cash,Completed
6204,905,239,11,12,2023-09-02,4,337.62,0.0,Cash,Completed
6205,1073,26,10,6,2025-04-02,2,68.26,0.15,PayPal,Pending
6206,1804,57,13,46,2023-07-11,5,207.9,0.15,PayPal,Completed
6207,473,144,3,43,2024-07-03,1,296.96,0.2,Gift Card,Completed
6208,1682,24,11,33,2025-11-16,2,129.26,0.0,Cash,Pending
6209,435,192,11,33,2024-09-17,1,29.92,0.2,PayPal,Cancelled
6210,1736,1,5,1,2024-09-05,5,31.01,0.2,Cash,Cancelled
6211,367,258,15,27,2025-10-11,4,270.37,0.05,Gift Card,Cancelled
6212,466,267,8,24,2025-04-18,4,139.61,0.1,Cash,Completed
6213,1547,67,6,9,2024-09-20,1,138.29,0.2,Debit Card,Completed
6214,386,89,8,19,2025-03-20,6,248.83,0.0,PayPal,Completed
6215,636,147,2,37,2023-05-04,2,433.97,0.0,Debit Card,Shipped
6216,479,183,13,46,2023-08-12,5,70.12,0.0,Cash,Completed
6217,1039,220,8,39,2024-06-10,6,357.02,0.0,PayPal,Completed
6218,1651,86,7,2,2023-01-26,3,302.91,0.0,Credit Card,Pending
6219,1178,25,1,22,2025-02-10,2,323.92,0.0,Cash,Returned
6220,1287,65,3,20,2023-11-07,2,543.26,0.0,Debit Card,Shipped
6221,1639,79,8,24,2023-11-16,1,143.89,0.05,Cash,Returned
6222,1879,213,5,23,2025-05-11,4,64.0,0.0,Gift Card,Completed
6223,97,35,1,50,2023-04-15,5,53.95,0.0,Gift Card,Cancelled
6224,479,260,13,42,2025-12-18,2,172.37,0.0,PayPal,Pending
6225,422,235,5,48,2023-07-10,1,265.0,0.05,PayPal,Completed
6226,1266,55,6,14,2023-05-09,6,17.81,0.15,PayPal,Pending
6227,1642,169,2,45,2025-10-31,1,446.78,0.0,PayPal,Completed
6228,285,121,11,12,2024-02-25,4,13.34,0.1,Credit Card,Shipped
6229,139,295,9,38,2025-01-15,4,647.12,0.0,Gift Card,Cancelled
6230,1560,55,14,8,2023-01-20,1,17.81,0.2,Cash,Completed
6231,1448,36,15,18,2024-08-19,1,480.04,0.05,Gift Card,Cancelled
6232,1646,20,9,38,2023-04-23,2,170.95,0.05,PayPal,Completed
6233,1921,33,15,18,2024-09-11,4,422.83,0.2,PayPal,Completed
6234,291,236,2,3,2024-08-23,2,209.86,0.0,PayPal,Pending
6235,1329,217,4,34,2023-10-10,2,80.74,0.0,Gift Card,Shipped
6236,1990,75,1,22,2025-03-17,6,363.98,0.0,Gift Card,Cancelled
6237,1438,81,15,32,2023-09-21,4,379.78,0.05,Debit Card,Completed
6238,107,49,7,2,2024-04-20,3,148.66,0.0,Cash,Completed
6239,1678,256,12,17,2025-06-14,2,203.89,0.0,PayPal,Completed
6240,269,258,9,38,2023-08-13,1,270.37,0.1,Debit Card,Completed
6241,1409,267,2,45,2024-11-06,5,139.61,0.0,Cash,Completed
6242,383,220,15,27,2024-05-26,4,357.02,0.15,Gift Card,Shipped
6243,609,170,9,25,2023-09-13,5,260.29,0.1,PayPal,Pending
6244,437,291,2,28,2023-09-04,4,9.1,0.0,Debit Card,Completed
6245,1318,116,9,25,2024-01-10,6,365.71,0.15,Cash,Pending
6246,1591,105,5,1,2025-12-21,3,500.45,0.0,Cash,Shipped
6247,1412,153,1,41,2025-09-22,3,238.04,0.0,Debit Card,Completed
6248,1887,104,5,1,2025-05-12,5,61.42,0.0,Credit Card,Pending
6249,1485,154,13,30,2023-08-29,3,214.32,0.15,Credit Card,Completed
6250,1772,51,12,11,2025-08-24,5,190.91,0.05,Gift Card,Returned
6251,1515,105,13,42,2025-02-22,1,500.45,0.0,Cash,Shipped
6252,701,256,13,42,2024-07-31,2,203.89,0.05,Debit Card,Cancelled
6253,932,107,8,19,2023-12-07,6,247.26,0.1,Debit Card,Cancelled
6254,524,160,8,19,2024-07-15,5,466.97,0.05,Debit Card,Completed
6255,774,162,15,15,2023-05-30,3,532.97,0.15,Gift Card,Completed
6256,1894,24,10,6,2023-05-04,5,129.26,0.0,Cash,Completed
6257,766,121,12,17,2024-09-30,6,13.34,0.0,PayPal,Completed
6258,1041,295,8,19,2024-12-27,6,647.12,0.1,Credit Card,Pending
6259,72,40,7,40,2024-02-25,4,408.98,0.0,Gift Card,Returned
6260,878,114,9,25,2025-10-01,4,356.17,0.1,Cash,Completed
6261,13,170,7,2,2024-05-14,1,260.29,0.1,Cash,Completed
6262,1591,249,11,12,2024-08-06,1,471.0,0.0,Cash,Completed
6263,683,300,13,13,2024-07-13,5,306.79,0.0,Credit Card,Returned
6264,860,83,4,34,2025-08-02,1,347.94,0.05,Credit Card,Completed
6265,82,30,11,12,2023-07-22,4,544.88,0.2,PayPal,Completed
6266,502,226,11,12,2023-11-02,1,522.95,0.05,Cash,Pending
6267,970,296,1,41,2025-06-23,3,81.85,0.15,Credit Card,Completed
6268,743,149,13,13,2024-10-22,6,431.72,0.0,Cash,Returned
6269,500,271,4,35,2023-09-25,5,316.69,0.1,Gift Card,Completed
6270,1980,1,14,47,2023-03-25,5,31.01,0.05,Credit Card,Shipped
6271,1130,71,14,47,2025-10-02,6,251.36,0.0,Credit Card,Pending
6272,1686,96,10,29,2024-02-01,1,595.96,0.15,Cash,Pending
6273,1700,243,12,11,2025-04-13,6,523.63,0.0,Cash,Returned
6274,206,101,14,47,2023-01-14,1,314.94,0.15,Debit Card,Completed
6275,836,150,3,20,2025-04-02,2,157.31,0.0,Gift Card,Returned
6276,1262,257,8,19,2024-05-07,4,29.22,0.2,PayPal,Completed
6277,1462,43,11,12,2023-03-01,2,121.68,0.2,PayPal,Completed
6278,1479,262,7,2,2023-01-10,2,392.06,0.05,PayPal,Shipped
6279,1707,287,14,8,2023-04-22,2,173.87,0.0,Credit Card,Cancelled
6280,348,221,11,7,2024-10-07,6,183.32,0.2,Gift Card,Completed
6281,1192,95,8,19,2024-12-07,2,435.89,0.05,Gift Card,Completed
6282,262,114,9,25,2023-02-05,3,356.17,0.15,Debit Card,Completed
6283,284,218,14,47,2023-04-10,1,95.1,0.0,PayPal,Completed
6284,1820,95,11,7,2024-05-15,1,435.89,0.05,PayPal,Completed
6285,1914,40,9,25,2023-10-18,2,408.98,0.0,Cash,Completed
6286,1529,213,11,7,2024-12-18,1,64.0,0.0,Credit Card,Completed
6287,559,171,8,39,2024-01-01,1,293.86,0.15,Credit Card,Cancelled
6288,137,237,1,22,2023-08-28,3,159.44,0.1,PayPal,Completed
6289,1286,64,13,42,2023-06-20,6,566.62,0.0,Credit Card,Cancelled
6290,621,55,11,33,2023-12-06,6,17.81,0.2,Credit Card,Cancelled
6291,233,86,14,8,2025-10-28,4,302.91,0.2,Credit Card,Cancelled
6292,810,240,9,25,2023-03-27,2,196.7,0.1,PayPal,Completed
6293,1143,5,8,19,2025-06-17,5,136.89,0.1,Cash,Completed
6294,1010,56,10,6,2023-07-10,1,176.55,0.0,Credit Card,Cancelled
6295,524,196,5,1,2025-10-24,1,222.19,0.2,Cash,Pending
6296,132,22,13,46,2024-12-16,3,90.87,0.1,Cash,Completed
6297,134,82,15,27,2025-08-15,3,166.87,0.0,Debit Card,Returned
6298,1258,29,5,23,2024-12-25,2,197.73,0.15,Cash,Completed
6299,28,296,8,24,2023-05-24,4,81.85,0.1,Cash,Completed
6300,393,194,12,11,2024-07-07,1,35.78,0.15,PayPal,Cancelled
6301,206,280,6,9,2025-01-30,3,59.78,0.05,Credit Card,Pending
6302,907,232,8,19,2025-01-09,4,316.8,0.05,Debit Card,Returned
6303,147,30,15,18,2025-03-09,1,544.88,0.0,Debit Card,Shipped
6304,512,11,13,13,2025-08-26,2,289.37,0.15,Debit Card,Cancelled
6305,1084,74,9,38,2025-10-22,1,292.63,0.0,PayPal,Pending
6306,1477,240,1,22,2025-02-25,1,196.7,0.05,Credit Card,Completed
6307,503,134,14,47,2025-08-13,3,170.45,0.0,Gift Card,Completed
6308,204,133,5,48,2024-09-04,3,321.54,0.0,Cash,Shipped
6309,819,205,7,2,2023-12-24,2,370.78,0.1,Credit Card,Cancelled
6310,1464,117,10,4,2025-12-30,2,77.12,0.0,PayPal,Shipped
6311,1945,41,11,12,2024-10-15,3,441.65,0.0,Gift Card,Completed
6312,1389,233,8,24,2023-07-02,2,400.32,0.0,Credit Card,Returned
6313,804,12,15,44,2023-04-30,1,582.22,0.0,Credit Card,Completed
6314,1282,253,4,35,2025-10-24,4,101.3,0.0,PayPal,Pending
6315,1364,269,13,46,2023-12-06,2,260.22,0.0,Gift Card,Completed
6316,1678,164,8,19,2024-09-03,1,117.71,0.2,PayPal,Completed
6317,1754,213,11,7,2024-01-18,6,64.0,0.0,PayPal,Completed
6318,837,197,13,42,2025-03-19,1,82.36,0.0,Gift Card,Completed
6319,1918,94,9,25,2025-01-14,6,325.59,0.0,PayPal,Completed
6320,405,236,9,38,2024-06-23,1,209.86,0.05,Cash,Completed
6321,1191,14,15,5,2023-12-22,1,379.66,0.05,Gift Card,Completed
6322,391,256,8,19,2025-06-20,2,203.89,0.0,Cash,Completed
6323,1659,100,15,15,2023-04-25,1,447.11,0.15,Cash,Completed
6324,578,230,2,45,2023-02-10,3,49.56,0.1,Cash,Cancelled
6325,419,43,1,36,2024-05-23,4,121.68,0.2,Cash,Shipped
6326,247,177,14,47,2025-02-13,3,467.22,0.0,Gift Card,Completed
6327,1979,16,2,37,2023-01-22,4,561.32,0.0,PayPal,Completed
6328,1102,75,3,31,2023-04-24,1,363.98,0.0,Debit Card,Completed
6329,1865,164,12,10,2023-10-21,4,117.71,0.2,Credit Card,Completed
6330,1890,218,8,39,2025-08-24,5,95.1,0.0,Cash,Pending
6331,213,259,11,12,2025-06-06,5,395.59,0.2,Debit Card,Pending
6332,1653,14,6,9,2025-06-12,5,379.66,0.05,Gift Card,Completed
6333,1644,299,6,14,2024-06-18,5,150.33,0.15,Debit Card,Completed
6334,222,57,2,37,2023-01-17,6,207.9,0.1,Gift Card,Completed
6335,161,117,9,25,2024-11-06,1,77.12,0.1,PayPal,Completed
6336,1419,210,12,10,2025-05-20,6,77.07,0.0,Gift Card,Pending
6337,1077,262,6,9,2024-05-06,4,392.06,0.2,Credit Card,Returned
6338,1332,231,7,2,2023-06-08,2,52.2,0.0,Credit Card,Cancelled
6339,705,277,15,18,2024-06-27,5,320.72,0.0,Gift Card,Completed
6340,1713,215,9,25,2024-06-28,1,108.22,0.2,Cash,Completed
6341,560,158,15,32,2024-02-29,3,324.07,0.0,PayPal,Completed
6342,1409,161,9,38,2023-06-23,1,322.86,0.1,Gift Card,Pending
6343,643,224,2,45,2025-02-12,6,190.7,0.15,Cash,Completed
6344,3,100,8,39,2025-11-05,4,447.11,0.2,Debit Card,Completed
6345,958,105,1,22,2025-03-15,3,500.45,0.0,Gift Card,Completed
6346,251,68,1,22,2025-03-17,5,15.0,0.1,PayPal,Completed
6347,1328,70,10,29,2023-10-01,3,42.41,0.1,Gift Card,Pending
6348,636,274,2,28,2025-10-09,4,57.88,0.15,Credit Card,Returned
6349,209,12,2,28,2025-12-28,2,582.22,0.0,Debit Card,Cancelled
6350,1872,161,2,3,2025-10-05,1,322.86,0.1,Gift Card,Completed
6351,370,234,6,9,2023-08-28,6,314.58,0.0,PayPal,Returned
6352,867,224,5,23,2025-01-01,4,190.7,0.0,Credit Card,Shipped
6353,1304,297,5,1,2023-06-21,6,334.26,0.0,Gift Card,Completed
6354,1928,232,5,48,2024-02-01,4,316.8,0.0,Gift Card,Cancelled
6355,327,41,8,19,2023-11-28,5,441.65,0.15,Gift Card,Pending
6356,154,165,11,12,2024-12-21,6,216.64,0.2,Credit Card,Completed
6357,1962,34,11,7,2023-06-20,2,71.12,0.1,PayPal,Returned
6358,1644,25,15,15,2023-12-12,5,323.92,0.0,Gift Card,Pending
6359,362,92,8,39,2023-02-03,4,665.8,0.2,Credit Card,Completed
6360,57,117,4,34,2024-01-22,4,77.12,0.05,PayPal,Shipped
6361,289,254,5,48,2024-02-26,4,307.61,0.05,Cash,Pending
6362,385,87,5,23,2024-08-16,3,321.84,0.05,PayPal,Completed
6363,1951,188,15,16,2024-07-09,5,448.74,0.2,PayPal,Returned
6364,323,234,5,23,2025-04-03,1,314.58,0.0,Debit Card,Completed
6365,190,245,15,27,2025-10-20,1,328.64,0.05,Gift Card,Completed
6366,557,159,10,21,2024-01-15,6,323.53,0.1,PayPal,Completed
6367,1926,89,7,2,2024-07-11,4,248.83,0.0,Cash,Completed
6368,1396,191,3,43,2024-10-21,6,519.67,0.15,Gift Card,Shipped
6369,102,19,2,28,2025-06-22,2,332.56,0.0,PayPal,Returned
6370,780,288,1,22,2024-01-07,3,367.22,0.0,PayPal,Completed
6371,971,225,11,33,2025-03-13,6,131.27,0.05,Debit Card,Cancelled
6372,1163,291,3,43,2024-03-30,5,9.1,0.0,Cash,Pending
6373,743,258,10,4,2025-12-20,1,270.37,0.1,PayPal,Shipped
6374,855,152,3,31,2023-08-25,1,290.47,0.2,Debit Card,Completed
6375,822,232,12,11,2023-04-04,6,316.8,0.0,Credit Card,Returned
6376,1233,110,13,46,2024-06-27,4,570.1,0.0,Credit Card,Completed
6377,503,256,13,46,2023-01-10,6,203.89,0.05,Credit Card,Completed
6378,75,288,9,38,2023-09-19,2,367.22,0.05,Gift Card,Completed
6379,95,176,4,34,2024-07-31,4,171.51,0.0,PayPal,Cancelled
6380,975,178,1,22,2023-12-16,1,41.87,0.15,Credit Card,Completed
6381,742,13,8,24,2024-08-22,5,127.76,0.15,Cash,Completed
6382,236,148,8,39,2023-07-11,2,293.31,0.05,Credit Card,Pending
6383,491,100,2,37,2025-12-02,2,447.11,0.15,PayPal,Completed
6384,255,79,3,43,2024-05-08,5,143.89,0.15,Credit Card,Completed
6385,1963,252,11,33,2024-07-23,6,163.4,0.2,Credit Card,Completed
6386,517,115,13,46,2023-10-21,4,295.79,0.0,Debit Card,Shipped
6387,1353,250,3,20,2025-02-26,1,120.54,0.15,Cash,Completed
6388,1979,71,7,40,2024-07-25,3,251.36,0.0,Gift Card,Shipped
6389,323,217,3,20,2024-08-09,4,80.74,0.0,Debit Card,Completed
6390,1530,121,4,34,2023-11-21,1,13.34,0.2,Debit Card,Completed
6391,1349,229,3,20,2024-11-07,4,321.97,0.15,PayPal,Cancelled
6392,1397,140,4,34,2023-05-27,4,257.08,0.0,PayPal,Completed
6393,1497,264,14,8,2023-06-20,6,25.86,0.15,Cash,Completed
6394,292,144,12,17,2023-08-13,2,296.96,0.1,Debit Card,Returned
6395,759,83,6,14,2023-10-09,5,347.94,0.15,Debit Card,Completed
6396,1206,251,1,36,2024-06-20,5,355.21,0.1,Credit Card,Completed
6397,1252,119,14,8,2025-04-14,4,63.82,0.05,Credit Card,Cancelled
6398,704,139,5,23,2024-09-30,3,334.0,0.0,Debit Card,Shipped
6399,1851,238,13,49,2024-03-31,4,196.9,0.0,PayPal,Returned
6400,1623,119,4,26,2024-02-23,3,63.82,0.1,Debit Card,Completed
6401,723,191,8,39,2025-07-05,6,519.67,0.15,Gift Card,Completed
6402,190,119,9,38,2024-02-06,1,63.82,0.0,Cash,Returned
6403,298,216,4,26,2024-05-31,3,91.49,0.05,Gift Card,Returned
6404,1719,227,15,16,2023-03-13,3,225.3,0.05,Gift Card,Completed
6405,1275,45,2,37,2024-04-01,2,107.36,0.2,Debit Card,Completed
6406,342,191,6,14,2024-11-20,2,519.67,0.0,Credit Card,Shipped
6407,1448,125,13,13,2024-06-17,1,152.14,0.0,Gift Card,Completed
6408,285,13,4,35,2023-09-20,2,127.76,0.0,Gift Card,Completed
6409,359,65,4,35,2025-05-30,1,543.26,0.2,PayPal,Returned
6410,863,118,7,40,2023-01-02,4,145.14,0.0,Cash,Returned
6411,1644,117,9,38,2025-11-09,3,77.12,0.05,PayPal,Completed
6412,1166,170,3,43,2023-06-15,1,260.29,0.0,PayPal,Completed
6413,626,298,15,27,2024-03-01,5,202.95,0.2,Cash,Completed
6414,300,227,1,36,2025-01-25,2,225.3,0.0,PayPal,Returned
6415,1525,203,5,48,2024-01-27,6,511.82,0.15,Credit Card,Completed
6416,1729,125,12,10,2023-01-27,4,152.14,0.2,Debit Card,Cancelled
6417,486,201,4,26,2023-05-25,1,307.14,0.15,Gift Card,Returned
6418,1566,57,5,48,2023-06-01,3,207.9,0.0,Cash,Returned
6419,1894,212,14,47,2024-11-13,2,26.85,0.0,Cash,Returned
6420,968,288,15,27,2023-11-06,1,367.22,0.0,Credit Card,Completed
6421,7,102,5,23,2024-01-19,2,455.19,0.05,Credit Card,Completed
6422,1759,98,14,47,2023-06-15,2,263.06,0.15,PayPal,Shipped
6423,242,11,8,19,2025-01-17,2,289.37,0.1,Credit Card,Completed
6424,1277,5,13,30,2024-09-28,6,136.89,0.0,PayPal,Completed
6425,1677,75,15,44,2024-05-02,6,363.98,0.05,Gift Card,Completed
6426,43,252,1,22,2023-10-31,6,163.4,0.2,PayPal,Completed
6427,259,49,3,20,2023-03-22,1,148.66,0.0,Credit Card,Completed
6428,1992,25,15,18,2025-09-30,5,323.92,0.0,Credit Card,Pending
6429,1311,80,5,48,2023-03-10,5,249.35,0.05,Gift Card,Pending
6430,1374,124,14,47,2023-07-30,1,311.92,0.0,Cash,Shipped
6431,1223,143,4,26,2023-10-13,2,511.76,0.0,Cash,Returned
6432,337,243,12,10,2023-06-12,3,523.63,0.2,Debit Card,Pending
6433,709,7,11,33,2025-09-13,4,279.59,0.2,Debit Card,Completed
6434,1999,235,4,26,2025-02-01,1,265.0,0.1,Cash,Shipped
6435,1054,114,14,47,2023-06-20,4,356.17,0.2,PayPal,Shipped
6436,439,213,15,44,2023-01-19,1,64.0,0.05,Gift Card,Completed
6437,972,197,12,17,2024-04-02,6,82.36,0.0,Debit Card,Pending
6438,312,162,8,19,2025-09-12,3,532.97,0.1,PayPal,Shipped
6439,428,61,4,34,2025-06-28,1,172.42,0.0,PayPal,Completed
6440,13,74,10,4,2024-10-20,4,292.63,0.1,Debit Card,Completed
6441,1910,119,11,7,2024-11-20,2,63.82,0.0,Debit Card,Shipped
6442,467,150,11,7,2023-09-26,2,157.31,0.05,Credit Card,Shipped
6443,530,141,1,22,2023-10-17,2,236.86,0.0,Gift Card,Cancelled
6444,1606,173,14,47,2025-06-15,4,159.58,0.05,Gift Card,Completed
6445,732,64,2,28,2025-09-22,3,566.62,0.0,Debit Card,Shipped
6446,1109,160,2,3,2024-04-25,5,466.97,0.1,PayPal,Completed
6447,1444,52,1,36,2025-06-10,5,120.46,0.05,Gift Card,Shipped
6448,1569,77,7,2,2025-03-14,6,442.92,0.2,Cash,Pending
6449,708,57,12,17,2023-07-30,4,207.9,0.2,Gift Card,Returned
6450,575,252,2,28,2025-02-08,6,163.4,0.1,PayPal,Cancelled
6451,872,155,8,24,2025-05-26,5,232.62,0.0,Cash,Returned
6452,375,282,10,4,2023-11-24,4,461.23,0.15,Gift Card,Shipped
6453,1465,279,10,21,2024-01-11,3,281.48,0.15,Cash,Shipped
6454,499,151,8,24,2024-08-26,4,61.55,0.15,Credit Card,Completed
6455,393,252,1,22,2025-03-02,5,163.4,0.0,Debit Card,Cancelled
6456,1381,268,12,17,2023-06-08,2,252.86,0.05,Cash,Completed
6457,1943,148,3,20,2025-05-09,6,293.31,0.0,Cash,Completed
6458,1343,253,3,20,2023-05-07,3,101.3,0.2,Debit Card,Pending
6459,931,294,7,40,2024-01-31,1,345.43,0.2,Debit Card,Completed
6460,101,99,12,17,2023-03-20,3,384.25,0.0,Credit Card,Completed
6461,995,238,15,44,2023-02-06,6,196.9,0.0,Debit Card,Completed
6462,1721,185,15,5,2024-02-04,2,357.71,0.0,Credit Card,Shipped
6463,759,174,14,47,2023-01-21,4,62.11,0.2,Gift Card,Completed
6464,105,197,2,3,2024-02-14,1,82.36,0.1,Cash,Cancelled
6465,1113,28,5,48,2025-06-03,4,360.14,0.05,Cash,Returned
6466,288,17,12,11,2025-05-13,3,307.03,0.0,Cash,Returned
6467,822,164,2,28,2024-05-27,4,117.71,0.2,Gift Card,Completed
6468,337,34,1,41,2024-09-13,1,71.12,0.0,Debit Card,Completed
6469,899,271,9,38,2025-10-06,1,316.69,0.2,Credit Card,Completed
6470,556,178,10,21,2023-04-25,4,41.87,0.15,Cash,Completed
6471,817,123,11,12,2024-02-28,5,203.09,0.2,Debit Card,Completed
6472,1703,153,4,34,2024-02-01,6,238.04,0.0,Credit Card,Returned
6473,12,106,7,2,2025-10-07,4,127.35,0.0,Credit Card,Completed
6474,66,229,11,12,2024-05-19,4,321.97,0.0,Gift Card,Returned
6475,496,47,14,8,2025-06-08,5,126.89,0.15,Gift Card,Pending
6476,1464,8,1,50,2024-07-04,-4,143.64,0.15,Credit Card,Returned
6477,687,122,1,41,2023-05-13,5,203.86,0.1,PayPal,Shipped
6478,550,35,4,34,2025-03-07,1,53.95,0.0,Debit Card,Completed
6479,899,288,13,49,2023-11-08,2,367.22,0.0,Cash,Cancelled
6480,913,156,15,16,2023-08-08,5,64.7,0.0,Credit Card,Cancelled
6481,889,197,9,25,2023-02-21,2,82.36,0.05,Cash,Completed
6482,1454,195,1,22,2023-06-10,4,165.25,0.1,Credit Card,Completed
6483,509,194,4,26,2024-02-16,3,35.78,0.0,PayPal,Completed
6484,1364,113,1,41,2024-01-22,2,438.2,0.15,Cash,Returned
6485,1669,192,5,23,2025-11-11,3,29.92,0.1,Gift Card,Shipped
6486,1620,169,15,5,2023-11-20,4,446.78,0.1,Cash,Completed
6487,224,186,15,27,2025-04-25,4,39.01,0.0,Gift Card,Completed
6488,517,293,12,17,2023-07-15,4,54.25,0.15,Gift Card,Completed
6489,286,177,1,22,2025-06-19,1,467.22,0.05,Debit Card,Completed
6490,1088,85,12,17,2023-10-30,3,347.38,0.1,Credit Card,Pending
6491,106,210,5,23,2025-09-26,3,77.07,0.1,Cash,Returned
6492,1588,10,1,22,2024-01-09,1,46.02,0.15,PayPal,Pending
6493,864,156,8,39,2025-06-30,1,64.7,0.15,PayPal,Shipped
6494,169,207,7,2,2024-11-28,2,245.28,0.0,Gift Card,Returned
6495,845,298,3,31,2024-12-11,3,202.95,0.0,Debit Card,Returned
6496,359,196,9,25,2023-08-12,3,222.19,0.0,PayPal,Completed
6497,599,256,15,32,2024-08-10,4,203.89,0.1,PayPal,Pending
6498,432,217,6,9,2025-12-16,3,80.74,0.2,Cash,Completed
6499,771,119,5,48,2024-11-20,1,63.82,0.2,Debit Card,Completed
6500,922,71,15,44,2023-07-11,4,251.36,0.0,Credit Card,Shipped
6501,224,93,2,28,2023-03-25,3,380.69,0.1,Credit Card,Shipped
6502,1959,201,10,6,2023-12-11,6,307.14,0.0,Debit Card,Completed
6503,1199,131,12,11,2025-05-18,1,582.03,0.05,PayPal,Completed
6504,692,66,3,43,2023-08-11,5,330.95,0.15,PayPal,Completed
6505,275,86,6,9,2024-03-22,1,302.91,0.0,Debit Card,Shipped
6506,163,41,14,8,2025-01-12,3,441.65,0.05,Credit Card,Pending
6507,1500,293,5,48,2025-12-28,6,54.25,0.0,Debit Card,Completed
6508,1354,19,1,50,2024-10-05,2,332.56,0.1,Cash,Cancelled
6509,342,264,4,35,2024-07-21,3,25.86,0.2,Debit Card,Completed
6510,1098,235,14,8,2025-12-04,3,265.0,0.0,Credit Card,Completed
6511,1172,42,8,24,2024-06-22,5,483.01,0.05,Cash,Returned
6512,445,3,3,31,2023-01-13,5,507.54,0.0,Credit Card,Completed
6513,125,215,9,38,2024-02-08,2,108.22,0.2,Cash,Completed
6514,236,194,1,22,2023-12-20,1,35.78,0.0,PayPal,Returned
6515,1920,238,13,13,2024-05-10,2,196.9,0.1,PayPal,Completed
6516,1282,17,8,24,2025-07-20,4,307.03,0.0,PayPal,Completed
6517,1140,10,15,44,2025-06-01,4,46.02,0.0,Cash,Completed
6518,1811,190,7,40,2024-04-22,3,292.3,0.0,Debit Card,Completed
6519,170,211,7,40,2023-05-21,4,199.85,0.0,Gift Card,Pending
6520,1383,290,6,9,2024-11-08,2,30.66,0.15,Gift Card,Completed
6521,1106,209,2,3,2025-11-25,3,193.95,0.2,Credit Card,Completed
6522,1181,93,9,38,2024-05-09,1,380.69,0.0,Cash,Shipped
6523,322,298,10,6,2024-06-29,4,202.95,0.2,Gift Card,Pending
6524,835,211,11,7,2023-09-13,1,199.85,0.1,Gift Card,Cancelled
6525,192,11,1,22,2023-11-18,4,289.37,0.0,PayPal,Pending
6526,895,206,15,32,2024-10-20,3,367.62,0.15,Credit Card,Pending
6527,1951,170,10,21,2025-09-15,2,260.29,0.1,Debit Card,Completed
6528,1338,118,5,1,2025-05-06,3,145.14,0.0,Gift Card,Pending
6529,1863,118,8,39,2025-09-04,2,145.14,0.2,Debit Card,Pending
6530,816,98,6,9,2024-12-06,2,263.06,0.0,Credit Card,Completed
6531,153,24,12,11,2023-03-04,5,129.26,0.1,Debit Card,Completed
6532,1490,140,10,6,2025-12-06,4,257.08,0.0,Credit Card,Completed
6533,390,168,2,3,2025-11-28,4,303.92,0.2,Credit Card,Completed
6534,189,86,15,27,2023-04-29,6,302.91,0.0,PayPal,Cancelled
6535,975,185,4,35,2025-02-10,2,357.71,0.1,Cash,Shipped
6536,1487,142,4,34,2025-03-11,5,306.71,0.0,Gift Card,Returned
6537,1826,25,3,20,2023-01-19,2,323.92,0.2,Debit Card,Pending
6538,954,177,7,2,2025-09-06,1,467.22,0.1,Cash,Completed
6539,1927,234,2,3,2025-10-10,5,314.58,0.0,Gift Card,Completed
6540,841,33,9,25,2024-08-18,6,422.83,0.2,Gift Card,Shipped
6541,1972,187,5,23,2025-07-06,3,226.55,0.0,Credit Card,Completed
6542,1913,70,15,5,2025-04-20,4,42.41,0.1,Cash,Pending
6543,972,164,14,8,2025-06-29,1,117.71,0.0,Debit Card,Completed
6544,270,51,6,14,2025-04-10,3,190.91,0.0,PayPal,Pending
6545,925,129,5,23,2023-01-20,1,267.03,0.15,PayPal,Cancelled
6546,1678,214,11,12,2025-12-13,3,264.25,0.1,Gift Card,Completed
6547,739,132,13,30,2024-11-08,2,127.63,0.2,Debit Card,Completed
6548,1666,71,5,1,2024-01-21,1,251.36,0.1,Debit Card,Completed
6549,1189,145,3,43,2024-02-03,5,328.64,0.05,Cash,Completed
6550,98,77,1,22,2024-05-20,5,442.92,0.0,Cash,Completed
6551,1378,29,11,7,2023-05-07,5,197.73,0.0,Credit Card,Completed
6552,1692,134,8,24,2023-07-19,5,170.45,0.0,Debit Card,Completed
6553,758,50,5,48,2023-08-18,1,564.26,0.1,Gift Card,Returned
6554,1817,152,1,36,2023-05-11,1,290.47,0.2,PayPal,Returned
6555,1628,153,14,8,2025-07-25,6,238.04,0.1,Gift Card,Pending
6556,1246,242,7,2,2024-07-12,6,378.8,0.05,PayPal,Pending
6557,1424,237,4,26,2023-10-28,1,159.44,0.2,PayPal,Pending
6558,1327,300,3,20,2023-10-07,4,306.79,0.1,Credit Card,Completed
6559,1945,202,7,40,2024-08-18,2,211.09,0.1,Debit Card,Pending
6560,1355,227,5,23,2025-03-03,2,225.3,0.15,PayPal,Cancelled
6561,396,50,14,47,2023-06-28,1,564.26,0.2,Cash,Completed
6562,1254,93,5,48,2024-10-04,5,380.69,0.05,Cash,Pending
6563,1625,149,6,14,2024-10-01,2,431.72,0.0,Debit Card,Completed
6564,227,192,15,27,2025-03-01,1,29.92,0.0,PayPal,Returned
6565,1799,121,3,20,2023-10-25,5,13.34,0.15,Cash,Completed
6566,1751,265,7,2,2024-08-22,4,348.49,0.15,Cash,Pending
6567,273,148,1,50,2025-12-18,1,293.31,0.2,PayPal,Completed
6568,1273,248,8,39,2023-07-29,4,230.55,0.1,PayPal,Completed
6569,1141,42,13,42,2024-10-14,6,483.01,0.0,Gift Card,Pending
6570,149,184,12,10,2023-11-29,6,304.08,0.0,Debit Card,Pending
6571,170,123,13,46,2024-01-19,1,203.09,0.0,Gift Card,Completed
6572,1587,84,14,8,2023-12-16,2,38.26,0.15,PayPal,Completed
6573,1154,41,13,46,2023-08-02,1,441.65,0.0,Gift Card,Completed
6574,794,47,4,34,2025-04-09,4,126.89,0.0,PayPal,Pending
6575,1074,35,7,40,2025-02-18,2,53.95,0.05,Gift Card,Returned
6576,132,222,2,37,2023-12-22,6,412.69,0.0,Credit Card,Pending
6577,441,83,1,50,2023-08-16,2,347.94,0.05,Debit Card,Completed
6578,253,228,2,37,2023-02-08,5,247.35,0.2,Debit Card,Returned
6579,224,220,8,19,2025-08-30,2,357.02,0.2,PayPal,Shipped
6580,1135,133,10,6,2023-10-23,4,321.54,0.05,Credit Card,Returned
6581,1025,144,14,47,2023-01-20,3,296.96,0.0,Credit Card,Cancelled
6582,836,55,3,20,2023-09-17,6,17.81,0.05,Debit Card,Pending
6583,218,139,8,19,2024-06-29,5,334.0,0.15,Gift Card,Pending
6584,1078,65,2,37,2025-10-05,5,543.26,0.2,Debit Card,Completed
6585,1221,260,11,12,2024-04-23,2,172.37,0.15,PayPal,Completed
6586,1363,297,8,39,2024-03-14,4,334.26,0.1,Cash,Returned
6587,648,35,3,20,2023-06-15,6,53.95,0.0,Credit Card,Returned
6588,1483,70,1,22,2025-12-16,4,42.41,0.05,Gift Card,Cancelled
6589,392,291,11,12,2024-03-11,4,9.1,0.05,Debit Card,Pending
6590,864,158,13,30,2023-11-28,4,324.07,0.2,Gift Card,Pending
6591,179,135,4,26,2023-09-30,2,126.8,0.0,Gift Card,Completed
6592,1381,138,11,33,2024-05-05,3,102.03,0.0,Credit Card,Pending
6593,1843,208,12,17,2023-10-18,6,146.45,0.05,Gift Card,Returned
6594,1083,158,5,23,2025-12-04,6,324.07,0.0,Cash,Returned
6595,164,12,2,28,2025-03-31,4,582.22,0.05,Debit Card,Completed
6596,294,156,10,29,2024-11-14,6,64.7,0.0,Credit Card,Returned
6597,156,134,10,4,2025-12-01,5,170.45,0.0,Gift Card,Completed
6598,1773,187,11,12,2023-01-03,2,226.55,0.15,Debit Card,Returned
6599,881,88,11,7,2024-04-09,4,291.53,0.0,Cash,Completed
6600,602,108,12,17,2023-11-12,6,603.53,0.05,Debit Card,Completed
6601,562,200,8,39,2024-01-09,3,214.09,0.2,Gift Card,Completed
6602,1059,105,15,32,2025-07-14,3,500.45,0.1,Cash,Shipped
6603,1737,28,9,38,2023-10-23,2,360.14,0.2,Gift Card,Completed
6604,89,169,11,7,2025-02-10,3,446.78,0.0,Gift Card,Completed
6605,218,191,8,24,2025-12-10,5,519.67,0.0,Cash,Completed
6606,1297,275,12,10,2025-10-11,6,255.49,0.0,Cash,Completed
6607,1834,9,13,42,2025-07-18,3,307.63,0.05,Cash,Returned
6608,771,127,5,48,2024-01-10,1,90.5,0.0,PayPal,Completed
6609,341,142,7,40,2023-05-07,3,306.71,0.2,Gift Card,Completed
6610,1525,166,6,14,2023-06-12,5,172.27,0.0,Credit Card,Returned
6611,1451,71,1,36,2023-11-07,3,251.36,0.15,Gift Card,Returned
6612,1268,81,15,27,2025-05-10,4,379.78,0.0,Debit Card,Shipped
6613,1845,50,14,47,2025-08-07,5,564.26,0.15,Cash,Completed
6614,1101,200,9,25,2025-01-08,6,214.09,0.15,Credit Card,Returned
6615,1256,78,5,23,2023-08-27,6,176.26,0.0,Gift Card,Completed
6616,1538,186,9,38,2025-09-07,3,39.01,0.0,Debit Card,Completed
6617,970,220,12,17,2025-09-21,1,357.02,0.15,Cash,Shipped
6618,1645,37,5,23,2025-03-03,5,91.98,0.0,Debit Card,Completed
6619,107,131,15,27,2023-03-17,5,582.03,0.0,Debit Card,Returned
6620,1067,119,12,17,2024-10-12,6,63.82,0.15,Gift Card,Cancelled
6621,377,240,2,37,2023-03-06,5,196.7,0.0,PayPal,Completed
6622,1904,33,2,28,2023-11-05,6,422.83,0.1,Debit Card,Cancelled
6623,1288,69,6,9,2024-08-13,1,444.45,0.0,Gift Card,Returned
6624,1958,24,7,2,2025-05-21,5,129.26,0.0,Gift Card,Returned
6625,1726,2,13,13,2023-11-08,3,35.98,0.2,Credit Card,Shipped
6626,1465,61,2,3,2023-09-27,1,172.42,0.0,Credit Card,Cancelled
6627,1798,47,3,31,2024-11-17,3,126.89,0.15,Gift Card,Completed
6628,914,47,15,32,2024-07-13,1,126.89,0.0,Cash,Shipped
6629,1098,242,3,43,2025-04-12,3,378.8,0.15,PayPal,Returned
6630,1652,13,9,25,2024-05-31,5,127.76,0.15,Debit Card,Cancelled
6631,687,56,7,2,2025-10-24,3,176.55,0.2,Gift Card,Shipped
6632,1776,104,5,1,,2,61.42,0.2,Credit Card,Completed
6633,428,40,3,20,2024-09-12,3,408.98,0.1,Debit Card,Returned
6634,1033,17,7,40,2023-12-25,3,307.03,0.0,PayPal,Cancelled
6635,1576,229,12,17,2024-11-05,2,321.97,0.2,Cash,Returned
6636,78,30,14,47,2024-12-10,5,544.88,0.15,Cash,Shipped
6637,1801,75,14,8,2023-03-08,6,363.98,0.1,Credit Card,Completed
6638,1461,211,7,2,2023-12-31,2,199.85,0.1,Gift Card,Cancelled
6639,783,48,2,28,2024-10-26,1,397.65,0.0,Debit Card,Completed
6640,1286,293,8,24,2023-10-31,1,54.25,0.2,Credit Card,Completed
6641,1902,263,10,29,2025-03-02,1,47.7,0.0,Gift Card,Pending
6642,916,48,14,47,2025-01-11,3,397.65,0.2,Gift Card,Cancelled
6643,386,295,3,43,2024-08-04,4,647.12,0.05,Gift Card,Shipped
6644,1509,145,14,8,2024-11-21,3,328.64,0.1,PayPal,Completed
6645,1234,282,6,9,2023-03-01,5,461.23,0.0,Cash,Completed
6646,1747,111,7,2,2023-09-20,4,123.3,0.2,Debit Card,Returned
6647,697,50,12,17,2023-04-23,2,564.26,0.0,Debit Card,Cancelled
6648,1664,18,1,50,2024-05-04,2,383.42,0.0,Cash,Completed
6649,1895,246,7,40,2025-05-07,6,594.34,0.1,PayPal,Returned
6650,1887,229,11,33,2023-01-11,4,321.97,0.0,Credit Card,Completed
6651,1276,34,9,25,2023-01-16,4,71.12,0.15,PayPal,Completed
6652,1015,88,10,29,2023-12-27,5,291.53,0.0,Credit Card,Cancelled
6653,74,104,6,14,2024-06-12,2,61.42,0.0,Gift Card,Completed
6654,1360,26,13,13,2023-04-19,2,68.26,0.15,Gift Card,Cancelled
6655,686,274,11,7,2024-04-09,6,57.88,0.0,PayPal,Shipped
6656,1282,250,5,1,2024-08-05,4,120.54,0.0,Gift Card,Completed
6657,1843,286,4,34,2024-11-21,5,217.06,0.2,PayPal,Completed
6658,770,299,7,2,2024-04-21,3,150.33,0.15,Credit Card,Completed
6659,281,183,13,42,2025-05-07,3,70.12,0.2,Gift Card,Completed
6660,884,152,6,9,2024-03-09,6,290.47,0.0,Cash,Completed
6661,1539,207,5,1,2025-05-21,3,245.28,0.0,PayPal,Shipped
6662,1751,286,3,31,2023-12-28,3,217.06,0.05,PayPal,Completed
6663,128,298,4,26,2023-10-30,6,202.95,0.0,Credit Card,Shipped
6664,971,61,2,45,2025-01-22,3,172.42,0.15,Gift Card,Completed
6665,231,248,8,19,2024-08-18,2,230.55,0.2,Credit Card,Completed
6666,210,298,6,9,2023-11-22,6,202.95,0.1,Gift Card,Completed
6667,81,241,1,50,2024-01-25,5,108.19,0.1,Cash,Cancelled
6668,192,13,2,28,2024-05-07,6,127.76,0.2,PayPal,Returned
6669,399,171,9,38,2024-08-27,1,293.86,0.0,Credit Card,Completed
6670,1778,183,11,12,2025-02-14,4,70.12,0.0,Debit Card,Cancelled
6671,1003,19,8,39,2025-03-20,3,332.56,0.0,Cash,Completed
6672,1041,187,7,2,2023-05-20,4,226.55,0.0,Credit Card,Completed
6673,1589,42,3,20,2024-09-06,3,483.01,0.0,PayPal,Completed
6674,639,170,15,5,2024-07-18,1,260.29,0.0,Gift Card,Completed
6675,211,176,12,11,2024-06-05,4,171.51,0.0,Debit Card,Completed
6676,1164,72,6,14,2023-10-07,4,301.36,0.0,Credit Card,Completed
6677,563,41,8,24,2023-08-05,3,441.65,0.15,Debit Card,Returned
6678,1041,97,10,29,2023-09-26,6,228.27,0.1,Cash,Shipped
6679,237,85,4,35,2023-09-13,6,347.38,0.05,Credit Card,Returned
6680,1427,7,14,47,2023-02-26,6,279.59,0.1,Gift Card,Completed
6681,86,34,9,38,2025-08-20,2,71.12,0.0,Credit Card,Cancelled
6682,1324,239,9,38,2024-08-02,3,337.62,0.2,Credit Card,Completed
6683,520,128,1,41,2023-07-04,6,257.64,0.0,Debit Card,Completed
6684,613,299,12,11,2024-01-16,2,150.33,0.0,Debit Card,Pending
6685,632,184,5,48,2023-03-12,2,304.08,0.1,Cash,Completed
6686,1339,144,8,24,2024-10-18,2,296.96,0.15,Debit Card,Completed
6687,409,243,14,47,2025-08-31,6,523.63,0.0,Debit Card,Completed
6688,1554,227,11,12,2023-05-10,4,225.3,0.0,Debit Card,Shipped
6689,250,147,13,42,2025-01-05,3,433.97,0.15,Debit Card,Returned
6690,662,176,7,2,2024-04-13,5,171.51,0.0,Cash,Cancelled
6691,1171,51,9,38,2025-12-20,1,190.91,0.0,Gift Card,Shipped
6692,1911,130,8,39,2024-07-14,6,293.35,0.1,PayPal,Cancelled
6693,1443,54,6,9,2023-09-11,1,43.29,0.0,PayPal,Completed
6694,297,42,14,8,2024-01-17,1,483.01,0.2,Credit Card,Returned
6695,1606,232,15,44,2025-05-09,2,316.8,0.0,PayPal,Completed
6696,1721,52,8,19,2023-03-03,2,120.46,0.2,Debit Card,Completed
6697,896,167,2,28,2023-10-17,6,87.74,0.1,Credit Card,Completed
6698,581,280,1,50,2025-09-08,1,59.78,0.0,Cash,Cancelled
6699,76,141,9,38,2024-05-18,5,236.86,0.0,PayPal,Completed
6700,838,211,15,18,2024-11-08,6,199.85,0.0,Debit Card,Cancelled
6701,1949,194,10,6,2023-11-15,2,35.78,0.2,PayPal,Completed
6702,566,220,4,34,2024-12-16,6,357.02,0.0,Cash,Returned
6703,1854,74,12,17,2023-01-31,3,292.63,0.0,Credit Card,Cancelled
6704,308,189,8,19,2025-08-06,5,399.71,0.0,Debit Card,Returned
6705,1269,30,11,33,2025-09-11,4,544.88,0.0,PayPal,Returned
6706,382,108,3,31,2023-09-22,1,,0.1,Gift Card,Returned
6707,1828,69,3,31,2024-11-27,-4,444.45,0.0,Debit Card,Completed
6708,26,282,13,13,2024-08-05,1,461.23,0.05,PayPal,Cancelled
6709,267,75,9,25,2025-09-07,2,363.98,0.15,PayPal,Shipped
6710,1807,33,6,9,2025-10-10,5,422.83,0.0,PayPal,Pending
6711,421,140,14,47,2023-04-19,3,257.08,0.0,Gift Card,Returned
6712,900,234,12,11,2023-01-25,6,314.58,0.0,Debit Card,Pending
6713,1674,208,8,39,2025-08-31,2,146.45,0.1,Debit Card,Completed
6714,1805,63,7,40,2024-05-28,6,63.8,0.05,Credit Card,Cancelled
6715,396,173,2,28,2025-09-16,5,159.58,0.0,Debit Card,Completed
6716,557,237,11,33,2023-03-16,5,159.44,0.0,Credit Card,Shipped
6717,771,73,7,2,2025-01-24,6,68.44,0.0,Cash,Returned
6718,556,276,5,1,2025-08-28,4,394.14,0.05,Cash,Shipped
6719,249,257,10,21,2024-04-10,4,29.22,0.1,PayPal,Completed
6720,1201,99,10,4,2023-12-07,5,384.25,0.05,Cash,Shipped
6721,1568,34,12,17,2025-09-01,3,71.12,0.2,Debit Card,Cancelled
6722,1710,118,14,47,2023-05-16,6,145.14,0.0,Cash,Cancelled
6723,58,15,3,31,2024-01-30,1,454.62,0.1,Debit Card,Pending
6724,1780,210,12,11,2023-04-14,6,77.07,0.0,PayPal,Pending
6725,1954,102,8,19,2024-05-26,2,455.19,0.2,Cash,Completed
6726,1289,207,14,8,2024-03-02,1,245.28,0.0,PayPal,Completed
6727,1075,220,14,47,2025-08-11,3,357.02,0.0,Credit Card,Returned
6728,1403,272,5,48,2025-12-02,4,596.66,0.0,Gift Card,Completed
6729,14,222,12,11,2023-03-23,6,412.69,0.1,Gift Card,Shipped
6730,1382,200,2,3,2024-12-08,2,214.09,0.0,Cash,Completed
6731,833,230,3,43,2024-02-15,1,49.56,0.05,Gift Card,Shipped
6732,1490,200,13,49,2024-02-23,5,214.09,0.05,Gift Card,Shipped
6733,125,234,14,8,2023-07-22,2,314.58,0.05,PayPal,Pending
6734,251,242,5,48,2025-05-19,3,378.8,0.2,PayPal,Cancelled
6735,1132,261,15,27,2023-09-25,2,638.9,0.1,Gift Card,Completed
6736,989,18,12,10,2024-08-24,5,383.42,0.0,Credit Card,Shipped
6737,853,66,9,38,2024-05-01,2,330.95,0.0,Credit Card,Completed
6738,368,298,7,40,2023-04-07,1,202.95,0.0,Debit Card,Pending
6739,1393,158,15,44,2025-10-03,1,324.07,0.15,Credit Card,Shipped
6740,733,45,12,17,2024-02-05,1,107.36,0.05,Cash,Shipped
6741,1922,18,6,9,2023-01-17,2,383.42,0.0,Credit Card,Completed
6742,1325,18,6,14,2024-02-07,5,383.42,0.15,Debit Card,Completed
6743,1634,2,7,2,2024-02-26,1,35.98,0.05,Gift Card,Completed
6744,1612,134,2,45,2023-10-30,6,170.45,0.1,Gift Card,Shipped
6745,1292,181,2,28,2025-09-27,5,334.11,0.1,Debit Card,Completed
6746,1601,61,4,26,2025-05-13,1,172.42,0.2,Credit Card,Completed
6747,1391,191,9,25,2025-04-04,2,519.67,0.15,Credit Card,Completed
6748,1759,88,5,1,2023-07-13,3,291.53,0.0,PayPal,Completed
6749,1656,145,13,13,2023-04-24,2,328.64,0.05,Credit Card,Returned
6750,1118,52,8,24,2023-12-12,5,120.46,0.1,Debit Card,Completed
6751,565,192,3,20,2024-06-09,2,29.92,0.15,Debit Card,Completed
6752,175,245,11,33,2025-10-19,5,328.64,0.0,Debit Card,Returned
6753,1493,141,13,13,2023-11-24,3,236.86,0.15,Cash,Returned
6754,979,218,8,19,2023-11-05,3,95.1,0.0,Debit Card,Returned
6755,113,72,14,47,2023-05-12,3,301.36,0.0,Credit Card,Completed
6756,250,135,7,2,2023-05-22,1,126.8,0.15,Cash,Returned
6757,1946,258,6,14,2024-01-17,1,270.37,0.0,Credit Card,Shipped
6758,1612,139,12,10,2024-06-03,3,334.0,0.0,Credit Card,Returned
6759,1668,209,10,21,2024-11-12,4,193.95,0.0,Debit Card,Completed
6760,1370,242,12,17,2025-11-27,2,378.8,0.15,Debit Card,Completed
6761,1458,195,13,30,2025-06-22,4,165.25,0.2,PayPal,Completed
6762,418,153,9,38,2023-10-28,3,238.04,0.15,Gift Card,Completed
6763,394,163,1,22,2025-10-22,5,270.34,0.2,Debit Card,Completed
6764,767,180,2,37,2023-10-03,3,177.87,0.1,Credit Card,Completed
6765,1035,242,15,44,2023-09-10,2,378.8,0.0,Gift Card,Completed
6766,633,36,2,3,2023-08-01,6,480.04,0.0,Debit Card,Completed
6767,103,3,7,2,2025-05-20,6,507.54,0.0,Debit Card,Completed
6768,1593,200,12,17,2025-08-23,3,214.09,0.05,Gift Card,Pending
6769,397,146,9,25,2024-02-03,1,309.25,0.05,PayPal,Completed
6770,1719,156,4,35,2024-04-27,3,64.7,0.0,Cash,Pending
6771,1110,175,10,4,2025-06-19,3,86.78,0.05,Gift Card,Completed
6772,655,172,8,19,2025-04-19,3,70.42,0.1,Cash,Returned
6773,310,135,4,26,2025-03-14,5,126.8,0.05,Credit Card,Completed
6774,1926,52,13,49,2024-10-28,5,120.46,0.1,Credit Card,Returned
6775,1441,82,10,6,2025-03-05,2,166.87,0.0,Credit Card,Completed
6776,883,81,10,6,2023-02-09,3,379.78,0.1,Cash,Completed
6777,1651,178,1,22,2023-10-25,1,41.87,0.05,PayPal,Completed
6778,139,268,2,3,2025-06-29,2,252.86,0.15,Debit Card,Completed
6779,202,176,5,23,2023-11-28,5,171.51,0.1,Gift Card,Returned
6780,480,31,15,44,2024-01-24,1,179.93,0.2,PayPal,Returned
6781,1719,267,8,19,2023-07-29,5,139.61,0.2,PayPal,Cancelled
6782,937,124,5,1,2024-08-15,2,311.92,0.0,PayPal,Completed
6783,1435,109,6,14,2024-07-19,4,33.31,0.1,Gift Card,Returned
6784,125,48,6,14,2024-11-06,6,397.65,0.0,Debit Card,Completed
6785,1010,21,11,33,2025-01-23,3,407.45,0.05,Debit Card,Pending
6786,1476,165,1,22,2024-04-24,4,216.64,0.2,PayPal,Completed
6787,560,113,10,29,2024-10-03,6,438.2,0.2,PayPal,Completed
6788,210,277,3,20,2025-08-18,4,320.72,0.05,Credit Card,Pending
6789,551,130,3,43,2023-06-07,1,293.35,0.0,Credit Card,Completed
6790,307,253,10,4,2023-04-26,4,101.3,0.0,Gift Card,Returned
6791,1992,210,3,20,2023-11-06,3,77.07,0.0,Credit Card,Pending
6792,964,134,14,47,2025-01-16,1,170.45,0.05,Gift Card,Completed
6793,1211,80,3,20,2024-12-28,6,249.35,0.0,Cash,Cancelled
6794,910,174,12,17,2025-06-28,4,62.11,0.15,Credit Card,Completed
6795,75,184,3,20,2025-05-08,3,304.08,0.15,Cash,Cancelled
6796,100,130,15,15,2023-02-11,4,293.35,0.2,Debit Card,Shipped
6797,418,272,11,33,2025-07-28,2,596.66,0.15,Credit Card,Pending
6798,1852,186,8,39,2024-03-15,2,39.01,0.0,Cash,Completed
6799,1144,154,3,20,2024-05-28,5,214.32,0.0,Debit Card,Completed
6800,199,242,9,25,2023-05-09,1,378.8,0.05,Gift Card,Completed
6801,1412,63,9,25,2025-06-02,5,63.8,0.2,PayPal,Completed
6802,1404,176,4,35,2024-06-17,2,171.51,0.0,Gift Card,Cancelled
6803,160,69,12,17,2024-08-06,1,444.45,0.2,PayPal,Completed
6804,1779,189,5,1,2025-12-21,1,399.71,0.0,PayPal,Completed
6805,1121,237,4,26,2024-03-24,2,159.44,0.0,Cash,Completed
6806,107,213,2,37,2023-10-15,2,64.0,0.2,Cash,Completed
6807,1383,187,5,1,2024-05-15,5,226.55,0.15,Debit Card,Completed
6808,913,267,4,26,2025-09-23,2,139.61,0.15,Cash,Completed
6809,121,168,12,17,2023-11-27,5,303.92,0.1,PayPal,Cancelled
6810,139,145,12,17,2025-11-25,3,328.64,0.1,Credit Card,Cancelled
6811,841,250,6,14,2024-07-15,4,120.54,0.0,Debit Card,Completed
6812,108,20,8,19,2025-04-30,2,170.95,0.05,Gift Card,Shipped
6813,1649,269,1,41,2025-09-07,1,260.22,0.0,PayPal,Completed
6814,92,139,15,32,2023-08-11,5,334.0,0.0,Cash,Shipped
6815,440,101,8,24,2025-07-21,4,314.94,0.2,PayPal,Completed
6816,1598,230,1,41,2023-03-25,1,49.56,0.0,Debit Card,Completed
6817,1764,6,8,24,2024-07-07,5,628.51,0.0,Gift Card,Completed
6818,44,170,10,29,2025-07-21,5,260.29,0.2,Debit Card,Pending
6819,1033,27,2,3,2023-12-21,1,565.88,0.0,Debit Card,Returned
6820,1857,163,14,8,2025-01-22,4,270.34,0.1,Credit Card,Shipped
6821,511,77,10,4,2023-09-20,500,442.92,0.0,Debit Card,Completed
6822,1263,35,14,47,2025-04-09,4,53.95,0.2,Gift Card,Completed
6823,164,298,1,41,2024-10-21,4,202.95,0.0,Credit Card,Shipped
6824,1142,175,15,18,2025-11-05,6,86.78,0.0,Debit Card,Cancelled
6825,1161,261,12,11,2023-06-01,6,638.9,0.0,Debit Card,Cancelled
6826,20,187,12,11,2024-03-30,3,226.55,0.05,PayPal,Shipped
6827,1691,109,3,43,2023-03-27,6,33.31,0.1,Credit Card,Completed
6828,1275,299,8,39,2024-04-20,3,150.33,0.0,Cash,Returned
6829,1208,14,2,28,2025-08-19,6,379.66,0.0,Gift Card,Returned
6830,1748,166,14,47,2024-05-25,6,172.27,0.0,Debit Card,Returned
6831,903,282,6,9,2023-03-02,6,461.23,0.15,Gift Card,Completed
6832,381,72,2,37,2025-07-15,2,301.36,0.05,Debit Card,Completed
6833,409,271,15,18,2025-05-14,1,316.69,0.05,Gift Card,Completed
6834,395,281,9,25,2024-01-24,3,125.56,0.1,Gift Card,Completed
6835,60,184,9,25,2023-11-11,3,304.08,0.0,Cash,Completed
6836,1097,109,8,39,2025-01-20,3,33.31,0.0,Credit Card,Completed
6837,1792,103,15,32,2024-11-23,4,220.08,0.0,Cash,Shipped
6838,124,169,5,1,2025-07-26,5,446.78,0.1,PayPal,Pending
6839,452,43,9,38,2024-11-28,4,121.68,0.15,Credit Card,Completed
6840,625,223,1,50,2024-12-19,1,162.74,0.05,Debit Card,Cancelled
6841,1340,4,1,36,2023-02-22,4,355.19,0.1,Cash,Returned
6842,387,81,11,7,2023-04-14,3,379.78,0.0,Cash,Completed
6843,1814,143,3,20,2025-08-10,1,511.76,0.0,PayPal,Completed
6844,648,25,5,48,2023-06-04,2,323.92,0.05,Debit Card,Pending
6845,41,288,5,23,2024-04-30,2,367.22,0.15,Credit Card,Completed
6846,1833,282,9,38,2025-06-25,3,461.23,0.0,PayPal,Completed
6847,785,153,4,26,2024-07-20,6,238.04,0.05,Debit Card,Shipped
6848,258,60,2,3,2023-10-03,1,307.03,0.1,Gift Card,Pending
6849,1882,267,11,12,2024-03-14,6,139.61,0.0,Credit Card,Pending
6850,1877,241,11,33,2025-12-03,2,108.19,0.0,Gift Card,Completed
6851,1262,99,10,29,2024-05-28,5,384.25,0.0,PayPal,Completed
6852,34,253,5,48,2024-06-27,2,101.3,0.05,Credit Card,Completed
6853,125,49,8,24,2025-08-12,4,148.66,0.0,Gift Card,Shipped
6854,67,113,14,47,2023-06-05,4,438.2,0.15,Cash,Completed
6855,876,220,8,19,2024-09-29,6,357.02,0.0,PayPal,Returned
6856,360,14,1,22,2023-02-08,2,379.66,0.1,PayPal,Completed
6857,1438,236,11,7,2023-04-28,6,209.86,0.0,Gift Card,Pending
6858,608,148,6,14,2023-03-19,5,293.31,0.1,Credit Card,Cancelled
6859,333,35,4,34,2024-02-24,1,53.95,0.0,PayPal,Completed
6860,1065,153,13,13,2023-09-29,5,238.04,0.2,Credit Card,Returned
6861,584,215,12,17,2023-11-18,5,108.22,0.05,PayPal,Completed
6862,285,86,5,1,2023-07-24,3,302.91,0.2,Debit Card,Returned
6863,1831,102,13,42,2025-09-22,4,455.19,0.2,Cash,Completed
6864,1039,49,3,20,2024-12-03,4,148.66,0.0,Debit Card,Completed
6865,1228,183,13,49,2024-10-28,4,70.12,0.0,Debit Card,Cancelled
6866,470,186,13,49,2023-03-05,4,39.01,0.0,Credit Card,Shipped
6867,1669,16,4,35,2025-08-23,6,561.32,0.2,Cash,Shipped
6868,1170,249,4,26,2023-09-28,6,471.0,0.2,Debit Card,Completed
6869,1989,71,15,44,2024-01-16,1,251.36,0.2,Debit Card,Completed
6870,928,5,11,33,2024-04-15,2,136.89,0.15,PayPal,Completed
6871,1630,31,9,38,2024-01-06,6,179.93,0.15,Credit Card,Returned
6872,285,32,1,41,2025-05-17,1,162.12,0.0,Credit Card,Shipped
6873,1658,198,15,5,2025-10-12,4,125.5,0.15,Cash,Pending
6874,497,282,4,26,2025-03-15,2,461.23,0.15,Gift Card,Pending
6875,1498,152,4,34,2023-10-25,1,290.47,0.05,Gift Card,Cancelled
6876,1055,10,3,20,2024-06-30,6,46.02,0.15,Gift Card,Completed
6877,900,151,10,4,2024-01-19,6,61.55,0.0,PayPal,Completed
6878,1191,43,7,2,2025-12-06,5,121.68,0.0,Cash,Pending
6879,1438,68,6,14,2025-07-09,3,15.0,0.15,Gift Card,Completed
6880,1821,13,14,8,2024-05-29,1,127.76,0.0,Debit Card,Completed
6881,1584,82,4,34,2025-02-13,3,166.87,0.0,Gift Card,Completed
6882,258,252,15,27,2025-08-23,6,163.4,0.0,PayPal,Completed
6883,1389,37,10,6,2024-04-03,6,91.98,0.15,Cash,Returned
6884,1650,125,10,4,2025-06-03,6,152.14,0.0,Credit Card,Pending
6885,303,114,7,40,2023-05-28,5,356.17,0.0,Credit Card,Completed
6886,1111,179,15,5,2024-12-23,3,63.58,0.2,Cash,Pending
6887,996,12,5,48,2024-03-27,5,582.22,0.0,Credit Card,Pending
6888,991,149,8,24,2023-02-15,4,431.72,0.1,Debit Card,Completed
6889,758,104,3,43,2024-04-25,4,61.42,0.0,Debit Card,Returned
6890,1419,170,4,26,2025-06-29,4,260.29,0.0,Gift Card,Completed
6891,1874,209,3,31,2024-05-11,1,193.95,0.1,PayPal,Cancelled
6892,355,52,13,42,2025-12-03,3,120.46,0.0,Gift Card,Cancelled
6893,541,276,4,35,2025-10-04,3,394.14,0.0,Cash,Completed
6894,599,300,4,35,2023-04-28,5,306.79,0.2,Cash,Completed
6895,1547,300,3,31,2023-11-17,3,306.79,0.0,PayPal,Shipped
6896,515,58,4,26,2023-02-07,3,76.76,0.0,PayPal,Cancelled
6897,23,36,10,29,2024-04-06,6,480.04,0.05,Debit Card,Pending
6898,1023,163,9,38,2025-06-07,4,270.34,0.15,Gift Card,Completed
6899,694,236,4,34,2023-09-12,1,209.86,0.05,Gift Card,Completed
6900,837,181,9,25,2024-10-24,1,334.11,0.0,Cash,Returned
6901,274,104,8,19,2023-06-07,3,61.42,0.05,Debit Card,Shipped
6902,27,229,1,36,2025-03-19,3,321.97,0.05,Gift Card,Returned
6903,715,268,13,46,2023-06-15,6,252.86,0.0,Debit Card,Shipped
6904,1420,139,13,42,2025-08-07,4,334.0,0.2,Debit Card,Returned
6905,1447,292,4,34,2025-02-27,4,398.38,0.15,Gift Card,Completed
6906,246,94,9,38,2023-01-11,3,325.59,0.0,Gift Card,Pending
6907,987,130,13,46,2023-04-27,3,293.35,0.1,Credit Card,Cancelled
6908,715,44,7,2,2023-09-12,1,317.68,0.0,Gift Card,Cancelled
6909,1263,73,6,9,2025-07-21,6,68.44,0.1,Debit Card,Completed
6910,530,282,7,2,2023-01-23,6,461.23,0.0,Gift Card,Returned
6911,449,102,8,39,2024-04-29,5,455.19,0.0,Debit Card,Completed
6912,1148,198,11,12,2023-11-18,4,125.5,0.0,Cash,Completed
6913,468,163,15,5,2023-03-11,2,270.34,0.15,PayPal,Pending
6914,167,154,14,47,2023-05-26,2,214.32,0.0,Credit Card,Completed
6915,50,198,13,49,2025-10-08,4,125.5,0.0,PayPal,Returned
6916,1386,121,6,9,2025-07-20,6,13.34,0.0,Gift Card,Pending
6917,685,176,2,3,2025-12-24,5,171.51,0.15,Debit Card,Pending
6918,20,2,9,38,2025-11-28,1,35.98,0.0,Credit Card,Completed
6919,43,246,3,31,2025-05-16,6,594.34,0.05,PayPal,Pending
6920,1258,273,7,2,2025-03-07,4,265.88,0.0,Debit Card,Cancelled
6921,409,234,4,35,2024-04-09,2,314.58,0.0,Gift Card,Completed
6922,897,205,14,47,2023-02-21,2,370.78,0.0,Gift Card,Completed
6923,391,189,8,24,2024-05-19,2,399.71,0.1,Cash,Returned
6924,1851,159,2,37,2023-07-05,2,323.53,0.05,Gift Card,Cancelled
6925,360,235,14,8,2023-10-14,1,265.0,0.1,Cash,Completed
6926,148,80,3,31,2023-01-02,5,249.35,0.1,Cash,Pending
6927,1912,205,6,14,2025-10-18,6,370.78,0.0,Cash,Completed
6928,1400,281,8,24,2025-07-30,1,125.56,0.2,Debit Card,Completed
6929,40,288,13,49,2025-07-28,1,367.22,0.0,Credit Card,Shipped
6930,803,101,15,5,2025-05-07,1,314.94,0.0,Credit Card,Completed
6931,110,53,9,25,2025-01-30,2,459.8,0.0,Gift Card,Completed
6932,93,168,9,25,2025-04-16,1,303.92,0.1,Debit Card,Returned
6933,1951,148,13,49,2023-06-25,5,293.31,0.05,PayPal,Completed
6934,1659,134,5,1,2024-06-22,4,170.45,0.0,PayPal,Returned
6935,1015,297,1,41,2023-12-07,6,334.26,0.15,PayPal,Completed
6936,661,247,4,35,2025-04-30,6,58.54,0.1,Debit Card,Cancelled
6937,389,168,9,25,2025-02-07,2,303.92,0.15,Credit Card,Shipped
6938,170,239,10,21,2025-04-02,2,337.62,0.0,Gift Card,Completed
6939,1268,287,9,38,2025-01-19,4,173.87,0.1,PayPal,Pending
6940,1438,104,7,40,2025-08-10,6,61.42,0.1,Gift Card,Cancelled
6941,1497,266,9,25,2024-10-22,6,140.34,0.15,Gift Card,Returned
6942,243,196,6,9,2024-03-23,6,222.19,0.15,PayPal,Shipped
6943,1675,194,8,39,2024-07-04,5,35.78,0.0,Credit Card,Completed
6944,1331,48,6,9,2025-11-01,2,397.65,0.15,Cash,Returned
6945,322,75,2,3,2023-04-14,3,363.98,0.1,Cash,Completed
6946,1303,244,10,21,2025-12-07,5,328.77,0.0,Debit Card,Cancelled
6947,1488,230,7,2,2024-05-15,6,49.56,0.1,Gift Card,Completed
6948,894,234,7,2,2023-03-15,4,314.58,0.0,Credit Card,Cancelled
6949,165,242,15,27,2023-12-10,1,378.8,0.0,PayPal,Completed
6950,1867,224,13,42,2023-05-04,4,190.7,0.15,Debit Card,Completed
6951,1507,100,4,26,2025-06-02,4,447.11,0.15,Gift Card,Completed
6952,1407,131,12,11,2023-04-08,1,582.03,0.2,Debit Card,Pending
6953,184,88,2,3,2023-02-16,6,291.53,0.0,Debit Card,Pending
6954,808,124,3,20,2023-05-18,4,311.92,0.0,PayPal,Completed
6955,1122,292,10,6,2023-09-20,6,398.38,0.05,Debit Card,Completed
6956,1242,172,5,1,2025-03-20,2,70.42,0.0,Gift Card,Shipped
6957,512,72,10,6,2025-02-24,4,301.36,0.0,Debit Card,Shipped
6958,1825,193,10,29,2024-04-01,5,248.63,0.0,Cash,Pending
6959,789,217,3,43,2024-02-22,2,80.74,0.1,Debit Card,Completed
6960,1797,14,3,43,2023-01-20,2,379.66,0.2,Gift Card,Completed
6961,44,101,1,50,2023-05-27,3,314.94,0.0,Debit Card,Pending
6962,798,58,12,10,2023-11-24,2,76.76,0.0,PayPal,Completed
6963,704,144,10,21,2025-06-23,3,296.96,0.2,Cash,Completed
6964,1583,272,3,20,2024-11-30,4,596.66,0.0,Credit Card,Cancelled
6965,936,39,13,46,2024-04-05,2,340.31,0.0,Gift Card,Completed
6966,1187,9,14,8,2024-05-02,1,307.63,0.0,Gift Card,Shipped
6967,1873,117,5,23,2023-01-21,6,77.12,0.0,Debit Card,Cancelled
6968,1829,172,4,35,2024-04-04,2,70.42,0.15,Gift Card,Completed
6969,1687,7,6,9,2023-08-30,2,279.59,0.1,PayPal,Completed
6970,1611,274,5,48,2024-03-30,6,57.88,0.05,Cash,Shipped
6971,506,27,10,4,2023-04-28,4,565.88,0.05,Debit Card,Completed
6972,1145,21,5,23,2025-02-20,6,407.45,0.2,Gift Card,Completed
6973,133,75,6,14,2023-08-18,6,363.98,0.05,Gift Card,Shipped
6974,994,93,3,31,2024-03-09,3,380.69,0.2,Gift Card,Completed
6975,1017,77,9,38,2025-09-12,3,442.92,0.15,PayPal,Completed
6976,1126,249,7,40,2023-04-24,4,471.0,0.0,Debit Card,Shipped
6977,1490,262,2,3,2024-02-23,1,392.06,0.05,Debit Card,Completed
6978,1181,191,12,11,2024-05-15,6,519.67,0.0,Credit Card,Completed
6979,832,258,6,14,2023-02-17,4,,0.0,Debit Card,Cancelled
6980,650,199,7,40,2024-12-23,5,314.59,0.2,Cash,Completed
6981,1902,20,4,35,2024-02-03,4,170.95,0.0,Credit Card,Completed
6982,1284,223,15,16,2023-02-11,6,162.74,0.0,Credit Card,Completed
6983,1841,289,1,22,2024-11-28,5,246.14,0.2,Debit Card,Pending
6984,1786,215,7,40,2023-10-21,4,108.22,0.0,Gift Card,Returned
6985,1737,5,6,9,2025-01-09,5,136.89,0.0,Cash,Cancelled
6986,1726,255,2,37,2023-11-19,4,118.85,0.0,Cash,Completed
6987,580,77,13,46,2024-10-28,5,442.92,0.1,PayPal,Completed
6988,1259,252,14,47,2024-09-25,4,163.4,0.0,PayPal,Completed
6989,868,192,9,38,2025-02-14,2,29.92,0.15,Gift Card,Completed
6990,379,288,1,36,2025-11-13,3,367.22,0.15,PayPal,Pending
6991,216,253,14,47,2023-09-16,4,101.3,0.2,Cash,Completed
6992,1129,71,3,43,2025-10-25,1,251.36,0.15,Debit Card,Completed
6993,395,20,2,37,2023-11-08,1,170.95,0.0,PayPal,Completed
6994,1278,16,13,49,2024-08-16,2,561.32,0.15,PayPal,Returned
6995,93,278,12,17,2025-09-06,5,98.31,0.0,Debit Card,Cancelled
6996,1015,1,5,23,2025-06-27,6,31.01,0.1,Credit Card,Cancelled
6997,145,197,13,46,2023-05-18,2,82.36,0.0,Credit Card,Completed
6998,1094,274,8,39,2025-12-01,6,57.88,0.0,Debit Card,Returned
6999,1920,207,7,40,2025-11-06,2,245.28,0.0,Debit Card,Completed
7000,1894,148,15,27,2024-09-15,3,293.31,0.05,Credit Card,Completed
7001,1495,163,8,39,2024-09-10,5,270.34,0.15,Gift Card,Cancelled
7002,1394,43,14,8,2025-06-22,1,121.68,0.0,Cash,Shipped
7003,146,187,11,33,2024-01-30,4,226.55,0.0,Cash,Shipped
7004,1408,278,14,8,2024-03-23,1,98.31,0.2,Debit Card,Completed
7005,1433,194,2,3,2025-08-27,1,35.78,0.0,Cash,Completed
7006,23,30,7,2,2025-09-23,2,544.88,0.05,Gift Card,Completed
7007,145,216,7,40,2024-08-19,6,91.49,0.0,Cash,Returned
7008,690,283,1,22,2024-08-12,3,84.31,0.0,Debit Card,Completed
7009,988,72,9,25,2024-06-19,2,301.36,0.1,Credit Card,Completed
7010,1927,222,14,47,2024-08-04,5,412.69,0.05,Cash,Completed
7011,1629,80,9,25,2024-10-08,5,249.35,0.0,Cash,Pending
7012,750,56,12,17,2024-03-24,2,176.55,0.05,PayPal,Cancelled
7013,458,131,10,6,2025-01-21,5,582.03,0.0,PayPal,Completed
7014,1029,251,9,25,2023-08-17,4,355.21,0.1,Gift Card,Shipped
7015,1569,177,12,11,2025-06-04,5,467.22,0.2,PayPal,Completed
7016,635,234,11,7,2025-04-12,5,314.58,0.0,Debit Card,Pending
7017,1357,293,6,14,2025-06-25,3,54.25,0.2,Debit Card,Completed
7018,1528,143,2,37,2025-05-06,2,511.76,0.05,Gift Card,Pending
7019,445,223,3,20,2023-01-26,4,162.74,0.0,PayPal,Shipped
7020,953,94,5,23,2025-10-18,2,325.59,0.0,Cash,Cancelled
7021,799,300,11,12,2025-12-30,4,306.79,0.0,Credit Card,Completed
7022,1083,128,10,21,2024-02-19,6,257.64,0.0,Debit Card,Returned
7023,62,35,10,29,2024-09-30,3,53.95,0.05,Cash,Completed
7024,1184,294,11,33,2025-07-27,4,345.43,0.15,PayPal,Completed
7025,560,169,5,48,2025-01-15,6,446.78,0.1,Credit Card,Returned
7026,1796,233,5,1,2025-07-18,3,400.32,0.0,Credit Card,Shipped
7027,1882,195,14,8,2024-05-31,1,165.25,0.0,Cash,Completed
7028,453,90,3,43,2023-10-04,4,483.64,0.05,Debit Card,Pending
7029,121,167,12,17,2025-07-20,2,87.74,0.0,Cash,Returned
7030,266,223,6,9,2023-07-08,4,162.74,0.1,Gift Card,Completed
7031,1173,290,13,42,2024-03-30,6,30.66,0.15,Cash,Shipped
7032,341,229,11,7,2023-07-24,5,321.97,0.2,Cash,Completed
7033,1758,252,6,14,2023-04-15,1,163.4,0.15,PayPal,Returned
7034,1971,122,9,38,2023-01-10,6,203.86,0.0,Debit Card,Returned
7035,1509,210,1,41,2024-05-19,2,77.07,0.05,Credit Card,Shipped
7036,927,209,13,49,2023-10-28,5,193.95,0.2,Gift Card,Completed
7037,1529,286,2,28,2023-12-27,4,217.06,0.0,Credit Card,Completed
7038,832,280,12,17,2025-07-22,2,59.78,0.0,Credit Card,Shipped
7039,1577,130,8,24,2025-12-21,1,293.35,0.05,Credit Card,Completed
7040,335,266,5,1,2023-07-07,2,140.34,0.05,Debit Card,Pending
7041,1548,238,2,45,2024-08-29,6,196.9,0.2,Gift Card,Completed
7042,388,245,9,38,2025-08-21,2,328.64,0.0,Gift Card,Completed
7043,559,13,6,9,2025-02-21,3,127.76,0.2,Cash,Completed
7044,1696,293,9,25,2025-01-27,2,54.25,0.0,Cash,Returned
7045,766,135,8,19,2025-08-12,3,126.8,0.0,Credit Card,Shipped
7046,1294,111,8,39,2024-01-04,5,123.3,0.15,Cash,Shipped
7047,295,71,7,2,2025-12-10,4,251.36,0.0,PayPal,Completed
7048,1917,280,3,20,2023-09-03,5,59.78,0.0,Debit Card,Completed
7049,1165,246,4,34,2025-07-25,3,594.34,0.15,Debit Card,Completed
7050,1595,278,7,40,2024-04-19,3,98.31,0.1,Cash,Shipped
7051,67,279,5,48,2025-04-19,4,281.48,0.15,Debit Card,Completed
7052,1538,119,9,25,2023-08-03,6,63.82,0.15,PayPal,Completed
7053,1592,204,7,40,2024-07-29,4,69.93,0.1,Debit Card,Completed
7054,777,127,6,14,2025-11-27,2,90.5,0.1,Debit Card,Completed
7055,818,298,8,19,2025-08-24,4,202.95,0.05,Debit Card,Pending
7056,370,297,1,41,2025-11-01,1,334.26,0.05,Credit Card,Pending
7057,435,222,11,7,2023-07-02,6,412.69,0.0,Gift Card,Shipped
7058,793,126,13,30,2023-10-17,6,333.86,0.0,Cash,Completed
7059,770,37,14,47,2023-09-25,1,91.98,0.0,Debit Card,Completed
7060,1099,213,11,7,2025-07-03,2,64.0,0.0,Credit Card,Shipped
7061,1669,294,14,47,2023-11-02,6,345.43,0.15,Credit Card,Cancelled
7062,1433,259,2,37,2023-04-24,2,395.59,0.0,Debit Card,Completed
7063,1293,86,2,37,2023-07-27,6,302.91,0.15,PayPal,Completed
7064,144,80,15,18,2024-09-27,5,249.35,0.0,Credit Card,Completed
7065,1523,119,9,38,2024-10-26,6,63.82,0.15,Debit Card,Pending
7066,840,164,1,22,2025-08-22,2,117.71,0.05,PayPal,Completed
7067,853,174,1,22,2024-09-20,3,62.11,0.05,Debit Card,Completed
7068,1708,178,11,12,2024-08-13,6,41.87,0.0,Debit Card,Cancelled
7069,819,168,7,2,2025-05-14,5,303.92,0.0,Cash,Cancelled
7070,1701,267,11,7,2025-01-16,6,139.61,0.0,Gift Card,Completed
7071,373,290,12,11,2025-06-13,2,30.66,0.0,Debit Card,Completed
7072,580,212,12,17,2025-09-11,1,26.85,0.1,Cash,Shipped
7073,1347,226,7,2,2024-01-24,2,522.95,0.05,Debit Card,Shipped
7074,808,197,1,50,2025-07-02,6,82.36,0.0,Credit Card,Completed
7075,951,219,2,37,2025-02-28,5,243.18,0.1,Debit Card,Cancelled
7076,49,228,6,14,2023-06-29,2,247.35,0.0,PayPal,Completed
7077,973,196,5,48,2025-01-04,6,222.19,0.0,Cash,Completed
7078,378,153,7,2,2025-07-18,1,238.04,0.1,Debit Card,Completed
7079,1082,37,11,33,2024-08-18,6,91.98,0.2,Gift Card,Completed
7080,1849,147,2,3,2024-10-11,6,433.97,0.1,Gift Card,Completed
7081,1525,19,1,50,2023-02-23,6,332.56,0.05,Credit Card,Cancelled
7082,1587,296,8,39,2025-07-18,3,81.85,0.2,Debit Card,Completed
7083,934,260,14,8,2023-01-19,4,172.37,0.05,Gift Card,Pending
7084,1743,257,14,47,2023-05-24,5,29.22,0.1,Credit Card,Completed
7085,138,205,12,17,2024-02-20,6,370.78,0.15,PayPal,Returned
7086,1782,218,5,1,2024-05-09,2,95.1,0.05,PayPal,Completed
7087,1997,122,14,8,2024-10-10,3,203.86,0.1,Cash,Returned
7088,954,75,8,19,2025-10-05,5,363.98,0.0,Credit Card,Shipped
7089,1752,238,12,11,2025-02-17,2,196.9,0.2,PayPal,Completed
7090,805,251,1,36,2023-04-29,5,355.21,0.0,Credit Card,Returned
7091,947,248,9,38,2023-06-29,6,230.55,0.05,Credit Card,Shipped
7092,539,216,9,25,2023-04-17,3,91.49,0.15,Debit Card,Completed
7093,880,103,10,6,2023-10-25,2,220.08,0.1,Debit Card,Completed
7094,1231,262,10,29,2023-01-10,1,392.06,0.0,Gift Card,Shipped
7095,1694,22,3,43,2025-06-07,4,90.87,0.0,Gift Card,Returned
7096,139,221,8,24,2025-02-05,2,183.32,0.05,Gift Card,Returned
7097,1788,89,1,36,2025-09-12,3,248.83,0.1,Cash,Completed
7098,486,227,4,35,2024-10-15,1,225.3,0.0,Credit Card,Completed
7099,436,193,9,25,2023-03-17,1,248.63,0.0,Gift Card,Returned
7100,718,39,15,5,2023-06-19,6,340.31,0.1,Gift Card,Completed
7101,327,87,1,36,2024-08-30,6,321.84,0.1,Debit Card,Completed
7102,627,100,7,2,2025-07-08,3,447.11,0.0,Gift Card,Cancelled
7103,894,127,11,12,2024-09-13,1,90.5,0.1,PayPal,Completed
7104,680,260,3,31,2024-07-15,6,172.37,0.1,Gift Card,Completed
7105,1215,156,8,24,2025-07-14,5,64.7,0.0,Gift Card,Completed
7106,171,78,11,7,2024-06-06,6,176.26,0.05,Cash,Pending
7107,992,197,10,21,2024-02-25,2,82.36,0.05,Credit Card,Completed
7108,654,61,10,6,2025-08-07,1,172.42,0.1,Credit Card,Pending
7109,109,271,7,40,2023-08-13,4,316.69,0.0,Gift Card,Completed
7110,445,168,7,2,2023-11-28,5,303.92,0.0,PayPal,Returned
7111,675,124,15,16,2024-06-14,3,311.92,0.0,Debit Card,Shipped
7112,1662,238,11,33,2023-10-01,3,196.9,0.0,Cash,Pending
7113,1622,284,13,30,2025-07-05,6,413.62,0.15,Credit Card,Completed
7114,1820,266,2,37,2023-10-31,5,140.34,0.0,Gift Card,Completed
7115,752,294,10,6,2025-02-19,5,345.43,0.05,Credit Card,Cancelled
7116,53,62,7,40,2023-06-25,4,539.25,0.0,PayPal,Cancelled
7117,725,49,15,18,2023-06-17,3,148.66,0.0,Cash,Completed
7118,1132,53,6,14,2023-04-25,6,459.8,0.15,Gift Card,Completed
7119,729,217,7,2,2025-09-17,4,80.74,0.15,Credit Card,Completed
7120,37,21,4,34,2024-07-13,6,407.45,0.15,PayPal,Completed
7121,1853,218,1,22,2024-05-18,6,95.1,0.1,Gift Card,Completed
7122,1595,125,9,25,2025-05-14,5,152.14,0.15,Credit Card,Completed
7123,1357,270,10,29,2025-07-16,2,17.58,0.2,PayPal,Completed
7124,406,4,2,45,2023-08-14,4,355.19,0.0,Gift Card,Completed
7125,64,139,9,25,2025-09-13,2,334.0,0.0,Debit Card,Cancelled
7126,1823,17,6,14,2023-02-11,5,307.03,0.0,PayPal,Cancelled
7127,993,31,8,19,2024-01-17,1,179.93,0.0,Cash,Cancelled
7128,30,56,11,12,2025-07-12,5,176.55,0.1,Credit Card,Completed
7129,1906,96,11,12,2024-06-23,2,595.96,0.0,Cash,Completed
7130,1802,104,6,14,2024-02-08,3,61.42,0.1,Debit Card,Completed
7131,1604,43,3,43,2023-12-21,2,121.68,0.2,Debit Card,Completed
7132,505,9,6,9,2024-03-22,4,307.63,0.15,Debit Card,Completed
7133,1007,217,3,20,2023-01-31,3,80.74,0.2,Cash,Pending
7134,1844,118,5,23,2023-01-25,5,145.14,0.15,Credit Card,Completed
7135,1720,228,14,8,2023-01-28,6,247.35,0.2,Gift Card,Pending
7136,985,271,14,47,2024-09-16,3,316.69,0.0,Cash,Completed
7137,392,125,11,33,2024-12-19,4,152.14,0.1,Debit Card,Shipped
7138,1600,36,8,19,2023-05-31,5,480.04,0.2,Debit Card,Completed
7139,817,43,4,35,2024-02-24,4,121.68,0.0,Cash,Pending
7140,45,161,1,50,2023-05-04,2,322.86,0.0,Credit Card,Cancelled
7141,1632,58,15,44,2025-03-20,2,76.76,0.2,PayPal,Pending
7142,1777,182,13,42,2025-07-12,6,543.63,0.0,Debit Card,Returned
7143,27,126,6,9,2024-07-01,6,333.86,0.15,Gift Card,Completed
7144,346,226,13,13,2024-04-28,2,522.95,0.0,PayPal,Returned
7145,1932,231,10,6,2023-10-04,6,52.2,0.1,Credit Card,Pending
7146,1238,155,3,20,2023-01-29,1,232.62,0.1,Cash,Pending
7147,8,96,2,3,2024-04-30,5,595.96,0.15,Credit Card,Shipped
7148,721,215,10,29,2025-08-16,5,108.22,0.1,Gift Card,Cancelled
7149,727,269,5,48,2023-07-07,4,260.22,0.0,Credit Card,Completed
7150,1829,75,4,26,2024-08-20,3,363.98,0.0,Credit Card,Completed
7151,599,105,4,35,2024-03-21,2,500.45,0.0,Debit Card,Completed
7152,1811,32,13,13,2023-04-14,3,162.12,0.15,PayPal,Completed
7153,3,98,6,14,2023-03-01,2,263.06,0.1,Credit Card,Completed
7154,1784,258,10,21,2025-10-01,6,270.37,0.0,Debit Card,Completed
7155,729,79,1,50,2023-04-13,1,143.89,0.2,Cash,Completed
7156,1217,109,6,14,2023-06-21,5,33.31,0.05,Gift Card,Completed
7157,457,60,12,10,2024-06-28,2,307.03,0.1,Cash,Pending
7158,1011,126,5,1,2023-01-15,3,333.86,0.0,PayPal,Cancelled
7159,1933,250,7,2,2025-04-27,2,120.54,0.0,PayPal,Completed
7160,1566,118,8,24,2024-01-17,3,145.14,0.0,Debit Card,Pending
7161,1852,198,10,29,2025-09-21,3,125.5,0.1,Debit Card,Completed
7162,562,75,10,4,2023-01-17,2,363.98,0.05,Gift Card,Cancelled
7163,129,159,10,21,2024-05-23,1,323.53,0.2,Credit Card,Shipped
7164,1207,271,2,28,2025-08-23,6,316.69,0.1,Debit Card,Shipped
7165,494,104,10,21,2025-08-04,1,61.42,0.1,Debit Card,Shipped
7166,25,275,9,38,2025-12-27,5,255.49,0.0,Debit Card,Returned
7167,375,280,9,25,2024-11-18,2,59.78,0.2,Credit Card,Completed
7168,1315,47,14,47,2025-04-07,3,126.89,0.1,Credit Card,Cancelled
7169,721,291,14,47,2025-04-10,3,9.1,0.1,Credit Card,Pending
7170,1908,62,4,26,2025-11-26,2,539.25,0.1,Credit Card,Cancelled
7171,1123,282,12,17,2025-11-24,2,461.23,0.15,PayPal,Cancelled
7172,277,36,5,1,2025-04-23,5,480.04,0.1,Gift Card,Completed
7173,466,176,9,25,2025-03-08,2,171.51,0.15,Debit Card,Returned
7174,1403,148,3,31,2025-06-05,2,293.31,0.05,Cash,Cancelled
7175,748,252,7,2,2025-07-11,2,163.4,0.2,Cash,Completed
7176,1743,44,11,12,2025-09-09,2,317.68,0.05,PayPal,Shipped
7177,1901,96,5,23,2025-08-14,1,595.96,0.0,Cash,Shipped
7178,922,115,7,2,2024-10-07,2,295.79,0.05,Gift Card,Completed
7179,588,149,12,17,2025-10-17,6,431.72,0.15,Gift Card,Completed
7180,1003,158,12,17,2023-01-10,5,324.07,0.15,Debit Card,Completed
7181,315,260,7,2,2025-07-21,6,172.37,0.0,Gift Card,Completed
7182,221,14,13,13,2025-05-28,3,379.66,0.1,Debit Card,Completed
7183,297,183,13,30,2025-11-07,5,70.12,0.2,Credit Card,Completed
7184,1097,51,13,49,2024-08-05,5,190.91,0.0,Gift Card,Shipped
7185,537,38,11,12,2023-05-20,2,142.98,0.0,Debit Card,Completed
7186,1953,31,10,29,2025-05-19,5,179.93,0.0,PayPal,Completed
7187,246,243,3,43,2023-11-21,5,523.63,0.0,Credit Card,Completed
7188,882,228,9,38,2025-11-25,2,247.35,0.2,Gift Card,Returned
7189,1474,233,6,14,2025-04-23,6,400.32,0.0,PayPal,Shipped
7190,922,286,7,2,2025-08-25,6,217.06,0.15,Cash,Cancelled
7191,1896,57,10,29,2023-06-14,5,207.9,0.1,Debit Card,Pending
7192,1063,59,5,48,2025-12-21,1,239.55,0.05,Debit Card,Completed
7193,1101,234,8,39,2024-06-19,4,314.58,0.0,Gift Card,Returned
7194,337,198,12,10,2025-11-28,4,125.5,0.0,PayPal,Cancelled
7195,632,25,4,34,2025-09-16,6,323.92,0.05,Credit Card,Completed
7196,1690,91,12,17,2023-11-13,6,406.77,0.0,Cash,Pending
7197,1820,165,11,33,2025-04-16,2,216.64,0.15,Credit Card,Shipped
7198,1888,74,11,7,2024-07-26,3,292.63,0.1,Debit Card,Completed
7199,1677,38,4,35,2024-08-07,6,142.98,0.15,Cash,Completed
7200,1663,180,3,20,2025-12-02,3,177.87,0.2,Credit Card,Cancelled
7201,627,112,5,1,2023-10-31,3,347.45,0.0,PayPal,Completed
7202,783,65,15,32,2023-03-15,3,543.26,0.0,Debit Card,Completed
7203,1590,39,5,48,2025-01-06,5,340.31,0.0,PayPal,Completed
7204,1188,146,4,34,2023-11-08,3,309.25,0.2,Gift Card,Completed
7205,23,229,1,50,2025-09-14,6,321.97,0.15,Cash,Completed
7206,812,150,10,29,2023-10-20,2,157.31,0.05,Gift Card,Completed
7207,1318,24,15,44,2024-04-25,2,129.26,0.0,Debit Card,Completed
7208,143,236,4,34,2025-07-25,5,209.86,0.15,Credit Card,Completed
7209,938,31,11,7,2023-03-15,3,179.93,0.0,Cash,Shipped
7210,28,13,14,47,2023-07-13,2,127.76,0.2,Credit Card,Pending
7211,1722,20,8,19,2024-08-13,1,170.95,0.0,Credit Card,Pending
7212,556,101,11,33,2023-07-06,3,314.94,0.0,Credit Card,Completed
7213,1671,251,13,49,2023-09-09,4,355.21,0.1,Debit Card,Returned
7214,1424,47,6,14,2025-01-23,4,126.89,0.0,PayPal,Returned
7215,559,198,9,38,2024-11-23,3,125.5,0.2,Gift Card,Cancelled
7216,11,213,10,29,2023-11-24,2,64.0,0.05,Cash,Pending
7217,1145,35,10,6,2025-12-18,4,53.95,0.0,Debit Card,Completed
7218,842,120,15,32,2024-12-19,2,346.06,0.0,Debit Card,Completed
7219,1423,73,2,3,2025-09-28,6,68.44,0.0,Cash,Returned
7220,984,271,6,14,2024-02-24,5,316.69,0.15,Cash,Completed
7221,1244,46,14,47,2023-02-07,2,393.27,0.0,Debit Card,Completed
7222,1204,60,14,47,2025-04-08,1,307.03,0.1,Credit Card,Cancelled
7223,948,205,3,43,2025-06-18,1,370.78,0.2,Cash,Returned
7224,1224,108,5,1,2023-03-02,6,603.53,0.2,Gift Card,Cancelled
7225,1728,45,8,24,2024-08-18,1,107.36,0.05,Gift Card,Completed
7226,705,146,1,22,2023-11-13,2,309.25,0.0,Cash,Pending
7227,219,227,1,41,2024-09-21,3,225.3,0.0,Credit Card,Shipped
7228,1906,280,4,35,2023-09-23,3,59.78,0.1,Debit Card,Completed
7229,704,75,13,42,2025-03-14,2,363.98,0.05,Debit Card,Completed
7230,1738,197,9,25,2023-07-25,4,82.36,0.05,Cash,Completed
7231,1095,45,14,8,2023-04-19,1,107.36,0.05,Credit Card,Completed
7232,1932,181,1,41,2023-02-27,4,334.11,0.2,Credit Card,Returned
7233,1375,135,5,1,2025-11-19,4,126.8,0.0,PayPal,Returned
7234,1925,124,1,50,2024-04-06,5,311.92,0.0,Credit Card,Completed
7235,110,24,10,6,2023-08-09,1,129.26,0.0,Credit Card,Completed
7236,1137,179,11,12,2023-02-16,5,63.58,0.1,Gift Card,Shipped
7237,1258,267,10,6,2024-03-26,6,139.61,0.05,Gift Card,Shipped
7238,1288,216,10,4,2023-08-20,1,91.49,0.1,Credit Card,Returned
7239,1065,80,4,26,2023-10-30,6,249.35,0.2,PayPal,Completed
7240,340,94,11,33,2024-05-05,3,325.59,0.0,Cash,Pending
7241,279,239,6,14,2023-03-18,3,337.62,0.1,Cash,Completed
7242,1945,279,1,22,2025-06-28,2,281.48,0.0,PayPal,Returned
7243,1773,226,7,40,2025-10-13,4,522.95,0.05,PayPal,Pending
7244,1034,242,15,44,2023-09-09,2,378.8,0.2,PayPal,Completed
7245,1674,258,11,12,2024-03-07,5,270.37,0.05,Credit Card,Completed
7246,803,218,15,5,2024-03-11,2,95.1,0.1,Gift Card,Cancelled
7247,725,225,9,38,2024-09-27,5,131.27,0.2,Gift Card,Completed
7248,38,221,8,39,2023-05-15,5,183.32,0.15,Cash,Pending
7249,446,269,1,22,2023-06-07,6,260.22,0.0,Cash,Completed
7250,1108,2,4,35,2023-06-30,3,35.98,0.2,Credit Card,Completed
7251,22,185,6,9,2025-12-27,6,357.71,0.0,PayPal,Shipped
7252,1610,95,6,14,2024-11-07,1,435.89,0.0,Gift Card,Completed
7253,448,232,9,38,2025-03-09,1,316.8,0.0,Debit Card,Completed
7254,979,293,13,42,2025-11-13,6,54.25,0.05,Debit Card,Cancelled
7255,307,134,11,12,2025-04-13,5,170.45,0.0,Credit Card,Returned
7256,377,168,5,48,2023-02-13,3,303.92,0.15,Credit Card,Completed
7257,1887,294,10,6,2024-10-02,6,345.43,0.2,PayPal,Completed
7258,484,96,12,11,2024-07-26,3,595.96,0.2,Gift Card,Cancelled
7259,1694,120,12,11,2024-09-30,6,346.06,0.0,PayPal,Cancelled
7260,323,80,6,9,2025-04-05,5,249.35,0.0,PayPal,Completed
7261,1792,257,13,30,2023-11-25,1,29.22,0.05,PayPal,Completed
7262,278,51,7,40,2023-03-29,1,190.91,0.15,Debit Card,Pending
7263,157,104,6,9,2024-01-11,6,61.42,0.2,Gift Card,Cancelled
7264,588,44,1,41,2024-06-15,5,317.68,0.0,Cash,Completed
7265,1629,10,13,30,2024-01-11,3,46.02,0.1,PayPal,Cancelled
7266,1803,167,9,38,2025-06-27,2,87.74,0.1,PayPal,Completed
7267,345,205,8,24,2023-01-16,5,370.78,0.0,Credit Card,Cancelled
7268,806,81,3,43,2025-02-06,5,379.78,0.1,Cash,Completed
7269,1726,163,13,30,2024-03-21,5,270.34,0.2,PayPal,Cancelled
7270,835,63,13,42,2025-08-10,2,63.8,0.0,Credit Card,Pending
7271,1439,249,4,34,2025-10-28,5,471.0,0.2,Gift Card,Completed
7272,451,25,4,34,2023-07-17,3,323.92,0.15,Gift Card,Completed
7273,412,240,15,18,2024-08-02,6,196.7,0.1,Credit Card,Completed
7274,564,280,9,38,2025-10-09,5,59.78,0.1,Cash,Completed
7275,207,278,3,43,2024-08-04,3,98.31,0.0,Credit Card,Completed
7276,701,165,14,8,2025-11-22,2,216.64,0.0,Debit Card,Pending
7277,46,92,2,28,2023-11-17,1,665.8,0.0,Debit Card,Pending
7278,709,155,15,32,2023-03-28,3,232.62,0.15,Debit Card,Completed
7279,518,1,11,33,2023-07-16,4,31.01,0.0,PayPal,Pending
7280,1361,32,12,11,2025-05-02,1,162.12,0.1,Debit Card,Completed
7281,1271,275,8,19,2025-02-18,3,255.49,0.1,Credit Card,Cancelled
7282,1455,36,1,36,2024-08-14,4,480.04,0.0,PayPal,Shipped
7283,1155,106,15,5,2023-12-22,2,127.35,0.2,Gift Card,Completed
7284,723,88,15,5,2024-10-10,1,291.53,0.0,Gift Card,Completed
7285,1894,262,8,39,2025-06-24,5,392.06,0.0,Cash,Completed
7286,1436,17,8,39,2023-01-24,4,307.03,0.0,Cash,Completed
7287,156,232,14,8,2025-10-07,3,316.8,0.1,Gift Card,Completed
7288,1645,280,11,12,2023-03-18,5,59.78,0.0,PayPal,Completed
7289,838,9,13,30,2024-09-23,6,307.63,0.0,Credit Card,Pending
7290,1542,10,8,39,2025-05-09,4,46.02,0.0,Gift Card,Cancelled
7291,1835,165,10,29,2023-09-20,4,216.64,0.0,Credit Card,Completed
7292,327,167,12,10,2025-10-28,2,87.74,0.0,PayPal,Completed
7293,1098,230,12,17,2023-01-18,1,49.56,0.05,Cash,Completed
7294,551,177,11,12,2023-05-25,4,467.22,0.1,Credit Card,Returned
7295,30,125,4,34,2024-06-19,1,152.14,0.2,PayPal,Shipped
7296,662,116,8,39,2023-09-07,3,365.71,0.15,Debit Card,Completed
7297,1303,150,11,12,2024-05-10,5,157.31,0.0,PayPal,Completed
7298,722,143,2,45,2024-10-07,5,511.76,0.0,Gift Card,Completed
7299,1184,162,3,20,2023-09-26,6,532.97,0.2,PayPal,Pending
7300,122,230,6,14,2023-11-18,5,49.56,0.0,Debit Card,Completed
7301,304,26,13,13,2025-05-05,5,68.26,0.0,Credit Card,Completed
7302,1610,262,6,9,2024-08-01,3,392.06,0.2,PayPal,Completed
7303,513,294,2,28,2025-08-17,5,345.43,0.0,Cash,Pending
7304,1721,115,14,8,2023-10-24,4,295.79,0.05,Credit Card,Completed
7305,319,58,4,35,2023-09-01,5,76.76,0.05,Credit Card,Completed
7306,1627,23,13,42,2023-09-20,3,298.77,0.2,Credit Card,Cancelled
7307,1802,289,4,26,2025-03-14,2,246.14,0.1,Debit Card,Shipped
7308,596,256,13,46,2025-10-03,1,203.89,0.05,Debit Card,Completed
7309,774,90,5,23,2023-05-28,3,483.64,0.0,Debit Card,Cancelled
7310,314,57,8,24,2025-03-28,5,207.9,0.0,Gift Card,Cancelled
7311,235,291,6,14,2023-02-01,3,9.1,0.0,PayPal,Shipped
7312,660,155,1,50,2025-10-14,5,232.62,0.15,PayPal,Completed
7313,115,257,3,31,2025-12-07,4,29.22,0.05,Credit Card,Completed
7314,1788,30,14,47,2023-01-28,4,544.88,0.0,Credit Card,Completed
7315,1128,21,7,2,2023-11-10,2,407.45,0.0,Cash,Cancelled
7316,946,163,7,40,2024-01-16,1,270.34,0.05,Cash,Completed
7317,1282,132,10,6,2024-07-27,3,127.63,0.2,Credit Card,Cancelled
7318,662,157,8,24,2025-07-23,5,110.95,0.1,Cash,Completed
7319,1277,124,13,42,2025-08-12,4,311.92,0.0,Cash,Completed
7320,1901,257,3,31,2023-02-13,4,29.22,0.15,Debit Card,Shipped
7321,331,1,3,20,2024-01-29,4,31.01,0.15,Gift Card,Completed
7322,218,155,1,22,2024-10-21,2,232.62,0.0,Debit Card,Completed
7323,224,148,3,43,2023-10-01,6,293.31,0.0,Credit Card,Shipped
7324,435,294,8,39,2024-11-02,3,345.43,0.0,Gift Card,Completed
7325,841,221,2,37,2023-01-24,5,183.32,0.0,Cash,Completed
7326,1224,27,2,37,2024-03-02,2,565.88,0.0,Debit Card,Completed
7327,1815,196,10,6,2023-03-14,3,222.19,0.15,Debit Card,Pending
7328,1392,231,12,10,2024-02-17,1,52.2,0.0,Gift Card,Cancelled
7329,1401,90,8,24,2024-05-02,5,483.64,0.2,Cash,Returned
7330,830,120,9,25,2023-02-23,1,346.06,0.15,Credit Card,Returned
7331,387,18,9,25,2024-03-16,5,383.42,0.05,Debit Card,Shipped
7332,1382,145,7,2,2023-01-16,6,328.64,0.0,Gift Card,Shipped
7333,149,171,6,14,2025-04-03,5,293.86,0.1,Debit Card,Completed
7334,1684,297,3,43,2023-05-28,6,334.26,0.2,Debit Card,Completed
7335,1247,35,9,25,2023-06-23,4,53.95,0.05,Credit Card,Completed
7336,1715,250,10,6,2025-08-06,6,120.54,0.2,Gift Card,Completed
7337,829,255,10,21,2025-11-28,6,118.85,0.1,Gift Card,Pending
7338,317,42,7,2,2025-07-11,4,483.01,0.15,Cash,Shipped
7339,708,194,5,1,2025-01-07,4,35.78,0.0,Gift Card,Completed
7340,1984,271,15,16,2024-01-12,3,316.69,0.1,Debit Card,Completed
7341,1615,60,3,43,2025-11-01,1,307.03,0.0,Cash,Cancelled
7342,1368,141,9,38,2024-10-10,4,236.86,0.0,Debit Card,Cancelled
7343,72,229,7,40,2023-08-10,6,321.97,0.15,PayPal,Shipped
7344,221,22,2,28,2024-06-26,4,90.87,0.15,Debit Card,Cancelled
7345,114,135,8,24,2024-12-29,3,126.8,0.0,Credit Card,Completed
7346,1178,29,11,7,2024-05-02,5,197.73,0.2,Gift Card,Completed
7347,314,131,6,9,2025-07-12,2,582.03,0.1,Gift Card,Completed
7348,400,231,13,30,2023-03-08,6,52.2,0.0,Credit Card,Cancelled
7349,1694,43,2,28,2024-01-13,2,121.68,0.0,Gift Card,Pending
7350,1133,131,2,37,2023-11-06,1,582.03,0.0,Cash,Pending
7351,323,123,15,15,2023-09-03,5,203.09,0.0,Credit Card,Completed
7352,351,248,12,10,2024-12-19,2,230.55,0.0,PayPal,Completed
7353,1494,275,8,19,2023-07-11,3,255.49,0.2,Cash,Cancelled
7354,298,226,4,34,2024-06-30,5,522.95,0.2,PayPal,Completed
7355,238,246,8,19,2024-10-05,2,594.34,0.1,Gift Card,Pending
7356,1672,261,5,1,2024-06-02,6,638.9,0.2,PayPal,Returned
7357,1210,79,6,9,2025-04-04,1,143.89,0.05,PayPal,Cancelled
7358,1705,77,14,47,2025-07-11,6,442.92,0.15,Debit Card,Shipped
7359,103,28,11,33,2024-04-04,5,360.14,0.2,Gift Card,Completed
7360,283,263,2,3,2023-06-17,1,47.7,0.0,Gift Card,Completed
7361,42,149,1,41,2025-10-13,5,431.72,0.15,Debit Card,Pending
7362,1046,26,8,24,2025-02-04,2,68.26,0.0,Credit Card,Pending
7363,1024,124,3,20,2025-09-16,1,311.92,0.15,Gift Card,Completed
7364,1979,64,11,7,2025-05-16,2,566.62,0.1,PayPal,Cancelled
7365,1702,232,2,3,2025-09-07,1,316.8,0.1,Gift Card,Returned
7366,1780,132,7,40,2023-05-16,6,127.63,0.05,Credit Card,Returned
7367,1123,174,7,40,2025-12-08,3,62.11,0.2,Cash,Shipped
7368,588,175,11,7,2023-04-30,3,86.78,0.15,Cash,Returned
7369,455,258,14,47,2025-05-16,5,270.37,0.15,Cash,Shipped
7370,854,169,2,28,2023-12-30,4,446.78,0.05,Debit Card,Pending
7371,756,89,2,37,2024-10-09,3,248.83,0.0,PayPal,Pending
7372,182,41,4,26,2023-11-06,5,441.65,0.0,PayPal,Returned
7373,1736,201,6,9,2024-03-15,3,307.14,0.0,Gift Card,Cancelled
7374,1209,252,12,17,2025-09-19,1,163.4,0.0,Cash,Shipped
7375,1034,284,11,12,2024-01-11,4,413.62,0.15,Cash,Completed
7376,375,106,3,31,2025-01-06,5,127.35,0.0,Credit Card,Pending
7377,680,70,15,5,2024-12-16,2,42.41,0.05,Gift Card,Completed
7378,361,168,15,44,2025-12-29,4,303.92,0.0,Credit Card,Completed
7379,22,281,2,37,2024-07-13,6,125.56,0.1,Cash,Pending
7380,233,178,3,31,2024-09-30,4,41.87,0.0,Credit Card,Completed
7381,1924,65,13,46,2025-08-25,3,543.26,0.05,Debit Card,Completed
7382,377,17,15,32,2023-02-20,4,307.03,0.0,PayPal,Completed
7383,891,284,13,30,2024-12-08,5,413.62,0.15,Cash,Pending
7384,21,87,13,49,2024-02-02,2,321.84,0.15,Debit Card,Cancelled
7385,1770,265,4,34,2024-06-03,6,348.49,0.0,Debit Card,Returned
7386,440,265,13,49,2024-09-22,4,348.49,0.0,Cash,Pending
7387,806,268,10,4,2023-09-11,3,252.86,0.0,Gift Card,Cancelled
7388,1622,220,2,28,2023-04-16,6,357.02,0.0,Cash,Pending
7389,239,4,15,44,2024-08-17,2,355.19,0.0,Cash,Completed
7390,806,192,9,38,2025-11-26,5,29.92,0.0,Debit Card,Completed
7391,977,48,13,42,2025-07-06,4,397.65,0.1,Debit Card,Cancelled
7392,1209,139,9,38,2023-02-15,5,334.0,0.15,Gift Card,Shipped
7393,961,232,8,19,2023-11-12,5,316.8,0.2,Gift Card,Completed
7394,1984,38,8,39,2024-08-31,1,142.98,0.0,Gift Card,Shipped
7395,108,271,15,16,2025-10-15,5,316.69,0.1,Gift Card,Completed
7396,226,261,4,34,2025-12-11,6,638.9,0.0,Cash,Completed
7397,331,59,15,16,2025-03-10,3,239.55,0.0,Credit Card,Completed
7398,1076,87,2,3,2024-10-29,3,321.84,0.15,Debit Card,Cancelled
7399,1333,71,2,3,2023-08-19,6,251.36,0.0,Gift Card,Shipped
7400,507,288,4,26,2023-08-08,6,,0.05,Debit Card,Shipped
7401,1860,24,8,24,2023-07-27,4,129.26,0.05,Gift Card,Completed
7402,1415,169,10,4,2024-04-13,2,446.78,0.05,Credit Card,Completed
7403,777,117,10,6,2025-12-06,6,77.12,0.05,Credit Card,Cancelled
7404,1312,111,15,16,2025-04-15,3,123.3,0.05,PayPal,Completed
7405,707,160,7,2,2024-11-28,5,466.97,0.0,Gift Card,Completed
7406,383,164,8,19,2024-07-16,1,117.71,0.0,Gift Card,Pending
7407,1039,127,13,13,2023-02-25,4,90.5,0.0,Cash,Cancelled
7408,32,250,7,2,2025-07-31,6,120.54,0.0,Gift Card,Completed
7409,1057,180,13,46,2025-02-21,3,177.87,0.0,Cash,Completed
7410,1983,296,13,42,2024-04-17,2,81.85,0.0,PayPal,Returned
7411,833,280,6,14,2023-05-04,1,59.78,0.0,Credit Card,Completed
7412,908,217,11,33,2024-07-16,4,80.74,0.0,Credit Card,Completed
7413,1020,192,12,17,2024-11-23,2,29.92,0.15,Cash,Pending
7414,475,154,3,20,2023-09-08,2,214.32,0.1,Cash,Completed
7415,1305,241,14,8,2023-02-17,2,108.19,0.05,Debit Card,Cancelled
7416,1050,192,7,40,2025-09-05,3,29.92,0.0,Gift Card,Completed
7417,213,97,11,33,2024-06-22,4,228.27,0.1,Debit Card,Completed
7418,802,204,3,31,2023-06-30,4,192.26,0.1,PayPal,Shipped
7419,940,78,2,3,2023-11-01,2,176.26,0.2,Gift Card,Cancelled
7420,243,179,5,48,2024-03-03,2,63.58,0.0,Credit Card,Returned
7421,1753,117,11,12,2025-11-18,5,77.12,0.0,Cash,Cancelled
7422,72,201,5,1,2023-01-05,5,307.14,0.15,PayPal,Completed
7423,109,29,13,46,2025-09-21,5,197.73,0.1,PayPal,Shipped
7424,694,4,13,30,2025-04-01,1,355.19,0.05,Debit Card,Pending
7425,275,17,4,35,2025-07-22,3,307.03,0.0,Debit Card,Completed
7426,1588,221,5,48,2024-11-26,5,183.32,0.05,Credit Card,Completed
7427,125,71,4,26,2023-12-01,1,251.36,0.05,Debit Card,Completed
7428,654,165,9,25,2024-09-23,2,216.64,0.0,Cash,Completed
7429,1001,129,11,12,2023-01-20,6,267.03,0.0,Credit Card,Shipped
7430,919,281,5,1,2023-07-26,3,125.56,0.0,PayPal,Completed
7431,1471,115,6,14,2025-05-08,1,295.79,0.05,Cash,Completed
7432,1654,41,1,41,2024-02-18,1,441.65,0.0,Gift Card,Cancelled
7433,1158,192,3,20,2024-02-26,2,29.92,0.05,PayPal,Completed
7434,452,64,3,20,2025-04-17,4,566.62,0.0,Debit Card,Returned
7435,1999,282,10,29,2023-05-15,6,461.23,0.05,Cash,Cancelled
7436,589,151,9,25,2023-09-22,6,61.55,0.15,Debit Card,Completed
7437,1365,51,6,9,2024-10-07,4,190.91,0.0,Debit Card,Completed
7438,345,155,11,33,2025-10-12,3,232.62,0.05,PayPal,Pending
7439,176,283,3,31,2024-12-18,1,84.31,0.0,Credit Card,Pending
7440,720,298,4,35,2025-07-14,5,202.95,0.05,PayPal,Completed
7441,1299,149,8,39,2023-07-25,4,431.72,0.1,Gift Card,Returned
7442,1262,111,10,6,2025-06-10,5,123.3,0.0,PayPal,Shipped
7443,1660,252,10,21,2024-01-15,1,163.4,0.0,Debit Card,Completed
7444,335,63,15,16,2023-05-07,3,63.8,0.1,Credit Card,Completed
7445,1909,214,14,47,2025-12-19,2,264.25,0.1,Debit Card,Completed
7446,1073,221,2,28,2024-02-12,6,183.32,0.15,PayPal,Shipped
7447,1623,166,3,20,2023-10-03,6,172.27,0.0,Gift Card,Completed
7448,91,143,12,10,2023-07-23,4,511.76,0.05,PayPal,Completed
7449,1716,54,15,16,2023-01-14,2,43.29,0.15,Credit Card,Completed
7450,1719,22,7,40,2024-07-01,1,90.87,0.0,Gift Card,Pending
7451,227,271,3,20,2023-02-11,4,316.69,0.1,Cash,Completed
7452,1205,41,4,35,2023-08-09,3,441.65,0.15,Credit Card,Completed
7453,348,1,10,4,2025-02-08,2,31.01,0.2,Cash,Shipped
7454,1538,11,2,37,2023-05-22,6,289.37,0.05,Cash,Returned
7455,697,10,11,7,2025-01-23,4,46.02,0.15,Gift Card,Cancelled
7456,152,118,9,25,2024-06-01,2,145.14,0.0,Debit Card,Cancelled
7457,1232,114,14,8,2023-07-12,3,356.17,0.1,PayPal,Completed
7458,1060,80,3,43,2023-11-17,6,249.35,0.1,Debit Card,Returned
7459,980,86,5,48,2025-05-28,2,302.91,0.15,Gift Card,Shipped
7460,1171,49,2,28,2025-05-11,3,148.66,0.0,Gift Card,Pending
7461,12,279,14,8,2025-08-31,6,281.48,0.0,Credit Card,Shipped
7462,588,269,4,34,2023-03-24,1,260.22,0.15,Cash,Completed
7463,19,221,14,47,2024-07-05,6,183.32,0.15,Gift Card,Returned
7464,1938,34,7,40,2025-10-04,2,71.12,0.05,Cash,Pending
7465,322,296,13,30,2023-08-20,2,81.85,0.0,Cash,Returned
7466,892,150,12,11,2024-06-13,1,157.31,0.0,Credit Card,Completed
7467,1509,189,1,22,2023-01-03,2,399.71,0.1,Cash,Completed
7468,97,300,1,36,2023-12-03,6,306.79,0.1,Cash,Completed
7469,557,154,4,34,2025-01-26,4,214.32,0.05,Credit Card,Completed
7470,776,219,10,4,2024-10-02,5,243.18,0.0,PayPal,Shipped
7471,1892,201,5,1,2025-04-12,3,307.14,0.0,Cash,Returned
7472,949,49,2,37,2025-09-21,6,148.66,0.1,Debit Card,Completed
7473,281,270,1,22,2025-10-27,2,17.58,0.2,PayPal,Shipped
7474,1868,275,11,7,2024-06-30,3,255.49,0.0,Credit Card,Cancelled
7475,1723,88,8,24,2025-11-20,5,291.53,0.0,Gift Card,Completed
7476,549,16,10,21,2023-04-18,1,561.32,0.0,Cash,Completed
7477,971,26,7,40,2024-04-04,6,68.26,0.05,PayPal,Shipped
7478,618,69,7,40,2023-11-10,1,444.45,0.2,PayPal,Returned
7479,1424,257,7,2,2025-06-04,5,29.22,0.05,PayPal,Pending
7480,1025,164,4,34,2025-06-04,2,117.71,0.2,Gift Card,Cancelled
7481,1649,103,3,20,2023-06-23,3,220.08,0.0,Credit Card,Returned
7482,1216,147,6,14,2023-05-21,3,433.97,0.05,PayPal,Cancelled
7483,74,40,2,3,2025-01-25,3,408.98,0.0,Cash,Pending
7484,535,191,2,28,2025-10-01,2,519.67,0.05,PayPal,Shipped
7485,1442,30,14,8,2023-10-28,1,544.88,0.2,Debit Card,Completed
7486,1745,27,14,47,2025-06-23,5,565.88,0.2,Credit Card,Returned
7487,1483,121,8,39,2023-11-04,2,13.34,0.0,PayPal,Completed
7488,1612,189,12,10,2025-01-08,4,399.71,0.0,Debit Card,Completed
7489,497,70,3,20,2025-04-02,1,42.41,0.0,Cash,Pending
7490,806,272,5,1,2025-12-02,2,596.66,0.0,PayPal,Completed
7491,279,140,10,4,2023-11-02,5,257.08,0.0,Gift Card,Completed
7492,1577,170,2,37,2025-04-10,6,260.29,0.15,Debit Card,Pending
7493,718,246,8,39,2024-02-08,1,594.34,0.0,PayPal,Completed
7494,1142,150,14,47,2025-09-10,6,157.31,0.05,Cash,Completed
7495,479,106,7,40,2023-04-10,5,127.35,0.0,Debit Card,Completed
7496,82,58,12,11,2025-12-05,2,76.76,0.05,Credit Card,Shipped
7497,397,60,15,44,2025-06-13,5,307.03,0.0,Cash,Pending
7498,176,276,4,34,2025-12-22,3,394.14,0.2,Gift Card,Pending
7499,1997,43,14,47,2025-02-04,1,121.68,0.0,PayPal,Completed
7500,1893,175,7,40,2023-10-12,1,86.78,0.1,Credit Card,Shipped
7501,974,210,6,9,2024-05-18,5,77.07,0.05,PayPal,Completed
7502,56,281,11,33,2024-12-17,1,125.56,0.15,Credit Card,Completed
7503,735,114,4,26,2025-01-27,3,356.17,0.0,Debit Card,Cancelled
7504,371,6,10,29,2024-10-26,4,628.51,0.0,Gift Card,Completed
7505,1741,72,12,11,2023-01-05,5,301.36,0.0,Cash,Completed
7506,1657,127,10,29,2025-04-29,4,90.5,0.2,Gift Card,Completed
7507,88,200,13,13,2023-02-15,1,214.09,0.15,Debit Card,Completed
7508,459,70,11,7,2023-11-28,6,42.41,0.0,Cash,Completed
7509,459,102,12,11,2025-10-08,6,455.19,0.0,Debit Card,Cancelled
7510,1438,172,14,47,2025-03-28,1,70.42,0.2,Gift Card,Completed
7511,639,52,8,39,2023-12-19,4,120.46,0.0,Cash,Completed
7512,1884,96,6,14,2023-12-10,2,595.96,0.1,Debit Card,Pending
7513,1940,276,5,48,2024-06-21,2,394.14,0.1,Credit Card,Returned
7514,1430,28,10,29,2025-07-28,5,360.14,0.0,Credit Card,Completed
7515,724,16,6,9,2025-07-30,1,561.32,0.15,PayPal,Completed
7516,845,190,14,8,2024-02-14,6,292.3,0.2,PayPal,Cancelled
7517,1092,186,12,17,2023-05-10,3,39.01,0.15,Debit Card,Completed
7518,1144,117,1,36,2025-02-01,2,77.12,0.0,Cash,Completed
7519,679,5,11,33,2023-06-13,3,136.89,0.0,Credit Card,Completed
7520,539,270,12,11,2025-04-17,1,17.58,0.15,Gift Card,Cancelled
7521,1627,298,11,12,2024-03-09,6,202.95,0.0,Gift Card,Shipped
7522,1336,205,12,17,2024-06-28,5,370.78,0.2,PayPal,Completed
7523,888,103,15,27,2025-12-17,5,220.08,0.1,PayPal,Returned
7524,379,216,1,22,2025-02-11,5,91.49,0.15,Credit Card,Completed
7525,638,229,1,41,2025-04-04,3,321.97,0.2,Cash,Completed
7526,629,73,10,21,2024-01-01,5,68.44,0.0,Debit Card,Completed
7527,169,82,6,14,2025-02-07,4,166.87,0.2,Gift Card,Completed
7528,373,225,11,33,2023-11-18,2,131.27,0.0,Gift Card,Completed
7529,1141,202,10,4,2025-05-26,1,211.09,0.0,PayPal,Completed
7530,152,211,7,2,2024-12-29,1,199.85,0.15,Cash,Completed
7531,606,6,14,8,2024-03-03,3,628.51,0.0,Gift Card,Pending
7532,234,103,1,50,2025-10-20,4,220.08,0.05,PayPal,Completed
7533,46,135,7,40,2025-08-11,1,126.8,0.0,Credit Card,Completed
7534,1936,217,11,33,2025-04-07,6,80.74,0.0,PayPal,Pending
7535,746,138,7,2,2024-05-25,1,102.03,0.15,Debit Card,Completed
7536,1238,155,3,31,2023-08-30,3,232.62,0.0,Cash,Cancelled
7537,250,259,14,8,2025-08-22,1,395.59,0.15,Credit Card,Cancelled
7538,1855,76,10,6,2023-05-14,4,46.89,0.2,Cash,Completed
7539,1774,114,15,27,2023-12-22,3,356.17,0.0,Credit Card,Shipped
7540,1020,151,15,32,2024-02-12,5,61.55,0.0,Credit Card,Shipped
7541,1803,125,7,2,2023-10-26,3,152.14,0.15,PayPal,Completed
7542,632,14,8,24,2023-10-15,5,379.66,0.0,Debit Card,Completed
7543,981,217,3,20,2023-02-11,2,80.74,0.1,Credit Card,Completed
7544,1897,211,10,4,2024-10-31,5,199.85,0.2,Gift Card,Completed
7545,1856,263,5,1,2025-01-30,3,47.7,0.15,Debit Card,Completed
7546,827,121,10,29,2023-08-19,5,13.34,0.15,Cash,Completed
7547,1642,5,9,25,2025-07-13,4,136.89,0.1,Cash,Completed
7548,1714,162,7,2,2023-02-17,4,532.97,0.05,Credit Card,Completed
7549,1820,121,9,38,2025-08-16,4,13.34,0.0,Debit Card,Completed
7550,1305,23,6,14,2024-10-07,6,298.77,0.15,Debit Card,Completed
7551,1321,137,15,15,2024-05-22,2,47.19,0.2,Credit Card,Cancelled
7552,1770,156,7,40,2024-05-13,2,64.7,0.15,Debit Card,Completed
7553,1022,46,6,14,2023-12-27,5,393.27,0.0,Gift Card,Returned
7554,1131,187,5,23,2025-04-12,4,226.55,0.2,PayPal,Returned
7555,816,257,10,6,2024-12-31,1,29.22,0.0,Credit Card,Pending
7556,212,271,12,10,2024-02-22,4,316.69,0.0,Debit Card,Returned
7557,25,165,13,46,2024-11-20,4,216.64,0.15,Credit Card,Cancelled
7558,1281,46,6,14,2024-07-23,2,393.27,0.0,Credit Card,Returned
7559,44,157,5,23,2023-09-13,2,110.95,0.15,Debit Card,Completed
7560,1582,264,13,42,2023-05-12,3,25.86,0.15,Credit Card,Completed
7561,1997,56,11,7,2023-09-06,5,176.55,0.0,Credit Card,Cancelled
7562,1490,158,11,12,2023-12-16,1,324.07,0.05,Cash,Shipped
7563,1329,271,9,25,2023-08-12,1,316.69,0.15,Debit Card,Returned
7564,731,52,15,16,2025-10-02,2,120.46,0.05,Cash,Completed
7565,732,164,12,11,2025-05-02,3,117.71,0.2,Cash,Completed
7566,1142,70,8,24,2024-10-09,5,42.41,0.2,Cash,Shipped
7567,273,77,10,29,2023-04-09,3,442.92,0.0,Credit Card,Completed
7568,46,72,7,2,2025-05-26,5,301.36,0.0,Gift Card,Returned
7569,887,63,8,24,2023-12-28,5,63.8,0.2,Gift Card,Pending
7570,915,175,4,34,2024-12-12,6,86.78,0.2,PayPal,Pending
7571,1482,119,14,47,2023-08-01,6,63.82,0.15,Gift Card,Completed
7572,1802,48,7,40,2023-07-07,4,397.65,0.0,Debit Card,Cancelled
7573,277,117,6,9,2025-03-25,2,77.12,0.2,PayPal,Completed
7574,1198,103,8,39,2025-08-14,3,220.08,0.1,Gift Card,Completed
7575,980,182,11,7,2023-07-22,2,543.63,0.0,PayPal,Cancelled
7576,293,12,12,11,2025-08-24,1,582.22,0.0,Gift Card,Shipped
7577,1996,284,11,12,2024-11-19,6,413.62,0.0,PayPal,Pending
7578,505,109,5,23,2024-07-14,1,33.31,0.0,Debit Card,Completed
7579,614,209,15,18,2024-01-06,6,193.95,0.2,Credit Card,Cancelled
7580,935,80,7,40,2023-01-13,4,249.35,0.2,Gift Card,Shipped
7581,1458,175,5,1,2025-01-28,6,86.78,0.0,Gift Card,Completed
7582,255,210,6,9,2023-01-01,3,77.07,0.0,Credit Card,Pending
7583,1042,229,5,23,2023-05-10,2,321.97,0.0,Debit Card,Pending
7584,1450,122,9,38,2025-01-10,4,203.86,0.05,Gift Card,Cancelled
7585,1278,212,5,1,2024-12-12,5,26.85,0.2,PayPal,Completed
7586,966,42,6,14,2025-10-14,6,483.01,0.05,Credit Card,Shipped
7587,1000,145,7,40,2024-07-22,5,328.64,0.1,Credit Card,Returned
7588,1734,53,12,11,2025-06-04,1,459.8,0.0,Cash,Completed
7589,745,275,5,1,2024-04-12,3,255.49,0.15,Credit Card,Completed
7590,1371,242,1,50,2023-03-10,6,378.8,0.05,Credit Card,Returned
7591,1405,136,4,35,2025-01-20,2,266.29,0.0,Gift Card,Completed
7592,576,45,11,7,2025-01-06,2,107.36,0.05,Debit Card,Shipped
7593,290,276,12,10,2023-09-06,2,394.14,0.0,PayPal,Completed
7594,1618,270,5,1,2023-04-23,1,17.58,0.2,PayPal,Completed
7595,721,97,8,39,2025-07-18,3,228.27,0.0,Gift Card,Completed
7596,1902,83,1,22,2025-05-17,6,347.94,0.2,Cash,Pending
7597,151,268,6,14,2024-06-11,2,252.86,0.2,Gift Card,Completed
7598,1098,274,3,31,2025-07-24,5,57.88,0.0,Debit Card,Completed
7599,294,179,13,49,2024-02-04,4,63.58,0.0,Debit Card,Cancelled
7600,643,97,3,20,2024-08-10,5,228.27,0.0,Credit Card,Completed
7601,210,177,3,31,2025-08-12,1,467.22,0.05,PayPal,Completed
7602,840,235,6,14,2023-11-07,1,265.0,0.2,Cash,Shipped
7603,1408,20,2,37,2025-06-28,1,170.95,0.2,Debit Card,Completed
7604,1719,177,9,25,2023-05-17,3,467.22,0.05,Cash,Completed
7605,819,189,5,23,2024-07-21,5,399.71,0.15,Cash,Cancelled
7606,838,92,13,46,2023-01-04,4,665.8,0.1,Cash,Completed
7607,1797,200,13,49,2025-09-19,2,214.09,0.05,Debit Card,Completed
7608,803,62,2,45,2025-09-06,3,539.25,0.0,Gift Card,Completed
7609,1880,43,5,48,2025-09-11,2,121.68,0.2,Cash,Completed
7610,600,179,6,9,2025-11-07,1,63.58,0.1,PayPal,Completed
7611,1253,48,10,4,2023-01-21,1,397.65,0.0,Gift Card,Completed
7612,1394,21,4,35,2023-01-27,6,407.45,0.2,PayPal,Completed
7613,918,120,10,4,2024-07-11,5,346.06,0.2,Cash,Completed
7614,1231,19,1,36,2025-05-17,6,332.56,0.0,Gift Card,Pending
7615,1853,273,14,8,2025-08-03,2,265.88,0.2,Credit Card,Pending
7616,644,29,4,34,2025-02-01,5,197.73,0.2,Credit Card,Completed
7617,517,205,3,31,2024-08-05,6,370.78,0.2,PayPal,Completed
7618,595,93,11,12,2023-11-01,4,380.69,0.1,Credit Card,Completed
7619,269,54,5,48,2024-07-16,3,43.29,0.0,Debit Card,Completed
7620,186,111,4,26,2023-03-16,1,123.3,0.2,PayPal,Completed
7621,1826,264,13,46,2023-11-28,4,25.86,0.0,Cash,Completed
7622,131,148,7,2,2024-01-29,4,293.31,0.0,Gift Card,Shipped
7623,795,71,14,47,2025-07-05,5,251.36,0.1,Debit Card,Completed
7624,1935,108,6,14,2023-05-25,5,603.53,0.2,Cash,Shipped
7625,1447,200,14,47,2023-03-28,3,214.09,0.1,Cash,Completed
7626,1943,146,7,2,2025-09-27,1,309.25,0.2,PayPal,Returned
7627,120,55,11,33,2025-08-24,4,17.81,0.0,PayPal,Completed
7628,1217,201,12,11,2025-01-21,3,307.14,0.0,Cash,Returned
7629,106,75,15,5,2024-02-09,3,363.98,0.05,Credit Card,Shipped
7630,966,233,5,1,2023-08-14,3,400.32,0.2,Credit Card,Completed
7631,651,158,12,10,2024-05-16,3,324.07,0.15,Debit Card,Completed
7632,1039,120,8,19,2024-06-18,5,346.06,0.15,PayPal,Pending
7633,1614,79,10,6,2023-07-28,1,143.89,0.15,Gift Card,Completed
7634,1778,191,8,39,2025-11-04,3,519.67,0.1,PayPal,Completed
7635,1207,77,3,43,2023-08-30,4,442.92,0.05,Credit Card,Returned
7636,1988,273,15,15,2024-04-27,3,265.88,0.05,Debit Card,Returned
7637,865,43,7,40,2025-03-22,1,121.68,0.0,Credit Card,Completed
7638,45,173,9,38,2023-01-27,2,159.58,0.0,PayPal,Completed
7639,1095,208,1,50,2023-05-21,1,146.45,0.15,Credit Card,Shipped
7640,883,232,11,12,2023-02-11,2,316.8,0.0,Credit Card,Pending
7641,810,98,1,36,2025-09-16,3,263.06,0.15,Cash,Returned
7642,279,178,7,2,2023-03-30,6,41.87,0.05,Gift Card,Shipped
7643,192,289,7,2,2024-05-12,6,246.14,0.1,Cash,Completed
7644,28,39,10,6,2025-03-15,5,340.31,0.2,PayPal,Shipped
7645,905,34,8,19,2023-09-20,3,71.12,0.05,Credit Card,Cancelled
7646,159,130,2,45,2024-08-28,6,293.35,0.0,Cash,Completed
7647,1668,234,3,43,2024-10-15,6,314.58,0.05,Debit Card,Pending
7648,232,55,15,32,2023-04-07,1,17.81,0.05,Gift Card,Returned
7649,902,47,1,36,2023-09-29,4,126.89,0.0,Cash,Cancelled
7650,821,43,1,41,2023-01-11,2,121.68,0.1,Cash,Completed
7651,119,31,9,25,2024-05-11,2,179.93,0.0,Debit Card,Cancelled
7652,387,57,13,49,2025-09-01,3,207.9,0.15,Debit Card,Completed
7653,742,299,2,45,2025-10-23,1,150.33,0.0,Gift Card,Cancelled
7654,1548,47,13,49,2024-02-11,4,126.89,0.2,PayPal,Pending
7655,700,127,11,33,2025-06-25,5,90.5,0.0,Gift Card,Completed
7656,1266,196,15,15,2023-10-01,3,222.19,0.1,Gift Card,Completed
7657,1256,253,13,30,2023-08-01,2,101.3,0.0,Cash,Completed
7658,1666,87,12,17,2024-11-02,3,321.84,0.2,Cash,Completed
7659,192,61,11,7,2023-11-24,5,172.42,0.2,PayPal,Completed
7660,1203,49,9,25,2024-06-15,3,148.66,0.0,Credit Card,Pending
7661,656,145,11,33,2024-05-23,2,328.64,0.0,Debit Card,Completed
7662,1340,151,6,14,2024-01-29,2,61.55,0.15,Cash,Shipped
7663,1515,94,12,10,2023-12-23,4,325.59,0.1,Credit Card,Completed
7664,1718,281,6,9,2024-07-06,6,125.56,0.15,PayPal,Completed
7665,170,208,12,17,2025-08-02,2,146.45,0.0,Gift Card,Completed
7666,763,52,10,6,2023-03-31,4,120.46,0.0,Credit Card,Cancelled
7667,592,109,6,9,2025-01-10,4,33.31,0.05,Credit Card,Shipped
7668,1830,4,6,14,2024-09-09,4,355.19,0.0,Cash,Pending
7669,840,101,6,14,2025-09-27,5,314.94,0.2,Credit Card,Completed
7670,1987,50,9,38,2024-10-29,1,564.26,0.0,Credit Card,Completed
7671,608,19,7,2,2025-05-06,1,332.56,0.0,Gift Card,Completed
7672,1401,117,13,30,2025-03-04,1,77.12,0.1,Cash,Completed
7673,956,227,8,39,2025-04-12,3,225.3,0.0,Gift Card,Completed
7674,76,232,9,38,2023-03-02,6,316.8,0.15,Gift Card,Shipped
7675,321,101,6,14,2023-01-20,2,314.94,0.2,Cash,Completed
7676,216,92,11,7,2024-04-11,2,665.8,0.1,Credit Card,Completed
7677,1544,60,13,13,2023-11-29,5,307.03,0.0,Credit Card,Shipped
7678,1405,260,11,12,2023-11-06,2,172.37,0.2,Cash,Completed
7679,90,283,2,3,2023-01-01,6,84.31,0.1,Credit Card,Cancelled
7680,1643,191,7,40,2024-04-08,3,519.67,0.05,Cash,Completed
7681,50,281,14,8,2023-07-20,3,125.56,0.15,Debit Card,Cancelled
7682,1818,283,15,32,2025-03-14,1,84.31,0.05,Credit Card,Completed
7683,629,135,8,39,2025-10-04,6,126.8,0.0,Cash,Pending
7684,355,72,10,21,2024-08-30,5,301.36,0.1,PayPal,Shipped
7685,1187,227,11,33,2025-03-28,2,225.3,0.1,Gift Card,Completed
7686,920,203,1,22,2024-08-14,1,511.82,0.15,Cash,Returned
7687,952,14,11,33,2023-05-30,3,379.66,0.0,Credit Card,Cancelled
7688,502,173,13,46,2024-08-31,1,159.58,0.15,Gift Card,Returned
7689,456,14,9,38,2024-07-20,3,379.66,0.0,Gift Card,Returned
7690,1321,297,13,42,2025-11-16,6,334.26,0.0,Debit Card,Returned
7691,1311,154,14,8,2024-03-04,2,214.32,0.0,PayPal,Completed
7692,723,46,15,32,2023-08-24,2,393.27,0.05,PayPal,Shipped
7693,1458,52,15,32,2025-02-24,2,120.46,0.05,Debit Card,Cancelled
7694,696,219,15,5,2025-04-27,1,243.18,0.0,Debit Card,Completed
7695,132,296,15,32,2025-08-04,3,81.85,0.05,Gift Card,Cancelled
7696,1088,76,4,35,2025-01-31,4,46.89,0.1,Debit Card,Completed
7697,909,202,13,49,2023-07-07,6,211.09,0.1,Gift Card,Pending
7698,192,114,13,49,2025-11-03,1,356.17,0.0,Credit Card,Completed
7699,1466,160,9,38,2023-03-08,2,466.97,0.1,Gift Card,Completed
7700,87,128,6,9,2023-05-12,5,257.64,0.0,Gift Card,Cancelled
7701,649,269,9,25,2024-07-09,2,260.22,0.0,PayPal,Completed
7702,773,183,15,32,2023-09-16,1,70.12,0.05,Cash,Pending
7703,99,93,14,47,2024-12-25,2,380.69,0.05,Credit Card,Completed
7704,1206,28,14,47,2025-06-15,2,360.14,0.2,Debit Card,Pending
7705,1025,190,3,43,2025-02-02,4,292.3,0.2,PayPal,Pending
7706,547,285,15,18,2024-06-05,6,313.87,0.2,PayPal,Completed
7707,1537,93,6,9,2025-12-09,5,380.69,0.1,Gift Card,Completed
7708,1602,4,3,31,2025-02-11,3,355.19,0.05,PayPal,Returned
7709,1268,224,3,43,2025-08-21,2,190.7,0.1,Cash,Completed
7710,1027,207,2,45,2025-11-03,3,245.28,0.0,PayPal,Pending
7711,332,168,11,33,2025-12-11,4,303.92,0.15,Cash,Completed
7712,592,64,2,37,2025-01-14,4,566.62,0.0,Gift Card,Pending
7713,1167,195,3,31,2025-08-05,2,165.25,0.2,Cash,Completed
7714,1622,179,8,24,2024-11-11,1,63.58,0.0,Cash,Returned
7715,134,138,10,6,2024-02-14,1,102.03,0.1,Debit Card,Cancelled
7716,1110,296,3,20,2024-04-30,1,81.85,0.2,Debit Card,Cancelled
7717,1362,262,1,41,2025-02-18,3,392.06,0.0,Debit Card,Completed
7718,1151,23,11,33,2025-05-20,4,298.77,0.0,Gift Card,Completed
7719,745,43,5,1,2025-11-17,4,121.68,0.1,Cash,Pending
7720,775,243,11,12,2023-07-27,4,523.63,0.15,Debit Card,Cancelled
7721,94,234,5,48,2024-12-19,1,314.58,0.2,PayPal,Completed
7722,1898,241,4,34,2024-06-16,6,108.19,0.15,Credit Card,Cancelled
7723,627,33,1,41,2025-01-03,6,422.83,0.0,Gift Card,Completed
7724,17,256,1,36,2025-11-28,4,203.89,0.0,PayPal,Shipped
7725,661,220,7,2,2024-10-17,5,357.02,0.1,PayPal,Pending
7726,599,16,13,30,2024-06-09,5,561.32,0.05,PayPal,Completed
7727,147,103,12,11,2025-08-30,1,220.08,0.05,Credit Card,Pending
7728,390,27,4,35,2023-06-29,3,565.88,0.0,PayPal,Completed
7729,1294,29,3,31,2025-06-02,6,197.73,0.0,PayPal,Returned
7730,1490,42,3,43,2025-08-28,5,483.01,0.05,Cash,Returned
7731,1024,11,14,47,2024-12-03,3,289.37,0.0,Cash,Completed
7732,1092,20,1,22,2023-01-19,1,170.95,0.0,Gift Card,Completed
7733,380,32,1,50,2023-08-30,1,162.12,0.1,Gift Card,Completed
7734,1809,3,14,47,2023-03-24,5,507.54,0.0,Debit Card,Shipped
7735,1949,210,4,26,2025-04-27,2,77.07,0.15,Cash,Shipped
7736,694,19,7,40,2024-06-27,1,332.56,0.15,PayPal,Pending
7737,1648,76,11,12,2024-12-20,2,46.89,0.0,Debit Card,Completed
7738,1280,168,2,28,2023-09-24,1,303.92,0.05,Cash,Returned
7739,704,291,11,7,2024-03-18,2,9.1,0.0,Credit Card,Returned
7740,1044,104,15,32,2025-08-20,1,61.42,0.0,Gift Card,Cancelled
7741,627,160,14,47,2023-06-24,6,466.97,0.05,Debit Card,Returned
7742,1434,167,2,37,2025-11-19,6,87.74,0.1,Gift Card,Shipped
7743,874,294,11,7,2024-04-02,4,345.43,0.15,Gift Card,Completed
7744,770,284,11,12,2023-12-16,6,413.62,0.05,Cash,Completed
7745,1928,188,11,7,2024-11-03,1,448.74,0.15,Cash,Shipped
7746,29,7,14,47,2024-07-31,6,279.59,0.0,Gift Card,Completed
7747,466,235,4,35,2024-11-15,1,265.0,0.0,PayPal,Completed
7748,1433,40,11,12,2024-04-13,1,408.98,0.2,PayPal,Completed
7749,917,19,6,14,2023-07-05,4,332.56,0.0,Gift Card,Completed
7750,1685,294,2,37,2024-08-31,2,345.43,0.0,Cash,Completed
7751,1786,185,13,30,2024-04-30,4,357.71,0.0,Debit Card,Shipped
7752,733,300,1,50,2024-10-25,6,306.79,0.15,Cash,Shipped
7753,1498,300,1,22,2024-10-11,5,306.79,0.1,PayPal,Completed
7754,1321,172,3,20,2024-09-19,5,70.42,0.2,Debit Card,Returned
7755,1246,246,1,36,2025-09-06,2,594.34,0.15,Credit Card,Cancelled
7756,397,288,9,25,2024-11-18,5,367.22,0.0,Debit Card,Completed
7757,461,280,13,46,2025-05-05,3,59.78,0.1,Cash,Completed
7758,1215,249,5,23,2023-01-25,4,471.0,0.0,Cash,Cancelled
7759,1093,280,6,9,2023-12-15,6,59.78,0.15,Credit Card,Shipped
7760,914,18,10,4,2025-10-25,6,383.42,0.1,Gift Card,Cancelled
7761,1847,109,14,47,2025-12-13,4,33.31,0.1,PayPal,Completed
7762,723,298,3,31,2025-11-29,4,202.95,0.1,Gift Card,Completed
7763,93,183,10,4,2023-09-07,6,70.12,0.0,Cash,Completed
7764,1191,113,7,2,2024-02-21,6,438.2,0.1,Debit Card,Returned
7765,1033,249,5,23,2023-12-14,2,471.0,0.15,Debit Card,Returned
7766,1535,258,9,38,2024-08-11,6,270.37,0.2,Credit Card,Completed
7767,1728,191,14,47,2025-09-24,3,519.67,0.1,Debit Card,Pending
7768,1811,210,15,27,2025-12-13,1,77.07,0.15,Cash,Pending
7769,253,171,6,9,2023-12-28,1,293.86,0.1,Credit Card,Pending
7770,1339,20,13,13,2023-02-19,2,170.95,0.0,Debit Card,Completed
7771,1757,244,6,9,2024-10-26,1,328.77,0.05,PayPal,Completed
7772,264,144,7,2,2024-09-18,5,296.96,0.05,Gift Card,Completed
7773,77,22,15,44,2023-10-30,5,90.87,0.1,Cash,Shipped
7774,1502,279,11,12,2024-01-12,5,281.48,0.0,Gift Card,Shipped
7775,954,86,11,7,2025-08-19,1,302.91,0.0,Debit Card,Completed
7776,1599,65,9,38,2023-08-21,4,543.26,0.15,PayPal,Completed
7777,5,223,4,34,2025-02-17,4,162.74,0.2,Cash,Shipped
7778,1200,148,9,38,2024-05-11,1,293.31,0.05,Debit Card,Completed
7779,267,15,15,15,2025-04-15,2,454.62,0.0,Gift Card,Completed
7780,583,112,3,31,2024-11-18,6,347.45,0.0,PayPal,Returned
7781,1030,251,4,26,2024-06-27,6,355.21,0.0,Debit Card,Shipped
7782,1978,170,14,8,2023-02-04,2,260.29,0.0,PayPal,Completed
7783,723,22,14,8,2024-03-07,6,90.87,0.2,Cash,Shipped
7784,1753,232,1,36,2024-04-22,3,316.8,0.0,Gift Card,Completed
7785,1164,89,15,44,2024-12-03,6,248.83,0.15,Gift Card,Completed
7786,761,43,2,45,2025-01-20,3,121.68,0.0,Debit Card,Completed
7787,1039,232,15,32,2023-03-07,1,316.8,0.0,Debit Card,Completed
7788,443,297,7,2,2023-12-15,2,334.26,0.1,Cash,Pending
7789,594,169,11,33,2023-07-14,2,446.78,0.0,Gift Card,Pending
7790,1351,2,11,33,2025-07-12,5,35.98,0.05,Credit Card,Returned
7791,827,149,8,39,2024-08-14,6,431.72,0.15,Credit Card,Completed
7792,77,253,15,18,2025-09-28,1,101.3,0.0,PayPal,Cancelled
7793,1475,121,10,6,2024-05-20,1,13.34,0.0,Credit Card,Cancelled
7794,1506,2,2,45,2024-12-12,2,35.98,0.0,Debit Card,Completed
7795,724,231,7,2,2024-07-08,5,52.2,0.1,Gift Card,Shipped
7796,626,198,7,40,2024-10-28,3,125.5,0.0,Gift Card,Cancelled
7797,1165,137,6,9,2024-04-20,3,47.19,0.0,Cash,Cancelled
7798,1299,164,9,25,2023-01-19,5,117.71,0.0,Credit Card,Completed
7799,1625,293,6,14,2024-06-27,4,54.25,0.15,Credit Card,Cancelled
7800,867,190,11,12,2024-03-17,3,292.3,0.2,Cash,Completed
7801,313,78,5,48,2025-10-23,5,176.26,0.0,Debit Card,Completed
7802,349,292,7,2,2025-09-09,6,398.38,0.15,PayPal,Shipped
7803,935,218,1,41,2025-07-09,6,95.1,0.2,Debit Card,Completed
7804,334,19,13,42,2023-07-24,5,332.56,0.1,Gift Card,Pending
7805,175,27,14,8,2025-07-04,4,565.88,0.0,Debit Card,Completed
7806,870,177,14,47,2024-05-14,3,467.22,0.15,PayPal,Completed
7807,1678,238,14,47,2023-08-07,6,196.9,0.05,Credit Card,Completed
7808,820,286,5,48,2023-12-04,5,217.06,0.15,Cash,Cancelled
7809,209,15,2,37,2024-05-16,3,454.62,0.05,Gift Card,Returned
7810,1037,277,4,26,2023-01-14,3,320.72,0.1,PayPal,Completed
7811,1497,249,2,28,2023-09-20,4,471.0,0.15,Gift Card,Shipped
7812,165,63,1,22,2023-07-02,3,63.8,0.05,Debit Card,Returned
7813,1996,34,11,7,2023-02-23,6,71.12,0.1,PayPal,Shipped
7814,935,99,6,14,2024-04-04,5,384.25,0.0,Cash,Completed
7815,1632,147,1,22,2025-10-02,4,433.97,0.05,Cash,Returned
7816,884,45,9,38,2024-11-10,1,107.36,0.0,Cash,Shipped
7817,1904,227,3,43,2023-07-29,4,225.3,0.15,Credit Card,Completed
7818,1380,51,5,1,2023-05-23,2,190.91,0.1,Cash,Pending
7819,150,2,1,36,2025-04-21,6,35.98,0.0,Debit Card,Pending
7820,1362,251,6,14,2023-09-09,4,355.21,0.05,Debit Card,Pending
7821,879,196,14,8,2024-08-14,1,222.19,0.2,Gift Card,Completed
7822,1155,176,3,31,2024-02-06,3,171.51,0.0,Gift Card,Shipped
7823,286,274,10,29,2023-03-05,5,57.88,0.2,Gift Card,Completed
7824,1179,179,3,31,2025-05-28,1,63.58,0.05,Gift Card,Completed
7825,36,55,11,12,2024-09-18,5,17.81,0.0,Debit Card,Completed
7826,1537,123,8,19,2025-03-24,3,203.09,0.15,Cash,Returned
7827,816,35,12,11,2023-03-30,3,53.95,0.0,Debit Card,Pending
7828,1834,256,4,35,2024-12-07,2,203.89,0.0,Gift Card,Shipped
7829,1959,29,8,39,2023-09-01,3,197.73,0.0,Credit Card,Returned
7830,1093,198,8,24,2024-03-18,3,125.5,0.1,PayPal,Completed
7831,1131,137,8,39,2025-07-05,5,47.19,0.0,Gift Card,Returned
7832,581,155,6,9,2024-06-14,3,232.62,0.0,Debit Card,Completed
7833,253,77,12,10,2024-06-22,6,442.92,0.1,Cash,Completed
7834,1001,136,14,8,2023-09-20,6,266.29,0.0,Cash,Completed
7835,779,165,13,49,2024-09-05,3,216.64,0.15,Gift Card,Completed
7836,1438,95,4,34,2023-02-17,3,435.89,0.0,PayPal,Returned
7837,411,137,13,49,2023-12-10,5,47.19,0.2,Credit Card,Cancelled
7838,1203,31,5,48,2023-01-24,4,179.93,0.0,Gift Card,Returned
7839,817,65,1,50,2024-07-02,1,543.26,0.1,PayPal,Completed
7840,1296,27,4,26,2023-03-05,6,565.88,0.1,Gift Card,Completed
7841,1067,165,4,26,2023-11-10,5,216.64,0.2,Cash,Completed
7842,1692,73,8,19,2025-03-30,6,68.44,0.05,Credit Card,Completed
7843,723,251,9,25,2023-06-04,3,355.21,0.05,Debit Card,Pending
7844,1953,246,12,10,2024-11-04,4,594.34,0.0,PayPal,Pending
7845,1343,22,13,46,2024-03-27,4,90.87,0.0,Debit Card,Shipped
7846,1098,85,10,29,2023-11-24,5,347.38,0.15,Debit Card,Completed
7847,1201,173,7,2,2025-06-22,1,159.58,0.05,Credit Card,Completed
7848,58,189,1,36,2025-02-15,3,399.71,0.0,Cash,Completed
7849,1124,297,9,38,2025-09-20,3,334.26,0.1,PayPal,Completed
7850,1854,275,8,24,2024-03-03,6,255.49,0.15,Credit Card,Completed
7851,1375,10,9,25,2023-09-23,1,46.02,0.0,Debit Card,Pending
7852,1927,4,14,8,2025-12-30,6,355.19,0.05,Gift Card,Completed
7853,291,258,12,10,2025-08-18,5,270.37,0.0,Debit Card,Pending
7854,1760,8,2,3,2025-10-31,2,143.64,0.0,PayPal,Shipped
7855,833,49,14,8,2023-05-11,2,148.66,0.0,Debit Card,Returned
7856,980,32,9,38,2023-07-31,3,162.12,0.1,Gift Card,Returned
7857,714,82,2,45,2025-06-05,6,166.87,0.0,Debit Card,Completed
7858,1843,216,11,12,2025-12-12,2,91.49,0.0,Debit Card,Pending
7859,890,197,10,29,2023-12-31,5,82.36,0.0,Gift Card,Completed
7860,138,82,15,16,2024-03-04,6,166.87,0.1,Gift Card,Completed
7861,995,110,6,14,2024-11-25,5,570.1,0.0,Credit Card,Completed
7862,1012,113,14,47,2023-02-15,1,438.2,0.1,Cash,Completed
7863,1738,229,10,4,2024-07-26,5,321.97,0.1,Cash,Completed
7864,1313,111,2,28,2024-12-23,2,123.3,0.0,Credit Card,Pending
7865,38,56,13,49,2024-07-08,6,176.55,0.05,Cash,Completed
7866,958,89,12,10,2023-12-21,5,248.83,0.2,PayPal,Cancelled
7867,1260,14,11,7,2023-08-04,3,379.66,0.2,Gift Card,Completed
7868,1357,277,14,47,2025-10-30,4,320.72,0.0,Credit Card,Completed
7869,985,126,7,40,2025-04-19,3,333.86,0.0,Credit Card,Shipped
7870,335,128,13,42,2025-01-02,5,257.64,0.1,Credit Card,Completed
7871,1740,293,14,8,2023-03-27,1,54.25,0.05,Cash,Returned
7872,744,36,15,5,2025-08-06,3,480.04,0.05,Debit Card,Pending
7873,577,108,4,35,2025-05-31,4,603.53,0.15,Cash,Returned
7874,1077,150,8,39,2025-06-02,3,157.31,0.2,Debit Card,Completed
7875,40,137,4,34,2025-02-23,5,47.19,0.2,Credit Card,Completed
7876,918,208,6,9,2024-12-16,4,146.45,0.0,Credit Card,Completed
7877,1796,257,8,24,2024-12-03,6,29.22,0.2,PayPal,Completed
7878,1844,120,11,12,2023-09-28,2,346.06,0.1,PayPal,Completed
7879,1300,173,5,48,2025-09-20,4,159.58,0.0,Debit Card,Shipped
7880,1226,298,14,8,2025-10-16,1,202.95,0.0,Gift Card,Completed
7881,894,61,4,26,2024-04-02,4,172.42,0.15,Credit Card,Pending
7882,1257,259,7,2,2025-09-02,5,395.59,0.15,Credit Card,Completed
7883,1644,34,9,38,2025-04-22,4,71.12,0.15,Cash,Completed
7884,113,169,11,7,2024-11-28,6,446.78,0.0,Debit Card,Shipped
7885,270,18,8,24,2025-06-25,5,383.42,0.0,Gift Card,Completed
7886,1908,33,2,45,2024-01-29,4,422.83,0.2,Gift Card,Cancelled
7887,1141,215,13,42,2025-06-22,6,108.22,0.2,Cash,Completed
7888,846,142,14,8,2025-12-26,2,306.71,0.2,Credit Card,Returned
7889,1837,6,8,24,2025-10-22,5,628.51,0.15,Credit Card,Pending
7890,756,56,1,36,2025-12-17,2,176.55,0.1,Gift Card,Completed
7891,1540,167,1,36,2024-05-26,2,87.74,0.0,Credit Card,Shipped
7892,1964,1,14,8,2023-12-18,1,31.01,0.0,Credit Card,Completed
7893,1295,294,7,2,2023-10-13,2,345.43,0.1,Gift Card,Completed
7894,1898,90,1,50,2025-05-07,2,483.64,0.0,PayPal,Completed
7895,1362,27,4,26,2023-01-25,2,565.88,0.2,Debit Card,Completed
7896,334,62,9,38,2023-10-17,3,539.25,0.0,Gift Card,Completed
7897,268,139,14,8,2023-07-12,4,334.0,0.0,Credit Card,Returned
7898,551,263,1,50,2025-10-28,6,47.7,0.0,Gift Card,Shipped
7899,1248,13,12,11,2023-12-14,6,127.76,0.0,Gift Card,Pending
7900,1695,138,10,4,2024-10-07,1,102.03,0.15,Credit Card,Completed
7901,1585,222,14,8,2023-09-29,4,412.69,0.1,PayPal,Completed
7902,1772,170,8,19,2024-03-13,5,260.29,0.1,Gift Card,Completed
7903,463,228,5,23,2024-06-29,1,247.35,0.0,Gift Card,Completed
7904,1543,19,9,38,2024-12-05,2,332.56,0.0,Gift Card,Completed
7905,1959,117,13,42,2023-08-29,2,77.12,0.0,PayPal,Completed
7906,1990,231,15,15,2023-04-12,4,52.2,0.15,Cash,Cancelled
7907,488,135,6,14,2024-11-04,2,126.8,0.2,Debit Card,Completed
7908,1919,37,7,40,2025-05-03,2,91.98,0.2,Debit Card,Cancelled
7909,1928,283,4,26,2023-05-19,5,84.31,0.15,Debit Card,Pending
7910,394,135,11,33,2024-09-04,3,126.8,0.0,Cash,Completed
7911,574,75,6,9,2023-05-02,3,363.98,0.0,Gift Card,Returned
7912,1328,262,4,35,2023-01-26,6,392.06,0.05,Credit Card,Returned
7913,1296,281,4,26,2025-08-31,6,125.56,0.05,PayPal,Completed
7914,1470,22,6,14,2023-02-19,2,90.87,0.2,Credit Card,Completed
7915,1798,223,12,10,2025-07-22,5,162.74,0.1,PayPal,Returned
7916,322,245,6,9,2023-01-04,3,328.64,0.05,Debit Card,Completed
7917,1297,11,8,19,2024-04-21,5,289.37,0.2,Credit Card,Completed
7918,1373,20,1,22,2024-03-22,5,170.95,0.0,Credit Card,Completed
7919,104,291,1,22,2023-12-22,2,9.1,0.0,Debit Card,Completed
7920,1048,54,14,47,2024-11-15,3,43.29,0.0,PayPal,Pending
7921,872,188,10,6,2024-08-07,1,448.74,0.2,Gift Card,Completed
7922,577,72,3,43,2024-12-28,3,301.36,0.0,PayPal,Completed
7923,1169,245,8,19,2023-07-02,3,328.64,0.15,Debit Card,Shipped
7924,1525,27,3,43,2025-01-06,5,565.88,0.15,Debit Card,Completed
7925,465,241,12,17,2023-05-09,6,108.19,0.0,Cash,Pending
7926,1619,208,5,23,2024-03-15,2,146.45,0.0,Cash,Completed
7927,830,30,15,18,2024-10-01,4,544.88,0.0,PayPal,Shipped
7928,377,13,5,1,2023-02-17,1,127.76,0.0,Debit Card,Shipped
7929,1955,21,13,13,2023-05-19,4,407.45,0.15,PayPal,Completed
7930,53,221,8,39,2025-07-29,6,183.32,0.0,Debit Card,Shipped
7931,560,56,1,36,2024-03-17,3,176.55,0.0,Cash,Completed
7932,420,113,5,1,2024-12-17,1,438.2,0.0,PayPal,Completed
7933,1537,121,13,13,2024-05-27,2,13.34,0.15,Cash,Completed
7934,905,124,2,37,2023-01-20,3,311.92,0.0,PayPal,Pending
7935,1467,297,15,32,2023-08-05,6,334.26,0.0,Gift Card,Cancelled
7936,1467,248,3,43,2025-03-03,5,230.55,0.0,PayPal,Completed
7937,868,66,13,13,2024-01-19,4,330.95,0.0,Gift Card,Completed
7938,480,150,3,31,2023-08-31,5,157.31,0.0,Debit Card,Pending
7939,655,290,12,17,2024-04-14,2,30.66,0.1,Cash,Cancelled
7940,1893,15,5,48,2024-11-17,3,454.62,0.2,Debit Card,Returned
7941,178,284,11,7,2024-01-09,4,413.62,0.0,Gift Card,Completed
7942,880,284,13,30,2025-05-13,1,413.62,0.2,PayPal,Completed
7943,1589,154,15,44,2024-08-31,4,214.32,0.05,Gift Card,Completed
7944,1042,299,8,39,2025-12-15,6,150.33,0.2,PayPal,Completed
7945,1925,150,7,40,2024-03-22,2,157.31,0.0,Debit Card,Cancelled
7946,629,293,6,9,2025-03-26,6,54.25,0.0,Debit Card,Cancelled
7947,1806,286,6,14,2023-03-02,2,217.06,0.15,Cash,Completed
7948,1530,172,4,35,2024-03-16,1,70.42,0.15,Credit Card,Completed
7949,1735,67,4,34,2023-05-17,3,138.29,0.15,Gift Card,Cancelled
7950,922,137,6,9,2024-04-25,1,47.19,0.1,Gift Card,Completed
7951,1852,230,3,20,2024-05-19,1,49.56,0.0,Gift Card,Cancelled
7952,1332,189,3,31,2024-09-09,2,399.71,0.0,Gift Card,Returned
7953,1168,135,1,22,2025-04-01,6,126.8,0.0,Gift Card,Completed
7954,1670,10,1,22,2025-09-19,3,46.02,0.15,Debit Card,Cancelled
7955,1310,280,6,14,2025-04-07,1,59.78,0.15,Credit Card,Cancelled
7956,740,168,15,27,2023-08-16,1,303.92,0.0,Debit Card,Completed
7957,1407,60,1,50,2024-12-11,1,307.03,0.0,Gift Card,Cancelled
7958,1972,32,9,38,2024-05-22,6,162.12,0.05,Debit Card,Completed
7959,181,300,13,13,2024-09-24,6,306.79,0.0,Credit Card,Pending
7960,406,215,1,22,2025-02-28,4,108.22,0.0,Debit Card,Returned
7961,1440,242,3,43,2025-12-08,3,378.8,0.1,Cash,Shipped
7962,808,293,7,2,2024-11-25,6,54.25,0.15,Cash,Completed
7963,370,243,3,31,2024-10-04,6,523.63,0.0,Credit Card,Completed
7964,690,101,7,2,2025-03-12,3,314.94,0.0,Credit Card,Completed
7965,453,8,7,2,2023-02-23,2,143.64,0.0,Cash,Completed
7966,1590,88,11,12,2023-03-30,5,291.53,0.2,Debit Card,Completed
7967,1772,194,6,9,2025-11-16,6,35.78,0.1,Credit Card,Completed
7968,1214,208,2,37,2024-02-10,6,146.45,0.1,Gift Card,Returned
7969,1867,136,7,40,2024-07-15,1,266.29,0.15,Credit Card,Completed
7970,990,27,14,8,2025-02-21,2,565.88,0.2,Credit Card,Completed
7971,1996,300,8,39,2024-09-22,2,306.79,0.2,Credit Card,Returned
7972,30,4,4,26,2024-03-09,6,355.19,0.1,Debit Card,Completed
7973,685,159,10,4,2023-10-07,3,323.53,0.1,Debit Card,Shipped
7974,1588,300,9,25,2023-07-28,1,306.79,0.0,Credit Card,Completed
7975,1790,7,6,14,2023-06-25,2,279.59,0.15,Cash,Shipped
7976,1440,102,15,15,2025-03-23,1,455.19,0.15,Cash,Completed
7977,482,92,7,40,2023-12-12,4,665.8,0.0,Debit Card,Completed
7978,108,166,12,10,2024-11-07,1,172.27,0.1,Cash,Completed
7979,1467,262,4,34,2025-05-03,5,392.06,0.0,PayPal,Shipped
7980,57,201,1,36,2025-04-18,3,307.14,0.2,PayPal,Returned
7981,1490,14,4,26,2023-03-21,2,379.66,0.1,Cash,Pending
7982,851,231,11,12,2025-02-26,1,52.2,0.0,Debit Card,Shipped
7983,474,99,9,25,2024-07-14,3,384.25,0.0,Cash,Completed
7984,631,89,8,19,2025-09-20,2,248.83,0.15,Cash,Completed
7985,1236,183,2,28,2024-08-06,1,70.12,0.0,Gift Card,Completed
7986,163,77,2,3,2025-12-17,3,442.92,0.2,Credit Card,Returned
7987,1692,89,10,29,2024-05-09,2,248.83,0.15,PayPal,Returned
7988,753,46,7,2,2024-01-30,4,393.27,0.05,Gift Card,Completed
7989,728,186,7,2,2025-01-02,5,39.01,0.0,PayPal,Shipped
7990,31,111,4,26,2024-06-28,3,123.3,0.05,Debit Card,Shipped
7991,578,258,1,50,2023-12-23,4,270.37,0.2,PayPal,Returned
7992,960,263,2,28,2025-10-23,5,47.7,0.15,Credit Card,Completed
7993,301,208,11,7,2024-12-24,5,146.45,0.0,Debit Card,Returned
7994,620,73,10,21,2023-02-23,3,68.44,0.0,Debit Card,Completed
7995,1507,173,1,50,2025-09-23,1,159.58,0.2,PayPal,Completed
7996,1472,107,8,24,2024-03-23,6,247.26,0.0,PayPal,Completed
7997,152,101,13,13,2025-06-14,1,314.94,0.2,PayPal,Shipped
7998,530,67,5,23,2023-09-03,3,138.29,0.0,Cash,Cancelled
7999,1677,275,12,17,2024-01-07,4,255.49,0.0,Cash,Completed
8000,1609,202,6,14,2024-01-02,2,211.09,0.1,Debit Card,Returned
8001,1560,244,6,14,2023-02-08,4,328.77,0.15,Credit Card,Completed
8002,1667,187,8,24,2023-04-26,3,226.55,0.0,Cash,Completed
8003,1577,45,5,1,2025-08-16,3,107.36,0.2,Gift Card,Completed
8004,1728,185,4,35,2023-04-13,4,357.71,0.0,PayPal,Completed
8005,127,240,8,24,2024-05-15,2,196.7,0.1,Debit Card,Pending
8006,1592,13,6,9,2023-01-15,5,127.76,0.0,Credit Card,Completed
8007,1418,263,9,38,2024-05-07,6,47.7,0.1,PayPal,Cancelled
8008,1416,197,2,37,2024-05-13,4,82.36,0.05,Debit Card,Returned
8009,1388,281,10,4,2023-04-13,1,125.56,0.1,PayPal,Completed
8010,1820,245,12,10,2024-04-24,6,328.64,0.0,PayPal,Completed
8011,254,140,10,21,2023-05-12,5,257.08,0.05,Cash,Completed
8012,1077,201,15,44,2023-03-07,4,307.14,0.15,Gift Card,Completed
8013,641,149,13,46,2025-01-19,1,431.72,0.05,Gift Card,Cancelled
8014,1124,14,9,38,2024-08-26,4,379.66,0.05,Credit Card,Completed
8015,1147,273,2,28,2025-01-13,5,265.88,0.05,Credit Card,Pending
8016,512,96,10,4,2023-05-12,1,595.96,0.05,Cash,Completed
8017,798,193,10,21,2025-03-09,1,248.63,0.2,Gift Card,Shipped
8018,1371,290,10,29,2024-02-12,5,30.66,0.1,Gift Card,Completed
8019,1075,48,10,21,2024-04-07,6,397.65,0.0,Debit Card,Cancelled
8020,1511,143,10,21,2023-04-29,6,511.76,0.15,Cash,Completed
8021,677,119,12,11,2023-02-26,3,63.82,0.0,Cash,Completed
8022,494,44,12,17,2025-05-07,6,317.68,0.05,Credit Card,Cancelled
8023,51,102,9,38,2025-03-25,6,455.19,0.2,Credit Card,Shipped
8024,1108,47,3,43,2025-06-06,5,126.89,0.05,Debit Card,Completed
8025,324,63,3,31,2023-02-07,1,63.8,0.0,PayPal,Cancelled
8026,975,67,10,21,2023-09-03,3,138.29,0.0,Cash,Completed
8027,216,271,11,7,2024-02-04,4,316.69,0.15,Debit Card,Completed
8028,57,275,15,32,2023-06-14,6,255.49,0.05,Gift Card,Completed
8029,881,46,1,50,2023-09-14,3,393.27,0.0,Cash,Completed
8030,682,202,5,1,2023-10-07,6,211.09,0.15,Gift Card,Completed
8031,1392,292,3,31,2024-08-24,5,398.38,0.15,Credit Card,Shipped
8032,1461,265,13,13,2025-12-03,2,348.49,0.05,Debit Card,Returned
8033,1805,295,15,44,2024-04-12,6,647.12,0.15,Gift Card,Returned
8034,1038,213,5,1,2025-01-23,4,64.0,0.15,Credit Card,Completed
8035,1778,92,13,30,2024-12-01,4,665.8,0.0,Cash,Completed
8036,710,192,10,6,2024-03-10,3,29.92,0.0,Gift Card,Pending
8037,1227,268,1,50,2025-10-03,4,252.86,0.05,Gift Card,Completed
8038,1571,64,12,17,2025-01-03,2,566.62,0.0,Gift Card,Shipped
8039,1918,146,12,10,2025-10-04,4,309.25,0.05,Credit Card,Shipped
8040,1547,220,6,14,2024-02-06,6,357.02,0.2,Cash,Completed
8041,1912,63,11,12,2023-03-16,1,63.8,0.0,Debit Card,Completed
8042,622,103,10,4,2024-06-13,2,220.08,0.2,Gift Card,Completed
8043,117,35,5,48,2024-11-18,4,53.95,0.0,Cash,Completed
8044,280,88,7,40,2025-07-21,1,291.53,0.1,Gift Card,Completed
8045,38,238,11,33,2025-01-31,1,196.9,0.15,PayPal,Completed
8046,9,263,7,40,2024-04-28,2,47.7,0.1,Gift Card,Completed
8047,1902,121,10,29,2024-02-11,5,13.34,0.0,PayPal,Pending
8048,1307,41,11,33,2025-06-24,2,441.65,0.0,Debit Card,Cancelled
8049,729,50,9,25,2024-01-25,4,564.26,0.1,PayPal,Completed
8050,1997,13,8,19,2023-02-18,2,127.76,0.0,Gift Card,Pending
8051,551,114,14,8,2023-05-18,2,356.17,0.0,Cash,Cancelled
8052,422,272,2,45,2025-11-16,5,596.66,0.2,Debit Card,Completed
8053,1391,59,9,38,2023-03-25,3,239.55,0.05,Cash,Cancelled
8054,1118,40,12,17,2023-08-25,1,408.98,0.2,PayPal,Completed
8055,839,224,9,25,2023-01-19,6,190.7,0.2,Credit Card,Completed
8056,229,154,3,43,2025-09-17,1,214.32,0.0,PayPal,Completed
8057,1992,17,11,12,2023-08-08,1,307.03,0.0,Credit Card,Shipped
8058,1876,104,15,32,2024-02-08,3,61.42,0.1,PayPal,Returned
8059,1802,236,1,22,2023-03-22,3,209.86,0.0,Credit Card,Completed
8060,1794,69,10,29,2025-10-03,4,444.45,0.0,PayPal,Returned
8061,1098,102,9,38,2023-05-02,1,455.19,0.05,Gift Card,Pending
8062,110,130,3,31,2023-10-26,6,293.35,0.05,Cash,Shipped
8063,1229,191,4,34,2025-04-02,5,519.67,0.2,PayPal,Returned
8064,1654,30,3,31,2025-04-04,5,544.88,0.0,Cash,Completed
8065,1264,192,2,45,2024-03-23,1,29.92,0.0,Cash,Completed
8066,1959,111,1,22,2025-06-28,4,123.3,0.05,Credit Card,Completed
8067,1778,161,3,43,2024-11-02,5,322.86,0.2,Gift Card,Shipped
8068,14,215,13,13,2025-11-23,5,108.22,0.05,Credit Card,Completed
8069,884,230,8,19,2023-11-02,1,49.56,0.0,Credit Card,Completed
8070,1896,181,10,21,2025-08-09,3,334.11,0.15,Debit Card,Completed
8071,340,6,1,22,2025-10-19,2,628.51,0.0,Gift Card,Completed
8072,1026,59,4,34,2023-06-19,1,239.55,0.2,Credit Card,Cancelled
8073,1567,86,3,31,2024-11-07,4,302.91,0.2,Gift Card,Completed
8074,1089,159,2,37,2024-05-11,4,323.53,0.0,Gift Card,Completed
8075,1150,184,4,34,2023-10-28,3,304.08,0.0,PayPal,Shipped
8076,293,269,14,8,2023-01-15,5,260.22,0.0,Gift Card,Pending
8077,1356,109,15,15,2025-02-27,2,33.31,0.0,Gift Card,Completed
8078,1602,128,12,10,2024-11-25,2,257.64,0.0,Cash,Cancelled
8079,690,201,13,30,2025-11-18,6,307.14,0.2,PayPal,Completed
8080,803,106,9,25,2024-12-17,4,127.35,0.2,PayPal,Completed
8081,89,177,9,25,2024-09-16,1,467.22,0.0,Debit Card,Pending
8082,1260,50,9,25,2023-12-29,4,564.26,0.0,Credit Card,Completed
8083,1271,172,11,12,2023-05-01,1,70.42,0.2,PayPal,Returned
8084,1558,40,5,1,2025-05-25,1,408.98,0.2,Credit Card,Completed
8085,346,75,14,8,2023-08-06,2,363.98,0.0,Gift Card,Shipped
8086,485,269,13,30,2025-08-01,3,260.22,0.1,PayPal,Shipped
8087,1561,210,10,6,2025-11-02,2,77.07,0.0,Credit Card,Cancelled
8088,445,192,10,4,2025-08-14,6,29.92,0.15,Debit Card,Completed
8089,548,93,8,39,2023-08-06,3,380.69,0.2,Cash,Completed
8090,47,291,13,46,2025-02-06,2,9.1,0.2,Credit Card,Completed
8091,827,3,13,42,2024-12-03,5,507.54,0.1,Gift Card,Completed
8092,50,153,2,3,2024-08-17,6,238.04,0.05,Credit Card,Returned
8093,1173,137,12,11,2024-02-13,3,47.19,0.0,Credit Card,Cancelled
8094,1669,213,2,28,2025-10-21,1,64.0,0.2,Cash,Shipped
8095,1658,132,8,24,2025-01-12,2,127.63,0.0,Cash,Cancelled
8096,1233,240,13,49,2023-09-15,5,196.7,0.2,Cash,Cancelled
8097,1679,187,1,41,2023-10-29,3,226.55,0.0,Credit Card,Completed
8098,1317,45,9,38,2024-10-26,3,107.36,0.0,Debit Card,Completed
8099,593,210,10,6,2025-03-27,2,77.07,0.1,Debit Card,Pending
8100,1134,115,6,14,2024-12-23,3,295.79,0.15,Gift Card,Cancelled
8101,425,154,3,31,2025-11-29,3,214.32,0.15,Credit Card,Completed
8102,1401,16,3,20,2025-08-03,2,561.32,0.1,Gift Card,Returned
8103,1796,81,13,49,2025-03-23,4,379.78,0.0,PayPal,Completed
8104,551,22,6,9,2025-05-07,2,90.87,0.0,Debit Card,Shipped
8105,236,6,13,42,2023-11-07,6,628.51,0.2,Credit Card,Completed
8106,105,57,13,30,2023-05-23,2,207.9,0.0,Debit Card,Returned
8107,1103,283,4,35,2025-04-19,5,84.31,0.0,Gift Card,Returned
8108,989,103,7,40,2024-07-18,6,220.08,0.1,Cash,Completed
8109,1848,293,11,7,2023-06-26,2,54.25,0.0,PayPal,Completed
8110,395,206,1,41,2023-03-08,3,367.62,0.05,Cash,Completed
8111,846,156,13,30,2024-06-05,3,64.7,0.15,PayPal,Returned
8112,282,34,5,23,2023-06-05,1,71.12,0.05,Credit Card,Pending
8113,1949,185,10,4,2024-03-03,6,357.71,0.2,Debit Card,Completed
8114,1587,46,3,31,2024-11-24,5,393.27,0.05,Credit Card,Completed
8115,1386,157,5,1,2024-07-21,4,110.95,0.0,Debit Card,Returned
8116,289,265,9,25,2024-09-24,1,348.49,0.0,Cash,Shipped
8117,1262,249,12,17,2023-04-04,6,471.0,0.15,Gift Card,Cancelled
8118,668,260,11,7,2023-05-07,3,172.37,0.0,Gift Card,Completed
8119,1048,82,4,26,2025-06-27,3,166.87,0.0,Gift Card,Completed
8120,1159,82,11,33,2023-07-30,3,166.87,0.0,Credit Card,Completed
8121,1449,214,6,9,2025-09-17,6,264.25,0.15,PayPal,Shipped
8122,1929,64,15,32,2025-07-01,5,566.62,0.2,Debit Card,Completed
8123,480,17,11,33,2024-05-08,5,307.03,0.0,Cash,Pending
8124,216,111,13,49,2023-01-03,6,123.3,0.0,Credit Card,Completed
8125,1251,300,8,19,2024-08-05,3,306.79,0.1,Gift Card,Cancelled
8126,424,131,2,3,2023-08-22,1,582.03,0.0,Gift Card,Completed
8127,1162,51,2,45,2024-11-12,1,190.91,0.0,Gift Card,Returned
8128,812,194,1,50,2025-09-12,1,35.78,0.0,PayPal,Cancelled
8129,1736,67,10,4,2025-08-30,1,138.29,0.05,Debit Card,Pending
8130,815,276,13,30,2024-10-31,6,394.14,0.15,PayPal,Pending
8131,124,177,13,13,2023-09-21,5,467.22,0.1,Credit Card,Shipped
8132,1634,120,7,40,2023-05-31,5,346.06,0.0,Debit Card,Cancelled
8133,851,235,11,12,2025-02-14,6,265.0,0.05,PayPal,Pending
8134,659,154,11,7,2023-09-09,1,214.32,0.05,PayPal,Returned
8135,177,184,15,5,2024-02-29,3,304.08,0.0,Debit Card,Cancelled
8136,285,218,13,42,2025-04-22,6,95.1,0.1,PayPal,Returned
8137,843,265,15,18,2025-05-24,5,348.49,0.2,Credit Card,Completed
8138,358,258,8,39,2023-09-01,4,270.37,0.2,Cash,Completed
8139,1016,218,2,28,2024-07-08,6,95.1,0.0,PayPal,Shipped
8140,986,22,15,44,2024-03-07,5,90.87,0.0,Credit Card,Shipped
8141,144,52,1,36,2023-05-29,3,120.46,0.0,Gift Card,Pending
8142,1104,114,1,22,2023-01-26,6,356.17,0.15,PayPal,Pending
8143,1881,11,5,48,2025-10-29,2,289.37,0.2,Cash,Shipped
8144,1401,149,7,2,2024-04-18,2,431.72,0.0,Debit Card,Completed
8145,1617,66,1,36,2024-02-07,5,330.95,0.2,Cash,Completed
8146,506,192,5,1,2025-07-12,1,29.92,0.0,PayPal,Completed
8147,996,83,5,23,2025-08-14,5,347.94,0.0,Credit Card,Completed
8148,1864,161,10,29,2025-09-10,2,322.86,0.2,Credit Card,Cancelled
8149,1162,195,6,14,2023-04-09,6,165.25,0.05,Credit Card,Returned
8150,891,210,8,39,2024-06-29,4,77.07,0.0,Cash,Completed
8151,1497,208,4,34,2024-03-27,3,146.45,0.1,Cash,Cancelled
8152,699,55,10,29,2024-11-03,5,17.81,0.1,Credit Card,Completed
8153,304,217,6,9,2025-08-23,6,80.74,0.0,Credit Card,Returned
8154,1988,31,7,2,2023-05-25,4,179.93,0.2,Credit Card,Completed
8155,1260,173,12,10,2023-12-30,2,159.58,0.15,Debit Card,Completed
8156,1279,193,9,38,2024-04-15,3,248.63,0.0,Credit Card,Completed
8157,1426,29,7,2,2025-02-25,3,197.73,0.0,Credit Card,Cancelled
8158,307,88,4,35,2023-12-04,5,291.53,0.2,Gift Card,Completed
8159,1047,281,13,42,2024-04-14,3,125.56,0.15,Credit Card,Returned
8160,69,155,6,9,2023-10-17,3,232.62,0.0,Gift Card,Returned
8161,157,99,11,33,2025-11-01,1,384.25,0.0,PayPal,Returned
8162,1256,153,5,1,2025-11-20,4,238.04,0.0,PayPal,Completed
8163,1301,240,10,4,2025-12-28,4,196.7,0.05,Credit Card,Returned
8164,521,184,15,16,2025-11-28,6,304.08,0.15,Credit Card,Returned
8165,904,27,15,27,2023-02-25,1,565.88,0.0,Cash,Returned
8166,379,5,2,28,2023-05-10,4,136.89,0.0,Gift Card,Cancelled
8167,491,208,7,2,2024-09-26,6,146.45,0.05,Cash,Completed
8168,783,279,10,21,2024-07-07,2,281.48,0.2,Debit Card,Completed
8169,1845,272,3,43,2024-10-11,2,596.66,0.2,Cash,Cancelled
8170,535,126,14,8,2023-03-17,1,333.86,0.15,Debit Card,Shipped
8171,1872,120,7,40,2025-03-29,2,346.06,0.0,Credit Card,Cancelled
8172,187,23,6,9,2024-06-22,6,298.77,0.0,PayPal,Completed
8173,657,114,1,41,2023-07-03,1,356.17,0.2,Debit Card,Completed
8174,605,230,6,9,2025-01-31,3,49.56,0.15,Gift Card,Pending
8175,954,56,10,4,2024-03-26,3,176.55,0.1,Credit Card,Cancelled
8176,1987,144,11,33,2025-04-25,5,296.96,0.15,Gift Card,Completed
8177,617,243,3,43,2023-06-25,2,523.63,0.05,PayPal,Completed
8178,1002,88,10,6,2024-09-14,1,291.53,0.1,PayPal,Pending
8179,1665,123,14,8,2024-04-24,2,203.09,0.0,Cash,Returned
8180,1580,204,6,14,2023-05-23,2,77.6,0.0,Credit Card,Completed
8181,1867,67,12,10,2025-06-27,5,138.29,0.05,Gift Card,Completed
8182,57,18,8,39,2023-06-28,2,383.42,0.1,PayPal,Completed
8183,1416,35,6,14,2025-07-16,2,53.95,0.15,PayPal,Shipped
8184,454,59,9,25,2023-07-08,5,239.55,0.1,PayPal,Returned
8185,620,18,4,34,2025-01-24,2,383.42,0.15,Gift Card,Cancelled
8186,43,198,13,42,2023-02-19,6,125.5,0.0,Cash,Returned
8187,1867,71,15,15,2023-01-23,1,251.36,0.1,Credit Card,Cancelled
8188,142,172,13,49,2025-10-19,6,70.42,0.0,Cash,Pending
8189,1440,127,1,50,2025-04-25,2,90.5,0.0,Debit Card,Completed
8190,708,126,6,9,2025-11-08,2,333.86,0.0,Debit Card,Completed
8191,1063,136,6,14,2023-11-12,5,266.29,0.0,PayPal,Completed
8192,566,221,5,23,2023-11-17,1,183.32,0.0,Cash,Completed
8193,1302,300,6,14,2025-08-17,2,306.79,0.05,Credit Card,Completed
8194,1849,84,13,30,2023-06-30,1,38.26,0.15,PayPal,Completed
8195,1361,114,14,8,2023-03-15,4,356.17,0.0,PayPal,Completed
8196,1569,235,15,16,2023-12-19,2,265.0,0.0,Gift Card,Completed
8197,1940,163,6,9,2025-01-19,4,270.34,0.15,Debit Card,Pending
8198,899,193,12,10,2023-05-30,1,248.63,0.05,Gift Card,Completed
8199,1497,286,8,39,2025-09-19,6,217.06,0.05,PayPal,Cancelled
8200,311,149,8,19,2025-05-09,1,431.72,0.0,Credit Card,Pending
8201,1816,70,6,9,2023-07-05,1,42.41,0.1,Cash,Completed
8202,1047,112,1,41,2025-03-22,6,347.45,0.1,Cash,Completed
8203,940,25,13,13,2023-10-31,3,323.92,0.15,Cash,Cancelled
8204,769,233,11,7,2024-06-07,4,400.32,0.1,Cash,Completed
8205,366,68,5,1,2023-11-27,4,15.0,0.2,Credit Card,Completed
8206,17,95,15,15,2025-10-09,2,435.89,0.0,Credit Card,Completed
8207,1121,148,5,23,2023-01-20,6,293.31,0.0,Cash,Completed
8208,615,148,6,9,2024-07-15,4,293.31,0.2,Debit Card,Completed
8209,1851,69,8,39,2025-10-21,1,444.45,0.05,Gift Card,Completed
8210,1584,125,3,31,2024-02-09,3,152.14,0.05,Debit Card,Pending
8211,544,273,11,7,2024-06-23,3,265.88,0.0,Gift Card,Pending
8212,299,283,15,44,2023-11-05,3,84.31,0.1,PayPal,Shipped
8213,334,255,5,48,2024-12-16,3,118.85,0.0,Gift Card,Pending
8214,513,55,13,49,2024-05-02,1,17.81,0.0,Credit Card,Pending
8215,301,113,1,50,2024-11-18,6,438.2,0.0,PayPal,Returned
8216,1035,95,4,26,2024-06-24,6,435.89,0.2,Gift Card,Shipped
8217,1190,165,11,12,2025-03-28,6,216.64,0.05,Gift Card,Cancelled
8218,24,95,12,11,2023-02-27,4,435.89,0.05,Cash,Completed
8219,163,122,13,42,2023-05-03,5,203.86,0.05,Debit Card,Completed
8220,463,150,8,39,2025-12-04,4,157.31,0.2,PayPal,Shipped
8221,1574,286,5,1,2024-08-14,6,217.06,0.0,Gift Card,Completed
8222,1191,164,6,14,2024-04-01,4,117.71,0.0,Gift Card,Cancelled
8223,720,140,15,44,2024-08-28,1,257.08,0.0,Cash,Pending
8224,251,175,5,48,2023-01-25,2,86.78,0.0,PayPal,Completed
8225,1517,279,6,9,2025-02-02,6,281.48,0.1,Gift Card,Pending
8226,154,195,9,25,2024-10-08,3,165.25,0.0,Cash,Completed
8227,1733,269,10,4,2025-06-22,4,260.22,0.1,Cash,Completed
8228,1136,16,8,24,2023-05-03,3,561.32,0.15,PayPal,Returned
8229,1772,80,1,22,2025-02-10,4,249.35,0.15,Debit Card,Completed
8230,32,122,5,48,2024-09-27,2,203.86,0.2,Cash,Pending
8231,921,259,15,27,2024-08-28,4,395.59,0.0,Debit Card,Completed
8232,760,173,9,25,2023-06-08,3,159.58,0.05,Cash,Completed
8233,1515,251,10,6,2023-10-14,5,355.21,0.1,Debit Card,Cancelled
8234,424,18,1,41,2023-07-14,4,383.42,0.0,Debit Card,Shipped
8235,1757,118,14,47,2025-10-09,3,145.14,0.1,Debit Card,Pending
8236,800,266,10,21,2025-01-12,5,140.34,0.2,Gift Card,Cancelled
8237,760,9,7,2,2024-10-21,4,307.63,0.0,Cash,Pending
8238,1507,84,12,10,2023-06-19,5,38.26,0.1,PayPal,Completed
8239,705,144,5,1,2025-10-22,3,296.96,0.05,Debit Card,Cancelled
8240,1439,274,10,4,2024-02-04,3,57.88,0.1,Cash,Completed
8241,104,228,9,25,2025-02-28,5,247.35,0.0,Cash,Completed
8242,817,13,5,1,2023-10-17,3,127.76,0.0,Credit Card,Completed
8243,1470,117,2,45,2025-10-27,3,77.12,0.1,Debit Card,Returned
8244,537,128,12,11,2025-04-22,5,257.64,0.2,PayPal,Shipped
8245,907,12,6,9,2023-05-17,2,582.22,0.15,Debit Card,Shipped
8246,467,167,13,30,2024-10-11,6,87.74,0.0,Cash,Shipped
8247,52,191,12,17,2025-10-20,6,519.67,0.15,Credit Card,Completed
8248,265,17,14,47,2025-11-09,1,307.03,0.0,Credit Card,Completed
8249,1827,27,11,7,2024-06-09,1,565.88,0.0,PayPal,Cancelled
8250,1861,211,15,27,2023-04-01,3,199.85,0.1,Credit Card,Returned
8251,331,161,3,43,2023-04-01,5,322.86,0.0,Credit Card,Completed
8252,689,84,2,37,2025-03-19,1,38.26,0.05,PayPal,Completed
8253,1003,21,13,30,2023-09-19,6,407.45,0.05,Debit Card,Completed
8254,1572,226,6,9,2025-10-03,4,522.95,0.0,Credit Card,Shipped
8255,225,273,3,31,2024-03-08,1,265.88,0.2,Credit Card,Completed
8256,1195,180,1,41,2023-10-28,3,177.87,0.0,Credit Card,Completed
8257,433,187,12,17,2023-08-18,6,226.55,0.15,Cash,Completed
8258,1010,197,12,11,2024-08-04,5,82.36,0.0,PayPal,Pending
8259,1882,233,11,33,2023-11-14,6,400.32,0.15,Credit Card,Completed
8260,841,133,7,2,2025-03-08,4,321.54,0.05,Debit Card,Completed
8261,458,42,7,40,2025-11-16,5,483.01,0.05,Gift Card,Pending
8262,600,190,9,25,2025-11-30,5,292.3,0.2,Credit Card,Cancelled
8263,1819,94,7,40,2025-05-22,2,325.59,0.0,Cash,Pending
8264,1045,151,5,48,2024-11-06,1,61.55,0.2,Cash,Cancelled
8265,846,275,13,13,2024-02-08,2,255.49,0.0,Debit Card,Shipped
8266,958,92,2,37,2024-05-01,5,665.8,0.0,Debit Card,Completed
8267,1899,167,8,19,2024-11-11,1,87.74,0.0,Cash,Pending
8268,1856,89,15,5,2024-05-27,2,248.83,0.0,Cash,Completed
8269,61,244,9,25,2023-02-01,6,328.77,0.0,Gift Card,Completed
8270,1746,224,15,44,2023-07-17,6,190.7,0.15,Gift Card,Completed
8271,852,100,11,12,2024-09-20,6,447.11,0.1,Debit Card,Cancelled
8272,667,75,15,27,2024-10-06,5,363.98,0.0,Credit Card,Completed
8273,53,57,15,15,2024-04-09,6,207.9,0.0,PayPal,Pending
8274,755,292,7,40,2025-04-08,3,398.38,0.15,Credit Card,Completed
8275,976,251,12,10,2023-02-04,1,355.21,0.0,Credit Card,Completed
8276,1239,11,6,9,2024-05-18,1,289.37,0.05,Credit Card,Shipped
8277,1366,12,7,40,2023-12-04,3,582.22,0.1,PayPal,Completed
8278,1052,97,1,50,2024-07-18,1,228.27,0.0,Gift Card,Completed
8279,273,180,8,39,2023-01-28,2,177.87,0.0,PayPal,Completed
8280,1196,112,9,38,2023-04-26,6,347.45,0.05,PayPal,Completed
8281,1041,76,5,1,2023-07-05,2,46.89,0.0,PayPal,Completed
8282,1758,47,13,42,2023-08-29,5,126.89,0.2,Debit Card,Pending
8283,357,100,8,24,2024-04-17,1,447.11,0.05,Gift Card,Cancelled
8284,389,222,14,8,2024-02-10,1,412.69,0.0,PayPal,Cancelled
8285,1327,179,15,18,2025-01-08,3,63.58,0.1,Gift Card,Completed
8286,1944,280,9,25,2024-12-02,4,59.78,0.05,Cash,Completed
8287,377,192,2,45,2024-04-01,1,29.92,0.05,Credit Card,Shipped
8288,1430,108,11,7,2025-07-12,2,603.53,0.1,Credit Card,Completed
8289,754,237,12,11,2024-07-25,1,159.44,0.15,PayPal,Completed
8290,878,11,13,49,2024-05-24,4,289.37,0.05,Cash,Completed
8291,654,113,5,1,2023-06-20,4,438.2,0.15,Debit Card,Completed
8292,1854,249,8,24,2023-12-20,6,471.0,0.2,PayPal,Pending
8293,1488,79,9,38,2025-07-18,5,143.89,0.0,Cash,Returned
8294,1759,105,1,22,2023-06-11,6,500.45,0.0,Cash,Completed
8295,1051,119,14,47,2025-06-09,4,63.82,0.0,Debit Card,Cancelled
8296,1005,58,10,29,2024-03-06,2,76.76,0.2,PayPal,Completed
8297,12,76,6,9,2023-05-25,3,46.89,0.0,Debit Card,Cancelled
8298,1850,120,3,20,2023-08-05,3,346.06,0.1,Credit Card,Completed
8299,1115,172,6,9,2023-03-28,6,70.42,0.05,Debit Card,Pending
8300,1932,52,3,43,2023-04-12,6,120.46,0.1,PayPal,Completed
8301,910,5,12,17,2025-11-24,3,136.89,0.0,Credit Card,Completed
8302,1121,52,4,35,2023-07-27,6,120.46,0.0,Credit Card,Completed
8303,45,289,4,34,2025-03-20,1,246.14,0.0,Gift Card,Completed
8304,1961,206,5,48,2023-05-27,2,367.62,0.05,Gift Card,Completed
8305,1029,31,3,43,2025-08-21,5,179.93,0.0,Cash,Shipped
8306,1241,194,13,46,2023-01-05,6,35.78,0.1,Credit Card,Completed
8307,163,296,3,20,2024-05-08,4,81.85,0.1,Cash,Completed
8308,5,3,5,23,2025-10-08,5,507.54,0.0,PayPal,Shipped
8309,677,82,3,20,2023-05-04,2,166.87,0.05,Credit Card,Completed
8310,1748,296,13,42,2025-09-30,5,81.85,0.2,Cash,Completed
8311,219,153,6,9,2024-07-23,2,238.04,0.0,Credit Card,Completed
8312,1283,220,15,5,2025-09-23,1,357.02,0.2,Credit Card,Cancelled
8313,151,30,3,43,2025-08-29,3,544.88,0.0,Debit Card,Cancelled
8314,1398,86,6,14,2024-05-19,4,302.91,0.0,Gift Card,Completed
8315,1091,136,6,14,2023-07-16,2,266.29,0.15,Gift Card,Completed
8316,376,157,13,42,2023-06-17,3,110.95,0.2,PayPal,Cancelled
8317,1039,151,7,2,2025-04-10,3,61.55,0.15,Cash,Cancelled
8318,457,283,12,11,2024-05-10,6,84.31,0.0,Gift Card,Completed
8319,1955,241,2,28,2023-10-19,3,108.19,0.0,Debit Card,Returned
8320,1743,41,15,27,2023-05-16,3,441.65,0.2,Gift Card,Completed
8321,1089,291,2,45,2023-09-17,2,9.1,0.0,Gift Card,Completed
8322,572,194,2,3,2025-08-09,3,35.78,0.0,Credit Card,Completed
8323,117,170,6,14,2024-12-28,1,260.29,0.2,Cash,Completed
8324,1774,12,4,35,2023-10-27,4,582.22,0.2,Gift Card,Returned
8325,1347,293,11,33,2023-09-13,6,54.25,0.1,Cash,Completed
8326,17,144,13,42,2023-10-17,6,296.96,0.1,Debit Card,Completed
8327,54,22,5,1,2024-11-08,1,90.87,0.1,Debit Card,Shipped
8328,959,209,13,49,2025-08-28,4,193.95,0.0,Gift Card,Completed
8329,469,108,4,35,2023-09-09,2,603.53,0.0,Gift Card,Cancelled
8330,175,89,14,8,2025-08-11,3,248.83,0.0,Credit Card,Shipped
8331,756,52,12,11,2025-06-07,6,120.46,0.2,PayPal,Completed
8332,1872,78,8,24,2023-05-21,4,176.26,0.0,PayPal,Returned
8333,1179,214,4,34,2023-06-28,4,264.25,0.0,Cash,Returned
8334,1282,258,9,38,2024-01-18,1,270.37,0.05,Debit Card,Cancelled
8335,694,242,1,50,2023-02-08,3,378.8,0.2,Cash,Returned
8336,1809,237,9,25,2023-06-14,3,159.44,0.0,Debit Card,Completed
8337,390,58,8,24,2025-09-24,3,76.76,0.2,Gift Card,Completed
8338,463,53,8,24,2023-10-26,1,459.8,0.15,Gift Card,Completed
8339,1156,215,3,31,2025-07-19,2,108.22,0.0,Cash,Pending
8340,1322,54,14,8,2025-09-08,5,43.29,0.0,Gift Card,Completed
8341,945,174,11,12,2025-02-09,1,62.11,0.2,Cash,Completed
8342,1412,189,8,39,2024-07-20,1,399.71,0.0,PayPal,Pending
8343,1357,134,7,2,2023-11-07,2,170.45,0.0,Debit Card,Shipped
8344,347,31,12,17,2025-06-15,5,179.93,0.1,Debit Card,Returned
8345,1381,167,3,20,2024-04-16,3,87.74,0.15,Debit Card,Completed
8346,1847,80,2,28,2025-05-08,5,249.35,0.05,Debit Card,Pending
8347,1164,288,3,31,2025-03-05,1,367.22,0.1,PayPal,Completed
8348,731,280,5,23,2025-02-03,5,59.78,0.1,Cash,Completed
8349,312,264,5,1,2023-03-31,1,25.86,0.1,Credit Card,Shipped
8350,749,38,10,21,2025-06-18,4,142.98,0.1,Credit Card,Completed
8351,711,145,8,19,2025-10-26,5,328.64,0.0,Credit Card,Cancelled
8352,1401,198,6,9,2023-09-16,2,125.5,0.05,Gift Card,Completed
8353,1138,84,14,47,2025-06-05,2,38.26,0.05,Credit Card,Shipped
8354,1168,224,7,40,2024-05-27,4,190.7,0.0,Credit Card,Completed
8355,1802,75,6,14,2024-08-13,5,363.98,0.1,Gift Card,Cancelled
8356,667,144,12,11,2025-05-14,3,296.96,0.0,PayPal,Pending
8357,1506,226,4,26,2023-01-10,1,522.95,0.0,Gift Card,Returned
8358,1473,186,7,2,2023-12-02,4,39.01,0.15,Debit Card,Completed
8359,994,58,13,42,2024-02-05,1,76.76,0.0,Credit Card,Completed
8360,1454,14,7,40,2023-05-11,5,379.66,0.15,Gift Card,Completed
8361,816,222,12,10,2024-04-13,3,412.69,0.0,Credit Card,Completed
8362,1612,45,14,8,2023-09-08,3,107.36,0.15,PayPal,Completed
8363,642,274,2,37,2023-07-31,4,57.88,0.05,PayPal,Completed
8364,1232,300,4,26,2025-07-22,1,306.79,0.2,PayPal,Shipped
8365,655,209,14,8,2024-04-30,2,193.95,0.05,Credit Card,Pending
8366,143,300,4,34,2024-03-27,2,306.79,0.1,Cash,Pending
8367,650,240,15,15,2025-05-24,5,196.7,0.2,Cash,Pending
8368,371,208,15,32,2024-06-28,2,146.45,0.05,PayPal,Pending
8369,691,71,8,39,2024-11-19,1,251.36,0.05,PayPal,Completed
8370,851,270,14,8,2024-06-30,6,17.58,0.1,PayPal,Cancelled
8371,1751,194,9,25,2024-03-22,3,35.78,0.15,Cash,Shipped
8372,668,109,14,8,2025-08-09,3,33.31,0.2,PayPal,Shipped
8373,565,173,10,4,2023-09-02,1,159.58,0.15,Credit Card,Shipped
8374,162,4,15,5,2025-12-30,6,355.19,0.0,PayPal,Returned
8375,720,158,11,7,2025-07-09,1,324.07,0.0,Debit Card,Pending
8376,1782,193,10,6,2025-02-22,4,248.63,0.1,PayPal,Cancelled
8377,1331,272,9,25,2024-02-15,4,596.66,0.15,Debit Card,Completed
8378,1015,114,10,21,2023-08-11,2,356.17,0.2,Cash,Cancelled
8379,94,254,10,29,2024-12-19,5,307.61,0.15,Gift Card,Pending
8380,123,30,8,24,2023-11-10,4,544.88,0.0,Gift Card,Completed
8381,1895,233,13,13,2024-05-04,1,400.32,0.1,Credit Card,Cancelled
8382,1837,244,14,47,2025-12-24,3,328.77,0.0,Gift Card,Returned
8383,1802,277,2,28,2023-12-07,3,320.72,0.0,PayPal,Completed
8384,1499,68,13,46,2025-06-23,6,15.0,0.2,Credit Card,Shipped
8385,1022,24,7,40,2025-12-26,1,129.26,0.0,PayPal,Shipped
8386,1362,12,2,45,2025-09-14,6,582.22,0.0,Debit Card,Completed
8387,1873,186,8,39,2025-12-27,3,39.01,0.0,Credit Card,Completed
8388,63,20,6,9,2024-06-30,6,170.95,0.0,Cash,Returned
8389,1525,1,10,29,2025-09-28,3,31.01,0.0,Cash,Cancelled
8390,383,89,12,17,2024-03-09,2,248.83,0.2,Credit Card,Returned
8391,395,153,7,40,2025-06-27,2,238.04,0.1,PayPal,Returned
8392,449,81,12,17,2023-08-01,3,379.78,0.0,PayPal,Cancelled
8393,162,232,14,47,2023-03-14,5,316.8,0.1,Cash,Cancelled
8394,1147,262,9,25,2023-10-11,4,392.06,0.0,PayPal,Completed
8395,1440,94,5,1,2025-01-29,3,325.59,0.05,Cash,Completed
8396,439,18,7,2,2024-02-08,3,383.42,0.0,Credit Card,Shipped
8397,393,22,10,21,2025-11-03,3,90.87,0.0,Gift Card,Returned
8398,1010,20,7,40,2024-11-12,4,170.95,0.0,Credit Card,Returned
8399,1790,24,4,35,2025-06-13,5,129.26,0.0,Credit Card,Pending
8400,457,10,8,19,2025-10-26,1,46.02,0.0,PayPal,Pending
8401,1011,69,6,9,2024-06-30,3,444.45,0.0,PayPal,Returned
8402,1793,190,6,9,2023-05-31,4,292.3,0.0,Credit Card,Pending
8403,1135,261,14,8,2023-09-19,2,638.9,0.0,Credit Card,Completed
8404,475,193,8,19,2023-05-24,2,248.63,0.0,Credit Card,Completed
8405,1229,172,1,22,2024-09-04,1,70.42,0.1,Cash,Pending
8406,63,112,10,21,2024-02-21,3,347.45,0.05,Credit Card,Pending
8407,1819,230,6,14,2024-02-17,4,49.56,0.15,Credit Card,Shipped
8408,1940,90,5,1,2024-01-11,4,483.64,0.1,Gift Card,Cancelled
8409,1525,3,13,30,2024-07-10,5,507.54,0.2,Gift Card,Shipped
8410,305,270,2,3,2025-11-11,2,17.58,0.1,Debit Card,Shipped
8411,1756,65,8,24,2023-08-01,1,543.26,0.1,Credit Card,Completed
8412,1824,44,9,38,2025-09-13,3,317.68,0.15,Credit Card,Completed
8413,340,10,10,29,2024-06-13,5,46.02,0.15,PayPal,Returned
8414,110,144,2,28,2023-05-26,2,296.96,0.2,Cash,Completed
8415,1740,285,1,50,2024-05-01,2,313.87,0.0,Cash,Shipped
8416,1748,286,6,14,2025-05-14,2,217.06,0.0,Gift Card,Shipped
8417,1571,4,9,38,2024-07-19,6,355.19,0.2,Credit Card,Completed
8418,859,215,6,9,2024-11-23,5,108.22,0.0,PayPal,Completed
8419,1392,70,2,3,2024-08-12,4,42.41,0.0,Gift Card,Completed
8420,1023,28,9,25,2025-08-09,4,360.14,0.0,PayPal,Completed
8421,1268,86,9,25,2023-12-28,2,302.91,0.0,Debit Card,Completed
8422,1904,77,2,37,2024-02-06,3,442.92,0.15,Credit Card,Shipped
8423,1441,56,8,39,2024-04-28,2,176.55,0.2,Cash,Completed
8424,900,232,8,19,2023-07-10,5,316.8,0.0,Gift Card,Completed
8425,1217,233,5,1,2025-10-16,2,400.32,0.0,Debit Card,Completed
8426,1812,246,7,2,2023-08-28,3,594.34,0.1,Credit Card,Pending
8427,927,272,14,8,2024-06-25,3,596.66,0.0,Gift Card,Pending
8428,1962,223,11,12,2024-03-15,1,162.74,0.15,Credit Card,Shipped
8429,1382,52,12,10,2023-12-19,2,120.46,0.0,Debit Card,Completed
8430,1534,253,10,21,2025-12-28,1,101.3,0.0,Credit Card,Cancelled
8431,877,225,15,44,2023-08-24,3,131.27,0.2,Gift Card,Returned
8432,1091,168,4,34,2025-05-31,5,303.92,0.1,Credit Card,Completed
8433,1589,106,1,50,2024-06-23,5,127.35,0.15,PayPal,Completed
8434,739,6,1,41,2025-01-08,4,628.51,0.0,Gift Card,Completed
8435,407,31,11,12,2025-01-04,4,179.93,0.0,PayPal,Cancelled
8436,266,105,8,19,2025-09-04,1,500.45,0.1,Cash,Completed
8437,1360,275,5,1,2025-11-22,3,255.49,0.2,Credit Card,Completed
8438,15,148,11,12,2025-03-05,6,293.31,0.2,PayPal,Completed
8439,419,5,2,28,2025-10-10,4,136.89,0.0,Debit Card,Returned
8440,1035,234,10,6,2024-12-14,3,314.58,0.0,Debit Card,Completed
8441,1085,72,15,32,2024-09-11,5,301.36,0.0,Debit Card,Completed
8442,941,208,12,11,2025-02-06,5,146.45,0.1,PayPal,Completed
8443,710,53,8,19,2023-03-01,5,459.8,0.1,Gift Card,Returned
8444,951,87,5,1,2024-10-22,6,321.84,0.0,PayPal,Completed
8445,1339,168,10,21,2024-04-16,5,303.92,0.2,Cash,Shipped
8446,710,87,4,34,2024-02-29,5,321.84,0.15,Debit Card,Cancelled
8447,842,64,2,37,2023-06-07,6,566.62,0.0,Cash,Completed
8448,1508,292,6,14,2024-07-29,2,398.38,0.0,Cash,Completed
8449,299,157,2,28,2023-11-27,2,110.95,0.1,Gift Card,Completed
8450,1261,179,6,9,2025-04-24,3,63.58,0.15,Cash,Shipped
8451,1984,4,12,11,2024-04-07,3,355.19,0.05,Credit Card,Returned
8452,396,295,10,29,2025-02-09,3,647.12,0.0,Gift Card,Pending
8453,1501,174,11,33,2025-08-15,1,62.11,0.05,PayPal,Pending
8454,198,89,5,48,2023-01-06,1,248.83,0.0,Cash,Completed
8455,1339,195,15,27,2025-02-09,2,165.25,0.05,Debit Card,Completed
8456,1576,290,2,45,2025-11-27,5,30.66,0.0,Gift Card,Completed
8457,225,243,7,40,2024-03-20,5,523.63,0.0,Debit Card,Completed
8458,1006,50,8,39,2024-03-13,1,564.26,0.2,Gift Card,Completed
8459,181,111,2,37,2024-03-22,2,123.3,0.05,Credit Card,Completed
8460,1888,98,9,38,2025-05-10,2,263.06,0.05,Debit Card,Returned
8461,330,25,8,24,2025-03-30,1,323.92,0.0,Credit Card,Completed
8462,1878,78,10,4,2024-09-06,1,176.26,0.05,Cash,Shipped
8463,1267,210,11,12,2025-12-02,3,77.07,0.1,Debit Card,Completed
8464,168,230,4,35,2024-06-17,5,49.56,0.15,PayPal,Shipped
8465,540,58,8,39,2025-02-06,2,76.76,0.2,Debit Card,Completed
8466,952,192,2,37,2024-09-24,6,29.92,0.1,Gift Card,Completed
8467,624,251,2,45,2024-05-17,5,355.21,0.0,Gift Card,Returned
8468,1000,58,10,21,2025-11-18,3,76.76,0.0,Gift Card,Cancelled
8469,950,80,15,16,2024-12-27,6,249.35,0.05,Cash,Cancelled
8470,12,175,6,14,2023-12-28,5,86.78,0.1,Cash,Completed
8471,1852,300,2,45,2023-09-08,2,306.79,0.15,Gift Card,Completed
8472,211,94,9,25,2023-10-15,5,325.59,0.0,Debit Card,Completed
8473,395,169,5,1,2023-03-17,4,446.78,0.15,Gift Card,Completed
8474,730,45,8,19,2024-10-15,2,107.36,0.2,PayPal,Cancelled
8475,373,58,12,11,2025-09-28,1,76.76,0.0,PayPal,Pending
8476,1511,90,2,28,2023-06-12,1,483.64,0.2,Credit Card,Completed
8477,1806,92,13,49,2025-08-01,5,665.8,0.1,Credit Card,Shipped
8478,1008,120,6,9,2024-07-26,3,346.06,0.1,Cash,Returned
8479,1124,299,12,17,2025-12-29,6,150.33,0.1,Credit Card,Completed
8480,1074,93,9,38,2024-07-03,3,380.69,0.2,Credit Card,Cancelled
8481,1283,49,15,15,2025-06-02,2,148.66,0.2,Gift Card,Completed
8482,426,178,12,10,2024-10-24,4,41.87,0.15,Credit Card,Cancelled
8483,1506,91,3,43,2024-12-15,4,406.77,0.05,PayPal,Shipped
8484,1127,75,3,43,2024-06-17,1,363.98,0.2,Cash,Completed
8485,34,229,14,8,2023-07-08,6,321.97,0.0,Cash,Completed
8486,455,298,7,2,2023-07-22,5,202.95,0.15,Gift Card,Completed
8487,1970,196,6,14,2024-07-23,3,222.19,0.1,Debit Card,Completed
8488,1643,101,3,43,2024-01-21,1,314.94,0.15,Cash,Pending
8489,306,282,3,20,2024-05-15,1,461.23,0.2,Cash,Completed
8490,859,290,10,4,2024-09-03,3,30.66,0.0,Debit Card,Returned
8491,284,40,15,18,2024-03-08,4,408.98,0.05,Cash,Completed
8492,1505,288,10,6,2023-11-28,5,367.22,0.05,PayPal,Completed
8493,1663,194,3,31,2025-06-22,1,35.78,0.05,Gift Card,Completed
8494,753,150,15,16,2023-07-03,2,157.31,0.0,PayPal,Completed
8495,1385,35,2,37,2023-05-22,6,53.95,0.0,Credit Card,Completed
8496,1896,171,2,3,2023-08-19,1,293.86,0.2,Cash,Shipped
8497,613,71,13,30,2024-05-29,5,251.36,0.15,Credit Card,Shipped
8498,253,99,6,14,2025-01-09,3,384.25,0.2,Gift Card,Returned
8499,34,226,4,35,2024-02-04,5,522.95,0.05,Gift Card,Cancelled
8500,248,289,6,14,2023-05-29,1,246.14,0.2,PayPal,Completed
8501,1293,296,5,48,2023-01-11,3,81.85,0.15,Credit Card,Completed
8502,282,157,3,31,2023-08-18,5,110.95,0.2,Cash,Pending
8503,1043,285,1,36,2025-07-26,2,313.87,0.0,Gift Card,Completed
8504,623,275,5,23,2024-12-25,4,255.49,0.0,Gift Card,Pending
8505,951,284,8,39,2024-02-07,2,413.62,0.0,Gift Card,Returned
8506,420,228,15,15,2023-10-31,4,247.35,0.0,PayPal,Returned
8507,348,28,4,34,2023-05-05,3,360.14,0.0,Gift Card,Completed
8508,731,33,13,42,2024-11-02,6,422.83,0.1,Gift Card,Completed
8509,1416,174,4,26,2023-04-20,2,62.11,0.0,Debit Card,Shipped
8510,276,45,2,45,2025-12-05,5,107.36,0.0,Gift Card,Completed
8511,525,68,3,20,2025-11-12,3,15.0,0.0,PayPal,Completed
8512,1858,225,11,7,2023-09-05,2,131.27,0.0,Credit Card,Completed
8513,439,7,3,31,2023-01-08,4,279.59,0.0,Debit Card,Completed
8514,1311,141,5,48,2024-07-05,3,236.86,0.0,Cash,Completed
8515,1357,230,2,28,2024-07-30,6,49.56,0.1,Credit Card,Pending
8516,523,271,6,14,2023-01-25,1,316.69,0.0,Debit Card,Pending
8517,1568,79,14,47,2024-06-03,3,143.89,0.1,Credit Card,Completed
8518,1629,102,10,6,2024-02-08,6,455.19,0.0,Cash,Completed
8519,344,266,4,35,2024-01-10,2,140.34,0.0,Credit Card,Completed
8520,1459,56,2,45,2025-02-07,2,176.55,0.05,Cash,Shipped
8521,1201,264,7,2,2023-03-29,4,25.86,0.1,Debit Card,Pending
8522,1941,33,11,7,2024-04-02,6,422.83,0.2,Gift Card,Shipped
8523,629,28,11,7,2024-01-08,2,360.14,0.05,PayPal,Shipped
8524,1401,28,4,26,2024-04-14,5,360.14,0.15,PayPal,Completed
8525,1811,189,12,11,2024-04-08,4,399.71,0.15,Credit Card,Completed
8526,1315,121,6,14,2025-07-22,1,13.34,0.0,Gift Card,Cancelled
8527,1343,214,8,19,2023-01-08,2,264.25,0.0,Gift Card,Completed
8528,867,100,14,8,2024-12-07,6,447.11,0.1,Gift Card,Completed
8529,1760,8,8,39,2023-10-07,2,143.64,0.15,Gift Card,Completed
8530,93,270,13,42,2023-07-22,1,17.58,0.0,Cash,Completed
8531,890,91,3,20,2023-09-20,5,406.77,0.05,Debit Card,Cancelled
8532,1625,57,3,20,2025-12-16,3,207.9,0.15,Gift Card,Shipped
8533,468,143,2,28,2023-06-23,5,511.76,0.0,PayPal,Completed
8534,1555,278,2,45,2025-04-02,1,98.31,0.05,Cash,Completed
8535,855,37,14,8,2024-02-27,6,91.98,0.1,PayPal,Completed
8536,928,270,5,48,2025-02-16,4,17.58,0.2,Gift Card,Pending
8537,62,298,2,3,2023-04-02,6,202.95,0.1,Debit Card,Completed
8538,1549,83,11,33,2023-01-22,4,347.94,0.15,Debit Card,Returned
8539,437,45,6,14,2025-03-01,5,107.36,0.0,Debit Card,Returned
8540,1153,43,9,38,2025-04-11,5,121.68,0.0,PayPal,Cancelled
8541,1616,14,11,7,2023-07-08,1,379.66,0.0,Gift Card,Completed
8542,1628,168,7,40,2023-03-25,6,303.92,0.1,Gift Card,Completed
8543,1003,234,4,26,2025-07-11,6,314.58,0.15,Credit Card,Completed
8544,1818,267,12,11,2024-01-24,4,139.61,0.0,Cash,Pending
8545,690,263,11,33,2025-04-08,5,47.7,0.0,Debit Card,Pending
8546,749,244,11,7,2024-08-27,3,328.77,0.0,PayPal,Completed
8547,1429,80,13,46,2024-01-24,3,249.35,0.2,Cash,Completed
8548,442,296,3,43,2023-08-12,1,81.85,0.1,PayPal,Returned
8549,382,58,12,11,2023-07-17,2,76.76,0.05,PayPal,Cancelled
8550,1026,277,7,40,2025-07-14,6,320.72,0.0,Gift Card,Completed
8551,1799,239,8,39,2023-12-10,3,337.62,0.0,PayPal,Completed
8552,1963,187,3,31,2024-08-14,5,226.55,0.0,Credit Card,Completed
8553,1839,116,12,10,2025-12-09,1,365.71,0.0,PayPal,Completed
8554,1295,149,3,31,2025-04-06,6,431.72,0.0,Credit Card,Completed
8555,914,117,3,43,2024-11-29,6,77.12,0.15,Gift Card,Completed
8556,96,103,12,11,2024-04-10,5,220.08,0.0,Debit Card,Completed
8557,427,22,3,43,2025-04-20,6,90.87,0.15,Credit Card,Shipped
8558,188,168,1,41,2025-02-27,2,303.92,0.1,Cash,Completed
8559,3,120,2,28,2024-09-19,5,346.06,0.0,Credit Card,Completed
8560,1339,26,4,26,2024-02-24,3,68.26,0.0,PayPal,Completed
8561,1437,49,10,21,2023-12-01,2,148.66,0.0,Gift Card,Cancelled
8562,1455,295,6,9,2024-08-07,6,647.12,0.1,Gift Card,Shipped
8563,602,185,12,17,2025-01-08,4,357.71,0.1,Debit Card,Completed
8564,817,180,15,15,2024-07-26,3,177.87,0.0,Cash,Completed
8565,504,154,8,24,2025-08-17,5,214.32,0.05,Gift Card,Cancelled
8566,504,80,5,48,2025-08-30,2,249.35,0.0,PayPal,Completed
8567,113,143,10,29,2024-05-07,2,511.76,0.0,Credit Card,Returned
8568,315,62,13,13,2025-07-20,6,539.25,0.0,Debit Card,Shipped
8569,863,180,8,39,2023-02-22,5,177.87,0.0,Debit Card,Completed
8570,1918,68,13,46,2024-05-27,1,15.0,0.15,Cash,Pending
8571,1257,226,10,4,2023-11-30,5,522.95,0.1,Gift Card,Completed
8572,1346,215,11,7,2024-08-11,2,108.22,0.0,Cash,Pending
8573,647,38,4,34,2025-07-31,4,142.98,0.05,Debit Card,Shipped
8574,91,287,6,9,2023-07-01,4,173.87,0.0,PayPal,Pending
8575,138,293,8,19,2025-03-17,4,54.25,0.0,Gift Card,Pending
8576,1809,41,6,9,2025-02-23,2,441.65,0.15,PayPal,Pending
8577,883,195,8,19,2025-01-27,3,165.25,0.0,Cash,Cancelled
8578,1622,78,1,36,2023-11-02,2,176.26,0.0,Cash,Pending
8579,1933,211,4,34,2025-04-11,5,199.85,0.15,Debit Card,Completed
8580,839,52,9,38,2024-08-12,3,120.46,0.0,Cash,Shipped
8581,1767,58,14,8,2025-09-23,3,76.76,0.0,PayPal,Cancelled
8582,1364,271,4,35,2023-11-07,3,316.69,0.05,PayPal,Completed
8583,1308,216,15,16,2024-09-19,4,91.49,0.0,Gift Card,Cancelled
8584,440,2,8,19,2025-11-03,3,35.98,0.15,Debit Card,Shipped
8585,1585,154,12,11,2024-07-28,5,214.32,0.0,Cash,Pending
8586,1185,7,13,46,2025-10-31,4,279.59,0.15,PayPal,Returned
8587,1052,139,9,25,2023-07-21,4,334.0,0.1,Credit Card,Pending
8588,897,204,12,11,2023-10-23,5,198.96,0.0,Gift Card,Completed
8589,1469,111,13,30,2024-11-20,6,123.3,0.0,Debit Card,Returned
8590,1608,133,12,11,2025-08-17,4,321.54,0.2,PayPal,Completed
8591,1456,223,15,15,2025-07-21,4,162.74,0.05,Gift Card,Completed
8592,125,13,8,19,2023-12-07,1,127.76,0.1,PayPal,Completed
8593,102,12,1,36,2023-07-06,3,582.22,0.0,Credit Card,Completed
8594,278,145,14,47,2024-08-31,3,328.64,0.0,PayPal,Completed
8595,959,66,1,36,2023-09-24,3,330.95,0.05,Cash,Completed
8596,460,28,3,31,2024-12-22,5,360.14,0.05,Cash,Completed
8597,127,288,11,33,2023-10-19,2,367.22,0.0,Gift Card,Completed
8598,1234,89,8,39,2025-10-26,3,248.83,0.05,PayPal,Completed
8599,1903,173,15,16,2024-11-28,2,159.58,0.0,Credit Card,Returned
8600,1910,230,14,8,2025-01-29,5,49.56,0.05,Credit Card,Completed
8601,1946,294,14,8,2023-01-09,5,345.43,0.0,Gift Card,Shipped
8602,1190,23,10,21,2024-12-28,3,298.77,0.1,PayPal,Shipped
8603,1039,67,15,27,2025-02-02,5,138.29,0.2,Debit Card,Completed
8604,1547,96,13,13,2025-08-14,2,595.96,0.0,Credit Card,Completed
8605,881,264,5,1,2024-11-27,4,25.86,0.0,Debit Card,Pending
8606,471,89,14,8,2024-11-26,3,248.83,0.0,Cash,Pending
8607,1066,201,11,7,2025-04-22,4,307.14,0.05,PayPal,Completed
8608,356,100,14,8,2024-01-21,6,447.11,0.05,PayPal,Completed
8609,1087,32,13,46,2025-07-30,1,162.12,0.05,Gift Card,Shipped
8610,703,69,3,20,2023-07-02,6,444.45,0.05,Cash,Pending
8611,1105,198,11,7,2024-04-16,5,125.5,0.0,Gift Card,Pending
8612,1209,288,12,11,2024-05-30,6,367.22,0.0,Credit Card,Completed
8613,1296,24,3,31,2025-03-03,6,129.26,0.0,Debit Card,Shipped
8614,1086,289,7,40,2024-10-25,4,246.14,0.0,Credit Card,Shipped
8615,466,168,2,37,2025-05-17,3,303.92,0.0,Credit Card,Completed
8616,1790,132,14,47,2023-12-29,1,127.63,0.1,Debit Card,Returned
8617,816,41,13,42,2023-01-20,6,441.65,0.15,Cash,Pending
8618,1068,202,11,33,2023-02-19,4,211.09,0.1,Debit Card,Returned
8619,341,146,9,25,2023-03-14,3,309.25,0.05,Gift Card,Completed
8620,1415,138,9,25,2025-11-07,3,102.03,0.0,Credit Card,Returned
8621,1772,147,7,2,2023-04-05,6,433.97,0.0,Credit Card,Cancelled
8622,924,114,10,21,2023-03-19,1,356.17,0.1,Cash,Pending
8623,272,143,7,40,2025-12-01,5,511.76,0.0,Credit Card,Completed
8624,760,9,15,16,2025-03-31,3,307.63,0.0,Debit Card,Completed
8625,1766,168,5,48,2025-04-14,5,303.92,0.0,Credit Card,Shipped
8626,1059,174,2,28,2025-06-06,3,62.11,0.05,PayPal,Shipped
8627,27,260,15,44,2025-01-04,6,172.37,0.0,PayPal,Completed
8628,618,264,15,15,2025-09-11,3,25.86,0.15,Debit Card,Completed
8629,1791,85,4,34,2025-11-04,3,347.38,0.1,Cash,Cancelled
8630,1954,142,2,3,2023-03-07,4,306.71,0.1,Credit Card,Shipped
8631,800,243,1,22,2024-08-06,4,523.63,0.15,PayPal,Completed
8632,1952,78,10,4,2023-03-13,6,176.26,0.0,Credit Card,Completed
8633,1406,75,14,47,2025-12-05,6,363.98,0.0,Cash,Cancelled
8634,576,60,12,11,2023-01-11,6,307.03,0.15,PayPal,Completed
8635,1387,234,11,33,2023-01-20,6,314.58,0.15,Credit Card,Pending
8636,290,89,5,48,2023-07-13,1,248.83,0.2,Gift Card,Cancelled
8637,206,289,2,28,2025-09-11,6,246.14,0.0,Cash,Completed
8638,993,32,14,47,2025-06-21,5,162.12,0.1,Cash,Completed
8639,558,233,10,21,2023-09-19,6,400.32,0.0,Debit Card,Completed
8640,1757,68,12,10,2023-02-11,5,15.0,0.05,Cash,Cancelled
8641,981,20,1,22,2023-08-02,5,170.95,0.0,Credit Card,Completed
8642,912,44,6,14,2025-03-31,2,317.68,0.0,Credit Card,Shipped
8643,1731,118,6,9,2025-03-06,1,145.14,0.2,Cash,Completed
8644,415,218,14,8,2023-02-23,1,95.1,0.0,PayPal,Pending
8645,12,53,3,31,2025-10-02,4,459.8,0.0,Cash,Completed
8646,1411,207,1,36,2024-04-28,6,245.28,0.0,PayPal,Returned
8647,1211,192,9,38,2024-11-28,5,29.92,0.0,Credit Card,Completed
8648,280,35,14,47,2025-05-17,5,53.95,0.05,Credit Card,Pending
8649,291,118,9,25,2025-07-26,5,145.14,0.0,Credit Card,Cancelled
8650,1391,152,9,25,2023-03-09,1,290.47,0.0,Credit Card,Pending
8651,822,147,5,23,2023-03-28,1,433.97,0.0,Gift Card,Completed
8652,54,99,1,50,2023-10-17,4,384.25,0.0,Cash,Completed
8653,459,231,5,1,2024-09-23,5,52.2,0.0,PayPal,Returned
8654,1915,260,9,38,2023-12-05,2,172.37,0.0,Credit Card,Pending
8655,1756,145,8,19,2025-06-05,2,328.64,0.0,PayPal,Pending
8656,1080,216,9,38,2023-09-26,1,91.49,0.0,Credit Card,Cancelled
8657,287,262,7,40,2023-09-27,2,392.06,0.05,PayPal,Completed
8658,1958,88,4,34,2024-01-25,2,291.53,0.1,PayPal,Completed
8659,284,246,10,29,2025-09-09,6,594.34,0.0,PayPal,Completed
8660,1989,281,8,24,2023-12-22,2,125.56,0.0,Debit Card,Completed
8661,1794,291,2,45,2023-07-14,2,9.1,0.0,Gift Card,Completed
8662,1466,178,11,12,2024-01-30,2,41.87,0.0,Gift Card,Completed
8663,614,299,15,44,2025-02-11,6,150.33,0.0,PayPal,Returned
8664,881,252,5,48,2023-08-03,6,163.4,0.1,Gift Card,Shipped
8665,623,117,15,5,2025-02-01,1,77.12,0.15,Credit Card,Returned
8666,346,137,11,12,2023-01-10,3,47.19,0.0,Gift Card,Shipped
8667,1305,100,8,19,2023-05-09,2,447.11,0.0,Gift Card,Completed
8668,1950,111,2,37,2024-08-16,6,123.3,0.0,Cash,Returned
8669,1013,40,9,38,2023-07-11,3,408.98,0.0,Gift Card,Cancelled
8670,30,105,4,35,2024-03-03,3,500.45,0.0,Credit Card,Returned
8671,343,299,5,23,2023-04-14,6,150.33,0.05,PayPal,Completed
8672,157,143,6,9,2023-10-13,4,511.76,0.0,Debit Card,Cancelled
8673,751,134,7,2,2023-04-21,3,170.45,0.05,Credit Card,Completed
8674,1757,128,12,17,2025-04-21,2,257.64,0.0,PayPal,Shipped
8675,1287,140,4,35,2024-11-06,3,257.08,0.1,Gift Card,Returned
8676,1233,41,12,17,2024-08-20,5,441.65,0.1,Cash,Completed
8677,834,41,1,41,2025-03-31,1,441.65,0.05,Debit Card,Completed
8678,1790,58,3,31,2024-07-21,4,76.76,0.0,PayPal,Completed
8679,493,8,6,14,2025-05-08,5,143.64,0.0,Gift Card,Returned
8680,399,50,11,7,2024-01-06,1,564.26,0.2,PayPal,Completed
8681,1935,131,9,38,2025-05-05,6,582.03,0.05,Cash,Completed
8682,163,69,2,45,2024-01-25,3,444.45,0.2,Credit Card,Returned
8683,805,105,2,28,2024-02-26,5,500.45,0.2,Credit Card,Completed
8684,887,178,10,4,2025-12-01,2,41.87,0.1,Credit Card,Completed
8685,791,114,1,41,2024-09-11,5,356.17,0.0,PayPal,Returned
8686,1192,217,6,14,2023-06-28,4,80.74,0.15,Cash,Completed
8687,87,282,12,17,2023-09-17,1,461.23,0.0,Debit Card,Completed
8688,26,284,12,17,2023-12-24,2,413.62,0.15,Debit Card,Returned
8689,693,212,11,12,2025-08-23,6,26.85,0.0,PayPal,Returned
8690,1581,132,7,40,2024-01-04,1,127.63,0.1,PayPal,Cancelled
8691,334,231,14,8,2024-10-12,1,52.2,0.15,Cash,Shipped
8692,1631,196,7,40,2025-07-10,1,222.19,0.0,Debit Card,Returned
8693,1732,283,11,33,2025-10-27,6,84.31,0.2,PayPal,Cancelled
8694,1958,37,5,48,2025-04-10,3,91.98,0.1,PayPal,Shipped
8695,595,58,2,37,2025-02-19,5,76.76,0.2,Credit Card,Returned
8696,727,226,6,9,2024-03-27,6,522.95,0.15,PayPal,Shipped
8697,25,111,10,21,2023-03-25,5,123.3,0.0,Cash,Completed
8698,1190,31,5,48,2023-01-18,5,179.93,0.2,Cash,Completed
8699,321,84,14,47,2023-06-17,5,38.26,0.2,Debit Card,Shipped
8700,432,3,12,10,2025-08-23,3,507.54,0.1,Cash,Pending
8701,385,137,14,47,2023-01-15,1,47.19,0.0,Cash,Pending
8702,302,191,10,4,2025-10-06,2,519.67,0.15,PayPal,Cancelled
8703,334,277,8,39,2023-05-02,3,320.72,0.05,Gift Card,Returned
8704,1677,152,5,23,2024-05-26,2,290.47,0.0,Gift Card,Completed
8705,1256,262,5,48,2025-09-16,3,392.06,0.0,Credit Card,Pending
8706,1434,263,15,5,2025-08-10,6,47.7,0.0,PayPal,Completed
8707,1060,234,14,47,2025-11-21,4,314.58,0.05,Cash,Returned
8708,544,265,6,9,2025-01-08,2,348.49,0.0,Cash,Completed
8709,1675,231,7,40,2024-02-28,1,52.2,0.0,Credit Card,Completed
8710,433,193,1,41,2024-12-13,4,248.63,0.05,Gift Card,Completed
8711,1626,94,3,43,2025-04-26,5,325.59,0.2,Gift Card,Pending
8712,1575,264,2,28,2024-07-05,3,25.86,0.0,Debit Card,Shipped
8713,1331,119,6,9,2025-05-10,1,63.82,0.0,PayPal,Returned
8714,983,162,1,50,2025-10-10,5,532.97,0.05,Cash,Completed
8715,1607,150,10,21,2025-04-21,2,157.31,0.0,PayPal,Completed
8716,1901,118,11,12,2024-12-19,4,145.14,0.0,Gift Card,Completed
8717,699,79,15,18,2025-09-30,2,143.89,0.0,Cash,Returned
8718,1086,290,6,9,2025-11-09,1,30.66,0.0,Gift Card,Pending
8719,1939,202,10,29,2025-05-27,6,211.09,0.05,Cash,Completed
8720,1824,10,7,2,2025-06-17,6,46.02,0.0,Cash,Completed
8721,1890,235,13,46,2025-08-16,6,265.0,0.05,PayPal,Returned
8722,1631,10,1,22,2023-12-15,1,46.02,0.0,Debit Card,Pending
8723,1544,170,13,46,2023-05-25,2,260.29,0.0,PayPal,Cancelled
8724,1267,297,6,14,2023-10-12,3,334.26,0.0,Cash,Completed
8725,372,44,11,7,2023-09-04,5,317.68,0.1,Gift Card,Completed
8726,1812,219,5,1,2025-06-18,4,243.18,0.15,Cash,Shipped
8727,1352,239,14,47,2024-08-10,5,337.62,0.0,Cash,Completed
8728,211,287,1,36,2023-12-24,2,173.87,0.05,Credit Card,Completed
8729,1413,220,10,4,2025-09-08,6,357.02,0.15,Credit Card,Pending
8730,1074,204,13,13,2025-03-18,5,154.23,0.0,PayPal,Pending
8731,1455,29,4,35,2023-09-19,5,197.73,0.0,Gift Card,Completed
8732,1460,241,14,8,2025-12-09,3,108.19,0.15,Gift Card,Completed
8733,888,295,13,49,2023-01-01,6,647.12,0.0,Credit Card,Completed
8734,198,88,5,23,2025-06-23,5,291.53,0.15,Gift Card,Completed
8735,191,199,12,11,2023-06-03,2,314.59,0.05,Credit Card,Completed
8736,200,12,9,25,2025-06-28,2,582.22,0.2,Cash,Cancelled
8737,1727,253,14,8,2025-11-18,6,101.3,0.0,Gift Card,Completed
8738,130,2,12,17,2025-01-28,6,35.98,0.15,PayPal,Completed
8739,417,158,12,17,2025-07-02,6,324.07,0.05,Credit Card,Shipped
8740,975,228,6,14,2025-11-26,4,247.35,0.1,Gift Card,Shipped
8741,696,296,7,2,2025-04-02,4,81.85,0.0,Debit Card,Completed
8742,1763,38,5,23,2025-08-16,5,142.98,0.1,Gift Card,Completed
8743,115,81,8,19,2023-05-04,2,379.78,0.05,Cash,Returned
8744,1112,152,2,3,2025-07-16,3,290.47,0.05,Gift Card,Completed
8745,1079,272,10,6,2025-04-05,5,596.66,0.0,PayPal,Pending
8746,1141,83,7,2,2024-07-06,4,347.94,0.1,Credit Card,Pending
8747,1094,180,11,12,2024-12-18,2,177.87,0.0,Gift Card,Completed
8748,961,110,11,33,2023-06-12,3,570.1,0.2,PayPal,Completed
8749,1245,1,2,37,2024-07-24,2,31.01,0.05,Debit Card,Completed
8750,1456,167,10,4,2023-08-30,6,87.74,0.05,PayPal,Completed
8751,588,175,15,32,2023-06-25,6,86.78,0.0,PayPal,Cancelled
8752,397,3,10,4,2025-10-24,5,507.54,0.1,Gift Card,Completed
8753,1608,62,10,4,2024-10-30,5,539.25,0.15,Debit Card,Pending
8754,1971,271,13,42,2024-03-07,3,316.69,0.0,Gift Card,Completed
8755,134,203,8,24,2025-09-28,1,511.82,0.0,PayPal,Completed
8756,1951,110,9,25,2025-10-18,5,570.1,0.05,PayPal,Pending
8757,1603,91,10,29,2024-07-16,2,406.77,0.2,Debit Card,Pending
8758,1309,109,5,48,2025-06-08,6,33.31,0.05,Debit Card,Cancelled
8759,1487,188,4,35,2025-04-30,2,448.74,0.05,Credit Card,Completed
8760,1409,262,11,33,2025-06-26,2,392.06,0.0,Gift Card,Cancelled
8761,1302,5,2,28,2025-12-26,3,136.89,0.05,PayPal,Completed
8762,718,108,6,9,2023-04-02,6,603.53,0.2,Gift Card,Pending
8763,1685,62,13,30,2025-11-18,4,539.25,0.15,Cash,Completed
8764,1676,263,6,14,2024-06-27,5,47.7,0.0,Cash,Pending
8765,745,120,2,28,2023-09-08,6,346.06,0.0,Cash,Completed
8766,1888,289,7,2,2025-10-01,5,246.14,0.2,Gift Card,Completed
8767,1839,37,13,13,2023-09-27,3,91.98,0.05,Credit Card,Completed
8768,98,115,14,8,2025-11-09,2,295.79,0.0,Credit Card,Completed
8769,1986,230,3,43,2025-08-16,6,49.56,0.0,Cash,Shipped
8770,1681,220,3,31,2025-04-25,4,357.02,0.15,Cash,Completed
8771,361,104,3,43,2025-09-27,4,61.42,0.05,Gift Card,Completed
8772,182,115,9,25,2023-03-17,4,295.79,0.05,Credit Card,Pending
8773,418,250,3,43,2025-12-25,5,120.54,0.0,Debit Card,Completed
8774,1559,220,9,25,2024-06-20,6,357.02,0.0,PayPal,Shipped
8775,502,186,3,31,2024-06-13,5,39.01,0.2,Gift Card,Completed
8776,569,289,7,2,2025-11-28,6,246.14,0.0,PayPal,Completed
8777,1492,222,12,10,2025-10-31,6,412.69,0.0,Cash,Completed
8778,1224,31,11,12,2024-07-02,4,179.93,0.0,Cash,Completed
8779,771,122,14,47,2023-10-16,6,203.86,0.0,Cash,Completed
8780,1327,262,14,47,2023-09-24,1,392.06,0.0,Credit Card,Shipped
8781,1027,59,3,20,2024-05-27,1,239.55,0.2,PayPal,Shipped
8782,1222,275,14,8,2025-08-11,2,255.49,0.0,Debit Card,Completed
8783,1374,172,2,28,2025-04-28,6,70.42,0.1,PayPal,Completed
8784,1342,131,7,2,2025-10-25,5,582.03,0.0,Cash,Returned
8785,764,179,10,21,2025-08-21,1,63.58,0.0,Debit Card,Pending
8786,1703,181,8,39,2024-03-09,5,334.11,0.15,Cash,Pending
8787,1421,255,12,11,2024-03-10,4,118.85,0.0,Cash,Completed
8788,1095,207,10,6,2024-07-30,6,245.28,0.0,PayPal,Completed
8789,166,9,15,44,2023-06-16,6,307.63,0.0,Credit Card,Completed
8790,1383,43,3,43,2023-02-26,4,121.68,0.1,Debit Card,Returned
8791,804,1,15,18,2023-10-01,1,31.01,0.0,Credit Card,Completed
8792,379,271,10,6,2023-12-01,6,316.69,0.0,PayPal,Completed
8793,371,14,6,14,2023-09-23,5,379.66,0.1,Debit Card,Completed
8794,1133,128,6,9,2024-05-18,5,257.64,0.1,PayPal,Completed
8795,653,249,12,11,2025-05-10,4,471.0,0.1,Debit Card,Returned
8796,327,118,12,10,2024-12-26,5,145.14,0.15,Credit Card,Returned
8797,11,10,1,22,2024-07-27,6,46.02,0.05,Cash,Completed
8798,623,49,3,43,2024-11-25,4,148.66,0.0,Debit Card,Completed
8799,649,248,12,10,2023-04-05,6,230.55,0.0,Gift Card,Completed
8800,1154,71,6,9,2025-12-02,1,251.36,0.05,Credit Card,Cancelled
8801,918,17,6,9,2023-07-12,6,307.03,0.0,Cash,Pending
8802,297,218,1,22,2025-08-15,4,95.1,0.0,Cash,Completed
8803,616,252,10,21,2025-04-25,4,163.4,0.0,Debit Card,Completed
8804,930,277,14,47,2023-11-06,6,320.72,0.15,Debit Card,Completed
8805,1737,256,6,9,2025-04-08,1,203.89,0.15,PayPal,Completed
8806,1786,245,12,10,2023-01-02,4,328.64,0.15,Debit Card,Cancelled
8807,1904,203,11,12,2023-08-04,2,511.82,0.2,Credit Card,Completed
8808,443,237,13,30,2023-11-09,1,159.44,0.0,Debit Card,Completed
8809,1051,101,3,43,2024-11-19,4,314.94,0.0,Cash,Pending
8810,252,66,13,42,2024-08-16,1,330.95,0.0,PayPal,Completed
8811,1461,271,5,1,2025-11-21,3,316.69,0.15,Credit Card,Completed
8812,974,5,6,9,2023-11-18,6,136.89,0.15,Debit Card,Cancelled
8813,1155,90,9,38,2024-03-26,3,483.64,0.0,Debit Card,Returned
8814,352,47,12,10,2023-06-03,1,126.89,0.1,Gift Card,Shipped
8815,1787,37,1,22,2025-10-10,2,91.98,0.15,PayPal,Completed
8816,1666,44,7,2,2023-02-04,6,317.68,0.15,Credit Card,Completed
8817,890,79,8,39,2024-04-25,4,143.89,0.1,Cash,Cancelled
8818,226,88,7,40,2024-03-21,6,291.53,0.2,Credit Card,Completed
8819,1992,158,7,40,2024-04-06,1,324.07,0.0,Debit Card,Completed
8820,827,121,1,50,2023-12-15,4,13.34,0.0,PayPal,Cancelled
8821,1052,126,10,21,2023-11-12,4,333.86,0.0,Cash,Returned
8822,797,216,2,28,2024-05-23,1,91.49,0.0,PayPal,Returned
8823,1591,85,11,7,2025-12-10,2,347.38,0.0,Gift Card,Pending
8824,885,152,8,19,2024-05-01,2,290.47,0.0,Gift Card,Shipped
8825,970,176,9,25,2024-12-01,5,171.51,0.0,PayPal,Pending
8826,774,260,1,50,2025-02-12,4,172.37,0.2,PayPal,Completed
8827,1335,284,14,47,2024-12-25,1,413.62,0.05,Gift Card,Cancelled
8828,430,275,15,18,2025-03-13,6,255.49,0.0,Debit Card,Completed
8829,156,24,9,38,2023-05-28,4,129.26,0.1,PayPal,Cancelled
8830,1921,141,14,8,2025-01-27,4,236.86,0.15,Credit Card,Returned
8831,874,93,4,34,2024-01-30,6,380.69,0.1,Debit Card,Completed
8832,762,247,6,14,2023-06-26,4,58.54,0.1,Gift Card,Shipped
8833,1365,177,4,26,2023-08-28,3,467.22,0.15,Gift Card,Returned
8834,1875,29,5,23,2023-11-04,4,197.73,0.0,Credit Card,Returned
8835,513,95,10,4,2024-07-23,3,435.89,0.15,Debit Card,Returned
8836,1530,47,12,11,2025-05-22,6,126.89,0.15,Cash,Pending
8837,565,272,10,29,2025-01-02,5,596.66,0.0,Credit Card,Returned
8838,1802,260,13,42,2024-02-18,6,172.37,0.0,Credit Card,Completed
8839,1119,63,14,8,2024-09-02,5,63.8,0.0,Gift Card,Completed
8840,1186,300,2,45,2025-05-22,2,306.79,0.0,Credit Card,Shipped
8841,1506,269,7,2,2023-12-28,6,260.22,0.1,Debit Card,Completed
8842,1816,254,3,43,2025-12-26,1,307.61,0.15,Gift Card,Completed
8843,1393,93,10,6,2024-02-18,6,380.69,0.2,PayPal,Completed
8844,1749,115,6,14,2023-11-28,6,295.79,0.05,Credit Card,Pending
8845,1355,26,6,14,2024-03-06,4,68.26,0.0,PayPal,Completed
8846,631,243,7,2,2025-05-25,4,523.63,0.15,PayPal,Cancelled
8847,1783,103,1,41,2024-07-01,5,220.08,0.15,Cash,Pending
8848,516,149,15,18,2024-11-01,1,431.72,0.15,PayPal,Cancelled
8849,697,185,9,38,2024-12-14,4,357.71,0.0,Debit Card,Completed
8850,933,292,14,8,2023-07-20,3,398.38,0.15,Credit Card,Completed
8851,527,98,14,47,2024-12-07,1,263.06,0.05,Gift Card,Completed
8852,1230,242,1,36,2024-01-02,4,378.8,0.0,Debit Card,Completed
8853,736,175,10,21,2024-08-13,4,86.78,0.1,Debit Card,Pending
8854,542,73,7,2,2024-07-04,3,68.44,0.1,PayPal,Completed
8855,1510,232,5,1,2025-01-14,4,316.8,0.0,Credit Card,Completed
8856,138,72,9,38,2025-04-23,5,301.36,0.0,Gift Card,Shipped
8857,190,239,6,14,2024-03-19,4,337.62,0.0,Cash,Completed
8858,477,260,3,43,2023-10-29,2,172.37,0.1,Cash,Completed
8859,1133,130,7,40,2025-06-03,4,293.35,0.2,Gift Card,Completed
8860,1435,257,12,11,2023-11-12,3,29.22,0.15,Cash,Completed
8861,574,102,15,27,2025-09-10,2,455.19,0.15,PayPal,Cancelled
8862,1953,273,11,7,2023-05-11,3,265.88,0.1,PayPal,Completed
8863,1207,141,13,42,2025-10-02,4,236.86,0.15,Debit Card,Returned
8864,1114,239,8,19,2023-09-25,3,337.62,0.1,Debit Card,Returned
8865,372,58,6,9,2025-04-16,5,76.76,0.0,Gift Card,Completed
8866,832,43,6,9,2024-06-29,2,121.68,0.0,PayPal,Returned
8867,760,112,12,17,2025-08-18,4,347.45,0.1,Cash,Completed
8868,1236,137,1,22,2023-08-28,2,47.19,0.2,PayPal,Completed
8869,929,11,6,14,2024-05-12,3,289.37,0.15,Credit Card,Completed
8870,820,159,10,6,2023-12-05,5,323.53,0.2,Credit Card,Completed
8871,1600,147,8,24,2024-06-26,3,433.97,0.1,Gift Card,Returned
8872,257,50,4,35,2023-08-08,2,564.26,0.0,Credit Card,Returned
8873,384,16,9,38,2023-05-03,1,561.32,0.0,PayPal,Completed
8874,225,276,3,31,2023-10-08,2,394.14,0.15,PayPal,Completed
8875,541,196,13,42,2025-10-03,3,222.19,0.0,Cash,Pending
8876,827,37,1,41,2023-10-02,6,91.98,0.0,Gift Card,Shipped
8877,167,40,2,37,2025-03-31,4,408.98,0.0,Cash,Returned
8878,811,256,6,9,2025-06-04,1,203.89,0.0,Credit Card,Returned
8879,1594,237,2,45,2025-02-18,6,159.44,0.1,PayPal,Returned
8880,166,58,4,35,2023-03-02,5,76.76,0.1,PayPal,Completed
8881,1782,98,14,47,2024-11-21,2,263.06,0.15,Gift Card,Returned
8882,390,24,5,1,2024-07-07,3,129.26,0.0,Gift Card,Shipped
8883,564,71,5,48,2024-06-26,2,251.36,0.1,Gift Card,Completed
8884,1197,2,13,30,2023-01-29,4,35.98,0.0,Gift Card,Completed
8885,1585,298,12,11,2023-08-23,6,202.95,0.0,Credit Card,Returned
8886,681,178,9,25,2024-06-15,5,41.87,0.05,Cash,Shipped
8887,7,242,8,19,2023-11-17,3,378.8,0.1,Cash,Cancelled
8888,930,85,2,3,2024-11-04,6,347.38,0.15,Gift Card,Cancelled
8889,342,253,14,8,2024-01-12,6,101.3,0.15,Credit Card,Completed
8890,780,67,5,23,2023-11-21,6,138.29,0.1,Cash,Completed
8891,32,102,3,43,2023-07-23,6,455.19,0.2,PayPal,Completed
8892,1939,62,5,23,2025-06-27,3,539.25,0.1,Gift Card,Completed
8893,1166,112,15,16,2025-11-18,6,347.45,0.05,PayPal,Cancelled
8894,1120,61,9,25,2025-11-26,4,172.42,0.05,Debit Card,Pending
8895,230,265,15,18,2024-10-29,1,348.49,0.15,Cash,Completed
8896,1890,178,7,2,2023-04-24,5,41.87,0.2,Cash,Completed
8897,1212,40,11,12,2025-06-10,2,408.98,0.0,PayPal,Completed
8898,1075,48,3,43,2023-06-01,5,397.65,0.05,Cash,Completed
8899,1089,12,12,10,2023-07-15,1,582.22,0.15,Debit Card,Completed
8900,1358,202,12,17,2024-11-17,1,211.09,0.05,Gift Card,Returned
8901,1338,175,11,12,2025-10-13,3,86.78,0.0,Debit Card,Shipped
8902,1571,44,4,35,2024-09-20,5,317.68,0.0,Gift Card,Completed
8903,496,71,7,40,2023-09-24,3,251.36,0.1,Gift Card,Completed
8904,1935,77,1,36,2024-02-29,4,442.92,0.15,PayPal,Pending
8905,541,181,11,33,2023-04-29,3,334.11,0.2,PayPal,Shipped
8906,1445,79,6,9,2023-09-27,3,143.89,0.15,Gift Card,Returned
8907,1332,160,15,27,2023-11-24,3,466.97,0.15,PayPal,Cancelled
8908,1610,252,15,15,2025-08-19,3,163.4,0.2,Debit Card,Completed
8909,1382,249,1,36,2024-04-16,2,471.0,0.2,Debit Card,Pending
8910,1459,154,10,4,2023-05-08,2,214.32,0.15,Gift Card,Completed
8911,1105,62,14,8,2024-08-13,4,539.25,0.15,Cash,Completed
8912,1809,203,6,9,2025-05-28,4,511.82,0.15,Cash,Cancelled
8913,1206,60,1,50,2024-05-10,6,307.03,0.2,Credit Card,Pending
8914,1286,57,6,14,2023-09-04,2,207.9,0.2,Gift Card,Completed
8915,342,120,11,33,2024-10-14,4,346.06,0.05,Cash,Completed
8916,435,95,8,39,2023-05-20,6,435.89,0.05,Cash,Shipped
8917,668,167,6,14,2023-11-16,1,87.74,0.0,Debit Card,Completed
8918,1003,105,1,41,2025-08-16,1,500.45,0.15,Credit Card,Shipped
8919,66,252,3,43,2023-08-17,2,163.4,0.05,Gift Card,Pending
8920,119,51,2,3,2025-05-26,3,190.91,0.15,Credit Card,Returned
8921,1694,276,9,25,2023-10-12,1,394.14,0.15,Gift Card,Completed
8922,723,236,3,31,2024-11-18,3,209.86,0.0,Debit Card,Completed
8923,1012,122,8,24,2024-02-27,6,203.86,0.0,Debit Card,Completed
8924,1677,1,10,6,2024-08-15,5,31.01,0.2,Credit Card,Cancelled
8925,165,207,11,7,2023-03-01,5,245.28,0.15,Debit Card,Returned
8926,889,149,13,13,2024-07-20,2,431.72,0.0,Gift Card,Completed
8927,1046,114,14,8,2024-01-19,3,356.17,0.0,Cash,Shipped
8928,417,53,9,38,2025-10-20,2,459.8,0.05,Credit Card,Completed
8929,838,250,6,14,2023-06-29,5,120.54,0.0,Credit Card,Completed
8930,1025,158,3,31,2024-09-18,1,324.07,0.05,Cash,Completed
8931,1868,97,5,23,2025-02-11,1,228.27,0.1,Gift Card,Completed
8932,390,35,12,17,2024-10-04,2,53.95,0.0,PayPal,Shipped
8933,1403,251,10,6,2023-10-13,4,355.21,0.1,Credit Card,Cancelled
8934,1820,100,14,8,2024-01-18,1,447.11,0.0,Debit Card,Cancelled
8935,537,272,13,46,2025-01-15,5,596.66,0.0,PayPal,Shipped
8936,945,204,3,43,2024-08-10,2,188.72,0.15,Gift Card,Completed
8937,1153,3,10,6,2023-08-20,3,507.54,0.15,Debit Card,Pending
8938,1147,23,1,22,2023-06-10,2,298.77,0.0,Debit Card,Pending
8939,1096,87,8,39,2023-09-02,1,321.84,0.0,Gift Card,Returned
8940,476,109,12,17,2025-11-17,1,33.31,0.05,Cash,Returned
8941,844,242,3,31,2023-02-07,3,378.8,0.15,Debit Card,Cancelled
8942,643,125,5,1,2025-01-12,4,152.14,0.0,Debit Card,Completed
8943,991,42,13,46,2024-10-13,2,483.01,0.15,Cash,Shipped
8944,1610,139,6,14,2023-01-15,3,334.0,0.0,Gift Card,Completed
8945,92,263,2,3,2024-02-06,4,47.7,0.1,PayPal,Completed
8946,1399,287,8,39,2023-03-19,3,173.87,0.0,Cash,Returned
8947,412,281,7,40,2025-01-15,4,125.56,0.2,PayPal,Shipped
8948,1491,13,9,25,2023-08-30,6,127.76,0.0,Debit Card,Cancelled
8949,701,112,10,4,2024-01-18,1,347.45,0.0,Debit Card,Returned
8950,59,150,14,47,2023-01-01,6,157.31,0.15,Cash,Completed
8951,1720,247,6,9,2023-06-23,5,58.54,0.0,Cash,Shipped
8952,1804,121,3,43,2023-06-09,3,13.34,0.0,PayPal,Completed
8953,23,54,10,29,2023-03-08,3,43.29,0.0,Debit Card,Completed
8954,662,103,8,39,2024-07-19,5,220.08,0.15,PayPal,Cancelled
8955,729,213,11,12,2025-08-12,3,64.0,0.15,Debit Card,Shipped
8956,322,93,7,2,2024-10-20,6,380.69,0.0,Debit Card,Completed
8957,1957,204,12,11,2025-07-15,4,107.36,0.15,Gift Card,Completed
8958,1514,116,11,33,2023-09-15,2,365.71,0.2,Cash,Returned
8959,1991,41,8,19,2024-08-28,1,441.65,0.1,Debit Card,Pending
8960,1534,254,14,47,2025-07-21,4,307.61,0.1,Debit Card,Shipped
8961,1189,237,7,40,2025-11-29,3,159.44,0.0,Debit Card,Returned
8962,979,51,1,22,2023-08-19,1,190.91,0.0,Debit Card,Completed
8963,1141,118,1,22,2025-07-11,2,145.14,0.2,Credit Card,Returned
8964,1761,120,12,17,2024-09-12,4,346.06,0.2,Credit Card,Completed
8965,1258,2,8,39,2024-01-07,2,35.98,0.05,Debit Card,Pending
8966,1698,218,11,33,2024-03-30,4,95.1,0.1,PayPal,Returned
8967,1129,231,2,45,2023-03-16,1,52.2,0.0,Cash,Pending
8968,1102,272,6,9,2024-05-13,2,596.66,0.0,PayPal,Completed
8969,1,79,8,24,2025-11-08,2,143.89,0.0,Cash,Returned
8970,452,181,4,26,2023-05-02,1,334.11,0.1,PayPal,Completed
8971,326,64,2,3,2023-04-13,3,566.62,0.0,Cash,Completed
8972,1137,36,15,15,2023-12-05,1,480.04,0.2,Cash,Shipped
8973,1661,182,7,40,2024-11-03,6,543.63,0.05,Cash,Returned
8974,662,86,5,23,2023-05-19,5,302.91,0.15,PayPal,Completed
8975,1820,297,12,11,2024-11-25,3,334.26,0.1,Debit Card,Returned
8976,991,33,5,48,2025-11-15,5,422.83,0.0,Gift Card,Completed
8977,1893,273,11,7,2023-08-08,1,265.88,0.1,Cash,Shipped
8978,978,213,3,43,2023-06-29,5,64.0,0.15,Debit Card,Completed
8979,1877,248,5,1,2024-06-30,2,230.55,0.0,PayPal,Completed
8980,259,138,14,47,2024-03-22,3,102.03,0.15,Cash,Completed
8981,1802,150,9,25,2024-12-18,6,157.31,0.05,Credit Card,Completed
8982,1212,87,9,38,2024-07-26,5,321.84,0.15,Cash,Completed
8983,1871,250,8,19,2023-09-26,3,120.54,0.2,Gift Card,Pending
8984,896,120,4,26,2025-02-04,3,346.06,0.15,Credit Card,Returned
8985,1765,21,11,33,2023-04-27,4,407.45,0.0,Debit Card,Shipped
8986,1123,243,12,11,2025-08-18,4,523.63,0.0,Debit Card,Returned
8987,852,80,6,14,2023-09-28,5,249.35,0.05,Cash,Completed
8988,1127,71,9,25,2024-09-06,3,251.36,0.0,Gift Card,Completed
8989,1583,79,3,31,2023-03-21,1,143.89,0.1,PayPal,Completed
8990,1296,177,10,29,2023-11-16,4,467.22,0.0,Gift Card,Pending
8991,698,272,2,3,2024-10-07,5,596.66,0.15,Debit Card,Completed
8992,1432,106,8,39,2025-01-10,4,127.35,0.0,Cash,Cancelled
8993,863,170,10,4,2024-09-25,2,260.29,0.0,Gift Card,Returned
8994,1255,252,15,5,2024-04-14,5,163.4,0.1,PayPal,Completed
8995,1564,78,2,3,2025-11-13,1,176.26,0.0,Credit Card,Completed
8996,1049,21,4,35,2025-01-11,6,407.45,0.0,Gift Card,Completed
8997,1015,71,4,34,2024-07-11,2,251.36,0.0,Credit Card,Shipped
8998,1100,289,5,48,2023-03-03,2,246.14,0.0,Gift Card,Pending
8999,937,145,3,20,2024-09-05,4,328.64,0.0,Gift Card,Completed
9000,508,294,7,40,2023-05-15,1,345.43,0.05,Debit Card,Completed
9001,1571,229,9,25,2024-10-29,1,321.97,0.1,PayPal,Completed
9002,17,131,13,46,2025-12-18,3,582.03,0.1,PayPal,Completed
9003,1130,245,10,29,2023-11-06,4,328.64,0.0,PayPal,Returned
9004,1519,38,15,18,2025-03-29,5,142.98,0.05,Cash,Pending
9005,243,44,5,48,2025-11-22,4,317.68,0.05,PayPal,Completed
9006,531,294,8,39,2024-05-30,5,345.43,0.05,Gift Card,Completed
9007,990,41,12,10,2023-01-01,2,441.65,0.15,Gift Card,Pending
9008,1852,8,13,30,2023-04-14,1,143.64,0.2,Gift Card,Cancelled
9009,21,151,4,35,2025-01-04,2,61.55,0.0,PayPal,Completed
9010,525,108,2,28,2025-09-24,3,603.53,0.2,Cash,Pending
9011,1700,193,7,40,2025-02-16,3,248.63,0.2,Debit Card,Shipped
9012,774,201,1,50,2024-08-06,3,307.14,0.2,Gift Card,Completed
9013,403,59,1,50,2025-11-17,3,239.55,0.0,Credit Card,Completed
9014,1377,1,1,36,2023-03-18,6,31.01,0.0,Gift Card,Returned
9015,430,195,5,23,2023-07-03,5,165.25,0.0,Debit Card,Cancelled
9016,1050,66,9,38,2024-08-28,1,330.95,0.05,PayPal,Cancelled
9017,1418,267,9,25,2023-07-03,6,139.61,0.0,Debit Card,Cancelled
9018,821,95,13,42,2024-07-11,4,435.89,0.0,Credit Card,Completed
9019,1679,230,11,12,2023-04-29,2,49.56,0.0,PayPal,Completed
9020,1392,219,13,30,2025-10-16,4,243.18,0.1,Credit Card,Completed
9021,1356,68,10,6,2023-01-19,5,15.0,0.1,PayPal,Returned
9022,1776,187,6,9,2023-05-09,4,226.55,0.15,PayPal,Shipped
9023,758,188,2,37,2023-12-13,6,448.74,0.0,Credit Card,Returned
9024,194,161,6,9,2023-10-11,2,322.86,0.15,Credit Card,Returned
9025,1547,225,4,34,2024-10-09,2,131.27,0.0,Cash,Completed
9026,304,183,6,9,2024-05-26,6,70.12,0.05,PayPal,Cancelled
9027,1403,138,15,18,2024-02-10,2,102.03,0.0,Cash,Completed
9028,1622,112,14,47,2023-10-18,6,347.45,0.15,Gift Card,Completed
9029,1081,101,8,19,2025-01-16,6,314.94,0.0,Gift Card,Completed
9030,200,193,4,34,2023-03-01,5,248.63,0.1,Credit Card,Shipped
9031,748,130,11,12,2024-01-23,1,293.35,0.15,PayPal,Completed
9032,1505,217,7,2,2024-10-26,6,80.74,0.0,Debit Card,Completed
9033,270,36,9,25,2025-12-16,4,480.04,0.05,Gift Card,Returned
9034,1879,292,4,35,2023-03-06,3,398.38,0.1,Gift Card,Completed
9035,626,113,9,25,2024-02-02,4,438.2,0.2,Gift Card,Completed
9036,1745,103,1,50,2023-05-08,2,220.08,0.0,Gift Card,Completed
9037,1619,282,14,47,2023-11-03,1,461.23,0.05,PayPal,Completed
9038,1695,147,11,7,2025-06-08,4,433.97,0.0,Gift Card,Completed
9039,1716,185,5,48,2024-04-10,5,357.71,0.05,Gift Card,Returned
9040,1292,211,10,29,2024-09-12,3,199.85,0.0,Credit Card,Completed
9041,642,142,12,10,2025-09-28,6,306.71,0.0,Credit Card,Returned
9042,43,233,9,25,2024-04-04,6,400.32,0.05,Debit Card,Returned
9043,252,158,3,31,2023-05-29,5,324.07,0.1,Credit Card,Completed
9044,644,9,13,30,2025-10-07,5,307.63,0.2,Debit Card,Cancelled
9045,1460,123,8,19,2024-10-29,1,203.09,0.2,Credit Card,Completed
9046,1481,79,7,40,2024-02-17,6,143.89,0.1,Gift Card,Completed
9047,522,213,9,25,2025-03-05,4,64.0,0.05,Credit Card,Pending
9048,1079,126,5,48,2025-03-24,3,333.86,0.1,PayPal,Pending
9049,1955,260,12,17,2025-09-13,6,172.37,0.2,PayPal,Completed
9050,1161,137,2,28,2025-02-08,3,47.19,0.05,Credit Card,Returned
9051,560,49,11,7,2023-09-18,3,148.66,0.05,Debit Card,Completed
9052,1572,274,6,14,2023-06-29,4,57.88,0.05,Credit Card,Shipped
9053,547,281,2,45,2023-04-28,5,125.56,0.15,Credit Card,Completed
9054,49,95,12,10,2025-09-18,6,435.89,0.1,Debit Card,Completed
9055,126,219,3,43,2025-06-17,6,243.18,0.0,Gift Card,Shipped
9056,1284,32,14,47,2024-01-29,1,162.12,0.0,PayPal,Returned
9057,1407,128,13,13,2023-10-18,1,257.64,0.0,Cash,Pending
9058,709,93,14,8,2025-11-15,2,380.69,0.15,Debit Card,Returned
9059,1760,74,14,8,2023-12-09,4,292.63,0.0,Credit Card,Cancelled
9060,944,284,8,24,2023-01-17,3,413.62,0.05,Credit Card,Shipped
9061,547,66,3,31,2025-12-05,4,330.95,0.0,Debit Card,Cancelled
9062,1588,264,3,31,2025-02-27,4,25.86,0.05,Credit Card,Completed
9063,1415,55,7,40,2023-07-24,6,17.81,0.0,Gift Card,Pending
9064,278,87,14,8,2023-06-27,3,321.84,0.2,Credit Card,Pending
9065,265,210,2,37,2025-03-23,3,77.07,0.0,Credit Card,Completed
9066,1771,232,7,40,2024-03-24,5,316.8,0.2,Cash,Cancelled
9067,1525,171,5,23,2024-12-28,5,293.86,0.15,Cash,Completed
9068,323,240,14,47,2025-09-19,1,196.7,0.1,Cash,Cancelled
9069,1092,240,2,45,2025-09-23,1,196.7,0.0,PayPal,Completed
9070,575,184,5,48,2025-05-31,3,304.08,0.15,Debit Card,Completed
9071,897,218,6,14,2023-08-25,1,95.1,0.0,Cash,Returned
9072,649,276,15,5,2025-10-05,2,394.14,0.0,Debit Card,Completed
9073,736,97,12,10,2025-03-12,1,228.27,0.15,Gift Card,Completed
9074,250,129,13,30,2024-04-10,1,267.03,0.1,Debit Card,Completed
9075,1045,40,1,50,2024-03-19,4,408.98,0.1,Debit Card,Completed
9076,1278,236,5,48,2023-07-23,6,209.86,0.0,Debit Card,Pending
9077,1416,79,9,38,2024-05-27,6,143.89,0.0,Debit Card,Completed
9078,318,132,5,1,2023-01-13,3,127.63,0.0,PayPal,Shipped
9079,511,273,2,3,2023-04-08,6,265.88,0.1,PayPal,Completed
9080,969,293,2,28,2025-08-13,6,54.25,0.15,Cash,Completed
9081,1842,230,14,8,2024-06-05,2,49.56,0.0,Cash,Returned
9082,1096,176,5,48,2023-08-20,1,171.51,0.0,Debit Card,Completed
9083,1628,113,2,3,2024-02-20,3,438.2,0.0,PayPal,Pending
9084,1930,92,2,37,2025-05-29,6,665.8,0.2,Debit Card,Returned
9085,644,291,3,31,2024-01-20,3,9.1,0.1,Cash,Pending
9086,1956,167,6,9,2024-12-03,4,87.74,0.1,PayPal,Pending
9087,498,82,10,29,2024-04-25,5,166.87,0.2,Gift Card,Returned
9088,353,293,14,47,2025-07-24,6,54.25,0.0,Debit Card,Completed
9089,184,228,5,23,2024-12-18,6,247.35,0.2,Gift Card,Returned
9090,450,212,8,24,2023-10-11,1,26.85,0.2,Debit Card,Completed
9091,467,172,15,18,2023-05-10,1,70.42,0.05,Debit Card,Completed
9092,1764,190,5,23,2025-04-17,4,292.3,0.2,Gift Card,Completed
9093,75,95,14,47,2023-05-20,3,435.89,0.05,Cash,Shipped
9094,1727,18,14,47,2023-06-14,6,383.42,0.0,Debit Card,Completed
9095,1346,229,13,42,2024-04-04,1,321.97,0.1,Cash,Shipped
9096,903,167,11,33,2024-08-01,2,87.74,0.0,Credit Card,Pending
9097,1621,285,7,40,2024-02-08,4,313.87,0.05,Credit Card,Returned
9098,1172,220,11,12,2025-11-30,6,357.02,0.15,PayPal,Pending
9099,1598,265,10,6,2025-02-21,2,348.49,0.15,PayPal,Completed
9100,1598,114,3,31,2023-03-14,1,356.17,0.0,Debit Card,Shipped
9101,1679,228,2,45,2023-01-16,3,247.35,0.0,PayPal,Shipped
9102,1777,85,3,20,2024-06-01,1,347.38,0.2,Gift Card,Returned
9103,42,208,12,11,2024-06-01,1,146.45,0.05,Gift Card,Shipped
9104,1080,284,3,31,2025-05-20,4,413.62,0.0,Credit Card,Completed
9105,213,99,4,26,2025-08-23,3,384.25,0.1,PayPal,Pending
9106,927,199,1,50,2025-06-29,4,314.59,0.15,PayPal,Cancelled
9107,420,48,4,26,2023-10-23,5,397.65,0.05,Cash,Cancelled
9108,876,136,3,43,2025-12-11,6,266.29,0.0,Credit Card,Returned
9109,1955,105,14,8,2025-01-02,3,500.45,0.0,Cash,Completed
9110,549,41,1,41,2025-04-03,6,441.65,0.0,Cash,Cancelled
9111,115,263,12,17,2023-05-27,4,47.7,0.2,PayPal,Returned
9112,1861,77,8,24,2025-12-28,4,442.92,0.2,Gift Card,Completed
9113,216,40,1,41,2023-01-04,6,408.98,0.0,Debit Card,Cancelled
9114,1938,168,6,9,2023-10-01,3,303.92,0.1,Credit Card,Completed
9115,397,44,1,50,2025-12-13,1,317.68,0.1,Debit Card,Returned
9116,159,208,4,35,2025-03-09,3,146.45,0.1,Gift Card,Completed
9117,104,47,4,34,2023-03-08,2,126.89,0.1,Credit Card,Completed
9118,1415,172,7,2,2025-10-22,6,70.42,0.05,Credit Card,Completed
9119,1691,154,2,28,2024-07-22,1,214.32,0.2,Debit Card,Completed
9120,353,78,5,48,2023-12-21,4,176.26,0.0,Cash,Cancelled
9121,653,48,12,10,2024-11-22,2,397.65,0.1,Cash,Cancelled
9122,1264,268,9,38,2025-06-20,6,252.86,0.0,PayPal,Completed
9123,1298,16,15,18,2023-09-16,1,561.32,0.0,PayPal,Returned
9124,1299,53,7,2,2024-04-24,5,459.8,0.0,Cash,Pending
9125,1005,52,3,43,2023-10-23,5,120.46,0.15,Cash,Completed
9126,35,268,3,31,2023-12-25,4,252.86,0.0,Gift Card,Completed
9127,610,120,14,47,2024-02-27,6,346.06,0.05,Credit Card,Completed
9128,69,17,10,4,2025-03-29,2,307.03,0.1,Debit Card,Completed
9129,532,52,10,4,2023-01-28,6,120.46,0.0,Gift Card,Completed
9130,232,144,4,26,2025-08-13,4,296.96,0.05,Credit Card,Completed
9131,832,149,1,22,2025-02-22,1,431.72,0.2,Cash,Completed
9132,434,20,9,38,2025-11-29,4,170.95,0.0,Debit Card,Returned
9133,704,80,2,37,2024-02-13,6,249.35,0.05,Credit Card,Completed
9134,391,210,10,4,2023-06-02,6,77.07,0.05,Cash,Cancelled
9135,607,130,4,35,2023-09-04,6,293.35,0.0,Debit Card,Returned
9136,1589,215,3,43,2024-01-08,2,108.22,0.05,Debit Card,Returned
9137,1991,289,5,23,2025-03-08,2,246.14,0.2,Debit Card,Returned
9138,1745,107,15,16,2024-11-12,6,247.26,0.2,Gift Card,Completed
9139,537,270,12,11,2023-03-18,4,17.58,0.05,Gift Card,Returned
9140,1602,24,15,44,2025-04-14,3,129.26,0.0,PayPal,Cancelled
9141,1798,163,3,43,2024-06-30,3,270.34,0.1,Credit Card,Cancelled
9142,609,86,8,24,2024-09-01,5,302.91,0.0,Gift Card,Completed
9143,527,273,4,35,2025-08-29,4,265.88,0.0,Credit Card,Completed
9144,1276,129,11,12,2023-10-18,4,267.03,0.0,PayPal,Returned
9145,1338,58,1,50,2024-03-10,1,76.76,0.15,Debit Card,Pending
9146,707,263,15,27,2023-04-22,2,47.7,0.2,PayPal,Completed
9147,1879,207,3,20,2024-08-21,4,245.28,0.0,PayPal,Completed
9148,1394,101,15,27,2025-04-17,5,314.94,0.0,PayPal,Pending
9149,1485,46,7,2,2024-12-10,5,393.27,0.0,Debit Card,Shipped
9150,1538,273,10,6,2023-06-20,6,265.88,0.1,PayPal,Returned
9151,684,3,7,40,2024-09-02,3,507.54,0.05,Debit Card,Shipped
9152,1012,255,12,10,2024-01-08,1,118.85,0.05,Debit Card,Completed
9153,1427,236,9,25,2024-04-05,5,209.86,0.1,PayPal,Completed
9154,1851,274,13,49,2025-11-12,5,57.88,0.0,Gift Card,Completed
9155,915,200,8,24,2024-02-29,1,214.09,0.0,Credit Card,Cancelled
9156,1098,112,1,41,2025-09-24,5,347.45,0.2,PayPal,Shipped
9157,84,32,14,47,2025-02-06,3,162.12,0.0,Credit Card,Cancelled
9158,1329,266,9,38,2023-04-14,6,140.34,0.0,Credit Card,Cancelled
9159,1045,277,8,24,2024-06-21,2,320.72,0.1,Credit Card,Cancelled
9160,1807,52,12,17,2025-12-26,5,120.46,0.15,Cash,Completed
9161,870,181,1,36,2023-11-13,4,334.11,0.1,Cash,Completed
9162,455,3,10,29,2025-07-05,6,507.54,0.05,PayPal,Pending
9163,1090,282,2,3,2023-08-07,2,461.23,0.0,Gift Card,Cancelled
9164,206,11,6,14,2023-01-20,2,289.37,0.0,PayPal,Returned
9165,320,40,10,29,2024-02-23,5,408.98,0.0,PayPal,Completed
9166,824,186,15,5,2023-06-23,3,39.01,0.0,Debit Card,Shipped
9167,564,82,3,43,2023-11-09,3,166.87,0.0,Cash,Returned
9168,479,280,6,9,2024-09-18,3,59.78,0.0,Gift Card,Shipped
9169,1560,135,12,17,2023-08-07,5,126.8,0.05,Cash,Completed
9170,221,275,15,18,2024-01-05,5,255.49,0.0,Debit Card,Completed
9171,414,53,14,8,2024-12-13,1,459.8,0.15,Cash,Cancelled
9172,1882,226,13,49,2025-09-22,1,522.95,0.1,Cash,Pending
9173,1000,135,13,46,2023-05-02,5,126.8,0.0,Credit Card,Returned
9174,649,195,5,1,2024-05-22,1,165.25,0.0,Debit Card,Completed
9175,1791,37,3,43,2023-08-13,1,91.98,0.0,PayPal,Completed
9176,1395,262,3,31,2025-05-09,6,392.06,0.0,Cash,Completed
9177,446,184,2,45,2024-11-17,3,304.08,0.05,Credit Card,Shipped
9178,1667,234,5,23,2024-08-09,4,314.58,0.0,Cash,Cancelled
9179,1084,164,9,38,2025-10-18,4,117.71,0.05,Gift Card,Completed
9180,622,137,13,30,2025-10-20,4,47.19,0.1,Debit Card,Pending
9181,1576,43,4,26,2025-06-20,3,121.68,0.05,Debit Card,Cancelled
9182,1701,167,1,41,2024-02-14,4,87.74,0.2,Gift Card,Completed
9183,1019,51,5,48,2024-03-11,1,190.91,0.0,PayPal,Completed
9184,1727,211,7,2,2023-06-23,5,199.85,0.15,PayPal,Completed
9185,347,239,15,44,2024-04-20,1,337.62,0.05,Credit Card,Cancelled
9186,684,239,5,23,2023-05-03,5,337.62,0.15,Cash,Pending
9187,538,64,11,7,2025-10-11,3,566.62,0.0,Credit Card,Completed
9188,1353,51,11,33,2024-11-13,5,190.91,0.2,Credit Card,Completed
9189,989,38,14,47,2025-06-27,3,142.98,0.2,Gift Card,Completed
9190,1617,229,5,23,2025-12-24,5,321.97,0.1,Cash,Shipped
9191,1255,237,15,15,2025-02-14,2,159.44,0.2,Credit Card,Completed
9192,1827,134,9,38,2024-12-28,6,170.45,0.0,Credit Card,Completed
9193,1500,288,9,38,2023-09-02,2,367.22,0.2,Credit Card,Cancelled
9194,26,144,15,27,2025-10-01,4,296.96,0.0,Gift Card,Returned
9195,1069,184,4,26,2025-03-02,2,304.08,0.05,Debit Card,Completed
9196,548,45,10,6,2024-12-28,3,107.36,0.15,Credit Card,Completed
9197,1242,237,8,24,2023-07-29,2,159.44,0.15,Cash,Returned
9198,658,138,2,28,2023-08-30,5,102.03,0.1,Credit Card,Cancelled
9199,1392,205,9,25,2024-07-07,5,370.78,0.05,Debit Card,Pending
9200,975,288,15,27,2025-02-18,3,367.22,0.0,PayPal,Pending
9201,1321,182,4,35,2023-10-12,3,543.63,0.0,Cash,Pending
9202,22,144,11,12,2025-02-16,3,296.96,0.05,Gift Card,Completed
9203,904,235,4,35,2023-05-18,3,265.0,0.2,PayPal,Pending
9204,366,292,11,12,2024-04-20,1,398.38,0.05,PayPal,Completed
9205,1459,285,13,49,2023-06-17,5,313.87,0.0,PayPal,Completed
9206,1036,87,15,15,2025-05-14,2,321.84,0.2,Cash,Cancelled
9207,350,171,13,30,2025-10-26,4,293.86,0.1,Credit Card,Pending
9208,282,69,15,32,2023-05-18,2,444.45,0.15,Cash,Shipped
9209,1738,160,13,46,2023-07-30,6,466.97,0.05,Gift Card,Completed
9210,693,292,7,40,2024-10-01,5,398.38,0.0,Gift Card,Completed
9211,442,299,5,1,2023-08-29,6,150.33,0.0,Cash,Cancelled
9212,300,262,12,10,2025-08-23,3,392.06,0.0,Gift Card,Shipped
9213,1212,218,7,2,2023-07-19,1,95.1,0.2,Credit Card,Pending
9214,1257,201,14,8,2023-03-31,5,307.14,0.0,Credit Card,Completed
9215,1494,80,7,40,2023-09-22,6,249.35,0.2,Credit Card,Shipped
9216,761,208,15,18,2025-08-30,2,146.45,0.1,PayPal,Returned
9217,669,224,12,10,2023-05-17,1,190.7,0.05,Credit Card,Completed
9218,1845,169,8,39,2025-05-07,2,446.78,0.05,Debit Card,Completed
9219,449,127,4,35,2023-05-15,2,90.5,0.0,Gift Card,Returned
9220,1941,255,7,40,2024-02-02,4,118.85,0.1,Credit Card,Completed
9221,624,108,11,33,2025-11-17,5,603.53,0.0,Cash,Completed
9222,774,283,12,17,2023-07-30,2,84.31,0.2,Debit Card,Completed
9223,346,146,11,7,2025-01-09,3,309.25,0.0,PayPal,Completed
9224,385,79,10,4,2024-11-15,1,143.89,0.0,Debit Card,Shipped
9225,706,37,14,8,2024-10-20,5,91.98,0.1,Debit Card,Cancelled
9226,1058,113,8,24,2024-08-21,1,438.2,0.2,Gift Card,Shipped
9227,116,147,7,40,2025-06-08,6,433.97,0.15,PayPal,Completed
9228,1086,92,3,43,2024-04-15,2,665.8,0.05,PayPal,Returned
9229,802,104,1,50,2023-06-18,3,61.42,0.0,Credit Card,Pending
9230,906,212,14,47,2025-07-18,3,26.85,0.05,Debit Card,Returned
9231,1794,99,13,13,2024-11-19,4,384.25,0.0,Cash,Shipped
9232,1254,252,15,18,2025-01-27,3,163.4,0.0,Cash,Completed
9233,975,212,15,44,2023-11-07,3,26.85,0.05,Gift Card,Pending
9234,1322,285,2,45,2023-10-27,5,313.87,0.05,PayPal,Completed
9235,1115,35,15,15,2023-01-07,5,53.95,0.05,Gift Card,Completed
9236,1348,279,11,12,2023-11-12,3,281.48,0.05,PayPal,Cancelled
9237,1128,11,9,38,2023-11-18,4,289.37,0.0,Gift Card,Shipped
9238,1889,141,14,8,2023-08-22,6,236.86,0.0,Gift Card,Completed
9239,1383,253,4,26,2025-06-29,4,101.3,0.0,Credit Card,Returned
9240,737,244,2,28,2024-07-19,1,328.77,0.2,Credit Card,Pending
9241,987,32,12,17,2023-05-22,3,162.12,0.0,Gift Card,Completed
9242,1143,3,14,47,2024-08-04,4,507.54,0.2,Gift Card,Cancelled
9243,652,92,6,14,2025-02-15,6,665.8,0.05,Gift Card,Returned
9244,140,168,5,48,2025-01-05,4,303.92,0.0,PayPal,Completed
9245,1690,288,1,50,2024-07-26,3,367.22,0.15,Gift Card,Completed
9246,429,268,5,48,2023-06-05,5,252.86,0.15,Cash,Completed
9247,1610,7,12,10,2024-11-07,2,279.59,0.15,Cash,Shipped
9248,455,77,12,11,2023-11-19,4,442.92,0.2,Credit Card,Shipped
9249,1334,207,6,9,2025-04-22,1,245.28,0.2,Cash,Pending
9250,1854,97,10,29,2023-06-24,6,228.27,0.0,Cash,Returned
9251,1346,297,4,35,2025-03-22,6,334.26,0.0,PayPal,Completed
9252,778,135,15,18,2023-04-18,2,126.8,0.1,Debit Card,Completed
9253,258,226,8,39,2025-02-05,1,522.95,0.0,Credit Card,Completed
9254,674,147,14,47,2025-06-20,5,433.97,0.0,PayPal,Returned
9255,1397,183,10,29,2024-12-17,5,70.12,0.05,Credit Card,Completed
9256,888,295,8,24,2024-07-05,2,647.12,0.0,Credit Card,Pending
9257,193,279,1,22,2025-12-21,3,281.48,0.05,Gift Card,Cancelled
9258,813,84,15,27,2023-05-10,5,38.26,0.2,PayPal,Completed
9259,489,202,2,45,2023-03-18,2,211.09,0.0,Debit Card,Returned
9260,866,284,15,27,2025-05-26,1,413.62,0.0,Credit Card,Shipped
9261,1363,255,12,17,2024-12-17,4,118.85,0.2,Gift Card,Completed
9262,198,194,2,37,2025-11-11,4,35.78,0.0,Cash,Completed
9263,927,264,4,35,2025-11-21,6,25.86,0.2,PayPal,Cancelled
9264,133,10,2,37,2024-01-17,4,46.02,0.2,Debit Card,Cancelled
9265,913,184,12,11,2025-05-16,5,304.08,0.0,PayPal,Pending
9266,407,292,11,7,2024-06-26,3,398.38,0.15,Cash,Completed
9267,434,140,9,38,2023-01-24,3,257.08,0.2,Credit Card,Pending
9268,1452,269,8,39,2024-11-29,6,260.22,0.0,Gift Card,Shipped
9269,401,33,4,34,2025-01-25,2,422.83,0.0,Cash,Completed
9270,1315,68,14,8,2023-10-15,3,15.0,0.0,Debit Card,Returned
9271,1767,202,9,25,2025-07-21,6,211.09,0.15,Gift Card,Completed
9272,1612,205,10,29,2024-07-17,1,370.78,0.2,Credit Card,Completed
9273,1038,120,2,28,2024-06-26,3,346.06,0.1,Credit Card,Completed
9274,1288,120,11,12,2023-05-17,1,346.06,0.1,Gift Card,Completed
9275,1944,273,14,8,2023-01-14,3,265.88,0.0,Gift Card,Pending
9276,1973,34,10,21,2025-03-20,3,71.12,0.0,Cash,Shipped
9277,1887,32,6,14,2025-02-22,3,162.12,0.15,Gift Card,Pending
9278,1208,293,7,40,2023-04-30,2,54.25,0.0,PayPal,Completed
9279,236,297,5,48,2024-10-27,1,334.26,0.0,Credit Card,Completed
9280,1430,292,13,42,2025-03-05,5,398.38,0.2,Cash,Completed
9281,1202,260,5,1,2024-03-05,2,172.37,0.0,Gift Card,Completed
9282,1211,168,13,42,2024-10-08,2,303.92,0.0,Gift Card,Returned
9283,1460,133,3,31,2024-02-13,4,321.54,0.2,Credit Card,Pending
9284,1424,275,6,14,2024-04-17,4,255.49,0.15,Debit Card,Completed
9285,288,201,14,47,2023-10-02,6,307.14,0.0,PayPal,Pending
9286,1239,106,9,25,2023-06-03,3,127.35,0.0,PayPal,Pending
9287,1974,200,5,23,2024-05-06,2,214.09,0.0,Debit Card,Pending
9288,580,146,7,2,2023-03-04,5,309.25,0.0,Debit Card,Cancelled
9289,1082,21,13,30,2024-04-14,5,407.45,0.15,PayPal,Completed
9290,319,176,9,25,2024-04-26,3,171.51,0.0,Cash,Completed
9291,1680,146,15,27,2025-06-25,6,309.25,0.0,Cash,Completed
9292,1986,248,5,48,2025-09-16,5,230.55,0.05,Gift Card,Completed
9293,842,162,9,38,2025-01-17,6,532.97,0.2,Cash,Completed
9294,1063,144,12,10,2024-04-30,1,296.96,0.0,Debit Card,Shipped
9295,308,141,11,12,2025-05-07,3,236.86,0.2,Debit Card,Cancelled
9296,467,148,3,20,2023-03-27,3,293.31,0.0,Credit Card,Completed
9297,767,151,11,33,2024-05-12,4,61.55,0.1,Gift Card,Completed
9298,657,290,11,7,2024-09-07,3,30.66,0.1,PayPal,Completed
9299,1780,96,13,42,2023-07-01,3,595.96,0.1,Gift Card,Cancelled
9300,1545,171,12,17,2025-09-03,4,293.86,0.05,Credit Card,Returned
9301,577,26,3,31,2023-06-06,1,68.26,0.2,Debit Card,Shipped
9302,651,139,3,20,2025-12-13,2,334.0,0.05,Credit Card,Completed
9303,1068,225,8,39,2024-09-29,3,131.27,0.0,Credit Card,Cancelled
9304,1143,71,6,14,2025-03-11,6,251.36,0.0,Cash,Pending
9305,1655,96,9,38,2025-11-10,3,595.96,0.0,Debit Card,Shipped
9306,1110,124,3,43,2023-12-16,6,311.92,0.0,PayPal,Completed
9307,325,254,2,45,2025-01-21,6,307.61,0.0,Cash,Completed
9308,1211,159,9,25,2023-12-20,4,323.53,0.0,Gift Card,Completed
9309,1842,44,5,1,2023-08-03,2,317.68,0.0,PayPal,Completed
9310,224,206,6,9,2025-08-28,2,367.62,0.05,PayPal,Shipped
9311,1789,91,8,24,2023-12-17,1,406.77,0.0,Cash,Shipped
9312,1089,120,3,20,2024-06-30,6,346.06,0.05,PayPal,Cancelled
9313,954,144,5,1,2023-01-07,2,296.96,0.15,PayPal,Pending
9314,778,65,14,8,2023-02-13,5,543.26,0.2,Debit Card,Completed
9315,207,186,8,24,2024-11-22,6,39.01,0.0,Debit Card,Completed
9316,724,56,1,41,2024-05-30,2,176.55,0.0,PayPal,Returned
9317,983,50,7,2,2023-03-18,5,564.26,0.2,Cash,Returned
9318,344,132,13,13,2025-01-17,4,127.63,0.2,PayPal,Completed
9319,252,55,15,5,2023-10-15,5,17.81,0.0,Cash,Pending
9320,878,139,14,8,2023-08-24,1,334.0,0.2,Gift Card,Completed
9321,426,130,11,7,2025-05-17,4,293.35,0.0,PayPal,Completed
9322,251,121,1,22,2023-07-25,4,13.34,0.0,Credit Card,Pending
9323,474,213,9,25,2024-03-03,1,64.0,0.0,Gift Card,Shipped
9324,218,293,10,6,2023-03-30,2,54.25,0.15,PayPal,Completed
9325,1597,58,11,12,2025-09-12,1,76.76,0.1,Gift Card,Cancelled
9326,1918,242,1,50,2023-08-24,3,378.8,0.1,Cash,Completed
9327,477,95,15,32,2023-03-07,6,435.89,0.0,Gift Card,Completed
9328,1588,186,11,7,2024-12-31,1,39.01,0.2,Gift Card,Completed
9329,330,263,3,20,2025-10-24,5,47.7,0.15,Gift Card,Completed
9330,613,19,13,49,2024-05-30,5,332.56,0.05,Gift Card,Completed
9331,1107,257,6,9,2023-11-19,2,29.22,0.0,PayPal,Completed
9332,1822,32,7,2,2023-08-19,4,162.12,0.05,Gift Card,Returned
9333,1725,286,6,9,2025-01-19,4,217.06,0.0,Cash,Shipped
9334,403,265,6,14,2023-06-29,6,348.49,0.0,Cash,Completed
9335,1992,260,3,43,2025-01-12,4,172.37,0.0,Credit Card,Cancelled
9336,1812,243,15,15,2025-09-19,2,523.63,0.05,Cash,Cancelled
9337,1075,42,13,42,2024-08-01,2,483.01,0.0,Debit Card,Completed
9338,715,292,13,42,2023-11-15,4,398.38,0.15,Debit Card,Returned
9339,839,244,11,7,2025-12-28,3,328.77,0.0,Gift Card,Pending
9340,1034,243,1,41,2023-08-25,4,523.63,0.05,PayPal,Completed
9341,1238,200,1,36,2024-07-17,1,214.09,0.1,Credit Card,Completed
9342,1174,190,9,38,2025-12-30,6,292.3,0.0,Cash,Returned
9343,1223,300,14,47,2025-05-26,2,306.79,0.0,Credit Card,Pending
9344,1866,243,11,33,2025-12-19,6,523.63,0.0,Cash,Completed
9345,1977,11,2,45,2025-01-29,5,289.37,0.05,Cash,Completed
9346,684,182,14,8,2025-10-30,1,543.63,0.0,PayPal,Pending
9347,214,80,11,33,2024-01-12,3,249.35,0.0,Gift Card,Cancelled
9348,1049,22,6,9,2023-08-25,3,90.87,0.1,PayPal,Shipped
9349,1081,49,1,36,2023-05-05,3,148.66,0.0,Credit Card,Completed
9350,1248,88,10,29,2024-02-09,6,291.53,0.05,Cash,Completed
9351,1833,17,9,38,2024-08-21,1,307.03,0.15,Debit Card,Completed
9352,421,90,14,47,2025-02-23,1,483.64,0.1,PayPal,Completed
9353,905,93,3,43,2024-02-18,5,380.69,0.1,Gift Card,Cancelled
9354,827,215,13,42,2025-01-23,3,108.22,0.15,Debit Card,Returned
9355,1421,195,1,36,2024-03-21,4,165.25,0.2,PayPal,Cancelled
9356,25,130,1,22,2023-07-07,4,293.35,0.1,PayPal,Cancelled
9357,634,33,11,33,2025-05-01,3,422.83,0.15,Credit Card,Completed
9358,1273,104,7,2,2023-07-28,5,61.42,0.05,Debit Card,Completed
9359,1044,124,1,50,2025-09-15,4,311.92,0.05,Cash,Completed
9360,717,63,14,8,2024-12-01,1,63.8,0.0,Gift Card,Completed
9361,863,152,14,47,2025-01-25,5,290.47,0.05,Credit Card,Shipped
9362,217,272,5,23,2025-10-03,2,596.66,0.05,Credit Card,Cancelled
9363,1769,263,14,47,2024-12-12,2,47.7,0.0,PayPal,Cancelled
9364,316,55,3,20,2024-05-18,3,17.81,0.1,Credit Card,Completed
9365,863,112,3,31,2024-02-09,5,347.45,0.0,PayPal,Completed
9366,1132,240,1,36,2024-03-10,3,196.7,0.0,Credit Card,Shipped
9367,482,226,2,45,2023-05-31,4,522.95,0.1,Cash,Shipped
9368,1753,176,9,38,2025-02-24,6,171.51,0.0,Gift Card,Cancelled
9369,432,49,5,1,2023-08-15,4,148.66,0.0,PayPal,Pending
9370,1948,35,10,29,2023-04-27,3,53.95,0.0,Credit Card,Returned
9371,582,98,14,47,2024-05-01,5,263.06,0.1,PayPal,Completed
9372,707,25,1,50,2024-09-04,2,323.92,0.15,Credit Card,Completed
9373,13,137,6,14,2025-04-11,2,47.19,0.1,Cash,Completed
9374,1962,110,10,6,2025-02-12,5,570.1,0.1,Credit Card,Completed
9375,1481,211,2,3,2023-01-16,4,199.85,0.0,Gift Card,Completed
9376,1045,42,14,47,2024-05-19,3,483.01,0.15,Gift Card,Pending
9377,1651,37,15,15,2023-08-21,5,91.98,0.2,PayPal,Pending
9378,1961,62,3,43,2025-10-28,2,539.25,0.2,Gift Card,Completed
9379,616,185,1,50,2024-05-09,3,357.71,0.0,PayPal,Pending
9380,1064,174,7,2,2024-08-08,4,62.11,0.05,Gift Card,Completed
9381,707,23,8,39,2024-03-20,3,298.77,0.0,Cash,Completed
9382,333,164,4,26,2024-11-14,5,117.71,0.05,PayPal,Shipped
9383,1672,201,14,47,2025-06-27,1,307.14,0.0,Debit Card,Completed
9384,329,156,13,13,2024-07-28,3,64.7,0.15,Debit Card,Completed
9385,1464,252,12,10,2023-03-11,6,163.4,0.0,Credit Card,Shipped
9386,1328,58,3,31,2025-11-06,5,76.76,0.05,PayPal,Cancelled
9387,312,269,15,44,2025-03-10,5,260.22,0.05,Credit Card,Pending
9388,161,221,5,48,2025-03-18,5,183.32,0.15,Credit Card,Completed
9389,206,2,6,14,2023-05-25,6,35.98,0.0,Debit Card,Shipped
9390,869,143,6,9,2023-02-09,3,511.76,0.2,Gift Card,Completed
9391,1062,289,10,21,2023-10-05,1,246.14,0.1,Gift Card,Completed
9392,304,56,6,14,2024-07-30,4,176.55,0.0,PayPal,Completed
9393,1980,53,8,24,2025-06-29,4,459.8,0.05,Cash,Returned
9394,78,27,15,32,2025-06-28,2,565.88,0.0,Debit Card,Completed
9395,702,276,12,10,2025-01-28,4,394.14,0.0,PayPal,Completed
9396,211,73,6,14,2023-08-24,3,68.44,0.05,Cash,Cancelled
9397,1081,202,1,41,2023-04-18,3,211.09,0.2,Cash,Pending
9398,270,56,1,41,2025-02-28,6,176.55,0.1,Credit Card,Completed
9399,1910,198,8,24,2025-07-15,5,125.5,0.05,Credit Card,Pending
9400,674,122,15,18,2023-03-08,6,203.86,0.0,Credit Card,Returned
9401,1020,275,11,12,2024-07-29,3,255.49,0.0,Credit Card,Cancelled
9402,987,19,11,33,2024-03-25,1,332.56,0.0,PayPal,Returned
9403,1667,126,8,19,2023-06-05,1,333.86,0.0,Debit Card,Shipped
9404,234,119,14,8,2023-05-09,2,63.82,0.0,Cash,Pending
9405,1984,253,3,20,2024-07-11,5,101.3,0.1,Cash,Completed
9406,1441,60,3,31,2024-08-17,2,307.03,0.1,Credit Card,Shipped
9407,625,287,2,3,2025-12-02,3,173.87,0.0,Credit Card,Completed
9408,1865,236,10,6,2025-05-15,2,209.86,0.05,Debit Card,Returned
9409,1550,81,15,27,2024-10-11,1,379.78,0.15,Debit Card,Shipped
9410,1395,36,5,48,2024-09-18,3,480.04,0.0,Cash,Completed
9411,1596,31,4,26,2024-07-05,6,179.93,0.0,Debit Card,Returned
9412,1878,259,14,47,2024-09-23,4,395.59,0.0,Credit Card,Cancelled
9413,695,194,9,38,2023-08-13,3,35.78,0.0,Cash,Completed
9414,539,13,5,48,2025-04-08,1,127.76,0.0,Debit Card,Cancelled
9415,1142,241,3,31,2024-08-30,5,108.19,0.2,PayPal,Returned
9416,332,38,8,19,2023-01-16,4,142.98,0.1,Cash,Completed
9417,502,225,8,24,2024-03-07,6,131.27,0.0,Debit Card,Completed
9418,107,267,14,47,2024-05-11,3,139.61,0.0,Debit Card,Pending
9419,212,54,1,50,2023-04-30,2,43.29,0.0,PayPal,Completed
9420,922,113,7,40,2025-07-05,2,438.2,0.15,Cash,Completed
9421,1528,80,2,45,2023-01-19,3,249.35,0.0,Gift Card,Shipped
9422,1119,140,6,14,2025-03-02,4,257.08,0.2,Debit Card,Returned
9423,211,105,13,46,2023-05-11,2,500.45,0.15,Credit Card,Shipped
9424,1670,94,2,28,2025-03-23,3,325.59,0.0,Debit Card,Pending
9425,1832,290,15,15,2025-07-09,5,30.66,0.0,Debit Card,Completed
9426,370,124,8,24,2024-05-14,3,311.92,0.0,PayPal,Shipped
9427,86,263,10,6,2025-02-17,4,47.7,0.15,Credit Card,Cancelled
9428,401,156,2,28,2024-09-14,2,64.7,0.15,Cash,Returned
9429,1984,58,12,17,2024-10-27,2,76.76,0.0,Gift Card,Pending
9430,417,165,15,44,2025-06-14,6,216.64,0.1,Credit Card,Cancelled
9431,276,110,5,48,2025-09-15,1,570.1,0.0,Cash,Cancelled
9432,212,114,2,28,2025-12-19,2,356.17,0.15,Gift Card,Returned
9433,399,185,2,3,2025-11-09,6,357.71,0.1,Cash,Shipped
9434,1350,164,8,24,2023-02-21,2,117.71,0.15,Cash,Pending
9435,1277,280,11,33,2023-01-16,1,59.78,0.0,Credit Card,Completed
9436,1171,172,9,25,2023-03-01,3,70.42,0.0,PayPal,Cancelled
9437,469,23,15,27,2025-12-28,1,298.77,0.05,Credit Card,Completed
9438,1827,253,9,38,2023-03-29,5,101.3,0.05,Cash,Shipped
9439,563,241,7,2,2024-05-03,4,108.19,0.0,Credit Card,Completed
9440,1545,20,1,36,2025-05-08,2,170.95,0.0,Credit Card,Returned
9441,317,79,7,2,2023-10-28,4,143.89,0.2,Debit Card,Shipped
9442,969,284,12,10,2024-01-10,6,413.62,0.05,Credit Card,Pending
9443,1557,183,14,8,2023-02-23,6,70.12,0.0,Debit Card,Completed
9444,186,78,6,14,2023-06-16,2,176.26,0.15,Credit Card,Completed
9445,461,100,9,25,2024-03-15,3,447.11,0.05,Debit Card,Completed
9446,291,130,7,40,2023-01-22,1,293.35,0.2,Gift Card,Completed
9447,742,52,5,1,2024-07-30,6,120.46,0.0,Debit Card,Pending
9448,1570,114,9,25,2024-03-11,4,356.17,0.05,Gift Card,Completed
9449,1504,265,7,2,2023-02-06,6,348.49,0.2,Gift Card,Cancelled
9450,281,159,1,41,2024-10-01,1,323.53,0.1,Gift Card,Shipped
9451,1944,56,14,47,2023-02-06,1,176.55,0.0,Cash,Pending
9452,1143,275,12,11,2025-04-27,5,255.49,0.05,PayPal,Pending
9453,889,144,2,3,2023-04-12,2,296.96,0.0,PayPal,Completed
9454,893,195,15,27,2024-11-11,4,165.25,0.15,Gift Card,Pending
9455,915,85,4,26,2025-07-15,2,347.38,0.05,Gift Card,Cancelled
9456,219,286,11,7,2023-12-31,5,217.06,0.0,Credit Card,Completed
9457,512,286,13,30,2025-02-15,1,217.06,0.05,Gift Card,Completed
9458,1507,71,5,23,2023-11-22,2,251.36,0.0,Cash,Cancelled
9459,1848,127,5,23,2025-04-04,6,90.5,0.0,Gift Card,Completed
9460,1231,247,7,2,2025-03-03,5,58.54,0.05,Debit Card,Completed
9461,1650,148,1,36,2023-07-08,3,293.31,0.2,Cash,Shipped
9462,939,132,10,29,2025-12-30,3,127.63,0.05,Gift Card,Completed
9463,1532,199,8,24,2024-08-10,5,314.59,0.0,Cash,Returned
9464,512,10,11,33,2025-11-03,1,46.02,0.1,Cash,Completed
9465,1361,195,6,9,2024-08-24,1,165.25,0.2,Debit Card,Completed
9466,1716,182,11,33,2025-02-24,6,543.63,0.0,Cash,Returned
9467,98,273,11,33,2024-12-23,5,265.88,0.0,Credit Card,Cancelled
9468,751,233,5,48,2023-10-11,6,400.32,0.15,PayPal,Completed
9469,71,167,2,45,2025-05-09,1,87.74,0.0,Gift Card,Completed
9470,1811,214,8,19,2025-08-01,4,264.25,0.1,PayPal,Completed
9471,933,113,8,24,2023-09-07,3,438.2,0.1,Debit Card,Completed
9472,1904,191,5,23,2025-05-22,1,519.67,0.0,Debit Card,Completed
9473,812,173,14,8,2023-05-10,3,159.58,0.05,Credit Card,Completed
9474,1325,58,3,31,2023-02-25,3,76.76,0.0,Debit Card,Returned
9475,1215,200,7,2,2024-05-23,5,214.09,0.0,PayPal,Returned
9476,1321,109,1,41,2025-02-12,2,33.31,0.0,Gift Card,Returned
9477,1069,54,6,14,2023-04-22,1,43.29,0.2,Gift Card,Completed
9478,1090,65,1,50,2023-08-03,1,543.26,0.05,Cash,Returned
9479,1535,223,4,35,2023-03-08,4,162.74,0.05,Debit Card,Cancelled
9480,1417,186,5,23,2023-02-12,4,39.01,0.2,Debit Card,Completed
9481,1347,86,10,29,2024-12-26,5,302.91,0.05,Debit Card,Completed
9482,1645,90,3,43,2025-11-18,3,483.64,0.0,Credit Card,Completed
9483,960,156,6,14,2023-05-21,5,64.7,0.0,Debit Card,Shipped
9484,77,143,1,41,2024-07-09,5,511.76,0.0,Gift Card,Completed
9485,1782,23,15,15,2023-02-14,5,298.77,0.05,Gift Card,Cancelled
9486,1183,252,9,38,2023-04-19,3,163.4,0.0,Gift Card,Cancelled
9487,1278,295,5,1,2024-06-26,2,647.12,0.0,Cash,Completed
9488,863,215,12,17,2023-10-27,5,108.22,0.0,Debit Card,Pending
9489,511,123,1,50,2025-07-07,1,203.09,0.05,Cash,Completed
9490,1609,215,9,38,2025-09-15,3,108.22,0.1,PayPal,Shipped
9491,1309,29,10,4,2025-09-05,3,197.73,0.1,Gift Card,Completed
9492,1631,290,6,14,2023-11-16,1,30.66,0.15,Cash,Cancelled
9493,156,195,4,35,2025-03-18,3,165.25,0.0,Debit Card,Shipped
9494,1105,149,5,23,2025-03-31,4,431.72,0.15,Credit Card,Completed
9495,183,209,8,24,2023-11-07,2,193.95,0.2,PayPal,Shipped
9496,1731,258,3,43,2023-07-10,2,270.37,0.15,Credit Card,Completed
9497,1012,76,3,43,2025-01-01,4,46.89,0.0,Debit Card,Completed
9498,641,163,7,2,2024-08-28,5,270.34,0.0,Cash,Completed
9499,1980,89,15,44,2023-10-14,5,248.83,0.0,Credit Card,Completed
9500,1229,197,2,45,2025-01-11,1,82.36,0.2,Cash,Shipped
9501,1507,281,14,8,2025-01-01,3,125.56,0.1,Debit Card,Completed
9502,594,281,15,44,2025-05-31,4,125.56,0.1,Credit Card,Completed
9503,1858,205,2,37,2024-04-29,1,370.78,0.0,Gift Card,Completed
9504,1372,53,8,19,2024-09-21,2,459.8,0.1,Credit Card,Completed
9505,1664,152,12,11,2025-04-06,2,290.47,0.0,Debit Card,Cancelled
9506,1854,27,2,3,2023-09-09,4,565.88,0.2,Credit Card,Completed
9507,79,180,8,24,2025-09-28,4,177.87,0.15,PayPal,Completed
9508,393,113,8,24,2024-03-16,6,438.2,0.0,Cash,Returned
9509,1719,79,8,19,2024-09-17,4,143.89,0.0,Debit Card,Completed
9510,1697,274,12,17,2024-06-17,3,57.88,0.0,PayPal,Returned
9511,464,257,14,8,2024-06-21,4,29.22,0.15,Gift Card,Completed
9512,102,243,10,29,2024-01-08,4,523.63,0.1,PayPal,Completed
9513,421,97,8,19,2025-12-30,6,228.27,0.05,Cash,Pending
9514,1149,118,1,50,2025-11-18,6,145.14,0.0,PayPal,Cancelled
9515,1289,106,10,4,2024-11-02,6,127.35,0.05,Debit Card,Cancelled
9516,1163,236,3,43,2024-12-01,6,209.86,0.0,PayPal,Returned
9517,127,35,9,38,2023-04-07,2,53.95,0.0,PayPal,Returned
9518,1272,225,9,25,2025-05-17,6,131.27,0.1,Credit Card,Pending
9519,1059,294,5,23,2025-12-31,6,345.43,0.0,Gift Card,Completed
9520,1972,139,8,24,2023-02-03,3,334.0,0.0,Credit Card,Cancelled
9521,1298,100,13,49,2024-06-20,5,447.11,0.0,Debit Card,Completed
9522,1134,167,7,2,2024-10-24,3,87.74,0.0,Gift Card,Shipped
9523,1089,247,10,6,2023-01-14,5,58.54,0.0,PayPal,Returned
9524,293,47,10,4,2023-07-25,6,126.89,0.1,PayPal,Cancelled
9525,449,106,14,47,2023-12-01,3,127.35,0.05,Cash,Returned
9526,1682,177,14,8,2023-09-26,3,467.22,0.05,Credit Card,Completed
9527,102,19,14,8,2023-03-17,2,332.56,0.15,Credit Card,Completed
9528,559,57,13,46,2023-12-23,6,207.9,0.0,PayPal,Completed
9529,458,38,2,3,2023-10-12,5,142.98,0.0,Debit Card,Pending
9530,1655,145,10,21,2025-07-13,3,328.64,0.05,Debit Card,Completed
9531,583,19,7,40,2025-10-17,4,332.56,0.0,Debit Card,Returned
9532,1047,205,11,7,2024-04-10,3,370.78,0.0,Cash,Cancelled
9533,1602,242,13,42,2023-01-25,4,378.8,0.0,PayPal,Pending
9534,637,3,1,41,2025-06-24,1,507.54,0.0,PayPal,Pending
9535,166,252,1,22,2025-05-23,2,163.4,0.0,PayPal,Cancelled
9536,478,43,9,38,2024-07-19,3,121.68,0.15,Debit Card,Completed
9537,224,190,12,10,2023-10-03,2,292.3,0.0,Cash,Completed
9538,304,18,4,26,2023-07-07,2,383.42,0.15,Cash,Pending
9539,1218,41,10,6,2023-04-17,1,441.65,0.15,Credit Card,Completed
9540,551,28,3,43,2023-07-21,6,360.14,0.05,Debit Card,Completed
9541,534,202,5,48,2025-10-18,4,211.09,0.15,Debit Card,Cancelled
9542,1126,23,13,46,2025-12-25,2,298.77,0.05,Cash,Completed
9543,487,278,5,1,2024-01-04,5,98.31,0.0,PayPal,Returned
9544,1123,22,15,27,2024-07-27,5,90.87,0.2,PayPal,Completed
9545,991,2,9,25,2023-02-05,1,35.98,0.0,PayPal,Completed
9546,918,5,12,11,2025-07-11,3,136.89,0.15,Debit Card,Shipped
9547,1992,133,11,33,2025-08-26,6,321.54,0.15,Credit Card,Completed
9548,1383,111,14,47,2023-08-25,3,123.3,0.0,Credit Card,Cancelled
9549,1313,159,6,14,2023-11-24,3,323.53,0.0,Cash,Returned
9550,317,268,15,44,2024-12-02,3,252.86,0.0,Debit Card,Cancelled
9551,1182,96,15,32,2024-08-09,2,595.96,0.15,PayPal,Completed
9552,314,179,1,41,2025-12-25,3,63.58,0.0,PayPal,Completed
9553,385,245,10,4,2023-03-18,4,328.64,0.05,Debit Card,Completed
9554,224,144,5,23,2025-03-27,2,296.96,0.0,Gift Card,Completed
9555,657,113,9,38,2023-02-21,3,438.2,0.0,PayPal,Returned
9556,1136,250,11,33,2025-02-05,5,120.54,0.15,Debit Card,Cancelled
9557,1967,86,6,14,2024-07-12,5,302.91,0.0,PayPal,Cancelled
9558,856,136,9,38,2023-02-10,1,266.29,0.2,PayPal,Returned
9559,894,13,7,40,2023-08-21,4,127.76,0.0,Debit Card,Shipped
9560,1738,232,12,10,2023-01-20,1,316.8,0.2,Credit Card,Shipped
9561,135,23,6,14,2024-12-13,1,298.77,0.05,Cash,Pending
9562,1716,194,8,39,2023-06-20,6,35.78,0.0,Cash,Completed
9563,776,196,14,47,2023-11-22,1,222.19,0.1,Credit Card,Completed
9564,1842,221,15,27,2024-05-07,2,183.32,0.0,Debit Card,Returned
9565,899,269,6,9,2025-06-08,2,260.22,0.0,Credit Card,Pending
9566,1599,64,2,28,2025-03-14,6,566.62,0.1,PayPal,Pending
9567,510,69,1,36,2024-04-17,1,444.45,0.05,PayPal,Shipped
9568,1094,206,15,16,2024-06-06,5,367.62,0.0,Credit Card,Pending
9569,441,29,6,9,2025-09-16,1,197.73,0.15,Gift Card,Shipped
9570,75,178,1,22,2025-11-18,3,41.87,0.0,Credit Card,Completed
9571,1563,125,11,7,2025-09-15,6,152.14,0.0,Debit Card,Completed
9572,1654,32,14,8,2025-01-26,1,162.12,0.2,PayPal,Returned
9573,1506,220,2,37,2023-08-22,1,357.02,0.05,Cash,Returned
9574,303,206,4,35,2024-02-28,1,367.62,0.0,Cash,Completed
9575,293,77,4,35,2024-06-11,6,442.92,0.0,PayPal,Completed
9576,216,192,15,16,2024-05-07,5,29.92,0.0,Credit Card,Completed
9577,639,16,13,30,2025-09-12,3,561.32,0.0,Credit Card,Returned
9578,842,189,12,11,2024-07-05,6,399.71,0.0,Credit Card,Completed
9579,1446,2,4,35,2025-04-19,2,35.98,0.05,Cash,Pending
9580,1245,136,1,22,2023-12-20,5,266.29,0.0,Debit Card,Completed
9581,1609,103,1,41,2024-04-23,6,220.08,0.0,Gift Card,Completed
9582,475,31,15,15,2024-10-13,1,179.93,0.0,PayPal,Pending
9583,1003,101,3,31,2024-09-20,6,314.94,0.0,Debit Card,Pending
9584,581,218,12,17,2024-10-09,2,95.1,0.15,Gift Card,Returned
9585,1376,160,12,17,2025-11-24,3,466.97,0.15,PayPal,Completed
9586,922,227,10,4,2024-05-20,4,225.3,0.2,Gift Card,Returned
9587,340,189,1,50,2024-02-24,4,399.71,0.05,Cash,Completed
9588,1670,145,6,14,2024-06-25,1,328.64,0.2,Debit Card,Cancelled
9589,1872,203,10,29,2023-03-09,5,511.82,0.2,Credit Card,Returned
9590,1046,295,13,42,2024-06-04,1,647.12,0.15,PayPal,Completed
9591,1776,151,6,9,2025-05-21,5,61.55,0.05,Gift Card,Completed
9592,649,196,9,38,2023-06-27,5,222.19,0.1,Debit Card,Completed
9593,1493,102,5,48,2023-07-09,6,455.19,0.05,Cash,Pending
9594,1314,107,6,9,2023-08-08,1,247.26,0.1,PayPal,Completed
9595,1053,94,13,49,2025-01-14,4,325.59,0.0,PayPal,Pending
9596,467,205,15,18,2025-09-20,5,370.78,0.1,Credit Card,Completed
9597,1868,84,10,29,2023-12-20,3,38.26,0.0,Credit Card,Completed
9598,1862,170,11,7,2024-05-10,3,260.29,0.0,Cash,Shipped
9599,602,1,5,48,2025-07-26,2,31.01,0.2,Credit Card,Completed
9600,1967,90,14,8,2024-10-16,5,483.64,0.05,Gift Card,Returned
9601,842,51,14,47,2023-09-11,2,190.91,0.1,Cash,Completed
9602,145,299,4,26,2024-03-19,4,150.33,0.0,PayPal,Completed
9603,1923,187,6,14,2025-09-02,4,226.55,0.1,Gift Card,Pending
9604,209,87,12,11,2025-06-15,4,321.84,0.0,Cash,Completed
9605,328,160,12,17,2023-08-10,1,466.97,0.0,PayPal,Returned
9606,1700,140,1,22,2023-06-23,5,257.08,0.0,Gift Card,Completed
9607,73,210,7,2,2025-03-01,4,77.07,0.0,Debit Card,Completed
9608,166,48,13,13,2025-07-12,3,397.65,0.0,PayPal,Completed
9609,1666,300,11,33,2024-05-17,3,306.79,0.05,Debit Card,Pending
9610,217,41,2,3,2023-03-05,4,441.65,0.0,Debit Card,Completed
9611,1197,243,1,41,2024-04-03,4,523.63,0.0,Credit Card,Returned
9612,671,189,3,31,2024-12-23,3,399.71,0.0,Debit Card,Completed
9613,273,216,3,43,2025-06-04,3,91.49,0.0,Credit Card,Completed
9614,1704,28,8,39,2024-12-27,6,360.14,0.0,Cash,Completed
9615,1654,280,6,14,2024-07-16,4,59.78,0.0,Debit Card,Shipped
9616,360,7,6,9,2023-04-06,3,279.59,0.2,Credit Card,Cancelled
9617,1521,281,6,9,2024-09-25,2,125.56,0.2,Cash,Returned
9618,1477,281,7,40,2025-03-06,5,125.56,0.05,Cash,Shipped
9619,61,77,13,30,2025-07-13,5,442.92,0.1,Credit Card,Completed
9620,1834,158,8,39,2024-11-11,1,324.07,0.15,Credit Card,Cancelled
9621,765,135,3,20,2023-03-18,3,126.8,0.1,Cash,Completed
9622,871,276,6,14,2023-09-28,3,394.14,0.0,Debit Card,Completed
9623,149,146,13,30,2025-05-26,1,309.25,0.05,PayPal,Pending
9624,1801,288,14,8,2024-08-06,2,367.22,0.1,PayPal,Completed
9625,1699,226,14,47,2024-06-14,4,522.95,0.05,Credit Card,Cancelled
9626,1024,193,6,14,2025-10-12,3,248.63,0.2,Cash,Shipped
9627,504,257,4,26,2025-05-04,4,29.22,0.1,Debit Card,Completed
9628,1890,254,7,2,2024-07-10,6,307.61,0.0,Gift Card,Completed
9629,82,161,11,12,2023-07-05,4,322.86,0.15,Gift Card,Completed
9630,1337,120,6,14,2023-11-17,2,346.06,0.05,Debit Card,Completed
9631,632,94,9,25,2023-02-02,6,325.59,0.2,Debit Card,Completed
9632,1346,125,9,38,2024-08-05,6,152.14,0.0,Gift Card,Completed
9633,1285,172,3,31,2025-03-09,2,70.42,0.1,Debit Card,Cancelled
9634,1712,151,3,43,2023-09-17,5,61.55,0.0,Gift Card,Completed
9635,1443,170,8,24,2023-11-09,1,260.29,0.1,Gift Card,Completed
9636,992,179,11,7,2025-11-19,4,63.58,0.2,Credit Card,Completed
9637,895,14,13,13,2023-06-12,6,379.66,0.2,Cash,Completed
9638,30,98,15,32,2025-05-24,1,263.06,0.0,Credit Card,Returned
9639,964,265,9,25,2023-08-16,3,348.49,0.2,Cash,Pending
9640,568,299,12,17,2025-08-31,3,150.33,0.15,Debit Card,Cancelled
9641,1640,23,9,25,2024-03-06,1,298.77,0.1,PayPal,Completed
9642,464,187,10,29,2025-01-31,2,226.55,0.0,Debit Card,Completed
9643,1059,215,4,34,2023-12-27,3,108.22,0.0,PayPal,Completed
9644,1821,144,6,9,2024-07-05,5,296.96,0.05,Credit Card,Completed
9645,832,106,1,22,2023-10-30,5,127.35,0.0,Credit Card,Completed
9646,1569,85,5,48,2023-08-02,5,347.38,0.1,PayPal,Completed
9647,1005,100,7,2,2024-01-25,1,447.11,0.0,Gift Card,Cancelled
9648,803,37,12,17,2024-06-25,2,91.98,0.0,Debit Card,Returned
9649,1575,19,2,37,2023-11-13,5,332.56,0.15,Cash,Completed
9650,217,254,11,7,2023-08-21,6,307.61,0.0,Debit Card,Cancelled
9651,253,94,3,20,2024-08-24,1,325.59,0.2,Debit Card,Cancelled
9652,770,183,8,24,2025-01-05,5,70.12,0.2,Cash,Completed
9653,1680,137,4,26,2023-12-03,3,47.19,0.15,Cash,Pending
9654,967,200,10,21,2023-12-21,5,214.09,0.0,Credit Card,Returned
9655,672,86,9,38,2025-11-28,2,302.91,0.1,Gift Card,Completed
9656,1864,219,1,36,2023-09-28,3,243.18,0.0,Debit Card,Cancelled
9657,1687,116,3,31,2023-06-15,4,365.71,0.2,Debit Card,Pending
9658,1481,284,1,36,2025-11-22,3,413.62,0.15,Credit Card,Returned
9659,1067,209,11,7,2023-12-17,4,193.95,0.2,PayPal,Cancelled
9660,26,213,2,37,2025-06-13,5,64.0,0.2,Debit Card,Shipped
9661,1741,189,6,9,2024-11-16,2,399.71,0.1,Cash,Pending
9662,1975,104,6,9,2024-06-05,1,61.42,0.1,Debit Card,Returned
9663,1510,62,2,37,2024-11-26,6,539.25,0.15,PayPal,Completed
9664,1566,222,9,38,2025-07-13,3,412.69,0.2,PayPal,Completed
9665,448,198,5,23,2024-11-29,2,125.5,0.05,Gift Card,Returned
9666,1878,104,2,3,2023-07-28,6,61.42,0.05,Credit Card,Returned
9667,1520,257,14,47,2025-05-05,3,29.22,0.15,Cash,Completed
9668,1885,241,12,17,2023-04-28,5,108.19,0.05,PayPal,Completed
9669,88,63,11,12,2023-01-25,4,63.8,0.05,Cash,Returned
9670,1351,141,14,47,2023-03-10,3,236.86,0.05,Debit Card,Completed
9671,1915,33,14,8,2025-12-08,2,422.83,0.1,Gift Card,Cancelled
9672,1312,29,6,9,2024-12-18,6,197.73,0.0,Cash,Completed
9673,552,215,11,7,2024-11-10,2,108.22,0.0,Credit Card,Shipped
9674,53,244,14,8,2023-01-21,6,328.77,0.0,PayPal,Completed
9675,1318,141,9,38,2024-01-15,2,236.86,0.2,PayPal,Shipped
9676,1555,242,10,6,2025-04-25,2,378.8,0.1,Gift Card,Cancelled
9677,1287,97,1,50,2025-03-24,3,228.27,0.0,Gift Card,Pending
9678,1530,31,5,23,2023-06-17,6,179.93,0.0,PayPal,Completed
9679,1280,299,5,1,2023-04-20,1,150.33,0.05,Cash,Completed
9680,722,54,9,38,2024-06-08,4,43.29,0.0,Debit Card,Completed
9681,40,7,6,9,2025-01-09,6,279.59,0.15,Credit Card,Shipped
9682,1474,137,4,35,2024-09-19,5,47.19,0.1,PayPal,Completed
9683,7,60,6,14,2025-07-13,4,307.03,0.0,Credit Card,Cancelled
9684,560,131,4,34,2023-09-14,3,582.03,0.2,Credit Card,Completed
9685,390,167,6,9,2025-01-24,1,87.74,0.0,Cash,Returned
9686,1149,104,1,22,2025-07-01,3,61.42,0.0,PayPal,Returned
9687,805,208,14,8,2025-05-19,3,146.45,0.0,Gift Card,Completed
9688,1058,249,8,19,2024-10-04,1,471.0,0.0,PayPal,Pending
9689,1706,99,8,39,2025-03-08,2,384.25,0.2,PayPal,Completed
9690,146,230,5,48,2025-07-27,3,49.56,0.0,PayPal,Cancelled
9691,1510,61,5,48,2023-06-18,4,172.42,0.05,Gift Card,Completed
9692,565,253,4,35,2024-08-19,2,101.3,0.0,PayPal,Completed
9693,591,101,10,4,2023-07-20,3,314.94,0.2,PayPal,Completed
9694,1941,247,8,19,2023-08-09,6,58.54,0.15,Debit Card,Completed
9695,1566,80,11,7,2024-03-20,3,249.35,0.1,Cash,Completed
9696,170,282,1,50,2024-04-11,1,461.23,0.0,Debit Card,Returned
9697,1743,288,9,25,2024-04-18,2,367.22,0.1,Credit Card,Shipped
9698,1676,238,14,8,2025-11-15,4,196.9,0.2,Credit Card,Completed
9699,350,133,11,7,2023-08-03,5,321.54,0.2,Credit Card,Completed
9700,1395,91,11,7,2023-09-20,3,406.77,0.1,Gift Card,Completed
9701,1740,134,4,26,2024-11-19,3,170.45,0.0,Credit Card,Completed
9702,1110,56,6,14,2023-05-26,5,176.55,0.1,Credit Card,Completed
9703,111,183,1,36,2023-11-02,1,70.12,0.0,Cash,Shipped
9704,1096,141,12,10,2024-09-19,1,236.86,0.15,Debit Card,Shipped
9705,1018,182,9,25,2025-01-05,3,543.63,0.15,Cash,Completed
9706,1370,163,13,42,2025-02-07,3,270.34,0.0,Debit Card,Cancelled
9707,802,187,7,40,2023-02-19,4,226.55,0.0,Credit Card,Completed
9708,1794,140,13,30,2023-08-09,5,257.08,0.0,Debit Card,Returned
9709,562,276,9,38,2024-03-26,3,394.14,0.2,Cash,Pending
9710,135,154,4,35,2023-01-10,5,214.32,0.0,Debit Card,Completed
9711,266,120,13,46,2024-04-16,2,346.06,0.0,Credit Card,Returned
9712,1872,11,10,6,2023-01-19,2,289.37,0.0,PayPal,Pending
9713,1737,151,1,50,2025-07-01,2,61.55,0.2,PayPal,Cancelled
9714,1511,279,1,22,2023-07-22,6,281.48,0.05,Cash,Shipped
9715,956,22,2,3,2025-08-13,2,90.87,0.15,Credit Card,Completed
9716,1657,152,12,17,2025-04-05,4,290.47,0.05,PayPal,Completed
9717,1203,237,9,25,2025-11-13,3,159.44,0.1,Debit Card,Shipped
9718,191,241,5,48,2025-06-05,3,108.19,0.0,Gift Card,Completed
9719,1229,42,1,36,2024-03-17,1,483.01,0.0,Debit Card,Completed
9720,1233,272,8,19,2023-06-09,1,596.66,0.1,Cash,Shipped
9721,650,70,13,46,2024-09-14,6,42.41,0.2,Gift Card,Completed
9722,411,144,6,9,2024-03-13,1,296.96,0.0,Gift Card,Completed
9723,261,179,14,8,2023-10-24,5,63.58,0.0,PayPal,Returned
9724,30,101,15,5,2025-01-25,2,314.94,0.0,Cash,Completed
9725,929,295,5,23,2024-11-14,1,647.12,0.15,Credit Card,Cancelled
9726,41,269,2,28,2024-02-26,5,260.22,0.1,Credit Card,Completed
9727,1852,100,2,45,2024-07-01,4,447.11,0.0,Gift Card,Completed
9728,515,62,13,42,2025-12-09,6,539.25,0.15,Debit Card,Shipped
9729,1285,215,10,6,2024-03-12,1,108.22,0.05,Credit Card,Returned
9730,446,6,10,29,2023-08-17,3,628.51,0.15,Credit Card,Completed
9731,1671,151,2,3,2025-10-25,5,61.55,0.1,Cash,Completed
9732,1236,281,7,40,2024-11-18,4,125.56,0.0,Gift Card,Completed
9733,243,276,10,29,2024-09-24,6,394.14,0.0,Debit Card,Shipped
9734,1671,48,11,7,2025-05-05,6,397.65,0.0,Cash,Completed
9735,252,221,11,7,2025-03-27,2,183.32,0.0,Debit Card,Completed
9736,452,244,10,6,2024-02-02,4,328.77,0.0,PayPal,Pending
9737,537,273,9,38,2025-10-27,2,265.88,0.0,Cash,Pending
9738,1079,175,11,12,2024-02-16,1,86.78,0.2,Cash,Completed
9739,1019,192,13,13,2023-08-08,6,29.92,0.05,PayPal,Shipped
9740,1309,13,14,47,2024-08-03,4,127.76,0.15,Credit Card,Shipped
9741,236,142,14,8,2023-06-10,2,306.71,0.0,Credit Card,Pending
9742,955,85,10,21,2025-03-21,2,347.38,0.0,Debit Card,Returned
9743,960,237,2,37,2025-05-12,1,159.44,0.0,Cash,Pending
9744,717,168,14,8,2023-08-10,2,303.92,0.05,PayPal,Shipped
9745,34,52,4,35,2025-02-25,5,120.46,0.15,Cash,Shipped
9746,1160,221,15,15,2025-06-19,6,183.32,0.0,Debit Card,Shipped
9747,1005,17,5,48,2023-06-16,3,307.03,0.1,Gift Card,Completed
9748,1960,26,10,4,2023-11-30,5,68.26,0.2,Cash,Pending
9749,1739,76,15,32,2025-11-04,1,46.89,0.05,PayPal,Returned
9750,844,123,1,41,2025-06-07,3,203.09,0.0,Cash,Completed
9751,1262,240,5,48,2025-05-30,6,196.7,0.1,Gift Card,Pending
9752,1807,162,11,7,2025-06-22,4,532.97,0.0,Gift Card,Returned
9753,37,47,13,13,2023-12-23,5,126.89,0.0,Debit Card,Completed
9754,142,285,5,1,2023-06-21,1,313.87,0.0,Cash,Completed
9755,438,160,12,10,2024-03-26,4,466.97,0.0,Gift Card,Shipped
9756,1152,64,1,36,2025-04-12,2,566.62,0.15,Gift Card,Completed
9757,871,237,6,14,2025-09-06,1,159.44,0.0,PayPal,Returned
9758,921,138,13,42,2024-09-07,3,102.03,0.0,Cash,Completed
9759,1824,280,13,13,2024-03-28,2,59.78,0.15,Gift Card,Returned
9760,1354,291,9,25,2023-11-14,4,9.1,0.0,Cash,Cancelled
9761,1192,242,9,38,2025-07-04,2,378.8,0.1,Debit Card,Pending
9762,1194,97,6,14,2025-09-11,3,228.27,0.05,Debit Card,Returned
9763,1297,19,10,21,2025-01-13,3,332.56,0.0,Debit Card,Pending
9764,1079,111,9,38,2024-05-05,6,123.3,0.0,Cash,Completed
9765,503,204,13,13,2023-04-03,4,136.54,0.15,Gift Card,Pending
9766,1893,25,2,37,2025-03-07,1,323.92,0.0,Gift Card,Completed
9767,1222,23,15,16,2023-04-15,2,298.77,0.1,Gift Card,Completed
9768,1109,117,4,26,2023-04-18,3,77.12,0.0,Gift Card,Shipped
9769,1513,46,10,21,2025-05-14,1,393.27,0.0,Gift Card,Completed
9770,1106,102,6,9,2024-02-02,2,455.19,0.2,Gift Card,Cancelled
9771,1866,131,6,14,2024-08-23,3,582.03,0.2,Cash,Completed
9772,929,138,11,33,2023-12-18,4,102.03,0.0,Cash,Completed
9773,1168,112,15,15,2024-07-27,3,347.45,0.0,Debit Card,Completed
9774,209,296,10,21,2024-07-23,4,81.85,0.1,PayPal,Pending
9775,1410,58,15,18,2024-05-07,5,76.76,0.0,Debit Card,Completed
9776,1070,188,11,33,2024-07-02,2,448.74,0.0,Gift Card,Returned
9777,1250,127,6,9,2023-12-17,1,90.5,0.1,Gift Card,Returned
9778,370,51,8,39,2025-05-20,2,190.91,0.0,PayPal,Returned
9779,916,276,15,16,2025-12-28,3,394.14,0.05,PayPal,Cancelled
9780,1123,26,6,9,2025-11-08,1,68.26,0.0,Gift Card,Cancelled
9781,1340,168,3,31,2023-10-26,5,303.92,0.15,Gift Card,Shipped
9782,666,299,12,10,2025-03-21,3,150.33,0.0,PayPal,Completed
9783,724,43,2,3,2023-01-06,4,121.68,0.0,PayPal,Returned
9784,1889,225,9,38,2024-05-17,5,131.27,0.2,Debit Card,Completed
9785,730,290,7,40,2024-03-07,2,30.66,0.2,Debit Card,Completed
9786,248,183,10,6,2024-01-01,2,70.12,0.2,Credit Card,Completed
9787,870,211,6,9,2024-12-26,2,199.85,0.0,Credit Card,Completed
9788,773,174,10,21,2025-07-21,3,62.11,0.1,Gift Card,Completed
9789,1404,261,14,47,2024-09-14,4,638.9,0.0,Debit Card,Shipped
9790,603,103,12,10,2024-11-10,2,220.08,0.0,Credit Card,Completed
9791,880,94,15,16,2024-12-22,5,325.59,0.2,Cash,Cancelled
9792,1614,257,2,28,2023-02-24,6,29.22,0.1,PayPal,Shipped
9793,696,164,4,26,2024-03-10,3,117.71,0.0,PayPal,Completed
9794,930,147,5,23,2025-12-13,3,433.97,0.0,Cash,Completed
9795,755,109,6,14,2024-03-30,5,33.31,0.0,Cash,Completed
9796,553,220,11,12,2023-02-03,4,357.02,0.2,PayPal,Pending
9797,191,95,1,36,2024-06-09,4,435.89,0.2,Debit Card,Cancelled
9798,997,79,12,10,2023-12-24,5,143.89,0.0,Debit Card,Cancelled
9799,914,88,2,37,2024-04-22,1,291.53,0.0,Cash,Pending
9800,1167,213,6,14,2025-11-02,1,64.0,0.0,PayPal,Completed
9801,688,198,9,38,2023-01-31,5,125.5,0.15,Gift Card,Cancelled
9802,104,79,10,6,2025-12-26,2,143.89,0.0,PayPal,Completed
9803,1671,247,8,24,2024-11-04,4,58.54,0.05,Credit Card,Completed
9804,256,239,6,14,2023-07-24,3,337.62,0.2,PayPal,Pending
9805,1966,286,13,46,2024-10-18,1,217.06,0.1,Gift Card,Completed
9806,246,192,7,40,2023-10-18,1,29.92,0.2,Cash,Completed
9807,1549,202,1,36,2025-12-13,4,211.09,0.05,Cash,Shipped
9808,536,44,10,29,2023-09-09,2,317.68,0.0,Gift Card,Completed
9809,45,195,11,7,2023-11-04,2,165.25,0.1,Debit Card,Completed
9810,63,226,5,23,2025-02-20,2,522.95,0.0,Cash,Returned
9811,1570,277,5,48,2023-08-05,3,320.72,0.1,Credit Card,Cancelled
9812,987,139,11,12,2024-05-18,3,334.0,0.0,Credit Card,Completed
9813,1647,32,10,29,2023-12-14,2,162.12,0.0,Debit Card,Completed
9814,1769,263,4,34,2025-05-17,2,47.7,0.0,Cash,Completed
9815,208,108,13,30,2025-05-12,4,603.53,0.15,Credit Card,Shipped
9816,1757,59,11,12,2024-06-03,3,239.55,0.1,PayPal,Cancelled
9817,137,126,1,50,2024-05-27,3,333.86,0.2,PayPal,Returned
9818,1136,194,5,23,2023-07-01,4,35.78,0.2,Cash,Completed
9819,1594,113,14,47,2025-11-10,2,438.2,0.15,Credit Card,Completed
9820,1747,129,11,33,2024-08-07,5,267.03,0.15,PayPal,Completed
9821,1649,164,12,17,2025-11-24,2,117.71,0.0,Gift Card,Returned
9822,947,198,4,35,2023-02-25,1,125.5,0.1,Credit Card,Returned
9823,1074,17,11,12,2024-08-17,5,307.03,0.1,Debit Card,Completed
9824,1509,196,4,26,2024-02-06,1,222.19,0.0,Credit Card,Cancelled
9825,897,218,13,46,2025-12-23,4,95.1,0.2,Credit Card,Pending
9826,1181,10,15,15,2025-01-08,6,46.02,0.0,Cash,Cancelled
9827,88,62,3,31,2023-10-30,5,539.25,0.0,Debit Card,Pending
9828,600,77,2,37,2023-06-29,2,442.92,0.0,Credit Card,Pending
9829,1828,237,7,40,2023-04-18,2,159.44,0.15,Cash,Shipped
9830,308,29,12,11,2025-12-16,5,197.73,0.0,Cash,Cancelled
9831,1333,188,9,25,2023-01-24,1,448.74,0.15,Credit Card,Cancelled
9832,32,163,7,40,2023-10-11,5,270.34,0.0,Cash,Cancelled
9833,929,115,2,3,2025-07-03,2,295.79,0.0,Debit Card,Completed
9834,544,200,6,14,2024-10-03,6,214.09,0.2,Cash,Shipped
9835,883,102,9,25,2024-06-22,3,455.19,0.15,PayPal,Returned
9836,488,149,1,36,2023-02-21,4,431.72,0.0,Gift Card,Completed
9837,898,70,15,32,2025-05-29,1,42.41,0.0,Debit Card,Completed
9838,596,162,9,25,2023-01-27,5,532.97,0.05,Gift Card,Completed
9839,296,150,11,33,2023-06-16,3,157.31,0.1,Cash,Shipped
9840,242,204,2,3,2024-06-20,5,155.93,0.0,PayPal,Shipped
9841,1947,22,10,29,2025-05-02,6,90.87,0.0,Cash,Returned
9842,1268,28,5,23,2023-04-23,1,360.14,0.15,Gift Card,Completed
9843,93,48,4,34,2024-11-07,2,397.65,0.0,Debit Card,Shipped
9844,1954,157,10,4,2025-10-13,5,110.95,0.0,PayPal,Completed
9845,948,59,1,22,2025-07-12,1,239.55,0.0,Debit Card,Completed
9846,1055,20,12,17,2023-08-23,2,170.95,0.2,Debit Card,Completed
9847,31,59,8,39,2023-06-28,5,239.55,0.2,Cash,Completed
9848,949,251,9,25,2024-02-22,3,355.21,0.2,Gift Card,Returned
9849,1239,174,2,37,2024-11-22,2,62.11,0.0,Gift Card,Completed
9850,1098,278,10,4,2024-09-03,1,98.31,0.0,Cash,Pending
9851,744,293,4,35,2025-02-14,4,54.25,0.0,Cash,Completed
9852,913,183,5,23,2024-03-24,5,70.12,0.0,Gift Card,Pending
9853,1510,291,10,6,2024-11-12,1,9.1,0.2,Gift Card,Cancelled
9854,1875,235,10,6,2025-02-28,1,265.0,0.2,PayPal,Completed
9855,753,73,9,38,2025-11-12,2,68.44,0.2,Gift Card,Shipped
9856,155,75,2,37,2023-09-19,3,363.98,0.1,Cash,Completed
9857,1715,291,14,47,2025-01-06,6,9.1,0.0,Credit Card,Completed
9858,1194,202,6,14,2025-09-24,6,211.09,0.2,PayPal,Completed
9859,530,40,8,39,2025-12-20,3,408.98,0.05,PayPal,Pending
9860,1482,111,9,38,2023-12-23,4,123.3,0.0,PayPal,Completed
9861,725,252,3,31,2024-01-14,3,163.4,0.2,Cash,Shipped
9862,1042,28,11,7,2025-06-24,4,360.14,0.2,Cash,Shipped
9863,603,171,3,20,2023-04-02,3,293.86,0.15,PayPal,Pending
9864,1633,239,5,48,2025-04-17,3,337.62,0.0,Cash,Completed
9865,1429,249,14,8,2024-11-05,5,471.0,0.0,Debit Card,Completed
9866,266,179,7,40,2023-12-20,5,63.58,0.05,Gift Card,Completed
9867,530,132,10,21,2023-12-06,3,127.63,0.1,PayPal,Pending
9868,679,249,7,2,2025-11-24,1,471.0,0.0,PayPal,Completed
9869,1785,46,5,23,2024-01-23,1,393.27,0.15,PayPal,Completed
9870,1598,295,11,33,2023-02-27,2,647.12,0.0,Gift Card,Completed
9871,1949,187,3,20,2025-04-28,2,226.55,0.0,Cash,Completed
9872,1300,73,8,24,2023-08-24,3,68.44,0.1,Cash,Pending
9873,1917,33,14,8,2023-04-07,4,422.83,0.15,Cash,Returned
9874,880,120,7,40,2025-06-17,4,346.06,0.0,Gift Card,Pending
9875,888,150,13,13,2023-10-01,1,157.31,0.15,Debit Card,Completed
9876,1333,177,12,10,2025-12-12,2,467.22,0.15,PayPal,Completed
9877,771,147,5,1,2025-07-07,5,433.97,0.1,Gift Card,Shipped
9878,59,59,11,12,2023-05-06,4,239.55,0.05,Debit Card,Completed
9879,1966,3,1,22,2024-04-23,3,507.54,0.05,Cash,Completed
9880,1493,86,10,21,2024-01-25,4,302.91,0.0,Gift Card,Completed
9881,1608,134,8,24,2025-07-06,4,170.45,0.0,Debit Card,Completed
9882,549,49,11,7,2023-07-31,4,148.66,0.2,Debit Card,Completed
9883,276,290,14,47,2024-05-26,3,30.66,0.15,PayPal,Cancelled
9884,317,260,8,19,2025-03-24,5,172.37,0.2,Credit Card,Pending
9885,1022,161,8,39,2023-04-28,2,322.86,0.2,PayPal,Shipped
9886,1207,60,4,35,2023-10-17,1,307.03,0.2,Credit Card,Returned
9887,696,265,11,12,2024-01-19,5,348.49,0.0,Gift Card,Pending
9888,371,77,14,47,2024-01-30,3,442.92,0.05,Cash,Cancelled
9889,1902,63,2,37,2023-10-18,4,63.8,0.15,Cash,Cancelled
9890,864,249,2,3,2024-12-30,5,471.0,0.2,Cash,Completed
9891,1941,168,7,2,2025-12-26,1,303.92,0.1,Credit Card,Completed
9892,1033,286,2,45,2023-01-03,2,217.06,0.2,Debit Card,Completed
9893,549,88,6,14,2025-01-06,1,291.53,0.0,Cash,Completed
9894,870,65,5,1,2023-02-16,3,543.26,0.05,Cash,Completed
9895,1041,23,14,8,2024-06-09,5,298.77,0.0,PayPal,Pending
9896,609,120,6,9,2024-04-29,1,346.06,0.05,Gift Card,Returned
9897,568,174,7,2,2023-11-06,2,62.11,0.05,Debit Card,Completed
9898,331,85,15,27,2023-03-17,3,347.38,0.0,Cash,Completed
9899,309,286,14,8,2024-06-20,4,217.06,0.15,Credit Card,Completed
9900,474,244,13,42,2025-12-27,1,328.77,0.1,Gift Card,Returned
9901,1239,274,9,25,2025-03-05,3,57.88,0.15,Cash,Returned
9902,889,161,11,12,2024-02-13,3,322.86,0.0,PayPal,Completed
9903,1464,52,6,14,2023-11-28,2,120.46,0.0,Credit Card,Pending
9904,1169,71,2,3,2024-04-06,3,251.36,0.05,Gift Card,Completed
9905,1503,108,11,33,2024-04-20,2,603.53,0.0,Credit Card,Completed
9906,323,244,14,8,2023-07-14,5,328.77,0.05,Credit Card,Pending
9907,26,168,4,26,2024-02-18,6,303.92,0.05,PayPal,Completed
9908,43,161,1,36,2024-05-22,6,322.86,0.0,Gift Card,Pending
9909,158,80,6,9,2025-12-17,4,249.35,0.15,Debit Card,Shipped
9910,748,73,4,26,2023-06-14,4,68.44,0.05,Cash,Shipped
9911,1722,174,12,11,2023-01-24,6,62.11,0.05,Debit Card,Shipped
9912,978,265,14,8,2025-10-18,5,348.49,0.15,Credit Card,Completed
9913,1863,242,1,41,2024-12-28,3,378.8,0.05,PayPal,Cancelled
9914,1916,146,4,34,2023-10-03,5,309.25,0.15,Gift Card,Returned
9915,1597,286,15,44,2023-06-09,1,217.06,0.2,Debit Card,Returned
9916,1888,247,1,22,2023-12-03,2,58.54,0.2,Cash,Returned
9917,1696,172,4,35,2024-04-11,5,70.42,0.0,PayPal,Completed
9918,1114,288,2,3,2025-04-16,3,367.22,0.0,Debit Card,Shipped
9919,1689,136,3,20,2025-08-10,3,266.29,0.1,Cash,Completed
9920,627,60,5,48,2023-01-09,5,307.03,0.05,PayPal,Cancelled
9921,1919,250,8,39,2025-06-09,6,120.54,0.1,PayPal,Pending
9922,1148,229,7,2,2023-05-02,5,321.97,0.1,Cash,Completed
9923,331,232,5,48,2025-05-18,2,316.8,0.1,Credit Card,Completed
9924,961,19,8,39,2025-09-30,4,332.56,0.0,Credit Card,Completed
9925,1476,220,11,33,2025-05-31,5,357.02,0.0,Gift Card,Completed
9926,511,58,3,20,2024-12-25,1,76.76,0.0,Debit Card,Pending
9927,1932,97,2,37,2023-03-05,3,228.27,0.1,Credit Card,Returned
9928,1820,186,7,2,2023-02-24,3,39.01,0.15,Debit Card,Completed
9929,1564,265,6,9,2024-02-21,5,348.49,0.15,Credit Card,Returned
9930,1561,10,5,48,2023-02-08,5,46.02,0.0,Debit Card,Completed
9931,1119,125,11,7,2023-10-25,5,152.14,0.15,Credit Card,Completed
9932,719,198,7,40,2024-09-07,2,125.5,0.0,PayPal,Cancelled
9933,328,121,2,45,2025-03-27,1,13.34,0.2,Cash,Completed
9934,1592,66,3,43,2023-12-25,4,330.95,0.05,Debit Card,Completed
9935,90,189,7,40,2024-02-03,5,399.71,0.2,Cash,Shipped
9936,1993,151,6,9,2023-02-04,6,61.55,0.0,Credit Card,Shipped
9937,418,231,4,26,2023-07-07,3,52.2,0.0,Gift Card,Cancelled
9938,472,153,10,21,2024-11-21,3,238.04,0.1,PayPal,Completed
9939,1473,165,11,7,2023-07-31,3,216.64,0.0,Debit Card,Pending
9940,391,46,7,40,2024-04-30,2,393.27,0.05,Cash,Returned
9941,3,123,3,43,2024-10-14,3,203.09,0.05,Debit Card,Completed
9942,736,157,9,25,2024-04-25,5,110.95,0.15,Debit Card,Completed
9943,276,81,15,44,2025-01-26,6,379.78,0.0,Credit Card,Returned
9944,121,58,1,22,2024-08-21,6,76.76,0.0,Gift Card,Shipped
9945,877,141,9,25,2024-03-31,4,236.86,0.0,Gift Card,Completed
9946,300,292,3,20,2025-04-19,6,398.38,0.0,PayPal,Completed
9947,405,181,14,47,2023-05-31,2,334.11,0.2,Gift Card,Shipped
9948,1497,99,1,41,2023-07-19,6,384.25,0.0,Credit Card,Shipped
9949,150,147,3,43,2023-04-24,5,433.97,0.1,Cash,Completed
9950,1445,79,13,49,2023-07-09,3,143.89,0.0,Credit Card,Pending
9951,1233,47,1,22,2024-10-14,3,126.89,0.0,Debit Card,Completed
9952,1617,279,13,42,2023-05-05,4,281.48,0.0,Credit Card,Completed
9953,1950,285,5,48,2025-05-22,2,313.87,0.0,Credit Card,Completed
9954,1472,96,11,7,2025-06-08,5,595.96,0.0,Credit Card,Pending
9955,390,138,1,50,2024-11-12,6,102.03,0.0,Credit Card,Completed
9956,179,44,4,34,2024-12-20,6,317.68,0.2,Cash,Returned
9957,779,203,8,24,2023-07-13,2,511.82,0.1,Credit Card,Returned
9958,984,203,2,3,2024-06-22,4,511.82,0.0,Credit Card,Shipped
9959,880,52,11,7,2025-12-11,4,120.46,0.0,PayPal,Shipped
9960,649,140,11,33,2025-06-09,1,257.08,0.2,PayPal,Completed
9961,1035,149,2,3,2025-04-01,3,431.72,0.0,Debit Card,Completed
9962,1537,232,13,13,2025-09-25,6,316.8,0.0,Credit Card,Returned
9963,1708,280,6,14,2024-07-02,5,59.78,0.0,Credit Card,Completed
9964,1873,227,11,12,2025-04-08,5,225.3,0.15,Gift Card,Shipped
9965,1113,118,4,35,2024-08-19,5,145.14,0.05,Credit Card,Completed
9966,639,171,2,37,2023-01-04,6,293.86,0.0,Debit Card,Cancelled
9967,454,58,9,38,2023-11-08,5,76.76,0.0,Debit Card,Shipped
9968,1671,20,2,28,2024-05-05,3,170.95,0.0,Gift Card,Shipped
9969,1703,102,3,43,2023-02-08,1,455.19,0.2,Gift Card,Returned
9970,1378,81,3,43,2024-10-26,2,379.78,0.2,Cash,Shipped
9971,491,47,3,20,2023-06-26,2,126.89,0.0,Gift Card,Pending
9972,286,62,4,34,2025-06-18,4,539.25,0.15,PayPal,Pending
9973,105,285,15,18,2024-06-30,3,313.87,0.0,Credit Card,Completed
9974,1573,271,6,14,2025-12-25,6,316.69,0.15,Cash,Cancelled
9975,1439,244,5,1,2024-03-25,1,328.77,0.0,Gift Card,Completed
9976,1475,5,15,15,2025-11-02,6,136.89,0.1,Debit Card,Completed
9977,242,183,15,27,2024-10-28,4,70.12,0.0,Gift Card,Returned
9978,1364,265,13,46,2025-09-10,5,348.49,0.1,Gift Card,Pending
9979,1238,47,1,41,2023-10-04,6,126.89,0.05,Debit Card,Pending
9980,520,220,9,25,2024-02-13,3,357.02,0.1,PayPal,Cancelled
9981,147,31,4,26,2024-11-09,4,179.93,0.0,Gift Card,Pending
9982,237,255,9,25,2025-12-26,5,118.85,0.15,Gift Card,Completed
9983,169,182,9,38,2024-12-08,5,543.63,0.05,Gift Card,Cancelled
9984,158,210,11,33,2023-08-17,4,77.07,0.0,Credit Card,Completed
9985,53,136,5,48,2023-09-09,3,266.29,0.0,Cash,Cancelled
9986,205,97,15,27,2025-08-20,1,228.27,0.0,PayPal,Returned
9987,116,9,14,8,2024-11-26,1,307.63,0.1,Cash,Completed
9988,1801,146,8,24,2023-05-14,5,309.25,0.0,Gift Card,Shipped
9989,1358,176,15,27,2023-04-04,4,171.51,0.15,Cash,Completed
9990,1549,258,2,37,2023-04-22,6,270.37,0.0,Cash,Returned
9991,159,50,8,19,2025-07-04,2,564.26,0.1,Debit Card,Shipped
9992,1275,240,14,47,2023-04-07,2,196.7,0.0,Cash,Returned
9993,860,257,2,3,2025-05-14,1,29.22,0.05,PayPal,Pending
9994,1539,15,14,47,2024-04-09,1,454.62,0.15,Cash,Completed
9995,1384,172,12,17,2024-05-13,2,70.42,0.0,PayPal,Completed
9996,1069,14,11,12,2024-06-22,6,379.66,0.0,Gift Card,Returned
9997,1201,213,3,31,2025-03-05,5,64.0,0.0,PayPal,Shipped
9998,1660,234,14,47,2024-07-05,4,314.58,0.1,Cash,Completed
9999,853,291,10,29,2023-09-20,3,9.1,0.05,PayPal,Cancelled
10000,121,108,15,16,2024-11-10,2,603.53,0.0,Credit Card,Completed
10001,969,282,5,1,2024-09-19,3,461.23,0.0,Credit Card,Pending
10002,1731,119,1,22,2023-07-11,3,63.82,0.0,Debit Card,Completed
10003,69,281,1,41,2023-03-30,4,125.56,0.0,Gift Card,Pending
10004,690,259,4,26,2025-05-01,5,395.59,0.0,Cash,Shipped
10005,329,109,2,28,2023-09-01,1,33.31,0.0,Credit Card,Pending
10006,584,283,9,25,2024-04-29,1,84.31,0.1,Debit Card,Returned
10007,1800,55,8,19,2023-11-11,4,17.81,0.15,Credit Card,Pending
10008,549,33,8,39,2024-07-20,2,422.83,0.1,Cash,Completed
10009,180,158,9,25,2024-07-15,6,324.07,0.05,Credit Card,Completed
10010,167,280,5,1,2023-01-25,6,59.78,0.05,PayPal,Shipped
10011,1387,8,9,25,2025-04-26,3,143.64,0.1,Debit Card,Cancelled
10012,1166,179,5,23,2025-09-16,4,63.58,0.2,Credit Card,Cancelled
10013,1248,224,14,8,2023-04-15,1,190.7,0.0,Debit Card,Completed
10014,60,249,3,20,2023-01-26,6,471.0,0.2,Debit Card,Completed
10015,274,233,5,23,2023-08-27,2,400.32,0.15,Cash,Completed
10016,1685,159,7,2,2025-12-16,5,323.53,0.0,PayPal,Returned
10017,645,3,14,8,2023-10-26,5,507.54,0.2,Credit Card,Cancelled
10018,893,269,2,37,2025-07-23,4,260.22,0.2,Cash,Completed
10019,853,264,4,35,2025-05-19,6,25.86,0.05,PayPal,Returned
10020,909,21,7,2,2024-01-08,4,407.45,0.2,Cash,Pending
10021,159,45,12,17,2023-02-11,4,107.36,0.15,Cash,Completed
10022,439,162,13,49,2023-08-06,6,532.97,0.2,Gift Card,Returned
10023,216,14,13,13,2024-05-02,6,379.66,0.05,Cash,Pending
10024,755,272,15,18,2025-06-01,6,596.66,0.1,PayPal,Cancelled
10025,1488,141,15,44,2025-03-31,4,236.86,0.15,PayPal,Completed
10026,381,89,14,47,2023-08-06,5,248.83,0.05,Gift Card,Returned
10027,1539,185,13,42,2023-04-20,4,357.71,0.0,Gift Card,Completed
10028,948,28,5,23,2023-03-23,2,360.14,0.0,Debit Card,Returned
10029,1358,196,10,21,2025-02-15,5,222.19,0.0,Credit Card,Cancelled
10030,934,77,2,37,2024-10-12,6,442.92,0.2,PayPal,Shipped
10031,1484,198,8,24,2023-09-01,2,125.5,0.05,Debit Card,Cancelled
10032,1413,2,2,37,2023-01-07,1,35.98,0.0,Gift Card,Completed
10033,977,110,14,47,2025-06-07,1,570.1,0.0,Gift Card,Completed
10034,1748,199,2,28,2024-08-03,3,314.59,0.0,Debit Card,Completed
10035,1660,290,7,40,2025-09-26,6,30.66,0.1,Credit Card,Cancelled
10036,825,36,3,31,2023-12-04,3,480.04,0.0,Gift Card,Cancelled
10037,1867,127,10,6,2023-05-19,5,90.5,0.2,Credit Card,Completed
10038,1534,138,15,32,2023-12-25,4,102.03,0.0,Cash,Completed
10039,967,105,2,28,2024-05-12,5,500.45,0.0,PayPal,Shipped
10040,1828,221,7,2,2023-05-20,6,183.32,0.0,Cash,Completed
10041,630,263,9,38,2025-09-08,3,47.7,0.2,PayPal,Completed
10042,1512,83,1,22,2023-05-01,5,347.94,0.2,Cash,Completed
10043,571,207,1,50,2025-02-10,3,245.28,0.0,PayPal,Shipped
10044,1112,87,5,1,2025-09-02,3,321.84,0.2,Debit Card,Shipped
10045,1976,239,15,5,2023-08-16,3,337.62,0.15,Gift Card,Completed
10046,1299,55,5,23,2025-01-18,4,17.81,0.0,Cash,Returned
10047,1860,112,8,19,2025-06-08,4,347.45,0.0,Gift Card,Completed
10048,557,253,7,2,2023-01-31,2,101.3,0.2,PayPal,Pending
10049,532,32,11,33,2024-06-05,5,162.12,0.1,Credit Card,Returned
10050,917,87,2,3,2024-06-30,4,321.84,0.15,Cash,Completed
10051,718,123,11,12,2024-07-15,4,203.09,0.0,Cash,Completed
10052,1956,2,14,8,2023-07-07,6,35.98,0.0,Debit Card,Completed
10053,734,158,10,21,2025-12-11,1,324.07,0.2,Debit Card,Pending
10054,1946,117,7,40,2023-05-25,6,77.12,0.0,Cash,Completed
10055,933,85,1,41,2023-07-10,1,347.38,0.05,Cash,Shipped
10056,1918,218,11,33,2023-05-04,2,95.1,0.15,Gift Card,Returned
10057,636,18,14,8,2025-04-01,2,383.42,0.0,Debit Card,Returned
10058,1382,284,2,45,2025-02-18,3,413.62,0.1,Credit Card,Pending
10059,1611,130,15,44,2024-05-26,5,293.35,0.05,Credit Card,Returned
10060,1960,296,12,10,2025-11-18,5,81.85,0.0,Credit Card,Completed
10061,413,21,2,28,2024-01-27,3,407.45,0.2,Debit Card,Completed
10062,689,45,6,14,2023-05-02,6,107.36,0.1,PayPal,Completed
10063,1808,27,13,30,2023-09-10,6,565.88,0.0,Credit Card,Shipped
10064,348,210,6,14,2024-11-01,1,77.07,0.1,Cash,Pending
10065,1891,278,4,35,2024-12-15,4,98.31,0.05,PayPal,Completed
10066,691,266,5,1,2025-02-25,2,140.34,0.0,PayPal,Cancelled
10067,700,255,1,36,2023-05-02,4,118.85,0.0,Cash,Completed
10068,488,295,9,25,2023-09-30,5,647.12,0.2,Debit Card,Shipped
10069,985,66,13,49,2025-10-03,4,330.95,0.0,Credit Card,Completed
10070,72,83,12,11,2023-03-28,1,347.94,0.15,Debit Card,Pending
10071,784,187,2,3,2023-12-03,4,226.55,0.05,Gift Card,Pending
10072,1855,60,4,35,2025-08-06,1,307.03,0.0,Debit Card,Shipped
10073,1753,34,5,48,2023-03-10,6,71.12,0.05,PayPal,Completed
10074,1022,92,7,40,2024-02-15,1,665.8,0.05,Credit Card,Returned
10075,202,136,12,17,2025-06-21,6,266.29,0.2,Cash,Completed
10076,1109,52,14,47,2024-10-31,4,120.46,0.0,Gift Card,Completed
10077,1263,219,5,1,2024-07-09,3,243.18,0.1,Cash,Completed
10078,780,45,2,3,2024-05-16,1,107.36,0.2,PayPal,Shipped
10079,901,38,13,49,2024-11-06,1,142.98,0.0,Debit Card,Returned
10080,1499,60,4,26,2024-03-21,4,307.03,0.2,PayPal,Completed
10081,304,240,14,8,2025-03-24,4,196.7,0.0,Gift Card,Completed
10082,508,8,9,38,2025-06-30,3,143.64,0.15,Credit Card,Shipped
10083,1454,98,2,37,2025-04-01,4,263.06,0.15,Cash,Shipped
10084,1167,7,12,11,2023-11-28,4,279.59,0.05,Cash,Returned
10085,96,65,11,12,2025-07-27,1,543.26,0.15,Debit Card,Completed
10086,900,65,2,37,2024-05-08,3,543.26,0.0,PayPal,Shipped
10087,979,49,9,25,2025-04-04,2,148.66,0.0,Debit Card,Shipped
10088,1086,172,10,4,2023-06-03,4,70.42,0.1,Debit Card,Returned
10089,619,118,2,28,2023-04-19,6,145.14,0.1,Cash,Completed
10090,1324,97,10,29,2023-11-06,5,228.27,0.15,Credit Card,Completed
10091,658,133,10,4,2024-01-17,5,321.54,0.05,Cash,Shipped
10092,1204,263,8,19,2025-06-25,2,47.7,0.15,Credit Card,Returned
10093,1061,253,8,19,2023-02-12,5,101.3,0.2,Cash,Pending
10094,1905,167,3,43,2023-05-13,6,87.74,0.2,Debit Card,Completed
10095,1154,238,10,4,2023-08-21,2,196.9,0.05,PayPal,Completed
10096,1237,164,9,38,2025-11-23,3,117.71,0.0,PayPal,Cancelled
10097,1010,90,5,48,2025-09-18,4,483.64,0.1,Debit Card,Completed
10098,1731,26,5,23,2024-08-01,5,68.26,0.0,Gift Card,Completed
10099,979,195,2,45,2024-06-26,3,165.25,0.05,PayPal,Pending
10100,1950,204,14,47,2025-02-05,4,83.93,0.2,Debit Card,Returned
10101,723,273,5,1,2023-10-22,6,265.88,0.1,PayPal,Completed
10102,101,155,11,12,2025-05-15,5,232.62,0.0,Debit Card,Completed
10103,1395,185,8,19,2024-08-06,4,357.71,0.0,Cash,Shipped
10104,1794,123,12,11,2024-09-19,6,203.09,0.0,Credit Card,Completed
10105,1464,213,10,29,2024-06-14,4,64.0,0.1,Gift Card,Completed
10106,962,10,12,10,2025-06-27,6,46.02,0.15,Debit Card,Shipped
10107,908,178,5,48,2023-03-22,1,41.87,0.15,PayPal,Completed
10108,107,211,15,27,2024-11-02,5,199.85,0.0,Debit Card,Shipped
10109,1398,197,12,10,2025-11-16,4,82.36,0.0,Gift Card,Cancelled
10110,14,268,8,19,2025-08-05,5,252.86,0.0,Gift Card,Completed
10111,621,192,2,45,2025-03-14,5,29.92,0.15,PayPal,Completed
10112,146,203,9,25,2023-06-23,1,511.82,0.2,PayPal,Cancelled
10113,1559,83,12,17,2024-07-21,2,347.94,0.15,PayPal,Pending
10114,1731,18,12,10,2024-05-19,1,383.42,0.0,Gift Card,Completed
10115,494,248,14,47,2023-06-29,3,230.55,0.0,Gift Card,Completed
10116,1497,125,7,2,2025-06-13,2,152.14,0.05,Cash,Shipped
10117,1669,67,4,26,2025-07-22,5,138.29,0.2,Cash,Cancelled
10118,1385,66,8,24,2025-02-20,2,330.95,0.05,Gift Card,Pending
10119,1388,69,4,26,2024-02-18,4,444.45,0.0,Credit Card,Completed
10120,77,264,7,40,2025-07-10,3,25.86,0.0,Gift Card,Completed
10121,1239,69,4,35,2023-03-15,3,444.45,0.2,Gift Card,Completed
10122,176,262,11,12,2025-07-24,3,392.06,0.1,Cash,Shipped
10123,363,111,15,32,2023-09-04,5,123.3,0.0,Cash,Completed
10124,1993,125,1,50,2023-07-18,5,152.14,0.0,Cash,Pending
10125,1522,270,13,46,2024-03-27,2,17.58,0.05,Credit Card,Pending
10126,1526,223,5,23,2025-07-08,4,162.74,0.0,PayPal,Shipped
10127,810,171,15,44,2024-05-29,4,293.86,0.2,Debit Card,Completed
10128,394,15,4,26,2025-12-03,5,454.62,0.0,Credit Card,Pending
10129,995,221,6,14,2025-11-19,1,183.32,0.0,Gift Card,Shipped
10130,1978,90,15,32,2024-05-13,2,483.64,0.0,Debit Card,Completed
10131,118,263,8,39,2023-06-17,1,47.7,0.1,Credit Card,Pending
10132,565,160,4,34,2025-12-02,1,466.97,0.15,Gift Card,Pending
10133,1935,116,4,35,2024-08-17,3,365.71,0.0,Cash,Returned
10134,1213,208,4,34,2024-10-11,6,146.45,0.05,PayPal,Completed
10135,713,23,14,8,2024-10-16,2,298.77,0.05,Gift Card,Returned
10136,781,189,13,46,2025-04-19,3,399.71,0.0,Credit Card,Returned
10137,57,126,1,36,2025-08-16,3,333.86,0.2,Credit Card,Completed
10138,1543,223,11,33,2024-04-02,5,162.74,0.0,PayPal,Shipped
10139,1432,137,5,48,2023-04-24,2,47.19,0.0,Debit Card,Completed
10140,971,240,9,25,2024-07-10,2,196.7,0.1,Debit Card,Shipped
10141,1689,167,13,49,2023-06-28,4,87.74,0.15,Cash,Pending
10142,816,170,7,40,2025-11-25,4,260.29,0.1,PayPal,Completed
10143,675,134,2,45,2025-06-07,2,170.45,0.05,Cash,Completed
10144,671,231,3,31,2024-11-24,1,52.2,0.05,PayPal,Shipped
10145,1571,255,6,9,2025-02-14,1,118.85,0.05,Cash,Cancelled
10146,1509,93,4,26,2025-04-07,4,380.69,0.0,Gift Card,Completed
10147,145,298,12,11,2025-08-17,4,202.95,0.0,Debit Card,Completed
10148,1829,123,7,40,2024-10-04,1,203.09,0.0,Credit Card,Pending
10149,1534,244,6,9,2025-10-28,6,328.77,0.05,Gift Card,Returned
10150,613,93,11,7,2024-04-05,2,380.69,0.0,PayPal,Completed
10151,895,83,4,34,2025-09-24,6,347.94,0.15,Gift Card,Completed
10152,1166,43,2,3,2025-11-07,1,121.68,0.15,Credit Card,Returned
10153,612,16,5,23,2025-06-06,6,561.32,0.2,Debit Card,Completed
10154,1701,32,11,33,2023-05-14,1,162.12,0.0,PayPal,Shipped
10155,864,189,15,15,2024-11-11,5,399.71,0.15,PayPal,Pending
10156,1783,143,13,30,2025-11-07,6,511.76,0.1,Gift Card,Cancelled
10157,1642,205,2,37,2024-04-24,5,370.78,0.05,PayPal,Completed
10158,679,179,1,36,2023-12-09,4,63.58,0.0,Cash,Returned
10159,951,242,1,22,2023-11-05,2,378.8,0.1,Debit Card,Completed
10160,1329,215,10,29,2023-07-13,1,108.22,0.0,PayPal,Completed
10161,505,117,13,49,2025-02-20,3,77.12,0.15,Debit Card,Shipped
10162,1043,121,14,47,2023-06-10,4,13.34,0.2,Cash,Shipped
10163,818,223,4,34,2023-08-13,3,162.74,0.0,Credit Card,Completed
10164,620,95,4,34,2025-01-09,5,435.89,0.05,Credit Card,Completed
10165,195,157,7,40,2023-09-24,2,110.95,0.15,Cash,Pending
10166,103,300,5,1,2024-10-12,5,306.79,0.05,Gift Card,Cancelled
10167,1949,153,9,38,2023-10-27,1,238.04,0.05,Gift Card,Returned
10168,372,138,15,5,2024-07-08,3,102.03,0.0,PayPal,Shipped
10169,1761,136,13,42,2023-10-29,1,266.29,0.15,Credit Card,Returned
10170,1002,259,13,49,2024-06-10,6,395.59,0.15,PayPal,Completed
10171,1177,95,10,6,2024-09-14,2,435.89,0.15,Credit Card,Completed
10172,385,214,3,43,2023-11-21,6,264.25,0.0,PayPal,Completed
10173,916,250,9,38,2025-10-13,2,120.54,0.0,Cash,Completed
10174,473,179,15,5,2025-09-03,3,63.58,0.0,PayPal,Completed
10175,1809,14,12,11,2024-01-25,5,379.66,0.05,Debit Card,Returned
10176,1794,14,1,41,2025-08-05,3,379.66,0.0,Gift Card,Returned
10177,1753,271,4,26,2024-02-23,4,316.69,0.05,Gift Card,Shipped
10178,497,27,11,7,2024-05-19,3,565.88,0.2,Gift Card,Shipped
10179,272,251,8,19,2025-02-12,5,355.21,0.0,Gift Card,Returned
10180,1146,25,1,41,2024-02-06,5,323.92,0.0,Debit Card,Shipped
10181,889,16,13,13,2024-05-22,3,561.32,0.15,Gift Card,Cancelled
10182,158,198,5,48,2025-07-10,2,125.5,0.0,Gift Card,Completed
10183,303,87,10,4,2023-07-30,5,321.84,0.1,Debit Card,Completed
10184,894,112,11,7,2023-05-11,1,347.45,0.0,PayPal,Completed
10185,1148,210,9,25,2023-11-26,6,77.07,0.15,Gift Card,Returned
10186,305,100,3,43,2023-08-29,5,447.11,0.0,Debit Card,Completed
10187,906,181,7,40,2025-02-04,3,334.11,0.0,Gift Card,Completed
10188,1522,165,11,7,2025-09-03,5,216.64,0.2,Debit Card,Pending
10189,1093,123,5,23,2023-07-20,5,203.09,0.2,Debit Card,Cancelled
10190,1787,233,2,37,2024-10-05,5,400.32,0.1,PayPal,Completed
10191,1136,106,7,2,2023-03-15,2,127.35,0.2,Cash,Cancelled
10192,317,265,8,39,2025-02-05,5,348.49,0.15,Debit Card,Shipped
10193,1653,139,2,3,2024-12-04,5,334.0,0.0,Credit Card,Returned
10194,1799,262,10,29,2023-02-24,3,392.06,0.2,PayPal,Completed
10195,319,21,10,4,2023-07-18,5,407.45,0.2,PayPal,Completed
10196,74,235,2,37,2023-10-07,5,265.0,0.0,Credit Card,Completed
10197,9,19,9,25,2025-09-28,6,332.56,0.0,Gift Card,Cancelled
10198,984,128,4,34,2024-02-17,5,257.64,0.2,Credit Card,Pending
10199,1215,203,5,1,2023-05-28,5,511.82,0.1,Debit Card,Shipped
10200,359,15,13,30,2024-02-11,2,454.62,0.0,Cash,Shipped
10201,512,253,1,22,2023-12-06,6,101.3,0.05,Debit Card,Returned
10202,1400,163,2,3,2023-05-09,2,270.34,0.05,Cash,Returned
10203,47,222,2,28,2025-08-26,5,412.69,0.2,Debit Card,Completed
10204,527,117,4,35,2024-08-04,6,77.12,0.05,Credit Card,Completed
10205,908,200,9,38,2023-08-15,2,214.09,0.0,Gift Card,Completed
10206,1227,105,11,7,2025-07-03,5,500.45,0.1,Cash,Cancelled
10207,996,252,1,41,2025-09-12,5,163.4,0.0,Credit Card,Completed
10208,1113,156,9,25,2023-08-02,5,64.7,0.15,Gift Card,Shipped
10209,1121,138,10,21,2025-10-07,1,102.03,0.0,PayPal,Returned
10210,1668,98,7,40,2025-04-24,5,263.06,0.0,PayPal,Completed
10211,990,112,2,3,2023-06-05,1,347.45,0.0,Credit Card,Completed
10212,374,256,6,14,2024-03-01,1,203.89,0.2,Debit Card,Completed
10213,300,85,13,42,2025-02-25,3,347.38,0.2,Gift Card,Pending
10214,849,165,11,33,2023-04-15,2,216.64,0.0,PayPal,Completed
10215,923,249,6,9,2024-01-22,1,471.0,0.1,Cash,Cancelled
10216,1497,253,11,33,2025-07-08,6,101.3,0.0,Debit Card,Shipped
10217,1853,222,11,33,2023-07-16,4,412.69,0.0,PayPal,Cancelled
10218,1634,67,11,7,2023-04-27,3,138.29,0.05,Cash,Shipped
10219,264,241,5,23,2024-06-23,1,108.19,0.0,Cash,Pending
10220,1258,291,7,40,2024-04-17,3,9.1,0.15,Cash,Returned
10221,1631,183,10,4,2025-08-03,3,70.12,0.0,Gift Card,Completed
10222,1554,159,15,15,2025-04-30,2,323.53,0.0,Debit Card,Completed
10223,454,288,5,1,2023-07-11,2,367.22,0.0,Credit Card,Completed
10224,976,196,7,2,2023-10-28,4,222.19,0.0,Gift Card,Completed
10225,58,110,5,48,2025-04-13,5,570.1,0.0,Gift Card,Completed
10226,922,83,13,49,2023-11-19,4,347.94,0.0,Credit Card,Completed
10227,76,231,3,20,2024-01-12,4,52.2,0.2,Debit Card,Shipped
10228,662,33,8,19,2025-03-28,1,422.83,0.2,Cash,Returned
10229,1941,44,8,24,2025-04-06,3,317.68,0.0,Cash,Cancelled
10230,896,158,4,34,2025-12-06,4,324.07,0.0,PayPal,Completed
10231,1896,42,8,39,2025-09-17,4,483.01,0.0,Gift Card,Pending
10232,1254,77,4,26,2024-03-03,4,442.92,0.0,Debit Card,Completed
10233,1801,148,6,9,2023-11-16,6,293.31,0.15,Cash,Cancelled
10234,501,94,5,48,2024-08-11,1,325.59,0.1,Debit Card,Returned
10235,411,51,3,43,2025-06-08,5,190.91,0.2,Gift Card,Completed
10236,970,2,9,25,2025-11-17,6,35.98,0.2,Credit Card,Cancelled
10237,139,113,12,10,2025-05-14,1,438.2,0.1,Gift Card,Completed
10238,1670,41,1,36,2025-08-31,3,441.65,0.15,Gift Card,Completed
10239,1086,282,5,23,2023-09-01,4,461.23,0.15,Cash,Completed
10240,346,214,9,38,2024-01-08,6,264.25,0.0,Cash,Completed
10241,1148,166,2,3,2025-01-12,4,172.27,0.0,Gift Card,Pending
10242,1133,84,2,3,2025-12-02,2,38.26,0.0,PayPal,Returned
10243,771,177,1,22,2024-10-30,3,467.22,0.0,Debit Card,Returned
10244,656,79,14,8,2024-10-29,2,143.89,0.05,Cash,Completed
10245,781,264,10,6,2023-07-16,6,25.86,0.0,Gift Card,Cancelled
10246,92,220,3,31,2025-02-09,5,357.02,0.0,Gift Card,Completed
10247,345,210,15,5,2024-10-10,1,77.07,0.15,Debit Card,Returned
10248,982,99,6,9,2023-09-28,2,384.25,0.2,Debit Card,Shipped
10249,1931,10,14,8,2023-01-06,6,46.02,0.0,Gift Card,Pending
10250,1972,131,13,46,2024-10-09,5,582.03,0.2,Gift Card,Completed
10251,1113,238,9,25,2024-04-14,1,196.9,0.15,PayPal,Completed
10252,338,111,11,12,2024-03-25,4,123.3,0.0,Cash,Completed
10253,1296,212,6,14,2023-06-24,3,26.85,0.0,Cash,Completed
10254,210,298,6,14,2025-03-13,4,202.95,0.0,Gift Card,Pending
10255,895,137,7,2,2025-10-21,1,47.19,0.2,Debit Card,Shipped
10256,1598,6,13,13,2023-02-08,6,628.51,0.2,Gift Card,Completed
10257,254,281,14,8,2023-12-19,3,125.56,0.1,Debit Card,Returned
10258,1502,279,7,2,2025-06-29,5,281.48,0.1,Credit Card,Completed
10259,1445,267,11,12,2023-05-04,3,139.61,0.0,Debit Card,Cancelled
10260,1965,200,7,40,2024-07-20,3,214.09,0.05,Debit Card,Completed
10261,1623,210,15,32,2023-09-02,3,77.07,0.1,Cash,Completed
10262,539,53,1,41,2023-11-08,2,459.8,0.0,Credit Card,Cancelled
10263,743,196,12,17,2024-01-21,3,222.19,0.0,Gift Card,Shipped
10264,851,89,15,44,2024-03-12,4,248.83,0.0,PayPal,Completed
10265,1861,193,9,25,2023-04-28,4,248.63,0.0,Cash,Completed
10266,1225,196,14,47,2025-04-17,5,222.19,0.15,Debit Card,Shipped
10267,1239,184,6,14,2023-07-27,2,304.08,0.1,Gift Card,Shipped
10268,1218,157,15,16,2024-04-16,3,110.95,0.1,Gift Card,Returned
10269,968,117,8,39,2025-07-23,1,77.12,0.15,Debit Card,Cancelled
10270,404,114,12,11,2023-04-26,6,356.17,0.15,Gift Card,Completed
10271,1931,226,3,31,2023-10-19,6,522.95,0.05,Credit Card,Completed
10272,667,205,11,7,2024-07-21,4,370.78,0.15,Debit Card,Completed
10273,459,216,7,40,2024-11-15,6,91.49,0.0,Credit Card,Completed
10274,1806,15,11,12,2025-08-31,3,454.62,0.1,Credit Card,Completed
10275,1374,84,7,2,2025-06-12,2,38.26,0.0,Credit Card,Completed
10276,453,12,12,10,2023-01-26,5,582.22,0.05,Debit Card,Completed
10277,1150,109,1,41,2023-05-07,4,33.31,0.2,Gift Card,Cancelled
10278,472,188,11,7,2024-02-16,4,448.74,0.1,Debit Card,Cancelled
10279,1362,133,1,36,2023-06-07,6,321.54,0.15,Cash,Returned
10280,449,221,8,19,2024-08-23,1,183.32,0.0,Gift Card,Completed
10281,123,50,8,24,2025-07-15,3,564.26,0.2,Cash,Cancelled
10282,1420,8,11,12,2024-08-22,4,143.64,0.05,Debit Card,Returned
10283,736,223,10,4,2024-12-16,3,162.74,0.0,Debit Card,Returned
10284,570,103,6,9,2024-07-14,2,220.08,0.0,Cash,Pending
10285,1800,202,8,24,2025-03-08,1,211.09,0.0,Debit Card,Completed
10286,1335,3,1,50,2023-08-06,5,507.54,0.0,Gift Card,Returned
10287,189,273,8,19,2024-07-24,2,265.88,0.2,Cash,Completed
10288,1228,102,8,39,2023-05-08,4,455.19,0.1,PayPal,Completed
10289,1835,192,1,41,2024-08-24,6,29.92,0.0,Debit Card,Completed
10290,1426,278,9,38,2024-01-15,5,98.31,0.0,PayPal,Completed
10291,377,159,1,22,2023-07-16,6,323.53,0.0,Credit Card,Returned
10292,1833,158,4,34,2024-01-06,3,324.07,0.15,PayPal,Cancelled
10293,1690,37,6,9,2024-01-22,2,91.98,0.05,Cash,Shipped
10294,1976,300,8,19,2024-06-09,4,306.79,0.0,Cash,Pending
10295,1290,185,9,38,2024-03-09,1,357.71,0.0,Cash,Cancelled
10296,921,102,15,15,2025-02-21,4,455.19,0.0,Cash,Cancelled
10297,237,29,9,25,2024-04-10,6,197.73,0.0,Cash,Pending
10298,1863,251,11,33,2023-03-01,3,355.21,0.0,Gift Card,Pending
10299,1991,126,9,38,2023-02-07,4,333.86,0.1,PayPal,Completed
10300,704,234,1,50,2024-04-16,2,314.58,0.15,Cash,Completed
10301,649,231,11,7,2024-02-16,6,52.2,0.15,Cash,Completed
10302,168,42,15,32,2024-12-01,2,483.01,0.0,Cash,Completed
10303,913,87,12,11,2024-11-04,6,321.84,0.0,Credit Card,Completed
10304,1685,73,15,27,2023-11-30,4,68.44,0.0,Debit Card,Completed
10305,1862,258,15,32,2023-08-20,3,270.37,0.0,Debit Card,Completed
10306,695,231,9,38,2023-08-22,5,52.2,0.15,Cash,Completed
10307,420,242,4,35,2024-10-06,6,378.8,0.0,Debit Card,Completed
10308,1172,188,3,43,2024-03-20,3,448.74,0.15,Cash,Returned
10309,28,185,7,2,2025-06-05,1,357.71,0.0,Credit Card,Completed
10310,1716,287,13,42,2025-10-29,4,173.87,0.1,Cash,Returned
10311,1403,135,8,19,2025-05-08,5,126.8,0.0,Debit Card,Pending
10312,458,1,9,38,2023-09-12,2,31.01,0.15,PayPal,Completed
10313,1298,125,7,40,2025-09-15,1,152.14,0.2,Gift Card,Completed
10314,1834,225,4,34,2024-01-12,4,131.27,0.0,Credit Card,Completed
10315,1067,187,5,1,2023-02-28,6,226.55,0.05,PayPal,Completed
10316,934,207,6,9,2025-06-27,3,245.28,0.15,Gift Card,Completed
10317,1930,66,2,3,2025-09-19,6,330.95,0.05,Debit Card,Cancelled
10318,1210,222,4,35,2023-07-05,5,412.69,0.0,Credit Card,Completed
10319,1498,74,8,39,2025-11-15,4,292.63,0.1,Credit Card,Returned
10320,1497,5,14,8,2025-10-03,5,136.89,0.0,Credit Card,Pending
10321,326,54,10,6,2024-07-07,1,43.29,0.1,PayPal,Completed
10322,1602,241,5,1,2023-04-15,1,108.19,0.05,Credit Card,Shipped
10323,1773,227,4,35,2024-01-13,6,225.3,0.0,Cash,Completed
10324,1341,47,3,43,2024-10-15,3,126.89,0.0,Credit Card,Completed
10325,265,292,14,47,2023-10-15,2,398.38,0.05,Gift Card,Cancelled
10326,1078,54,13,49,2024-08-03,4,43.29,0.1,Gift Card,Cancelled
10327,1231,95,12,11,2023-11-12,1,435.89,0.0,Credit Card,Completed
10328,741,142,8,19,2023-03-16,1,306.71,0.0,Credit Card,Returned
10329,193,121,3,31,2023-02-21,3,13.34,0.0,Debit Card,Returned
10330,898,256,7,2,2023-06-18,6,203.89,0.0,Debit Card,Cancelled
10331,1163,200,9,25,2024-12-21,6,214.09,0.2,PayPal,Returned
10332,1163,80,7,2,2024-09-08,1,249.35,0.0,Gift Card,Completed
10333,1880,182,4,34,2025-03-15,1,543.63,0.0,Cash,Pending
10334,1417,133,1,50,2023-05-29,1,321.54,0.2,Cash,Cancelled
10335,59,64,4,35,2024-12-27,4,566.62,0.0,Cash,Returned
10336,1620,168,15,15,2023-02-27,6,303.92,0.05,Credit Card,Completed
10337,324,298,11,33,2025-02-06,1,202.95,0.15,Credit Card,Cancelled
10338,1901,200,14,47,2023-06-11,1,214.09,0.1,Gift Card,Completed
10339,582,101,6,9,2025-12-12,3,314.94,0.0,Cash,Shipped
10340,1924,269,3,20,2024-10-17,1,260.22,0.0,Debit Card,Completed
10341,1697,75,11,12,2025-05-21,3,363.98,0.2,Debit Card,Completed
10342,868,150,7,40,2024-05-12,4,157.31,0.1,Debit Card,Shipped
10343,758,145,1,50,2023-10-23,3,328.64,0.0,Debit Card,Completed
10344,1422,291,5,48,2024-05-14,6,9.1,0.15,Cash,Completed
10345,1382,201,2,37,2025-10-28,5,307.14,0.0,Debit Card,Pending
10346,888,4,9,38,2023-02-28,4,355.19,0.0,Credit Card,Cancelled
10347,243,281,11,33,2023-01-13,6,125.56,0.2,Credit Card,Cancelled
10348,240,41,1,41,2024-02-22,1,441.65,0.2,Cash,Shipped
10349,232,48,1,41,2025-01-19,5,397.65,0.15,Debit Card,Completed
10350,642,259,9,25,2025-01-04,4,395.59,0.15,Credit Card,Pending
10351,1141,20,3,43,2025-07-13,6,170.95,0.2,PayPal,Completed
10352,863,15,13,42,2024-12-05,2,454.62,0.1,Gift Card,Cancelled
10353,668,266,3,31,2023-06-09,6,140.34,0.2,Gift Card,Completed
10354,837,44,15,18,2025-12-27,1,317.68,0.0,Debit Card,Pending
10355,1755,191,5,23,2024-10-27,2,519.67,0.0,Debit Card,Completed
10356,757,208,2,37,2024-01-28,1,146.45,0.15,Cash,Shipped
10357,550,166,11,7,2025-06-12,5,172.27,0.2,Gift Card,Shipped
10358,667,224,15,18,2023-11-27,1,190.7,0.0,Debit Card,Completed
10359,298,234,11,33,2023-08-06,1,314.58,0.05,Gift Card,Pending
10360,648,173,13,46,2025-11-27,1,159.58,0.0,PayPal,Completed
10361,340,99,14,8,2024-07-02,5,384.25,0.1,Debit Card,Completed
10362,597,172,4,34,2023-07-06,6,70.42,0.0,Cash,Returned
10363,957,221,10,4,2023-01-11,5,183.32,0.15,Gift Card,Completed
10364,1711,207,10,21,2025-04-21,6,245.28,0.0,Credit Card,Completed
10365,1492,122,4,26,2024-12-11,6,203.86,0.0,Debit Card,Completed
10366,28,205,15,16,2024-06-23,4,370.78,0.0,PayPal,Completed
10367,828,7,6,14,2023-05-22,6,279.59,0.15,Credit Card,Completed
10368,456,26,4,35,2024-11-25,1,68.26,0.2,Credit Card,Cancelled
10369,1250,114,10,21,2024-02-15,4,356.17,0.0,Credit Card,Cancelled
10370,1094,222,4,26,2024-03-14,5,412.69,0.1,Cash,Pending
10371,1120,79,5,23,2024-01-29,5,143.89,0.0,Debit Card,Pending
10372,756,230,2,28,2024-03-16,2,49.56,0.0,Cash,Completed
10373,1154,297,4,26,2023-01-17,6,334.26,0.0,Cash,Returned
10374,891,206,10,6,2024-11-10,5,367.62,0.0,Debit Card,Pending
10375,116,51,13,13,2025-04-25,2,190.91,0.1,Gift Card,Completed
10376,1376,78,8,19,2023-01-30,1,176.26,0.0,Debit Card,Completed
10377,176,43,9,25,2023-05-16,1,121.68,0.2,PayPal,Completed
10378,600,243,14,47,2023-11-11,6,523.63,0.2,Gift Card,Cancelled
10379,1914,217,12,11,2024-08-29,4,80.74,0.15,Debit Card,Completed
10380,1650,234,12,10,2023-10-21,1,314.58,0.05,Credit Card,Completed
10381,1628,124,3,43,2024-07-18,5,311.92,0.05,Gift Card,Completed
10382,221,199,11,33,2024-07-20,6,314.59,0.1,Credit Card,Completed
10383,65,204,3,20,2025-11-06,3,149.13,0.05,Credit Card,Completed
10384,1632,67,11,7,2024-12-04,1,138.29,0.05,Debit Card,Completed
10385,1708,19,3,31,2025-05-07,6,332.56,0.0,Debit Card,Shipped
10386,1128,222,5,23,2024-07-11,1,412.69,0.0,PayPal,Cancelled
10387,129,103,3,20,2024-09-09,2,220.08,0.1,Debit Card,Pending
10388,45,226,4,26,2025-07-01,2,522.95,0.05,Debit Card,Cancelled
10389,556,239,5,23,2024-07-22,4,337.62,0.0,Debit Card,Completed
10390,726,182,4,26,2024-09-21,6,543.63,0.0,Credit Card,Completed
10391,298,267,3,31,2024-03-10,3,139.61,0.2,Gift Card,Shipped
10392,122,212,15,5,2023-01-27,6,26.85,0.0,Credit Card,Shipped
10393,790,254,4,26,2025-05-24,5,307.61,0.15,Debit Card,Completed
10394,1384,229,4,34,2023-08-04,1,321.97,0.0,Debit Card,Completed
10395,1842,232,2,45,2025-01-30,6,316.8,0.2,Gift Card,Completed
10396,1006,5,3,20,2025-12-10,6,136.89,0.1,Credit Card,Cancelled
10397,1459,33,5,1,2025-04-03,3,422.83,0.15,Cash,Cancelled
10398,1684,227,12,11,2024-12-19,3,225.3,0.1,Gift Card,Completed
10399,179,252,1,50,2023-12-05,3,163.4,0.05,Debit Card,Returned
10400,367,234,10,29,2025-01-09,3,314.58,0.15,Credit Card,Completed
10401,1373,220,5,1,2024-08-08,5,357.02,0.2,Credit Card,Pending
10402,967,1,1,36,2024-07-05,5,31.01,0.0,Cash,Returned
10403,966,244,2,3,2024-06-12,3,328.77,0.1,Credit Card,Shipped
10404,780,44,2,28,2025-04-20,1,317.68,0.05,PayPal,Cancelled
10405,206,15,10,4,2023-04-26,6,454.62,0.15,Credit Card,Completed
10406,1524,276,13,30,2024-03-15,6,394.14,0.05,Debit Card,Completed
10407,1951,90,6,14,2023-03-07,2,483.64,0.15,Cash,Completed
10408,1985,28,7,2,2024-09-02,2,360.14,0.15,Credit Card,Cancelled
10409,563,36,1,41,2024-03-24,1,480.04,0.05,PayPal,Cancelled
10410,1603,61,12,11,2023-11-06,1,172.42,0.0,Debit Card,Completed
10411,1802,70,11,7,2025-09-16,1,42.41,0.15,Debit Card,Completed
10412,1565,159,1,22,2025-02-24,4,323.53,0.15,Debit Card,Completed
10413,1697,125,10,29,2023-06-02,1,152.14,0.0,PayPal,Returned
10414,207,242,15,18,2023-05-25,4,378.8,0.0,Gift Card,Returned
10415,267,41,15,27,2024-07-09,3,441.65,0.15,Gift Card,Returned
10416,1468,232,12,11,2024-11-02,4,316.8,0.0,PayPal,Cancelled
10417,1132,194,7,2,2023-05-27,6,35.78,0.2,Cash,Completed
10418,141,255,15,18,2025-04-02,6,118.85,0.0,Gift Card,Completed
10419,1122,278,15,27,2025-04-28,4,98.31,0.2,Cash,Shipped
10420,1584,183,13,49,2025-09-07,2,70.12,0.05,Debit Card,Returned
10421,1415,62,7,40,2023-09-09,4,539.25,0.1,Debit Card,Returned
10422,142,249,10,4,2023-12-20,2,471.0,0.15,Cash,Completed
10423,1352,191,1,36,2025-10-30,4,519.67,0.0,Debit Card,Returned
10424,1058,195,9,25,2023-12-03,2,165.25,0.0,PayPal,Completed
10425,972,231,8,19,2024-09-02,2,52.2,0.15,Cash,Shipped
10426,1662,164,13,30,2025-05-22,3,117.71,0.1,Gift Card,Completed
10427,117,202,9,38,2023-09-28,4,211.09,0.1,Credit Card,Completed
10428,953,200,14,47,2024-09-25,2,214.09,0.1,Debit Card,Pending
10429,1454,193,4,34,2023-11-26,6,248.63,0.05,Cash,Shipped
10430,932,85,3,43,2023-12-16,1,347.38,0.15,Credit Card,Completed
10431,1862,1,14,47,2023-01-13,6,31.01,0.0,Debit Card,Completed
10432,529,271,12,17,2025-05-01,5,316.69,0.0,Credit Card,Cancelled
10433,735,101,5,48,2025-06-10,6,314.94,0.0,Debit Card,Completed
10434,327,225,13,42,2023-03-18,2,131.27,0.15,Credit Card,Completed
10435,1292,40,4,34,2024-04-05,4,408.98,0.2,Gift Card,Completed
10436,1109,121,4,35,2025-10-26,3,13.34,0.15,Cash,Completed
10437,307,31,9,25,2023-01-04,5,179.93,0.1,Cash,Cancelled
10438,762,73,2,28,2025-04-26,2,68.44,0.2,PayPal,Completed
10439,36,281,10,4,2024-12-24,1,125.56,0.0,PayPal,Completed
10440,801,172,15,18,2025-08-17,5,70.42,0.0,Credit Card,Completed
10441,77,97,13,42,2023-07-27,5,228.27,0.05,Credit Card,Completed
10442,1342,4,2,45,2025-09-26,5,355.19,0.15,Debit Card,Completed
10443,1053,171,14,8,2024-11-14,4,293.86,0.05,Gift Card,Shipped
10444,642,17,7,40,2025-03-06,2,307.03,0.0,Gift Card,Shipped
10445,590,153,1,41,2024-01-01,4,238.04,0.0,Gift Card,Completed
10446,575,153,7,40,2024-08-12,1,238.04,0.0,Credit Card,Returned
10447,95,263,10,6,2024-10-01,1,47.7,0.15,Debit Card,Completed
10448,1816,122,3,20,2025-10-08,6,203.86,0.05,Debit Card,Pending
10449,1494,155,11,33,2023-10-09,5,232.62,0.15,PayPal,Completed
10450,1563,49,5,23,2023-10-19,2,148.66,0.0,PayPal,Completed
10451,1521,187,3,31,2023-07-18,6,226.55,0.0,Gift Card,Completed
10452,481,152,14,47,2023-03-27,2,290.47,0.1,Gift Card,Completed
10453,1017,112,15,18,2023-08-05,4,347.45,0.05,Credit Card,Cancelled
10454,1014,136,5,1,2024-08-07,2,266.29,0.0,Cash,Pending
10455,460,298,5,1,2025-07-18,2,202.95,0.1,Credit Card,Completed
10456,1543,287,12,17,2025-10-08,1,173.87,0.2,Debit Card,Cancelled
10457,725,120,9,38,2023-07-09,1,346.06,0.0,Credit Card,Pending
10458,162,135,8,39,2023-08-05,6,126.8,0.15,PayPal,Completed
10459,1190,264,9,25,2023-06-02,6,25.86,0.0,Credit Card,Returned
10460,1291,51,5,23,2024-12-09,5,190.91,0.0,Credit Card,Cancelled
10461,1072,35,14,8,2024-07-28,5,53.95,0.05,Cash,Returned
10462,434,124,11,12,2025-07-21,1,311.92,0.15,PayPal,Cancelled
10463,538,118,8,39,2024-04-14,2,145.14,0.0,Cash,Completed
10464,1580,259,2,3,2023-12-31,6,395.59,0.0,Cash,Completed
10465,819,129,15,27,2023-02-26,2,267.03,0.0,PayPal,Shipped
10466,1417,77,4,26,2023-10-19,1,442.92,0.15,PayPal,Shipped
10467,1078,230,8,19,2024-09-23,6,49.56,0.0,Debit Card,Shipped
10468,1143,200,12,11,2023-10-04,1,214.09,0.0,PayPal,Completed
10469,164,287,11,12,2023-03-23,6,173.87,0.05,Gift Card,Completed
10470,1156,285,9,25,2025-12-28,3,313.87,0.1,Cash,Cancelled
10471,1590,106,2,45,2023-12-31,3,127.35,0.15,Cash,Completed
10472,1034,224,2,28,2023-08-29,4,190.7,0.0,Gift Card,Cancelled
10473,943,105,6,9,2024-06-12,2,500.45,0.05,Credit Card,Completed
10474,1293,217,11,33,2023-07-28,5,80.74,0.2,Debit Card,Shipped
10475,768,85,5,48,2023-02-25,3,347.38,0.1,Gift Card,Shipped
10476,1309,1,12,17,2024-12-03,6,31.01,0.0,Cash,Completed
10477,1000,268,12,11,2024-08-14,2,252.86,0.0,Cash,Completed
10478,952,99,12,10,2024-10-29,2,384.25,0.0,Debit Card,Completed
10479,1983,129,5,23,2023-11-05,6,267.03,0.0,PayPal,Pending
10480,790,59,8,39,2023-10-01,5,239.55,0.2,Credit Card,Returned
10481,522,71,1,36,2023-12-09,2,251.36,0.0,Debit Card,Returned
10482,1903,206,14,47,2025-10-10,4,367.62,0.0,Gift Card,Completed
10483,466,1,7,40,2024-05-12,1,31.01,0.05,Credit Card,Completed
10484,872,84,14,8,2024-09-13,6,38.26,0.15,Debit Card,Shipped
10485,1507,294,2,45,2025-02-22,1,345.43,0.15,Gift Card,Pending
10486,1982,4,1,22,2024-09-04,1,355.19,0.15,PayPal,Completed
10487,1390,203,4,34,2025-04-13,4,511.82,0.05,Gift Card,Completed
10488,1040,173,15,5,2024-11-06,5,159.58,0.2,Gift Card,Completed
10489,1792,24,14,8,2024-02-29,3,129.26,0.15,PayPal,Cancelled
10490,427,256,5,23,2025-10-13,6,203.89,0.1,Debit Card,Pending
10491,954,159,5,1,2023-01-21,3,323.53,0.05,Cash,Completed
10492,1165,58,10,6,2023-10-13,6,76.76,0.0,Cash,Completed
10493,1096,253,13,49,2023-02-26,3,101.3,0.0,Credit Card,Completed
10494,39,136,15,27,2025-05-11,5,266.29,0.2,Credit Card,Completed
10495,1776,257,13,49,2025-12-29,4,29.22,0.0,Gift Card,Returned
10496,402,139,13,30,2025-01-29,5,334.0,0.1,Credit Card,Shipped
10497,989,56,12,17,2025-08-05,3,176.55,0.15,Cash,Completed
10498,1788,219,8,39,2024-04-22,5,243.18,0.1,Credit Card,Cancelled
10499,17,166,3,20,2024-01-14,5,172.27,0.0,Cash,Returned
10500,1333,83,3,31,2024-08-27,6,347.94,0.0,Credit Card,Returned
10501,940,195,4,34,2023-06-02,3,165.25,0.0,Credit Card,Completed
10502,1026,263,2,28,2023-01-06,1,47.7,0.0,Cash,Completed
10503,579,184,2,28,2024-01-20,5,304.08,0.1,Gift Card,Completed
10504,1770,79,8,24,2023-11-20,2,143.89,0.1,Gift Card,Completed
10505,1503,157,10,21,2023-11-21,1,110.95,0.0,Debit Card,Completed
10506,643,33,15,32,2023-09-14,5,422.83,0.0,Gift Card,Completed
10507,1441,226,13,13,2023-05-02,1,522.95,0.0,Debit Card,Completed
10508,1293,85,3,31,2025-08-04,5,347.38,0.15,Credit Card,Completed
10509,484,73,7,40,2024-07-23,1,68.44,0.1,PayPal,Completed
10510,1922,248,2,37,2024-09-25,6,230.55,0.0,Debit Card,Cancelled
10511,1038,281,4,34,2023-11-13,1,125.56,0.15,Credit Card,Completed
10512,528,106,3,43,2025-12-19,1,127.35,0.0,Gift Card,Pending
10513,225,147,10,6,2023-03-05,2,433.97,0.05,PayPal,Shipped
10514,1243,76,13,13,2024-01-25,2,46.89,0.05,PayPal,Completed
10515,728,118,8,24,2024-12-16,6,145.14,0.2,Debit Card,Returned
10516,610,68,13,49,2023-03-14,3,15.0,0.15,Gift Card,Pending
10517,17,46,4,26,2023-06-01,2,393.27,0.0,Credit Card,Cancelled
10518,543,296,15,16,2025-11-28,4,81.85,0.05,Gift Card,Cancelled
10519,242,66,2,3,2025-07-12,2,330.95,0.1,PayPal,Pending
10520,539,169,13,46,2023-09-05,4,446.78,0.05,Credit Card,Cancelled
10521,1072,1,6,9,2025-06-24,1,31.01,0.0,Credit Card,Completed
10522,1367,278,6,9,2023-03-13,4,98.31,0.0,Debit Card,Pending
10523,616,38,10,29,2023-11-25,6,142.98,0.1,Debit Card,Completed
10524,588,93,3,20,2024-04-15,2,380.69,0.0,Credit Card,Completed
10525,1872,29,10,29,2023-07-06,6,197.73,0.0,PayPal,Returned
10526,1566,53,13,30,2024-04-26,2,459.8,0.0,Debit Card,Completed
10527,1934,115,8,24,2025-04-30,6,295.79,0.2,Debit Card,Completed
10528,1076,96,4,35,2025-09-16,1,595.96,0.0,Gift Card,Returned
10529,565,97,3,43,2025-09-13,6,228.27,0.0,Debit Card,Shipped
10530,1170,97,3,31,2024-08-27,6,228.27,0.05,PayPal,Completed
10531,704,79,1,50,2023-12-10,3,143.89,0.1,Credit Card,Pending
10532,1409,204,5,1,2024-11-21,5,47.69,0.05,Credit Card,Pending
10533,1069,277,4,26,2024-08-26,6,320.72,0.0,Cash,Shipped
10534,887,175,7,40,2024-10-01,5,86.78,0.15,Gift Card,Completed
10535,1199,68,12,11,2023-05-08,5,15.0,0.1,Cash,Shipped
10536,1414,78,7,2,2023-09-05,1,176.26,0.05,Gift Card,Cancelled
10537,132,285,13,49,2023-11-14,6,313.87,0.0,Credit Card,Pending
10538,1600,216,2,28,2024-04-25,3,91.49,0.0,Credit Card,Completed
10539,1759,222,5,48,2024-12-30,2,412.69,0.2,PayPal,Pending
10540,47,237,3,43,2024-10-06,2,159.44,0.0,PayPal,Shipped
10541,152,195,3,31,2023-09-17,1,165.25,0.0,PayPal,Completed
10542,1991,196,6,9,2025-06-06,2,222.19,0.2,PayPal,Completed
10543,1137,118,5,48,2024-08-08,1,145.14,0.0,Cash,Shipped
10544,1718,26,14,47,2023-07-28,4,68.26,0.05,Debit Card,Cancelled
10545,451,243,5,1,2024-08-03,4,523.63,0.2,Cash,Shipped
10546,55,299,6,9,2025-01-27,2,150.33,0.15,Gift Card,Pending
10547,1130,2,2,28,2023-05-07,6,35.98,0.0,Debit Card,Returned
10548,565,122,5,23,2023-11-11,5,203.86,0.0,PayPal,Cancelled
10549,1104,188,10,29,2024-09-14,3,448.74,0.2,Cash,Cancelled
10550,1946,56,1,41,2024-10-06,5,176.55,0.2,PayPal,Pending
10551,1605,144,13,13,2025-10-31,1,296.96,0.05,Gift Card,Completed
10552,1944,92,8,39,2024-07-27,6,665.8,0.0,PayPal,Completed
10553,179,285,3,20,2023-10-02,1,313.87,0.0,Cash,Completed
10554,1689,23,7,40,2025-11-02,5,298.77,0.0,PayPal,Completed
10555,1774,136,5,1,2025-10-08,3,266.29,0.2,PayPal,Pending
10556,1160,249,13,46,2025-11-22,5,471.0,0.2,Debit Card,Returned
10557,1885,266,5,23,2024-02-02,1,140.34,0.15,Credit Card,Shipped
10558,1405,227,10,4,2023-08-14,3,225.3,0.05,Gift Card,Completed
10559,1580,102,1,36,2025-01-06,3,455.19,0.15,Cash,Completed
10560,837,72,4,26,2023-11-02,4,301.36,0.05,Credit Card,Cancelled
10561,1502,246,7,2,2024-03-19,2,594.34,0.15,Cash,Cancelled
10562,1943,24,5,48,2024-06-09,1,129.26,0.15,Cash,Shipped
10563,328,103,9,38,2023-06-07,2,220.08,0.1,Gift Card,Returned
10564,498,132,8,24,2023-08-04,6,127.63,0.0,Gift Card,Returned
10565,1342,6,2,45,2023-05-20,4,628.51,0.0,Debit Card,Cancelled
10566,431,179,14,47,2023-10-18,6,63.58,0.2,Credit Card,Completed
10567,601,117,4,26,2025-02-27,5,77.12,0.0,Cash,Returned
10568,527,187,6,14,2023-04-16,1,226.55,0.0,Credit Card,Completed
10569,1685,213,8,24,2025-07-28,3,64.0,0.0,Credit Card,Completed
10570,1183,136,4,34,2023-05-15,1,266.29,0.0,PayPal,Completed
10571,826,150,10,6,2024-09-20,1,157.31,0.1,Credit Card,Shipped
10572,1674,242,1,50,2023-11-13,6,378.8,0.0,Cash,Completed
10573,1332,130,12,17,2025-05-25,3,293.35,0.1,PayPal,Pending
10574,1318,227,8,24,2025-06-03,5,225.3,0.0,PayPal,Completed
10575,302,282,4,35,2025-06-10,2,461.23,0.0,Debit Card,Pending
10576,1281,81,2,3,2023-11-23,5,379.78,0.1,PayPal,Completed
10577,226,209,1,41,2024-02-22,4,193.95,0.05,Credit Card,Pending
10578,475,85,9,38,2024-12-28,4,347.38,0.0,PayPal,Shipped
10579,1691,300,4,26,2025-10-04,6,306.79,0.0,Gift Card,Completed
10580,1632,51,3,31,2024-06-10,1,190.91,0.15,Debit Card,Pending
10581,1123,124,3,20,2023-02-09,3,311.92,0.1,Gift Card,Returned
10582,297,269,13,49,2025-10-25,3,260.22,0.0,PayPal,Pending
10583,1083,55,15,15,2024-09-02,5,17.81,0.15,Debit Card,Returned
10584,605,5,4,35,2023-11-20,3,136.89,0.15,Gift Card,Returned
10585,208,128,11,12,2024-07-19,6,257.64,0.0,Debit Card,Returned
10586,271,93,5,48,2024-01-12,5,380.69,0.2,Debit Card,Shipped
10587,1419,237,3,20,2023-08-11,1,159.44,0.0,Debit Card,Completed
10588,711,252,15,32,2025-11-28,5,163.4,0.0,Debit Card,Completed
10589,754,145,13,13,2023-01-26,3,328.64,0.1,Gift Card,Completed
10590,1261,35,11,33,2024-07-28,1,53.95,0.0,PayPal,Completed
10591,1422,30,11,12,2024-12-14,2,544.88,0.1,Cash,Completed
10592,626,187,1,22,2025-01-17,2,226.55,0.2,Debit Card,Cancelled
10593,570,200,7,40,2023-04-25,4,214.09,0.05,Gift Card,Completed
10594,510,152,9,25,2025-02-04,5,290.47,0.0,PayPal,Returned
10595,1,294,7,2,2024-10-08,6,345.43,0.05,Cash,Pending
10596,1344,103,6,9,2025-06-25,4,220.08,0.15,Gift Card,Shipped
10597,468,120,9,25,2023-01-31,1,346.06,0.05,Gift Card,Shipped
10598,825,293,3,43,2023-08-04,1,54.25,0.0,Credit Card,Cancelled
10599,1920,188,7,2,2025-10-22,6,448.74,0.05,Gift Card,Pending
10600,1820,55,7,2,2025-06-12,1,17.81,0.15,Cash,Returned
10601,763,128,11,7,2025-09-29,4,257.64,0.05,Cash,Completed
10602,235,6,2,37,2025-03-27,1,628.51,0.0,Debit Card,Cancelled
10603,1905,32,1,50,2024-10-02,4,162.12,0.1,Cash,Completed
10604,1963,91,14,8,2023-05-11,6,406.77,0.2,PayPal,Shipped
10605,1108,164,15,32,2023-06-29,3,117.71,0.0,PayPal,Pending
10606,824,24,15,16,2024-12-07,1,129.26,0.05,Gift Card,Completed
10607,1561,62,8,19,2025-11-03,2,539.25,0.15,Debit Card,Shipped
10608,1652,63,1,41,2024-01-05,3,63.8,0.15,Debit Card,Completed
10609,821,58,3,20,2024-05-31,6,76.76,0.15,Gift Card,Completed
10610,476,244,15,44,2023-08-02,3,328.77,0.15,Debit Card,Shipped
10611,592,12,15,5,2023-11-17,2,582.22,0.0,Debit Card,Completed
10612,1027,127,11,33,2024-06-16,5,90.5,0.05,Cash,Completed
10613,1696,253,6,14,2024-10-05,3,101.3,0.0,Debit Card,Pending
10614,1452,164,15,27,2024-08-15,1,117.71,0.15,Cash,Completed
10615,199,42,12,10,2023-09-01,6,483.01,0.15,PayPal,Returned
10616,1466,98,14,47,2025-03-21,4,263.06,0.0,Credit Card,Shipped
10617,1897,269,12,17,2023-03-10,1,260.22,0.0,PayPal,Completed
10618,376,209,7,40,2025-12-06,5,193.95,0.15,Credit Card,Returned
10619,1264,21,6,9,2023-04-03,5,407.45,0.0,PayPal,Cancelled
10620,1904,269,13,42,2023-07-09,2,260.22,0.05,Gift Card,Cancelled
10621,1848,212,13,42,2024-12-04,4,26.85,0.05,Debit Card,Completed
10622,336,170,1,22,2024-06-06,2,260.29,0.05,Credit Card,Completed
10623,919,215,14,47,2025-10-23,4,108.22,0.0,Cash,Completed
10624,538,203,12,11,2023-02-17,6,511.82,0.2,Debit Card,Returned
10625,1461,37,15,16,2023-03-06,3,91.98,0.1,PayPal,Completed
10626,1372,234,1,22,2024-08-10,3,314.58,0.0,PayPal,Returned
10627,366,218,7,40,2024-08-24,5,95.1,0.1,Debit Card,Pending
10628,215,95,11,7,2024-03-01,1,435.89,0.2,Gift Card,Cancelled
10629,815,293,7,2,2025-08-31,5,54.25,0.0,Debit Card,Cancelled
10630,1571,11,12,11,2025-04-18,3,289.37,0.1,Debit Card,Returned
10631,1591,290,15,5,2025-09-15,4,30.66,0.0,Credit Card,Returned
10632,232,87,12,17,2024-12-20,6,321.84,0.15,Debit Card,Completed
10633,1066,256,4,35,2025-09-02,2,203.89,0.2,Credit Card,Pending
10634,139,195,10,21,2024-09-23,1,165.25,0.05,Cash,Completed
10635,392,218,8,39,2024-05-01,3,95.1,0.05,PayPal,Completed
10636,883,74,13,13,2024-01-23,4,292.63,0.0,Gift Card,Completed
10637,231,56,13,42,2025-05-26,5,176.55,0.2,Debit Card,Completed
10638,1942,46,2,37,2024-04-28,6,393.27,0.2,Cash,Pending
10639,302,220,13,49,2023-09-09,6,357.02,0.15,Gift Card,Completed
10640,541,22,5,1,2025-06-18,5,90.87,0.1,Credit Card,Completed
10641,393,127,11,12,2023-07-15,3,90.5,0.15,Gift Card,Completed
10642,1252,88,11,12,2025-05-05,3,291.53,0.0,Gift Card,Completed
10643,153,51,2,28,2024-02-06,6,190.91,0.2,Credit Card,Pending
10644,1698,231,13,30,2023-02-22,5,52.2,0.0,Credit Card,Pending
10645,681,101,12,17,2024-09-08,5,314.94,0.05,Debit Card,Completed
10646,74,273,5,48,2024-02-03,5,265.88,0.05,Gift Card,Cancelled
10647,432,148,11,7,2025-02-05,3,293.31,0.0,Cash,Completed
10648,890,168,13,46,2023-01-11,1,303.92,0.2,Cash,Pending
10649,201,147,5,48,2023-11-18,2,433.97,0.15,Gift Card,Shipped
10650,700,237,2,3,2024-06-02,1,159.44,0.2,PayPal,Pending
10651,1354,91,14,8,2023-06-24,6,406.77,0.0,Cash,Shipped
10652,530,58,1,50,2025-11-20,1,76.76,0.1,Cash,Completed
10653,1175,288,3,31,2023-07-16,3,367.22,0.1,Credit Card,Pending
10654,1204,175,1,50,2025-03-10,2,86.78,0.0,Cash,Completed
10655,1565,272,7,40,2024-01-15,6,596.66,0.05,Debit Card,Returned
10656,979,239,2,45,2023-09-08,5,337.62,0.0,Credit Card,Completed
10657,253,83,12,11,2023-07-04,2,347.94,0.05,Cash,Completed
10658,1428,57,3,20,2025-06-11,4,207.9,0.2,Credit Card,Completed
10659,1543,155,6,14,2024-09-21,3,232.62,0.0,Credit Card,Completed
10660,1951,300,1,36,2023-01-11,2,306.79,0.05,PayPal,Returned
10661,13,247,15,16,2024-09-27,1,58.54,0.1,PayPal,Completed
10662,903,232,15,44,2024-05-16,1,316.8,0.1,PayPal,Pending
10663,1102,36,9,38,2023-06-04,1,480.04,0.2,Debit Card,Completed
10664,1707,284,14,47,2024-12-22,6,413.62,0.0,Credit Card,Completed
10665,327,209,15,18,2023-06-17,2,193.95,0.05,Cash,Completed
10666,1396,195,1,36,2023-03-02,2,165.25,0.2,Debit Card,Returned
10667,1763,279,5,48,2025-10-16,2,281.48,0.0,PayPal,Cancelled
10668,1246,186,1,50,2024-03-11,1,39.01,0.0,Debit Card,Completed
10669,1386,174,4,26,2024-09-11,1,62.11,0.0,PayPal,Completed
10670,1766,110,6,9,2025-07-29,5,570.1,0.05,Debit Card,Completed
10671,1738,300,6,14,2023-08-06,3,306.79,0.15,Cash,Pending
10672,1462,7,2,37,2024-07-13,3,279.59,0.0,Debit Card,Cancelled
10673,125,32,8,24,2025-04-21,4,162.12,0.05,Debit Card,Completed
10674,825,188,1,50,2024-12-05,2,448.74,0.0,Gift Card,Completed
10675,955,43,2,28,2025-03-20,3,121.68,0.0,Debit Card,Completed
10676,1608,138,15,44,2025-07-19,6,102.03,0.15,Cash,Completed
10677,85,19,8,19,2025-08-09,1,332.56,0.0,PayPal,Returned
10678,925,143,14,8,2023-07-24,5,511.76,0.05,Credit Card,Returned
10679,1612,144,11,33,2025-06-15,6,296.96,0.0,Cash,Completed
10680,1664,3,11,12,2023-08-30,1,507.54,0.0,Cash,Pending
10681,398,39,8,24,2024-10-01,6,340.31,0.0,Credit Card,Completed
10682,1556,33,14,47,2023-08-11,1,422.83,0.05,PayPal,Cancelled
10683,719,72,4,35,2025-07-07,4,301.36,0.15,PayPal,Completed
10684,1163,251,3,43,2024-11-27,3,355.21,0.2,Credit Card,Cancelled
10685,1487,84,12,10,2024-06-29,3,38.26,0.1,PayPal,Shipped
10686,1005,30,12,17,2024-03-13,3,544.88,0.05,Cash,Pending
10687,552,260,11,33,2024-08-02,6,172.37,0.15,PayPal,Returned
10688,1334,194,1,36,2024-05-14,4,35.78,0.05,Credit Card,Completed
10689,1507,9,6,14,2024-06-30,2,307.63,0.05,Gift Card,Pending
10690,1484,33,13,13,2024-01-19,4,422.83,0.1,Gift Card,Completed
10691,1907,53,2,28,2025-02-28,5,459.8,0.1,Debit Card,Completed
10692,1639,59,10,4,2025-06-26,5,239.55,0.0,Gift Card,Cancelled
10693,934,81,7,40,2023-03-16,1,379.78,0.05,Debit Card,Completed
10694,1032,36,13,13,2024-04-14,2,480.04,0.15,Cash,Completed
10695,656,146,2,28,2025-05-20,1,309.25,0.0,Debit Card,Completed
10696,1548,188,5,48,2024-01-24,4,448.74,0.1,PayPal,Completed
10697,1195,275,13,13,2025-10-01,4,255.49,0.2,Gift Card,Returned
10698,846,232,5,48,2023-06-19,5,316.8,0.15,Gift Card,Shipped
10699,297,188,14,8,2023-03-27,6,448.74,0.1,Gift Card,Completed
10700,1237,55,1,22,2023-06-17,1,17.81,0.05,Debit Card,Cancelled
10701,980,169,13,46,2024-08-03,4,446.78,0.0,Credit Card,Shipped
10702,790,106,7,2,2024-01-12,6,127.35,0.2,PayPal,Completed
10703,1005,228,14,47,2025-01-23,6,247.35,0.2,Debit Card,Pending
10704,1104,184,15,27,2024-06-04,1,304.08,0.05,Cash,Completed
10705,1138,52,10,4,2025-06-08,2,120.46,0.0,Debit Card,Cancelled
10706,1606,122,15,27,2025-12-10,2,203.86,0.2,Cash,Completed
10707,1499,3,15,5,2024-08-13,6,507.54,0.05,Credit Card,Pending
10708,1570,213,15,16,2023-07-04,2,64.0,0.0,Gift Card,Completed
10709,153,165,7,40,2025-01-22,6,216.64,0.0,Cash,Returned
10710,1362,197,1,41,2025-06-24,4,82.36,0.0,Credit Card,Cancelled
10711,108,176,6,14,2025-08-05,2,171.51,0.0,Cash,Returned
10712,1137,125,8,24,2023-01-03,5,152.14,0.0,Gift Card,Completed
10713,986,42,14,47,2024-09-05,6,483.01,0.15,Debit Card,Returned
10714,218,59,4,34,2025-11-15,6,239.55,0.0,Cash,Completed
10715,1619,176,14,47,2025-12-28,3,171.51,0.15,Gift Card,Completed
10716,1732,39,8,19,2024-04-26,1,340.31,0.0,Gift Card,Completed
10717,1026,281,7,40,2023-11-01,3,125.56,0.0,Debit Card,Completed
10718,364,235,6,9,2024-12-21,2,265.0,0.0,PayPal,Completed
10719,91,115,10,21,2025-10-28,1,295.79,0.1,PayPal,Pending
10720,1046,161,15,18,2023-05-09,6,322.86,0.0,Debit Card,Cancelled
10721,1643,286,11,33,2024-10-02,2,217.06,0.1,PayPal,Completed
10722,514,237,7,40,2023-02-13,6,159.44,0.1,Debit Card,Returned
10723,1181,131,7,40,2024-03-22,2,582.03,0.1,PayPal,Cancelled
10724,564,77,6,14,2023-10-16,2,442.92,0.0,Cash,Shipped
10725,1092,34,10,4,2025-08-06,2,71.12,0.0,PayPal,Cancelled
10726,1503,297,1,36,2025-10-01,2,334.26,0.05,PayPal,Completed
10727,438,210,7,2,2024-08-27,5,77.07,0.0,PayPal,Returned
10728,956,163,14,8,2025-09-18,5,270.34,0.0,Credit Card,Completed
10729,792,220,4,35,2023-10-01,2,357.02,0.0,Debit Card,Returned
10730,1635,15,4,34,2025-04-04,4,454.62,0.0,Gift Card,Completed
10731,1865,177,6,14,2024-06-26,2,467.22,0.0,Debit Card,Completed
10732,1023,298,11,33,2023-02-22,3,202.95,0.2,Credit Card,Completed
10733,1295,281,15,44,2023-06-26,4,125.56,0.1,Gift Card,Cancelled
10734,1122,230,15,32,2023-11-03,4,49.56,0.0,Cash,Shipped
10735,1244,257,11,33,2024-02-14,1,29.22,0.15,Credit Card,Cancelled
10736,279,93,15,32,2023-03-01,4,380.69,0.0,Credit Card,Pending
10737,1100,45,8,39,2024-12-11,2,107.36,0.0,Gift Card,Completed
10738,1638,247,10,29,2024-11-14,6,58.54,0.2,Gift Card,Cancelled
10739,1760,136,5,23,2023-06-25,3,266.29,0.05,PayPal,Shipped
10740,785,100,1,50,2023-06-20,4,447.11,0.15,PayPal,Shipped
10741,1544,187,15,32,2024-04-10,3,226.55,0.0,Credit Card,Returned
10742,505,273,13,13,2025-06-24,3,265.88,0.1,Credit Card,Pending
10743,612,178,7,40,2025-03-29,6,41.87,0.1,Debit Card,Completed
10744,83,169,14,8,2024-03-01,2,446.78,0.0,Cash,Returned
10745,1687,240,1,22,2025-03-01,3,196.7,0.1,Cash,Completed
10746,1965,201,10,29,2025-01-15,6,307.14,0.0,Credit Card,Completed
10747,1177,113,8,24,2025-11-22,5,438.2,0.05,Gift Card,Cancelled
10748,1989,257,11,7,2024-06-14,4,29.22,0.0,PayPal,Pending
10749,1469,30,8,24,2023-02-21,3,544.88,0.2,Cash,Completed
10750,951,196,11,7,2025-02-04,5,222.19,0.15,Debit Card,Cancelled
10751,1337,64,12,11,2023-04-22,4,566.62,0.2,Cash,Shipped
10752,399,89,4,26,2023-02-12,5,248.83,0.0,Credit Card,Shipped
10753,1057,144,14,8,2023-08-14,5,296.96,0.05,Debit Card,Shipped
10754,1894,189,3,20,2025-05-24,1,399.71,0.0,PayPal,Completed
10755,616,263,7,2,2025-10-03,3,47.7,0.0,PayPal,Completed
10756,1696,226,5,48,2023-08-20,2,522.95,0.05,Cash,Completed
10757,1900,235,3,31,2023-10-31,3,265.0,0.0,Credit Card,Pending
10758,64,262,11,12,2024-01-19,5,392.06,0.15,Gift Card,Returned
10759,190,283,4,35,2023-11-27,1,84.31,0.0,Cash,Shipped
10760,143,154,14,8,2023-01-27,1,214.32,0.0,Cash,Completed
10761,121,110,15,32,2023-03-29,6,570.1,0.0,Cash,Returned
10762,1696,130,14,47,2023-07-24,4,293.35,0.2,Credit Card,Completed
10763,702,277,11,7,2023-03-07,5,320.72,0.1,Cash,Shipped
10764,967,84,13,46,2025-02-17,5,38.26,0.0,Credit Card,Completed
10765,593,37,15,5,2024-06-02,3,91.98,0.15,Gift Card,Completed
10766,1201,31,15,16,2025-04-24,3,179.93,0.2,Debit Card,Returned
10767,172,147,6,9,2023-01-21,1,433.97,0.1,PayPal,Completed
10768,1794,288,14,47,2024-12-26,2,367.22,0.0,PayPal,Completed
10769,764,226,10,21,2023-06-13,6,522.95,0.05,Debit Card,Shipped
10770,670,114,7,40,2023-10-08,2,356.17,0.0,Debit Card,Pending
10771,1229,62,4,34,2025-12-22,2,539.25,0.0,Debit Card,Completed
10772,1970,79,12,17,2025-05-26,4,143.89,0.0,PayPal,Completed
10773,1647,207,11,7,2024-08-07,5,245.28,0.0,Credit Card,Completed
10774,524,112,3,20,2023-01-31,6,347.45,0.0,PayPal,Returned
10775,1923,153,6,14,2024-07-30,6,238.04,0.15,Debit Card,Completed
10776,1487,30,3,20,2025-09-15,1,544.88,0.0,Debit Card,Shipped
10777,733,287,6,14,2023-11-13,3,173.87,0.2,Cash,Completed
10778,1700,224,10,4,2023-05-09,5,190.7,0.0,Debit Card,Completed
10779,338,204,2,37,2024-09-21,5,62.45,0.05,Cash,Returned
10780,1762,121,2,45,2023-06-13,3,13.34,0.0,PayPal,Completed
10781,1974,249,11,33,2024-03-31,3,471.0,0.05,PayPal,Completed
10782,719,94,9,38,2024-05-29,2,325.59,0.0,Debit Card,Cancelled
10783,1701,206,5,1,2025-11-10,4,367.62,0.0,PayPal,Completed
10784,963,5,8,39,2023-03-20,3,136.89,0.15,PayPal,Completed
10785,369,59,6,9,2025-09-02,3,239.55,0.05,Credit Card,Cancelled
10786,828,190,5,48,2024-07-20,4,292.3,0.0,Gift Card,Pending
10787,1091,74,11,33,2024-02-06,1,292.63,0.15,Cash,Shipped
10788,242,58,8,24,2023-04-20,2,76.76,0.0,Credit Card,Cancelled
10789,829,143,5,23,2024-08-31,1,511.76,0.0,Gift Card,Completed
10790,1318,33,10,29,2025-09-17,6,422.83,0.15,Debit Card,Completed
10791,1573,189,15,27,2025-11-17,2,399.71,0.05,Cash,Completed
10792,1731,19,14,47,2023-08-15,4,332.56,0.15,PayPal,Completed
10793,451,202,15,16,2025-04-11,3,211.09,0.0,Debit Card,Completed
10794,966,157,11,7,2025-07-07,2,110.95,0.0,Cash,Pending
10795,284,53,1,50,2024-12-16,4,459.8,0.0,PayPal,Completed
10796,689,207,14,47,2024-11-15,3,245.28,0.05,Gift Card,Completed
10797,817,48,6,9,2024-07-11,2,397.65,0.0,Gift Card,Completed
10798,1797,252,10,6,2024-03-30,1,163.4,0.05,Debit Card,Completed
10799,935,10,12,10,2024-12-28,2,46.02,0.0,Gift Card,Completed
10800,578,194,13,30,2023-03-27,4,35.78,0.0,Credit Card,Cancelled
10801,1309,42,10,21,2023-12-09,1,483.01,0.2,Credit Card,Completed
10802,427,284,6,14,2024-01-24,1,413.62,0.05,Cash,Completed
10803,1703,21,4,35,2025-11-28,2,407.45,0.2,Debit Card,Completed
10804,981,210,8,39,2024-09-16,3,77.07,0.2,PayPal,Completed
10805,1622,48,11,33,2023-12-23,5,397.65,0.15,Debit Card,Completed
10806,1605,58,11,12,2025-09-22,1,76.76,0.0,Cash,Cancelled
10807,989,37,9,25,2024-04-25,1,91.98,0.1,Cash,Returned
10808,785,15,1,50,2023-06-03,3,454.62,0.15,Credit Card,Completed
10809,1341,113,5,48,2025-12-09,2,438.2,0.1,PayPal,Returned
10810,228,107,2,37,2023-10-04,6,247.26,0.15,Credit Card,Pending
10811,1559,54,5,1,2025-06-16,5,43.29,0.1,Credit Card,Completed
10812,266,107,15,15,2023-07-31,1,247.26,0.0,PayPal,Completed
10813,1093,286,14,47,2023-07-02,2,217.06,0.15,Gift Card,Cancelled
10814,1409,200,15,16,2024-02-20,3,214.09,0.1,Debit Card,Pending
10815,1402,37,10,6,2024-01-11,6,91.98,0.0,PayPal,Returned
10816,1275,248,10,6,2024-11-16,5,230.55,0.2,Cash,Returned
10817,149,145,8,39,2024-06-05,5,328.64,0.05,Gift Card,Shipped
10818,1524,85,15,27,2024-05-25,4,347.38,0.2,Credit Card,Returned
10819,1258,157,2,45,2024-05-14,3,110.95,0.2,Debit Card,Completed
10820,1828,8,8,39,2024-07-02,5,143.64,0.1,Gift Card,Completed
10821,1219,108,11,7,2023-08-09,6,603.53,0.0,PayPal,Completed
10822,1143,109,13,46,2024-10-06,1,33.31,0.2,Credit Card,Completed
10823,1790,82,11,12,2025-01-26,4,166.87,0.0,Cash,Shipped
10824,377,62,4,26,2025-05-16,6,539.25,0.1,PayPal,Completed
10825,1197,101,1,50,2025-03-10,5,314.94,0.15,Gift Card,Completed
10826,1116,79,12,17,2025-07-30,1,143.89,0.0,Gift Card,Pending
10827,1182,209,3,31,2024-01-03,1,193.95,0.0,Gift Card,Completed
10828,1763,146,15,5,2023-12-02,5,309.25,0.0,Gift Card,Returned
10829,1479,277,6,14,2024-03-13,4,320.72,0.0,Debit Card,Completed
10830,413,123,2,28,2023-12-24,6,203.09,0.0,Gift Card,Returned
10831,996,125,1,36,2023-10-03,5,152.14,0.0,Credit Card,Completed
10832,1414,26,6,14,2025-06-13,4,68.26,0.0,Credit Card,Completed
10833,1472,270,14,8,2025-05-03,1,17.58,0.0,Credit Card,Completed
10834,1968,206,5,23,2024-10-15,3,367.62,0.0,PayPal,Returned
10835,700,86,1,50,2023-12-10,1,302.91,0.0,PayPal,Completed
10836,1962,150,11,7,2023-07-02,2,157.31,0.0,Cash,Shipped
10837,854,149,6,14,2024-07-20,6,431.72,0.0,Gift Card,Pending
10838,8,285,3,20,2023-02-14,3,313.87,0.0,Cash,Completed
10839,568,79,6,14,2025-10-24,3,143.89,0.0,Credit Card,Completed
10840,1380,68,6,9,2023-10-22,3,15.0,0.2,PayPal,Completed
10841,903,108,5,48,2025-03-10,4,603.53,0.05,Gift Card,Completed
10842,156,17,13,13,2025-08-17,5,307.03,0.0,Credit Card,Cancelled
10843,531,46,10,21,2025-01-06,4,393.27,0.1,Gift Card,Cancelled
10844,1166,166,13,13,2025-08-21,2,172.27,0.0,PayPal,Pending
10845,547,3,13,49,2023-11-15,6,507.54,0.05,Gift Card,Pending
10846,463,269,6,14,2025-11-01,5,260.22,0.0,Debit Card,Cancelled
10847,538,110,14,8,2023-11-11,6,570.1,0.2,Gift Card,Completed
10848,1900,180,7,2,2023-01-27,6,177.87,0.1,Credit Card,Cancelled
10849,342,28,14,8,2025-09-20,4,360.14,0.05,PayPal,Cancelled
10850,108,236,3,43,2023-10-26,4,209.86,0.0,PayPal,Cancelled
10851,612,73,7,40,2025-11-24,6,68.44,0.0,PayPal,Returned
10852,66,99,2,37,2023-01-08,5,384.25,0.2,Debit Card,Completed
10853,1504,86,8,19,2025-12-28,5,302.91,0.0,Credit Card,Completed
10854,1982,97,3,31,2025-05-28,2,228.27,0.2,PayPal,Pending
10855,701,280,15,15,2024-08-06,3,59.78,0.15,Cash,Completed
10856,316,173,4,34,2025-11-02,3,159.58,0.2,PayPal,Completed
10857,1689,261,3,20,2023-10-19,5,638.9,0.15,Credit Card,Cancelled
10858,1949,246,15,15,2024-07-17,6,594.34,0.15,Credit Card,Shipped
10859,804,230,7,2,2025-12-07,1,49.56,0.0,PayPal,Completed
10860,1484,213,7,40,2025-07-27,1,64.0,0.0,Debit Card,Completed
10861,1174,72,8,19,2023-11-20,6,301.36,0.0,Cash,Pending
10862,1641,244,1,41,2023-04-26,2,328.77,0.05,Credit Card,Returned
10863,76,89,8,39,2025-12-06,5,248.83,0.0,Credit Card,Completed
10864,1979,158,7,2,2023-03-21,1,324.07,0.2,Gift Card,Completed
10865,108,19,14,47,2024-04-16,5,332.56,0.1,Cash,Completed
10866,1763,159,7,2,2024-02-26,3,323.53,0.05,Credit Card,Completed
10867,1338,56,4,34,2024-02-01,5,176.55,0.0,Gift Card,Completed
10868,785,281,12,11,2023-07-19,4,125.56,0.0,Debit Card,Completed
10869,910,48,7,2,2024-12-18,1,397.65,0.2,Credit Card,Shipped
10870,1560,153,7,2,2025-10-11,1,238.04,0.0,Debit Card,Completed
10871,951,118,6,9,2024-11-24,4,145.14,0.2,Cash,Completed
10872,1551,99,13,42,2025-07-23,4,384.25,0.15,Credit Card,Completed
10873,160,29,12,10,2025-01-26,6,197.73,0.0,Credit Card,Returned
10874,1198,44,5,48,2025-10-07,4,317.68,0.0,PayPal,Shipped
10875,921,242,5,1,2025-06-19,3,378.8,0.1,Debit Card,Completed
10876,682,274,2,45,2025-05-08,3,57.88,0.05,Debit Card,Completed
10877,173,221,7,2,2023-04-01,3,183.32,0.05,Debit Card,Shipped
10878,1738,196,7,40,2023-05-04,3,222.19,0.0,Debit Card,Returned
10879,1604,44,6,14,2024-10-28,2,317.68,0.0,Debit Card,Cancelled
10880,882,124,11,33,2025-09-09,4,311.92,0.0,Debit Card,Cancelled
10881,1318,83,12,17,2023-05-14,6,347.94,0.0,PayPal,Returned
10882,159,73,7,40,2025-04-04,4,68.44,0.0,PayPal,Completed
10883,1206,132,14,47,2024-04-15,6,127.63,0.1,Gift Card,Completed
10884,1462,81,5,1,2025-01-16,6,379.78,0.0,PayPal,Completed
10885,1444,17,14,47,2023-04-30,2,307.03,0.15,Debit Card,Cancelled
10886,1766,146,3,31,2024-10-17,4,309.25,0.05,Debit Card,Completed
10887,801,204,6,9,2023-03-20,4,101.08,0.1,Gift Card,Returned
10888,393,238,15,18,2025-11-15,4,196.9,0.15,Gift Card,Returned
10889,1950,54,2,45,2024-01-31,2,43.29,0.0,Debit Card,Completed
10890,1938,211,13,30,2025-09-27,4,199.85,0.0,Gift Card,Completed
10891,1777,255,11,12,2023-10-31,2,118.85,0.0,Debit Card,Completed
10892,945,173,14,8,2025-06-04,5,159.58,0.0,PayPal,Completed
10893,1787,242,6,14,2025-07-01,3,378.8,0.2,Gift Card,Shipped
10894,207,20,7,40,2023-07-31,4,170.95,0.1,Credit Card,Completed
10895,1483,31,1,36,2023-10-21,3,179.93,0.2,Credit Card,Cancelled
10896,631,206,15,5,2025-12-25,6,367.62,0.15,PayPal,Completed
10897,891,51,10,6,2025-03-17,2,190.91,0.0,Gift Card,Completed
10898,93,91,14,8,2025-04-07,1,406.77,0.05,PayPal,Returned
10899,1561,153,6,9,2024-03-28,2,238.04,0.1,Credit Card,Cancelled
10900,1348,133,12,11,2025-03-14,1,321.54,0.0,Cash,Completed
10901,242,204,13,42,2025-06-11,1,100.1,0.1,Cash,Returned
10902,97,264,9,25,2024-04-03,4,25.86,0.05,Credit Card,Shipped
10903,767,9,14,47,2025-08-26,6,307.63,0.05,Gift Card,Cancelled
10904,1101,180,8,19,2025-07-27,3,177.87,0.0,Credit Card,Pending
10905,350,86,5,23,2024-09-26,1,302.91,0.2,PayPal,Shipped
10906,1862,293,2,3,2023-02-14,6,54.25,0.0,PayPal,Completed
10907,581,22,14,8,2023-04-26,3,90.87,0.15,Cash,Shipped
10908,1606,237,2,3,2025-05-16,5,159.44,0.0,Credit Card,Cancelled
10909,1444,241,9,25,2023-03-06,1,108.19,0.2,Cash,Returned
10910,1413,261,9,38,2024-01-05,2,638.9,0.15,Gift Card,Completed
10911,35,208,10,6,2024-02-15,5,146.45,0.0,Gift Card,Pending
10912,1279,255,10,29,2023-11-15,1,118.85,0.05,Debit Card,Shipped
10913,1589,287,11,33,2024-09-28,2,173.87,0.1,Debit Card,Completed
10914,476,64,10,29,2025-04-07,6,566.62,0.0,Credit Card,Pending
10915,980,204,6,9,2025-10-26,2,95.97,0.15,Cash,Completed
10916,1987,200,5,48,2025-04-05,5,214.09,0.0,Debit Card,Shipped
10917,632,73,6,14,2024-10-26,6,68.44,0.2,Cash,Cancelled
10918,1200,79,11,33,2025-12-02,3,143.89,0.15,Debit Card,Completed
10919,822,166,14,47,2025-09-08,3,172.27,0.1,Cash,Completed
10920,541,50,1,36,2024-12-28,3,564.26,0.1,PayPal,Completed
10921,823,26,4,34,2024-11-10,6,68.26,0.15,Gift Card,Completed
10922,328,294,12,17,2023-07-28,3,345.43,0.1,Credit Card,Cancelled
10923,1522,52,14,47,2025-05-20,2,120.46,0.05,Cash,Cancelled
10924,303,293,8,24,2023-03-29,3,54.25,0.05,PayPal,Cancelled
10925,1968,136,15,32,2023-11-12,5,266.29,0.2,Debit Card,Cancelled
10926,846,235,5,48,2023-11-27,4,265.0,0.0,Debit Card,Completed
10927,28,171,4,35,2023-04-04,5,293.86,0.2,Debit Card,Completed
10928,640,86,6,9,2024-12-14,6,302.91,0.2,Debit Card,Cancelled
10929,1133,203,11,33,2025-10-29,2,511.82,0.0,Credit Card,Completed
10930,1496,105,10,4,2024-12-25,5,500.45,0.0,Cash,Pending
10931,1051,284,7,2,2024-12-12,5,413.62,0.0,Credit Card,Completed
10932,1651,178,14,8,2024-12-27,6,41.87,0.0,PayPal,Completed
10933,1988,233,3,31,2025-12-28,4,400.32,0.1,Debit Card,Completed
10934,557,125,13,13,2024-09-30,2,152.14,0.0,Debit Card,Shipped
10935,1263,116,13,42,2025-07-19,4,365.71,0.1,PayPal,Shipped
10936,55,22,5,48,2023-01-29,4,90.87,0.15,Debit Card,Completed
10937,379,194,3,43,2024-03-04,1,35.78,0.15,Cash,Shipped
10938,320,165,7,40,2024-01-14,5,216.64,0.0,Credit Card,Cancelled
10939,620,196,11,12,2024-11-10,1,222.19,0.0,PayPal,Completed
10940,526,14,5,48,2024-09-17,4,379.66,0.15,Cash,Pending
10941,347,161,2,37,2025-04-25,4,322.86,0.0,Debit Card,Cancelled
10942,1576,24,6,9,2023-12-30,4,129.26,0.05,PayPal,Completed
10943,624,231,14,8,2025-04-20,4,52.2,0.2,PayPal,Pending
10944,1247,29,11,7,2023-06-24,5,197.73,0.0,Cash,Shipped
10945,1413,29,1,36,2023-07-16,1,197.73,0.0,PayPal,Shipped
10946,368,169,1,36,2024-11-14,6,446.78,0.05,PayPal,Completed
10947,1753,72,9,38,2023-09-16,2,301.36,0.15,Debit Card,Cancelled
10948,459,114,12,10,2025-04-21,4,356.17,0.1,Debit Card,Completed
10949,795,214,9,25,2023-06-17,2,264.25,0.05,Credit Card,Completed
10950,1091,94,11,33,2024-09-20,5,325.59,0.15,Debit Card,Completed
10951,328,169,9,25,2024-10-20,4,446.78,0.15,Cash,Shipped
10952,1289,215,5,23,2024-05-01,3,108.22,0.1,Cash,Completed
10953,124,102,5,1,2023-12-06,4,455.19,0.1,PayPal,Pending
10954,241,64,7,40,2024-04-30,1,566.62,0.0,Cash,Shipped
10955,236,25,5,23,2024-09-20,5,323.92,0.15,PayPal,Returned
10956,874,114,10,4,2025-07-25,4,356.17,0.05,Cash,Completed
10957,1765,272,5,48,2023-04-21,4,596.66,0.0,Gift Card,Completed
10958,463,1,15,27,2023-05-10,2,31.01,0.2,Credit Card,Completed
10959,223,221,6,14,2024-09-12,2,183.32,0.1,PayPal,Completed
10960,1816,200,13,42,2025-06-10,4,214.09,0.0,Gift Card,Shipped
10961,1064,201,15,16,2023-10-25,1,307.14,0.1,Cash,Pending
10962,1613,11,5,48,2025-05-30,3,289.37,0.05,Debit Card,Completed
10963,602,172,14,8,2024-12-08,4,70.42,0.2,Debit Card,Completed
10964,1881,241,1,41,2025-05-24,1,108.19,0.2,Credit Card,Completed
10965,255,108,6,14,2024-01-25,3,603.53,0.0,Debit Card,Completed
10966,131,184,12,17,2023-04-14,6,304.08,0.2,Debit Card,Completed
10967,994,248,8,39,2024-06-07,6,230.55,0.2,Cash,Pending
10968,892,243,15,44,2024-04-30,6,523.63,0.1,Credit Card,Returned
10969,399,65,1,22,2023-03-06,4,543.26,0.05,Credit Card,Completed
10970,1642,239,13,46,2023-08-21,6,337.62,0.0,PayPal,Completed
10971,1455,146,1,41,2023-09-15,3,309.25,0.2,Gift Card,Completed
10972,1540,250,7,2,2023-12-17,6,120.54,0.1,Cash,Cancelled
10973,673,251,4,34,2024-12-12,2,355.21,0.0,Debit Card,Completed
10974,1780,270,8,24,2024-02-15,3,17.58,0.1,Debit Card,Shipped
10975,399,207,4,26,2023-10-25,3,245.28,0.2,Credit Card,Completed
10976,1947,15,1,22,2024-02-25,5,454.62,0.05,Credit Card,Returned
10977,1546,159,11,33,2025-08-09,2,323.53,0.0,Debit Card,Completed
10978,1521,103,1,50,2024-04-04,5,220.08,0.1,Debit Card,Cancelled
10979,15,121,5,1,2024-06-14,6,13.34,0.2,Cash,Cancelled
10980,1892,177,12,17,2023-04-25,1,467.22,0.0,Debit Card,Cancelled
10981,1359,112,1,50,2023-04-16,1,347.45,0.0,PayPal,Completed
10982,1376,226,1,22,2025-06-21,2,522.95,0.05,Cash,Returned
10983,74,148,6,14,2024-09-18,6,293.31,0.2,Debit Card,Returned
10984,1558,99,3,20,2025-03-29,5,384.25,0.1,Gift Card,Cancelled
10985,503,265,12,11,2023-04-01,6,348.49,0.0,Debit Card,Completed
10986,267,268,11,7,2023-04-16,2,252.86,0.0,Debit Card,Completed
10987,562,4,11,12,2023-06-13,6,355.19,0.0,Gift Card,Returned
10988,1266,78,3,43,2025-06-24,5,176.26,0.15,Credit Card,Completed
10989,1632,184,9,25,2024-11-02,4,304.08,0.1,Credit Card,Returned
10990,1391,25,13,30,2025-12-21,6,323.92,0.15,Credit Card,Cancelled
10991,237,229,11,7,2025-05-22,6,321.97,0.1,Credit Card,Completed
10992,1270,23,12,17,2025-08-06,2,298.77,0.2,PayPal,Pending
10993,1849,7,15,5,2025-11-06,2,279.59,0.0,Gift Card,Shipped
10994,1496,272,4,26,2025-05-26,3,596.66,0.05,Debit Card,Returned
10995,1737,97,14,47,2024-07-21,1,228.27,0.0,PayPal,Shipped
10996,1945,172,10,6,2025-01-02,3,70.42,0.1,PayPal,Cancelled
10997,1151,80,6,9,2023-07-07,4,249.35,0.15,Debit Card,Pending
10998,1522,126,3,43,2024-09-14,1,333.86,0.0,PayPal,Pending
10999,939,98,11,12,2025-05-20,2,263.06,0.2,Cash,Pending
11000,452,69,10,21,2024-07-07,6,444.45,0.05,PayPal,Returned
11001,1012,196,10,29,2023-05-29,2,222.19,0.05,Gift Card,Completed
11002,1571,290,4,34,2025-04-16,3,30.66,0.0,Debit Card,Completed
11003,1563,264,6,14,2025-07-27,3,25.86,0.15,PayPal,Completed
11004,1192,103,2,28,2023-02-04,3,220.08,0.0,Credit Card,Completed
11005,474,17,11,33,2023-07-09,2,307.03,0.2,Cash,Completed
11006,73,60,6,9,2025-08-27,6,307.03,0.2,Debit Card,Completed
11007,848,139,6,14,2023-06-06,5,334.0,0.05,Debit Card,Shipped
11008,1460,282,10,21,2023-03-07,4,461.23,0.0,Gift Card,Completed
11009,1120,5,9,38,2025-02-23,6,136.89,0.1,Debit Card,Shipped
11010,1308,186,15,16,2025-09-17,5,39.01,0.0,Debit Card,Completed
11011,963,36,3,31,2023-07-09,3,480.04,0.05,Gift Card,Completed
11012,1702,1,8,19,2023-04-14,4,31.01,0.15,PayPal,Shipped
11013,655,190,13,30,2024-01-31,5,292.3,0.0,Gift Card,Completed
11014,177,91,7,40,2023-08-03,4,406.77,0.0,Debit Card,Completed
11015,1846,14,3,43,2025-03-23,2,379.66,0.2,PayPal,Cancelled
11016,1977,295,14,47,2023-11-09,2,647.12,0.1,PayPal,Cancelled
11017,29,120,2,45,2023-02-25,3,346.06,0.15,Credit Card,Completed
11018,762,244,6,9,2024-08-30,1,328.77,0.1,Debit Card,Completed
11019,1579,297,15,44,2023-06-17,3,334.26,0.0,Gift Card,Shipped
11020,1217,275,2,3,2025-07-08,5,255.49,0.05,PayPal,Cancelled
11021,398,172,3,31,2025-04-23,2,70.42,0.0,Gift Card,Completed
11022,21,94,2,3,2025-08-18,1,325.59,0.0,Cash,Completed
11023,1536,81,13,42,2024-12-06,1,379.78,0.0,Credit Card,Completed
11024,1581,2,1,22,2025-01-17,2,35.98,0.15,Credit Card,Pending
11025,1044,196,13,49,2023-09-03,4,222.19,0.0,PayPal,Completed
11026,283,68,9,25,2025-12-20,4,15.0,0.0,Credit Card,Returned
11027,50,237,3,20,2023-04-20,4,159.44,0.0,PayPal,Completed
11028,980,166,8,19,2025-08-12,4,172.27,0.0,Gift Card,Completed
11029,1014,185,10,29,2025-02-19,4,357.71,0.0,Gift Card,Pending
11030,1757,231,4,35,2024-02-14,2,52.2,0.2,Cash,Cancelled
11031,290,143,15,18,2023-03-04,1,511.76,0.1,Cash,Completed
11032,18,286,10,4,2024-11-21,6,217.06,0.15,Credit Card,Returned
11033,757,99,6,14,2024-10-09,1,384.25,0.15,Cash,Completed
11034,1170,84,11,33,2023-05-03,4,38.26,0.05,Gift Card,Returned
11035,1041,132,10,29,2023-09-30,4,127.63,0.0,Gift Card,Shipped
11036,1300,66,13,46,2024-02-08,3,330.95,0.0,Debit Card,Returned
11037,1116,242,3,31,2025-03-04,1,378.8,0.2,Credit Card,Pending
11038,62,269,6,14,2023-09-03,1,260.22,0.1,Debit Card,Completed
11039,1655,156,5,1,2023-10-21,5,64.7,0.05,Cash,Returned
11040,315,60,4,26,2025-10-27,6,307.03,0.1,Credit Card,Cancelled
11041,179,207,9,25,2024-06-25,2,245.28,0.0,Credit Card,Completed
11042,1989,276,10,4,2025-07-02,6,394.14,0.15,PayPal,Returned
11043,1101,3,8,19,2025-01-24,4,507.54,0.1,Credit Card,Completed
11044,487,190,2,3,2024-05-23,1,292.3,0.0,Gift Card,Shipped
11045,1669,98,7,40,2025-09-14,1,263.06,0.2,Cash,Returned
11046,1626,5,8,39,2025-10-06,3,136.89,0.0,Debit Card,Completed
11047,74,85,15,16,2023-09-03,2,347.38,0.15,Credit Card,Completed
11048,1186,83,3,20,2023-05-21,3,347.94,0.1,Gift Card,Returned
11049,1954,45,4,26,2023-03-26,4,107.36,0.0,PayPal,Completed
11050,320,46,13,46,2025-01-11,5,393.27,0.15,PayPal,Shipped
11051,1061,223,1,41,2023-08-06,6,162.74,0.1,Gift Card,Cancelled
11052,1562,103,4,35,2025-10-25,6,220.08,0.05,Credit Card,Cancelled
11053,526,273,7,2,2025-04-06,5,265.88,0.2,Debit Card,Completed
11054,878,169,10,4,2024-01-01,5,446.78,0.0,Credit Card,Completed
11055,723,63,15,15,2025-03-26,1,63.8,0.0,Cash,Returned
11056,1898,166,8,19,2024-08-16,6,172.27,0.1,PayPal,Completed
11057,1072,132,3,43,2025-07-17,5,127.63,0.0,Credit Card,Cancelled
11058,1915,116,2,45,2024-05-09,2,365.71,0.2,Credit Card,Returned
11059,1950,236,6,9,2024-01-05,4,209.86,0.05,Credit Card,Pending
11060,1374,162,7,2,2025-03-01,2,532.97,0.05,Cash,Returned
11061,1774,53,8,39,2025-03-01,3,459.8,0.05,Cash,Shipped
11062,45,75,13,49,2025-10-26,6,363.98,0.0,Credit Card,Shipped
11063,281,52,12,17,2023-03-07,1,120.46,0.1,Debit Card,Completed
11064,98,78,12,11,2025-05-10,4,176.26,0.1,PayPal,Completed
11065,237,188,15,44,2025-09-23,2,448.74,0.05,Debit Card,Cancelled
11066,1476,50,11,33,2024-02-29,4,564.26,0.0,Cash,Completed
11067,1824,153,4,35,2024-02-24,3,238.04,0.05,Credit Card,Shipped
11068,1566,177,1,50,2025-02-17,1,467.22,0.0,Debit Card,Shipped
11069,630,33,6,9,2025-10-29,5,422.83,0.15,Cash,Completed
11070,1632,249,4,34,2024-12-28,6,471.0,0.1,Credit Card,Completed
11071,845,81,14,47,2023-12-08,1,379.78,0.15,Credit Card,Completed
11072,1859,25,1,36,2025-09-28,3,323.92,0.0,Credit Card,Completed
11073,888,17,1,41,2023-09-01,4,307.03,0.0,Cash,Returned
11074,596,61,6,14,2023-07-12,6,172.42,0.0,Credit Card,Cancelled
11075,1604,265,8,19,2024-07-23,1,348.49,0.15,Cash,Pending
11076,1640,74,1,36,2025-09-15,5,292.63,0.0,Credit Card,Completed
11077,300,128,7,40,2025-01-17,6,257.64,0.15,PayPal,Completed
11078,349,29,3,43,2023-04-25,2,197.73,0.0,Credit Card,Shipped
11079,927,85,12,10,2023-08-09,2,347.38,0.0,PayPal,Pending
11080,1675,165,12,17,2024-08-20,6,216.64,0.0,Credit Card,Pending
11081,1207,154,3,20,2024-10-26,3,214.32,0.05,Gift Card,Shipped
11082,1162,11,4,35,2024-08-19,2,289.37,0.15,Credit Card,Completed
11083,1141,75,11,12,2023-02-27,4,363.98,0.05,Debit Card,Cancelled
11084,681,128,13,46,2023-10-02,6,257.64,0.0,Credit Card,Returned
11085,613,62,14,8,2023-12-03,1,539.25,0.0,PayPal,Completed
11086,532,174,8,39,2023-03-07,2,62.11,0.0,Cash,Shipped
11087,186,189,4,26,2025-08-28,3,399.71,0.1,PayPal,Pending
11088,1626,213,11,12,2024-08-02,2,64.0,0.1,Debit Card,Completed
11089,145,148,3,31,2025-01-20,3,293.31,0.0,Cash,Completed
11090,1078,119,5,1,2024-09-08,3,63.82,0.0,PayPal,Completed
11091,1739,277,2,37,2025-08-25,1,320.72,0.1,Debit Card,Cancelled
11092,775,95,7,2,2025-06-26,3,435.89,0.0,Cash,Completed
11093,442,296,9,38,2025-05-02,2,81.85,0.0,Debit Card,Completed
11094,1395,174,10,6,2024-11-06,1,62.11,0.15,Cash,Pending
11095,1852,168,8,24,2023-10-11,5,303.92,0.05,PayPal,Completed
11096,414,82,15,16,2024-07-14,4,166.87,0.2,Credit Card,Returned
11097,637,116,15,5,2024-06-23,2,365.71,0.1,Debit Card,Completed
11098,835,269,6,9,2025-09-09,6,260.22,0.15,Cash,Shipped
11099,869,287,11,12,2025-07-26,1,173.87,0.05,PayPal,Shipped
11100,1753,162,1,41,2023-11-21,5,532.97,0.0,Credit Card,Pending
11101,865,186,8,39,2024-02-24,2,39.01,0.0,Credit Card,Pending
11102,222,253,10,4,2025-08-26,6,101.3,0.1,Cash,Returned
11103,636,195,10,29,2024-10-28,5,165.25,0.15,PayPal,Shipped
11104,1380,160,3,20,2025-10-10,3,466.97,0.1,Gift Card,Cancelled
11105,60,295,1,41,2023-11-21,6,647.12,0.0,PayPal,Returned
11106,264,191,11,7,2025-11-22,3,519.67,0.2,Cash,Completed
11107,241,74,2,45,2024-10-18,3,292.63,0.0,Gift Card,Completed
11108,742,291,10,21,2025-12-03,6,9.1,0.1,Cash,Completed
11109,91,88,4,34,2024-08-11,1,291.53,0.0,Debit Card,Cancelled
11110,747,212,9,25,2024-05-11,2,26.85,0.0,Debit Card,Completed
11111,1940,135,14,47,2023-08-30,4,126.8,0.0,Credit Card,Pending
11112,943,282,5,23,2023-03-01,5,461.23,0.05,Debit Card,Completed
11113,154,183,12,10,2023-08-12,2,70.12,0.15,Credit Card,Pending
11114,1962,296,5,23,2024-01-27,2,81.85,0.0,Debit Card,Completed
11115,319,219,12,11,2024-02-25,4,243.18,0.0,Gift Card,Completed
11116,943,224,2,37,2023-01-22,4,190.7,0.1,Gift Card,Completed
11117,211,281,2,28,2024-03-27,3,125.56,0.2,PayPal,Completed
11118,357,226,5,1,2024-03-27,1,522.95,0.0,Debit Card,Returned
11119,1569,170,9,25,2023-09-13,5,260.29,0.2,Cash,Completed
11120,442,243,10,29,2025-09-11,1,,0.15,Gift Card,Completed
11121,1295,90,1,22,2023-08-29,1,483.64,0.0,PayPal,Cancelled
11122,797,84,1,36,2025-05-26,4,38.26,0.2,Gift Card,Cancelled
11123,1769,146,14,8,2023-10-24,5,309.25,0.0,Debit Card,Completed
11124,1770,116,9,38,2025-06-09,4,365.71,0.2,Gift Card,Completed
11125,432,140,7,40,2025-08-30,2,257.08,0.1,Cash,Completed
11126,217,152,3,43,2023-05-17,5,290.47,0.15,Cash,Completed
11127,218,264,12,11,2024-04-14,1,25.86,0.0,Credit Card,Completed
11128,1599,86,2,3,2025-08-06,3,302.91,0.05,Cash,Completed
11129,1374,270,5,1,2024-10-30,6,17.58,0.15,Gift Card,Returned
11130,1507,96,1,50,2023-06-22,3,595.96,0.0,Gift Card,Shipped
11131,1758,245,14,47,2025-08-13,4,328.64,0.0,Gift Card,Cancelled
11132,496,259,11,12,2025-06-11,4,395.59,0.0,Credit Card,Cancelled
11133,574,166,3,43,2023-06-28,5,172.27,0.15,PayPal,Completed
11134,1054,35,6,9,2024-01-01,3,53.95,0.0,Credit Card,Completed
11135,554,55,14,8,2023-01-08,1,17.81,0.1,Gift Card,Cancelled
11136,1474,298,9,25,2024-07-01,6,202.95,0.15,PayPal,Completed
11137,831,163,10,29,2024-04-26,1,270.34,0.15,PayPal,Shipped
11138,1421,71,3,31,2023-07-03,3,251.36,0.0,Debit Card,Completed
11139,1437,258,10,29,2023-02-25,1,270.37,0.0,PayPal,Returned
11140,1107,233,3,20,2024-06-04,1,400.32,0.2,Cash,Returned
11141,1485,87,10,6,2023-03-22,4,321.84,0.0,Cash,Cancelled
11142,78,68,7,2,2023-09-17,5,15.0,0.0,Cash,Shipped
11143,1295,37,2,28,2024-07-16,6,91.98,0.15,Gift Card,Shipped
11144,1432,22,15,32,2025-08-21,1,90.87,0.15,Debit Card,Pending
11145,1365,94,13,13,2023-06-25,3,325.59,0.05,Credit Card,Completed
11146,1203,131,4,35,2025-08-25,4,582.03,0.0,Cash,Shipped
11147,329,35,8,24,2023-03-31,6,53.95,0.0,Credit Card,Completed
11148,1753,7,7,2,2025-05-07,5,279.59,0.2,Credit Card,Returned
11149,1671,227,4,35,2024-05-14,6,225.3,0.15,Debit Card,Shipped
11150,1749,40,6,14,2023-07-10,1,408.98,0.15,Debit Card,Completed
11151,938,26,5,23,2024-07-28,4,68.26,0.15,PayPal,Completed
11152,396,266,1,36,2023-07-18,6,140.34,0.0,Gift Card,Completed
11153,1229,279,3,43,2023-08-26,5,281.48,0.05,Debit Card,Returned
11154,1854,52,3,20,2023-04-13,5,120.46,0.15,Cash,Completed
11155,1704,110,5,1,2023-02-15,4,570.1,0.2,PayPal,Shipped
11156,1559,67,3,31,2023-06-17,3,138.29,0.2,Gift Card,Shipped
11157,815,90,4,34,2025-07-12,4,483.64,0.0,Debit Card,Shipped
11158,1849,198,6,14,2024-05-13,2,125.5,0.0,Debit Card,Pending
11159,436,34,8,39,2023-10-03,6,71.12,0.2,Gift Card,Cancelled
11160,790,49,10,29,2024-08-08,4,148.66,0.1,Gift Card,Cancelled
11161,1962,85,2,37,2025-03-14,4,347.38,0.15,Cash,Completed
11162,1524,291,4,26,2023-12-15,2,9.1,0.0,Credit Card,Completed
11163,1207,208,10,6,2023-08-21,3,146.45,0.05,Cash,Shipped
11164,540,65,4,35,2025-12-17,6,543.26,0.2,PayPal,Completed
11165,1683,93,5,23,2025-10-30,6,380.69,0.15,Credit Card,Completed
11166,1794,252,2,3,2023-09-15,2,163.4,0.15,Credit Card,Pending
11167,848,147,12,10,2025-12-23,4,433.97,0.1,Debit Card,Completed
11168,466,94,11,12,2023-03-05,2,325.59,0.0,Cash,Completed
11169,1933,213,4,35,2024-10-08,6,64.0,0.0,Debit Card,Completed
11170,1832,273,12,11,2025-04-23,3,265.88,0.15,Credit Card,Returned
11171,152,215,8,24,2025-12-01,1,108.22,0.0,Gift Card,Shipped
11172,183,284,10,21,2024-11-21,2,413.62,0.1,Credit Card,Completed
11173,1001,176,11,33,2023-04-26,6,171.51,0.0,Gift Card,Cancelled
11174,1774,133,11,7,2025-12-27,6,321.54,0.0,PayPal,Completed
11175,593,123,5,1,2025-12-23,4,203.09,0.0,Cash,Completed
11176,1157,60,5,1,2024-11-30,5,307.03,0.0,Gift Card,Returned
11177,725,135,6,9,2025-06-14,3,126.8,0.0,Cash,Pending
11178,879,82,3,43,2023-09-04,6,166.87,0.15,Debit Card,Completed
11179,1372,247,13,49,2025-04-07,1,58.54,0.0,Cash,Completed
11180,689,269,2,37,2024-05-24,1,260.22,0.0,Gift Card,Completed
11181,461,64,5,23,2024-01-13,1,566.62,0.15,PayPal,Completed
11182,1723,115,4,35,2023-06-15,1,295.79,0.15,Gift Card,Completed
11183,304,161,13,49,2023-08-27,2,322.86,0.15,PayPal,Shipped
11184,1297,35,1,36,2025-12-06,1,53.95,0.0,PayPal,Completed
11185,1582,67,2,28,2025-02-02,2,138.29,0.0,Debit Card,Completed
11186,1420,131,14,8,2025-08-06,6,582.03,0.0,Credit Card,Pending
11187,1418,53,1,36,2025-11-04,2,459.8,0.2,Cash,Completed
11188,1688,186,11,7,2024-05-10,1,39.01,0.0,Gift Card,Shipped
11189,747,186,6,14,2023-02-18,2,39.01,0.2,Debit Card,Shipped
11190,69,158,12,11,2023-07-29,1,324.07,0.2,Debit Card,Completed
11191,518,22,8,39,2025-05-26,1,90.87,0.2,Cash,Completed
11192,253,71,11,12,2025-03-03,6,251.36,0.05,PayPal,Shipped
11193,1450,140,8,39,2024-09-14,6,257.08,0.0,Gift Card,Pending
11194,73,298,14,8,2023-11-01,5,202.95,0.0,Cash,Shipped
11195,1655,227,3,43,2023-08-11,3,225.3,0.1,Debit Card,Completed
11196,766,250,5,1,2023-07-26,5,120.54,0.2,PayPal,Completed
11197,867,285,2,28,2024-07-03,4,313.87,0.15,Gift Card,Completed
11198,213,38,11,12,2023-03-20,1,142.98,0.05,Credit Card,Cancelled
11199,365,54,15,27,2023-05-01,3,43.29,0.2,PayPal,Completed
11200,893,299,13,49,2023-11-18,1,150.33,0.05,PayPal,Returned
11201,445,58,4,34,2025-09-06,3,76.76,0.0,Credit Card,Completed
11202,1891,190,4,35,2023-11-11,6,292.3,0.0,Cash,Completed
11203,1241,196,9,38,2025-04-12,2,222.19,0.15,Gift Card,Cancelled
11204,1588,215,4,34,2023-10-20,2,108.22,0.0,Gift Card,Completed
11205,591,51,9,25,2025-06-21,3,190.91,0.0,Debit Card,Completed
11206,68,300,9,38,2024-03-29,5,306.79,0.15,Debit Card,Shipped
11207,745,16,13,30,2024-03-06,2,561.32,0.0,Cash,Returned
11208,835,141,15,44,2023-07-03,5,236.86,0.2,Gift Card,Completed
11209,11,85,3,20,2025-07-14,1,347.38,0.05,PayPal,Returned
11210,89,6,10,4,2025-08-09,2,628.51,0.1,Cash,Completed
11211,1185,295,13,30,2023-04-08,4,647.12,0.0,Gift Card,Returned
11212,1225,91,8,19,2024-04-01,6,406.77,0.2,Cash,Completed
11213,344,213,2,3,2025-10-29,6,64.0,0.0,Credit Card,Completed
11214,1641,145,14,47,2024-04-13,1,328.64,0.0,Credit Card,Pending
11215,1222,36,13,49,2023-04-01,4,480.04,0.0,Gift Card,Completed
11216,698,284,12,11,2023-03-24,5,413.62,0.2,Cash,Pending
11217,1821,217,14,8,2024-08-03,6,80.74,0.1,Gift Card,Completed
11218,701,177,4,26,2024-03-06,1,467.22,0.1,Debit Card,Shipped
11219,116,75,15,18,2023-08-01,5,363.98,0.0,PayPal,Completed
11220,1340,239,10,21,2025-11-19,5,337.62,0.0,Credit Card,Completed
11221,1149,9,7,40,2025-06-19,2,307.63,0.1,Gift Card,Cancelled
11222,460,278,11,7,2023-07-17,2,98.31,0.05,PayPal,Pending
11223,229,204,5,1,2025-10-26,6,127.04,0.05,Gift Card,Completed
11224,730,195,5,48,2023-06-14,2,165.25,0.05,Debit Card,Returned
11225,1151,227,7,2,2024-01-24,3,225.3,0.0,Gift Card,Pending
11226,180,290,13,30,2025-12-07,1,30.66,0.0,Credit Card,Completed
11227,1924,173,8,39,2023-01-22,6,159.58,0.15,Debit Card,Completed
11228,1360,6,14,47,2023-10-28,3,628.51,0.0,Cash,Completed
11229,33,180,9,38,2023-09-02,3,177.87,0.05,PayPal,Completed
11230,1522,204,13,30,2025-02-05,1,81.77,0.2,Debit Card,Completed
11231,1241,193,11,12,2023-07-13,6,248.63,0.0,Gift Card,Cancelled
11232,836,44,9,25,2024-02-02,2,317.68,0.1,Credit Card,Shipped
11233,1464,211,2,3,2025-12-19,6,199.85,0.2,PayPal,Completed
11234,1744,179,5,48,2023-06-06,4,63.58,0.1,Cash,Completed
11235,81,86,1,41,2023-11-24,4,302.91,0.0,Gift Card,Returned
11236,723,118,4,34,2023-03-06,1,145.14,0.2,Gift Card,Shipped
11237,1619,63,1,36,2024-08-01,6,63.8,0.0,Cash,Returned
11238,558,134,12,17,2024-02-04,2,170.45,0.2,PayPal,Cancelled
11239,382,155,14,47,2025-06-01,4,232.62,0.15,PayPal,Completed
11240,1443,161,15,16,2023-01-25,3,322.86,0.0,Debit Card,Pending
11241,142,65,15,18,2024-11-02,5,543.26,0.15,Credit Card,Completed
11242,962,149,1,41,2024-11-24,2,431.72,0.2,PayPal,Completed
11243,618,213,15,15,2025-08-24,1,64.0,0.0,PayPal,Pending
11244,475,184,9,25,2024-06-24,2,304.08,0.0,PayPal,Completed
11245,1685,68,14,8,2025-05-11,3,15.0,0.0,Credit Card,Cancelled
11246,1255,169,15,18,2025-04-16,4,446.78,0.2,Gift Card,Cancelled
11247,1706,92,7,2,2023-04-05,1,665.8,0.0,PayPal,Cancelled
11248,330,74,4,34,2025-11-06,4,292.63,0.2,Credit Card,Returned
11249,1763,88,10,21,2024-11-11,5,291.53,0.05,PayPal,Completed
11250,884,66,2,28,2023-10-29,4,330.95,0.05,PayPal,Pending
11251,1462,295,3,31,2023-04-03,6,647.12,0.0,Credit Card,Shipped
11252,1808,97,15,15,2023-08-27,4,228.27,0.1,Gift Card,Shipped
11253,1663,271,3,20,2024-05-09,6,316.69,0.05,Gift Card,Completed
11254,702,1,10,4,2025-09-21,2,31.01,0.0,Cash,Shipped
11255,290,13,12,10,2024-08-20,4,127.76,0.0,Debit Card,Returned
11256,371,132,10,21,2025-04-06,6,127.63,0.15,Debit Card,Returned
11257,174,200,12,10,2023-02-10,2,214.09,0.1,PayPal,Completed
11258,914,112,15,5,2025-03-17,6,347.45,0.15,Credit Card,Cancelled
11259,401,82,2,28,2025-07-30,3,166.87,0.0,Cash,Pending
11260,1858,157,1,22,2025-12-08,1,110.95,0.15,PayPal,Completed
11261,72,35,8,39,2024-07-06,2,53.95,0.2,Debit Card,Pending
11262,926,138,12,11,2023-01-27,1,102.03,0.15,Debit Card,Completed
11263,463,120,3,31,2023-04-10,1,346.06,0.2,PayPal,Completed
11264,1209,287,13,30,2025-12-17,2,173.87,0.1,Credit Card,Completed
11265,673,13,1,41,2024-12-23,5,127.76,0.0,Cash,Pending
11266,1303,136,13,49,2025-02-13,2,266.29,0.05,Debit Card,Completed
11267,215,223,3,20,2025-12-16,1,162.74,0.15,Gift Card,Completed
11268,968,123,3,20,2023-02-04,1,203.09,0.0,Credit Card,Pending
11269,588,224,14,8,2023-09-20,6,190.7,0.0,PayPal,Completed
11270,452,222,5,23,2025-06-03,3,412.69,0.2,Credit Card,Completed
11271,11,91,5,1,2025-04-01,5,406.77,0.0,Debit Card,Completed
11272,1301,234,14,8,2025-02-21,6,314.58,0.1,Credit Card,Cancelled
11273,352,123,1,50,2024-02-25,6,203.09,0.1,Credit Card,Cancelled
11274,1444,287,8,39,2023-02-08,6,173.87,0.0,Debit Card,Shipped
11275,1617,78,2,28,2023-10-06,5,176.26,0.1,PayPal,Completed
11276,1593,204,9,25,2024-08-05,6,33.98,0.1,Gift Card,Completed
11277,567,270,3,31,2025-03-14,2,17.58,0.1,Gift Card,Pending
11278,646,193,12,10,2024-11-05,1,248.63,0.0,Debit Card,Completed
11279,964,77,6,14,2023-06-28,3,442.92,0.0,Credit Card,Shipped
11280,1447,274,10,6,2024-04-26,3,57.88,0.0,Cash,Pending
11281,924,42,7,2,2024-02-18,5,483.01,0.2,PayPal,Pending
11282,1002,68,12,11,2025-08-08,4,15.0,0.0,Credit Card,Shipped
11283,1796,165,15,15,2025-04-03,2,216.64,0.2,PayPal,Shipped
11284,1606,267,13,46,2023-05-26,5,139.61,0.1,Cash,Completed
11285,1813,85,13,46,2024-12-25,2,347.38,0.05,Credit Card,Completed
11286,654,61,9,25,2023-11-21,1,172.42,0.15,Debit Card,Returned
11287,1490,104,13,46,2024-04-10,4,61.42,0.0,PayPal,Completed
11288,994,237,13,42,2025-07-02,2,159.44,0.0,Debit Card,Returned
11289,365,180,4,34,2023-11-03,4,177.87,0.05,Gift Card,Completed
11290,1496,173,5,23,2024-03-23,2,159.58,0.0,Gift Card,Cancelled
11291,269,148,4,35,2023-02-11,4,293.31,0.1,Gift Card,Completed
11292,1566,260,6,9,2025-10-31,5,172.37,0.15,Cash,Cancelled
11293,1565,299,1,41,2023-11-28,1,150.33,0.05,Debit Card,Completed
11294,793,234,8,19,2023-08-25,1,314.58,0.0,PayPal,Completed
11295,1912,162,13,42,2025-09-22,5,532.97,0.1,Debit Card,Pending
11296,1619,62,12,10,2025-04-01,2,539.25,0.2,Debit Card,Completed
11297,1843,119,1,22,2025-01-20,3,63.82,0.1,Credit Card,Pending
11298,253,87,5,1,2024-04-21,6,321.84,0.2,Cash,Returned
11299,817,30,7,40,2024-08-02,6,544.88,0.0,Cash,Shipped
11300,1118,138,4,26,2024-04-07,3,102.03,0.05,Gift Card,Shipped
11301,763,143,13,13,2023-08-17,3,511.76,0.1,Credit Card,Pending
11302,1770,131,11,12,2023-06-24,2,582.03,0.0,Debit Card,Cancelled
11303,1474,183,1,41,2024-04-11,2,70.12,0.2,Gift Card,Cancelled
11304,1672,234,7,40,2023-10-29,4,314.58,0.2,Cash,Completed
11305,350,204,13,46,2025-01-05,5,73.21,0.2,Debit Card,Returned
11306,805,23,11,12,2025-11-08,5,298.77,0.0,PayPal,Pending
11307,20,157,14,8,2024-12-21,5,110.95,0.15,Cash,Completed
11308,1725,33,2,45,2025-07-04,6,422.83,0.05,Cash,Shipped
11309,1241,3,4,26,2025-08-20,4,507.54,0.0,Cash,Completed
11310,587,273,15,32,2025-11-09,4,265.88,0.2,PayPal,Shipped
11311,1602,175,15,27,2024-06-08,6,86.78,0.1,Credit Card,Cancelled
11312,1372,263,7,40,2023-05-19,3,47.7,0.0,Cash,Returned
11313,1317,181,14,47,2023-11-05,6,334.11,0.0,Credit Card,Completed
11314,1965,177,7,2,2024-04-11,3,467.22,0.0,Gift Card,Completed
11315,1739,54,7,40,2023-12-25,6,43.29,0.1,Credit Card,Completed
11316,1760,294,11,12,2023-05-30,1,345.43,0.2,PayPal,Shipped
11317,620,56,15,15,2025-10-14,5,176.55,0.0,Cash,Returned
11318,720,197,3,20,2025-03-24,2,82.36,0.1,Debit Card,Cancelled
11319,1546,2,11,7,2025-01-17,2,35.98,0.0,Credit Card,Cancelled
11320,361,254,13,30,2023-01-23,5,307.61,0.05,Cash,Completed
11321,619,206,11,33,2025-03-24,2,367.62,0.0,Credit Card,Completed
11322,1606,60,9,38,2024-11-16,5,307.03,0.0,Credit Card,Cancelled
11323,387,97,8,19,2024-02-15,5,228.27,0.2,PayPal,Cancelled
11324,651,66,11,12,2024-03-19,3,330.95,0.2,PayPal,Pending
11325,1191,107,7,40,2023-06-16,3,247.26,0.1,Gift Card,Completed
11326,972,184,1,50,2025-08-16,6,304.08,0.0,PayPal,Completed
11327,1804,2,4,34,2024-01-07,3,35.98,0.0,Credit Card,Completed
11328,1383,17,2,45,2023-10-03,3,307.03,0.2,Debit Card,Returned
11329,627,24,4,34,2025-04-18,6,129.26,0.2,PayPal,Completed
11330,869,6,7,2,2025-02-02,4,628.51,0.0,Credit Card,Pending
11331,847,243,13,46,2023-04-13,2,523.63,0.0,Credit Card,Completed
11332,245,58,12,11,2023-06-21,6,76.76,0.0,Gift Card,Pending
11333,416,261,7,2,2025-04-11,4,638.9,0.0,PayPal,Completed
11334,1995,103,11,33,2025-01-03,5,220.08,0.05,Cash,Cancelled
11335,1617,67,9,25,2025-11-05,6,138.29,0.0,Credit Card,Cancelled
11336,886,128,15,16,2025-02-02,6,257.64,0.0,Gift Card,Completed
11337,904,114,8,39,2024-08-25,1,356.17,0.0,Gift Card,Completed
11338,627,76,4,35,2024-07-14,4,46.89,0.2,Credit Card,Shipped
11339,1670,251,12,10,2023-08-22,2,355.21,0.1,PayPal,Completed
11340,1810,29,7,2,2025-10-27,6,197.73,0.0,Cash,Completed
11341,1271,268,10,6,2023-10-18,5,252.86,0.0,Debit Card,Completed
11342,880,60,9,25,2025-12-24,6,307.03,0.0,Debit Card,Completed
11343,1346,59,10,21,2024-07-23,4,239.55,0.2,Credit Card,Completed
11344,1135,170,14,47,2023-08-11,5,260.29,0.2,Cash,Completed
11345,1482,249,12,11,2025-01-09,1,471.0,0.0,Credit Card,Completed
11346,670,4,10,4,2025-10-15,5,355.19,0.0,Debit Card,Completed
11347,281,102,7,2,2025-05-19,4,455.19,0.1,Debit Card,Pending
11348,840,127,10,6,2023-09-12,6,90.5,0.2,PayPal,Pending
11349,1126,260,7,2,2025-12-07,2,172.37,0.15,PayPal,Completed
11350,1485,25,14,8,2024-12-25,2,323.92,0.1,Cash,Completed
11351,1308,191,2,28,2025-05-08,2,519.67,0.05,Gift Card,Shipped
11352,1716,73,15,18,2025-06-06,4,68.44,0.0,Credit Card,Shipped
11353,1022,25,12,17,2025-10-06,6,323.92,0.0,Credit Card,Pending
11354,150,251,2,45,2024-06-08,1,355.21,0.0,Debit Card,Cancelled
11355,1706,10,8,19,2025-12-16,4,46.02,0.1,Debit Card,Completed
11356,15,298,3,31,2025-09-17,1,202.95,0.05,PayPal,Completed
11357,1952,254,4,34,2024-11-23,1,307.61,0.0,PayPal,Completed
11358,1660,222,2,37,2025-10-14,2,412.69,0.05,PayPal,Completed
11359,114,40,9,38,2025-03-09,1,408.98,0.05,Debit Card,Completed
11360,1579,229,4,35,2023-03-17,5,321.97,0.2,Debit Card,Cancelled
11361,1283,263,12,10,2023-08-06,6,47.7,0.0,PayPal,Shipped
11362,1865,48,1,22,2025-07-08,1,397.65,0.0,Debit Card,Completed
11363,1498,225,11,12,2025-03-26,1,131.27,0.1,PayPal,Completed
11364,1423,98,3,43,2023-06-26,1,263.06,0.15,Credit Card,Completed
11365,1223,286,10,6,2023-06-01,1,217.06,0.2,Cash,Completed
11366,236,94,8,24,2024-03-14,1,325.59,0.0,Gift Card,Pending
11367,464,120,1,50,2023-01-07,1,346.06,0.15,PayPal,Completed
11368,1293,72,15,18,2023-05-25,2,301.36,0.0,Debit Card,Completed
11369,786,100,15,5,2023-02-18,6,447.11,0.1,Credit Card,Shipped
11370,421,21,9,38,2024-05-17,4,407.45,0.2,Cash,Shipped
11371,878,100,9,38,2024-07-16,3,447.11,0.2,Gift Card,Completed
11372,1098,215,9,38,2023-08-10,6,108.22,0.15,Credit Card,Completed
11373,1199,103,10,6,2023-06-10,5,220.08,0.2,Gift Card,Completed
11374,84,97,11,7,2024-11-25,5,228.27,0.0,Credit Card,Completed
11375,890,50,3,20,2025-05-18,4,564.26,0.0,Debit Card,Completed
11376,924,297,4,35,2023-01-30,6,334.26,0.0,Credit Card,Returned
11377,858,171,13,42,2024-02-13,6,293.86,0.0,Debit Card,Completed
11378,678,249,5,1,2025-09-04,3,471.0,0.2,Credit Card,Completed
11379,1744,138,5,48,2023-09-10,4,102.03,0.1,Credit Card,Completed
11380,1562,253,14,47,2023-06-10,2,101.3,0.0,Credit Card,Completed
11381,740,20,3,31,2023-10-13,3,170.95,0.2,PayPal,Shipped
11382,1399,105,8,39,2025-09-17,2,500.45,0.0,Gift Card,Pending
11383,1314,48,11,7,2024-10-27,3,397.65,0.1,Credit Card,Completed
11384,409,252,11,12,2025-05-17,6,163.4,0.0,Credit Card,Completed
11385,1142,54,12,17,2025-06-11,4,43.29,0.05,Credit Card,Completed
11386,9,199,12,17,2024-07-06,5,314.59,0.0,Credit Card,Pending
11387,315,215,7,40,2023-09-03,2,108.22,0.2,Credit Card,Returned
11388,1295,108,10,21,2024-03-04,3,603.53,0.1,Debit Card,Completed
11389,968,149,1,50,2025-05-02,4,431.72,0.0,Credit Card,Completed
11390,1772,39,7,40,2024-09-19,4,340.31,0.05,Debit Card,Completed
11391,1177,70,4,35,2025-05-06,2,42.41,0.1,PayPal,Completed
11392,979,277,4,35,2024-11-19,3,320.72,0.1,Cash,Completed
11393,756,93,11,12,2024-12-28,1,380.69,0.05,Gift Card,Completed
11394,1556,125,13,46,2025-10-25,4,152.14,0.0,PayPal,Completed
11395,991,138,6,9,2024-10-14,6,102.03,0.0,PayPal,Shipped
11396,482,76,15,5,2025-06-05,4,46.89,0.15,Debit Card,Completed
11397,1764,64,5,23,2025-05-11,5,566.62,0.0,PayPal,Pending
11398,809,185,14,8,2024-08-11,5,357.71,0.0,Gift Card,Completed
11399,995,58,13,49,2024-02-19,2,76.76,0.0,Credit Card,Completed
11400,229,1,4,26,2024-05-17,2,31.01,0.05,Debit Card,Completed
11401,183,40,13,46,2024-03-20,3,408.98,0.15,Credit Card,Completed
11402,1472,246,7,2,2024-03-21,2,594.34,0.1,Debit Card,Completed
11403,110,52,6,14,2023-06-04,5,120.46,0.2,Debit Card,Cancelled
11404,1640,250,9,38,2025-03-09,6,120.54,0.0,Cash,Completed
11405,963,239,4,26,2025-05-21,1,337.62,0.0,Debit Card,Completed
11406,1485,275,15,18,2024-07-11,2,255.49,0.0,Cash,Completed
11407,1644,216,10,4,2023-03-30,3,91.49,0.05,PayPal,Pending
11408,1902,100,4,26,2025-04-20,4,447.11,0.0,Debit Card,Cancelled
11409,1964,10,7,2,2024-11-18,6,46.02,0.0,Debit Card,Completed
11410,1973,32,5,48,2025-07-27,6,162.12,0.0,Cash,Completed
11411,637,198,6,9,2023-04-02,6,125.5,0.2,Credit Card,Returned
11412,1368,122,15,16,2024-01-31,6,203.86,0.1,Credit Card,Returned
11413,202,234,4,26,2024-01-04,3,314.58,0.0,PayPal,Completed
11414,236,289,8,39,2023-05-08,2,246.14,0.15,Debit Card,Completed
11415,1753,143,4,26,2024-06-23,6,511.76,0.05,Credit Card,Completed
11416,81,108,15,18,2023-01-04,1,603.53,0.1,Debit Card,Returned
11417,533,297,9,38,2023-12-13,2,334.26,0.0,PayPal,Completed
11418,1430,282,11,33,2023-07-29,5,461.23,0.0,Credit Card,Returned
11419,1778,279,10,4,2024-07-02,3,281.48,0.0,Gift Card,Completed
11420,1306,186,10,6,2025-02-25,3,39.01,0.0,PayPal,Completed
11421,762,194,4,26,2025-09-16,6,35.78,0.0,Cash,Completed
11422,362,218,12,11,2025-10-17,5,95.1,0.15,Cash,Completed
11423,312,8,5,1,2025-06-16,4,143.64,0.1,PayPal,Shipped
11424,1198,12,13,13,2024-02-01,2,582.22,0.0,Credit Card,Pending
11425,391,186,14,8,2023-08-05,4,39.01,0.0,Cash,Cancelled
11426,1963,113,7,40,2024-04-06,5,438.2,0.15,Gift Card,Completed
11427,1728,238,1,36,2024-02-27,6,196.9,0.0,Debit Card,Completed
11428,174,230,6,9,2024-02-26,3,49.56,0.0,Gift Card,Pending
11429,1638,42,15,18,2024-01-13,3,483.01,0.2,Credit Card,Completed
11430,668,164,12,17,2024-11-27,5,117.71,0.0,Cash,Completed
11431,91,252,2,3,2025-02-06,3,163.4,0.2,PayPal,Completed
11432,1414,7,11,12,2025-10-31,6,279.59,0.0,PayPal,Pending
11433,182,296,4,26,2023-02-09,1,81.85,0.1,Gift Card,Completed
11434,1364,29,4,35,2024-05-03,2,197.73,0.2,Gift Card,Completed
11435,375,251,2,28,2023-03-22,2,355.21,0.15,Debit Card,Completed
11436,1395,109,3,31,2023-04-03,3,33.31,0.1,Credit Card,Completed
11437,592,187,1,22,2025-11-09,2,226.55,0.0,PayPal,Completed
11438,790,153,7,2,2023-11-04,2,238.04,0.0,Gift Card,Shipped
11439,594,53,3,20,2024-01-05,4,459.8,0.0,Debit Card,Completed
11440,1360,238,10,21,2023-10-03,5,196.9,0.05,Cash,Cancelled
11441,349,232,10,4,2025-03-24,4,316.8,0.2,Gift Card,Completed
11442,1066,32,9,38,2024-08-13,6,162.12,0.2,Gift Card,Completed
11443,1809,262,15,15,2025-03-24,3,392.06,0.2,Cash,Cancelled
11444,584,106,2,3,2023-05-12,2,127.35,0.0,PayPal,Completed
11445,180,40,3,43,2025-08-19,1,408.98,0.0,Debit Card,Pending
11446,700,192,1,41,2024-09-08,1,29.92,0.15,PayPal,Completed
11447,1008,52,9,25,2024-07-09,4,120.46,0.0,Credit Card,Completed
11448,1248,234,12,10,2024-09-10,2,314.58,0.2,Cash,Shipped
11449,264,226,9,25,2023-04-25,6,522.95,0.15,Debit Card,Pending
11450,1955,116,5,1,2023-12-27,2,365.71,0.0,Credit Card,Completed
11451,1257,27,14,8,2025-12-22,4,565.88,0.05,Debit Card,Pending
11452,1383,159,6,14,2023-08-04,4,323.53,0.2,Debit Card,Completed
11453,435,192,9,25,2023-08-07,3,29.92,0.0,Debit Card,Returned
11454,1736,167,5,23,2025-07-30,3,87.74,0.0,Credit Card,Returned
11455,383,225,7,40,2025-07-28,3,131.27,0.15,Cash,Returned
11456,570,199,15,15,2023-09-19,1,314.59,0.05,Cash,Completed
11457,543,109,2,3,2024-05-29,6,33.31,0.05,Cash,Shipped
11458,43,1,7,40,2024-09-02,2,31.01,0.05,PayPal,Shipped
11459,186,123,10,29,2024-04-05,4,203.09,0.0,Cash,Completed
11460,559,187,13,13,2023-04-07,4,226.55,0.15,Debit Card,Pending
11461,350,157,7,2,2024-01-13,1,110.95,0.0,Gift Card,Returned
11462,541,267,8,19,2023-10-30,1,139.61,0.0,Cash,Returned
11463,368,258,8,24,2024-10-06,4,270.37,0.15,Gift Card,Pending
11464,1137,37,12,10,2024-03-27,3,91.98,0.0,Cash,Returned
11465,250,210,3,31,2024-12-15,4,77.07,0.2,PayPal,Completed
11466,332,274,4,35,2024-05-27,3,57.88,0.0,Gift Card,Completed
11467,1375,194,9,38,2025-11-20,4,35.78,0.0,Gift Card,Completed
11468,1793,30,7,2,2023-05-27,3,544.88,0.1,Credit Card,Completed
11469,699,2,3,20,2025-06-24,5,35.98,0.15,Gift Card,Cancelled
11470,1627,273,6,9,2025-02-01,1,265.88,0.05,Debit Card,Returned
11471,1356,79,13,42,2025-01-08,3,143.89,0.0,PayPal,Completed
11472,148,250,11,12,2023-01-14,3,120.54,0.0,Debit Card,Pending
11473,167,139,13,13,2025-02-25,5,334.0,0.0,Debit Card,Completed
11474,1337,106,5,48,2023-11-02,2,127.35,0.0,Debit Card,Pending
11475,277,66,9,25,2023-10-19,4,330.95,0.1,PayPal,Returned
11476,1238,83,3,20,2024-04-09,6,347.94,0.0,Debit Card,Completed
11477,196,42,11,33,2023-01-17,2,483.01,0.05,Cash,Cancelled
11478,623,196,3,20,2025-10-12,4,222.19,0.0,Cash,Returned
11479,1632,174,8,19,2024-05-21,5,62.11,0.0,Debit Card,Shipped
11480,115,20,7,40,2025-10-27,5,170.95,0.2,PayPal,Pending
11481,616,95,2,45,2023-01-08,4,435.89,0.0,Cash,Completed
11482,1856,203,7,2,2024-02-12,6,511.82,0.1,Debit Card,Completed
11483,864,96,2,3,2023-07-06,2,595.96,0.15,PayPal,Completed
11484,802,84,10,29,2023-12-03,1,38.26,0.05,Cash,Completed
11485,1436,3,13,46,2023-08-31,6,507.54,0.15,Gift Card,Completed
11486,321,254,4,34,2025-09-02,4,307.61,0.0,Gift Card,Completed
11487,407,292,5,48,2023-04-30,6,398.38,0.05,Debit Card,Completed
11488,1473,247,3,43,2024-11-23,2,58.54,0.15,Cash,Completed
11489,1389,195,8,19,2023-09-02,1,165.25,0.0,PayPal,Completed
11490,1965,133,13,42,2023-04-07,4,321.54,0.1,Cash,Shipped
11491,181,20,4,34,2025-05-02,6,170.95,0.1,PayPal,Completed
11492,206,81,6,14,2023-02-15,4,379.78,0.0,Credit Card,Completed
11493,1690,171,2,37,2023-12-06,5,293.86,0.05,Credit Card,Returned
11494,1902,193,10,21,2023-12-20,5,248.63,0.0,PayPal,Shipped
11495,1385,187,13,49,2025-03-28,4,226.55,0.05,Gift Card,Completed
11496,475,277,3,31,2023-04-08,6,320.72,0.0,Debit Card,Completed
11497,891,189,8,24,2023-02-25,4,399.71,0.1,Cash,Completed
11498,521,286,15,15,2024-02-11,5,217.06,0.15,Cash,Completed
11499,1077,111,12,17,2023-01-02,2,123.3,0.05,Debit Card,Completed
11500,1419,183,6,14,2024-08-25,-6,70.12,0.0,Debit Card,Completed
11501,381,31,8,24,2023-09-17,6,179.93,0.2,PayPal,Completed
11502,1051,283,2,3,2024-09-16,2,84.31,0.2,Debit Card,Completed
11503,1281,47,12,17,2024-01-26,2,126.89,0.0,Credit Card,Completed
11504,1697,12,10,4,2025-08-15,3,582.22,0.0,PayPal,Pending
11505,303,271,10,29,2024-08-01,4,316.69,0.1,Cash,Completed
11506,1210,205,15,27,2024-12-19,2,370.78,0.0,Debit Card,Pending
11507,1049,81,7,2,2023-07-22,2,379.78,0.15,PayPal,Cancelled
11508,1780,290,2,28,2023-11-29,2,30.66,0.0,Gift Card,Completed
11509,836,224,14,47,2024-11-28,1,190.7,0.05,PayPal,Completed
11510,1972,87,3,20,2025-10-11,2,321.84,0.1,Gift Card,Completed
11511,1153,242,15,32,2024-07-14,1,378.8,0.0,Debit Card,Pending
11512,1291,256,14,8,2025-10-09,1,203.89,0.05,Cash,Pending
11513,625,294,7,2,2023-03-16,3,345.43,0.15,PayPal,Cancelled
11514,1358,69,5,23,2023-08-21,1,444.45,0.0,Cash,Shipped
11515,547,14,4,34,2023-05-02,4,379.66,0.0,Gift Card,Completed
11516,1075,47,5,48,2023-02-13,5,126.89,0.05,Gift Card,Completed
11517,1582,30,15,18,2024-08-16,6,544.88,0.0,Cash,Returned
11518,793,126,1,22,2024-12-11,2,333.86,0.0,PayPal,Returned
11519,942,9,13,42,2023-07-30,3,307.63,0.15,Credit Card,Cancelled
11520,1365,112,9,25,2025-07-03,6,347.45,0.1,PayPal,Completed
11521,1601,194,6,9,2024-02-22,6,35.78,0.0,Debit Card,Completed
11522,1718,176,6,14,2024-03-12,6,171.51,0.0,Debit Card,Pending
11523,67,3,15,44,2023-06-03,6,507.54,0.1,Debit Card,Completed
11524,1681,223,14,47,2023-01-23,1,162.74,0.15,Gift Card,Completed
11525,746,175,10,4,2024-07-15,2,86.78,0.2,Credit Card,Returned
11526,1006,203,3,31,2023-05-19,3,511.82,0.0,PayPal,Completed
11527,183,25,4,26,2024-07-12,2,323.92,0.2,Gift Card,Shipped
11528,672,46,5,23,2024-03-15,1,393.27,0.05,PayPal,Completed
11529,365,281,14,8,2025-04-13,1,125.56,0.2,PayPal,Shipped
11530,1197,80,9,25,2024-09-14,5,249.35,0.1,Cash,Cancelled
11531,1636,158,6,14,2024-07-01,4,324.07,0.15,PayPal,Completed
11532,124,94,13,49,2024-12-28,3,325.59,0.0,PayPal,Returned
11533,1841,248,10,4,2025-06-17,6,230.55,0.2,Cash,Cancelled
11534,776,247,13,42,2025-08-30,5,58.54,0.0,Credit Card,Completed
11535,1166,13,15,16,2023-01-21,5,127.76,0.0,Cash,Shipped
11536,1680,32,5,23,2025-01-06,4,162.12,0.0,Cash,Cancelled
11537,1262,253,13,13,2023-08-18,4,101.3,0.0,Debit Card,Completed
11538,397,11,12,10,2023-03-22,4,289.37,0.1,Cash,Completed
11539,999,228,12,10,2025-09-20,1,247.35,0.0,Gift Card,Completed
11540,1810,272,11,33,2024-12-25,2,596.66,0.05,Debit Card,Pending
11541,1044,32,4,34,2023-10-18,4,162.12,0.15,Credit Card,Completed
11542,1917,286,9,25,2023-11-17,3,217.06,0.0,Gift Card,Pending
11543,1978,168,9,38,2024-03-09,5,303.92,0.2,Debit Card,Returned
11544,633,161,14,47,2025-12-31,5,322.86,0.0,PayPal,Shipped
11545,972,58,13,46,2025-04-04,1,76.76,0.1,Gift Card,Completed
11546,970,77,13,42,2024-09-09,6,442.92,0.0,Credit Card,Completed
11547,1566,64,13,30,2024-10-13,3,566.62,0.0,Debit Card,Completed
11548,925,182,4,26,2023-01-08,3,543.63,0.15,Gift Card,Completed
11549,304,220,9,38,2023-04-16,3,357.02,0.0,Cash,Pending
11550,1742,211,4,26,2024-12-07,5,199.85,0.15,Cash,Returned
11551,334,85,12,10,2024-09-02,5,347.38,0.0,Gift Card,Completed
11552,772,113,14,8,2024-11-20,3,438.2,0.05,Cash,Completed
11553,835,122,1,22,2023-10-10,6,203.86,0.1,Debit Card,Completed
11554,1654,207,9,25,2025-06-05,3,245.28,0.05,Credit Card,Completed
11555,1269,300,13,30,2024-09-21,3,306.79,0.0,Gift Card,Completed
11556,537,2,12,17,2023-10-03,6,35.98,0.1,Cash,Returned
11557,985,216,10,4,2023-06-15,2,91.49,0.0,Debit Card,Shipped
11558,1609,82,1,22,2025-10-27,6,166.87,0.2,Credit Card,Completed
11559,1300,266,7,40,2025-04-24,6,140.34,0.0,PayPal,Completed
11560,272,229,15,5,2025-08-04,3,321.97,0.1,Debit Card,Shipped
11561,1628,140,1,36,2023-08-17,3,257.08,0.2,Debit Card,Completed
11562,1210,15,7,40,2024-06-11,3,454.62,0.15,Gift Card,Shipped
11563,1014,126,5,1,2025-12-18,6,333.86,0.0,Gift Card,Returned
11564,1282,157,5,23,2023-11-30,5,110.95,0.0,Credit Card,Cancelled
11565,1457,50,5,23,2023-11-12,3,564.26,0.2,Gift Card,Shipped
11566,1038,221,6,9,2023-11-13,6,183.32,0.15,Debit Card,Completed
11567,1913,82,14,47,2025-02-27,3,166.87,0.0,PayPal,Cancelled
11568,1873,149,2,37,2024-02-15,2,431.72,0.1,Cash,Pending
11569,1102,256,14,8,2025-06-21,1,203.89,0.15,Gift Card,Completed
11570,1374,257,10,4,2024-07-13,2,29.22,0.0,Credit Card,Cancelled
11571,1366,91,8,39,2025-04-21,5,406.77,0.05,Debit Card,Pending
11572,1124,269,10,4,2024-08-26,3,260.22,0.0,Gift Card,Pending
11573,946,239,7,2,2023-10-25,5,337.62,0.05,Credit Card,Shipped
11574,436,76,11,33,2023-11-28,5,46.89,0.2,Gift Card,Completed
11575,217,112,13,49,2023-10-23,2,347.45,0.0,Credit Card,Completed
11576,292,150,9,25,2024-11-27,6,157.31,0.05,Gift Card,Cancelled
11577,1081,157,13,30,2023-03-06,5,110.95,0.1,Gift Card,Pending
11578,999,153,11,12,2024-08-27,4,238.04,0.0,PayPal,Cancelled
11579,126,25,12,10,2025-06-11,5,323.92,0.1,PayPal,Cancelled
11580,1484,225,12,17,2023-09-04,2,131.27,0.1,Credit Card,Completed
11581,571,88,2,37,2024-02-08,2,291.53,0.05,Cash,Cancelled
11582,73,262,15,32,2023-08-14,3,392.06,0.0,Credit Card,Shipped
11583,1482,54,4,26,2025-03-17,4,43.29,0.0,Credit Card,Cancelled
11584,1991,116,15,18,2024-02-07,1,365.71,0.15,Gift Card,Completed
11585,1532,177,6,9,2025-05-15,2,467.22,0.0,Credit Card,Pending
11586,1369,4,12,11,2024-03-14,2,355.19,0.05,Debit Card,Completed
11587,1410,294,11,12,2024-09-28,4,345.43,0.15,PayPal,Completed
11588,1367,196,15,44,2025-01-18,1,222.19,0.0,Credit Card,Cancelled
11589,508,190,15,16,2024-07-04,3,292.3,0.0,Cash,Cancelled
11590,362,86,4,34,2023-02-28,5,302.91,0.0,Cash,Pending
11591,199,6,2,37,2024-10-12,6,628.51,0.1,Debit Card,Pending
11592,355,299,6,14,2023-03-27,4,150.33,0.0,Debit Card,Completed
11593,1821,265,12,17,2023-09-14,4,348.49,0.0,Debit Card,Returned
11594,1194,104,4,26,2023-11-10,1,61.42,0.0,Cash,Completed
11595,1409,47,2,28,2024-11-26,5,126.89,0.0,Credit Card,Completed
11596,1525,191,5,48,2023-08-31,2,519.67,0.1,Debit Card,Shipped
11597,834,214,15,15,2023-08-16,5,264.25,0.2,Debit Card,Returned
11598,527,6,14,47,2024-11-09,5,628.51,0.0,Gift Card,Completed
11599,1522,23,6,14,2024-04-30,3,298.77,0.1,Gift Card,Completed
11600,831,254,2,37,2023-04-23,4,307.61,0.2,Gift Card,Completed
11601,1598,249,3,43,2024-09-25,6,471.0,0.0,Credit Card,Completed
11602,1990,36,3,43,2025-06-08,1,480.04,0.0,Credit Card,Returned
11603,702,176,11,12,2025-12-10,6,171.51,0.0,Gift Card,Completed
11604,319,87,10,21,2023-06-02,5,321.84,0.0,Cash,Completed
11605,664,251,2,3,2023-02-22,5,355.21,0.1,Debit Card,Completed
11606,1877,211,4,35,2024-01-15,6,199.85,0.0,Debit Card,Cancelled
11607,1739,223,15,18,2023-05-20,1,162.74,0.05,Credit Card,Cancelled
11608,273,267,14,47,2023-04-27,1,139.61,0.1,PayPal,Completed
11609,1874,151,14,8,2024-08-24,6,61.55,0.05,PayPal,Completed
11610,1268,78,12,17,2024-02-11,2,176.26,0.2,Debit Card,Cancelled
11611,483,267,7,40,2025-04-26,1,139.61,0.2,Debit Card,Completed
11612,667,210,3,20,2024-08-28,5,77.07,0.15,Gift Card,Completed
11613,444,246,9,38,2023-05-30,6,594.34,0.05,Credit Card,Shipped
11614,259,295,7,2,2024-06-02,3,647.12,0.0,Cash,Completed
11615,958,248,6,9,2024-11-05,2,230.55,0.2,Credit Card,Cancelled
11616,762,219,6,14,2023-05-13,5,243.18,0.0,Debit Card,Completed
11617,208,5,11,33,2025-09-19,2,136.89,0.0,Gift Card,Returned
11618,468,97,4,35,2023-06-05,2,228.27,0.0,Cash,Completed
11619,973,61,7,2,2023-08-30,1,172.42,0.0,Gift Card,Completed
11620,1206,46,2,45,2025-07-29,1,393.27,0.05,Debit Card,Cancelled
11621,1148,227,12,11,2023-02-14,2,225.3,0.15,Gift Card,Pending
11622,988,207,8,39,2025-08-20,3,245.28,0.2,Cash,Completed
11623,660,120,7,40,2025-01-28,2,346.06,0.05,Cash,Shipped
11624,791,110,1,36,2024-11-28,2,570.1,0.0,PayPal,Completed
11625,938,60,5,23,2023-07-14,4,307.03,0.2,Gift Card,Completed
11626,1804,125,11,7,2024-12-13,5,152.14,0.0,Cash,Completed
11627,421,218,10,6,2025-07-04,5,95.1,0.0,Credit Card,Completed
11628,904,77,2,28,2024-02-23,5,442.92,0.0,Cash,Completed
11629,919,209,7,2,2023-04-01,2,193.95,0.1,Cash,Completed
11630,41,202,4,35,2025-04-05,2,211.09,0.1,Gift Card,Completed
11631,130,244,8,39,2023-02-12,2,328.77,0.15,Cash,Completed
11632,1028,299,6,9,2023-06-29,4,150.33,0.1,Gift Card,Returned
11633,778,252,11,33,2023-06-29,6,163.4,0.0,Cash,Completed
11634,342,75,15,18,2025-12-12,2,363.98,0.0,Credit Card,Pending
11635,806,1,11,7,2024-03-24,5,31.01,0.15,PayPal,Shipped
11636,1135,111,3,31,2023-09-08,5,123.3,0.0,Debit Card,Pending
11637,97,288,15,15,2023-03-02,6,367.22,0.15,Credit Card,Pending
11638,1092,158,5,48,2025-04-27,4,324.07,0.0,Credit Card,Returned
11639,556,16,13,30,2024-11-20,4,561.32,0.05,PayPal,Completed
11640,632,82,5,23,2024-02-27,6,166.87,0.0,Cash,Returned
11641,1362,212,5,48,2024-03-24,6,26.85,0.1,Credit Card,Returned
11642,1269,244,15,32,2024-12-01,6,328.77,0.0,Debit Card,Cancelled
11643,1757,85,2,37,2025-07-23,5,347.38,0.0,Debit Card,Completed
11644,88,246,6,9,2023-08-27,1,594.34,0.1,Debit Card,Pending
11645,165,254,9,38,2024-04-16,4,307.61,0.0,Cash,Completed
11646,1851,73,4,35,2024-09-11,2,68.44,0.1,Credit Card,Completed
11647,1281,5,5,23,2025-09-05,3,136.89,0.15,Credit Card,Pending
11648,1452,278,10,29,2025-05-05,1,98.31,0.05,Gift Card,Returned
11649,477,51,1,41,2024-03-08,2,190.91,0.2,Gift Card,Shipped
11650,1704,167,8,24,2025-11-04,4,87.74,0.1,PayPal,Shipped
11651,530,177,10,21,2024-08-10,5,467.22,0.2,PayPal,Pending
11652,1481,170,13,30,2024-04-02,1,260.29,0.0,Credit Card,Completed
11653,918,288,3,31,2025-07-08,3,367.22,0.1,PayPal,Cancelled
11654,284,105,7,40,2025-09-05,5,500.45,0.0,Cash,Completed
11655,188,177,2,3,2023-09-04,5,467.22,0.2,Credit Card,Shipped
11656,666,17,7,2,2025-10-30,4,307.03,0.1,PayPal,Returned
11657,1475,223,8,39,2025-11-13,3,162.74,0.0,Cash,Cancelled
11658,43,161,6,14,2024-04-24,2,322.86,0.1,Credit Card,Completed
11659,855,234,10,6,2025-05-05,1,314.58,0.05,Gift Card,Completed
11660,1262,157,9,25,2023-02-22,2,110.95,0.05,Cash,Completed
11661,837,72,7,2,2025-07-03,2,301.36,0.15,PayPal,Completed
11662,182,82,4,35,2023-02-03,5,166.87,0.05,Credit Card,Pending
11663,724,68,15,16,2025-06-27,2,15.0,0.0,Credit Card,Returned
11664,162,41,10,21,2023-10-20,2,441.65,0.05,Cash,Completed
11665,587,167,9,25,2023-11-07,6,87.74,0.15,Debit Card,Returned
11666,1803,126,12,11,2024-05-18,4,333.86,0.15,Debit Card,Cancelled
11667,1973,125,15,15,2023-01-31,6,152.14,0.15,PayPal,Completed
11668,1860,189,13,46,2023-07-07,3,399.71,0.05,Credit Card,Completed
11669,471,198,4,35,2023-11-25,4,125.5,0.2,PayPal,Cancelled
11670,1342,203,6,14,2024-04-11,5,511.82,0.2,Debit Card,Completed
11671,1495,148,11,7,2025-11-13,3,293.31,0.0,Cash,Completed
11672,1657,14,15,5,2024-11-25,2,379.66,0.15,Gift Card,Cancelled
11673,1353,246,4,35,2024-10-26,2,594.34,0.05,Gift Card,Completed
11674,131,165,10,21,2023-12-07,1,216.64,0.15,Debit Card,Completed
11675,931,248,9,25,2024-02-03,3,230.55,0.1,Gift Card,Shipped
11676,981,185,11,12,2025-08-17,4,357.71,0.2,Credit Card,Completed
11677,1373,253,9,38,2023-12-28,4,101.3,0.0,Cash,Completed
11678,1896,261,1,41,2024-05-21,3,638.9,0.0,PayPal,Completed
11679,219,144,8,19,2025-07-05,4,296.96,0.05,PayPal,Returned
11680,701,133,14,47,2023-12-26,2,321.54,0.15,Credit Card,Completed
11681,639,105,5,23,2025-08-25,3,500.45,0.05,Credit Card,Cancelled
11682,728,157,7,2,2025-08-05,6,110.95,0.0,PayPal,Completed
11683,426,68,13,49,2023-07-23,3,15.0,0.1,Debit Card,Cancelled
11684,566,247,10,6,2023-07-27,5,58.54,0.05,Cash,Completed
11685,862,267,2,45,2024-08-17,1,139.61,0.0,Gift Card,Completed
11686,40,214,1,22,2025-03-07,6,264.25,0.0,PayPal,Returned
11687,46,262,6,14,2024-09-22,3,392.06,0.0,Credit Card,Completed
11688,1472,221,15,32,2025-10-10,2,183.32,0.2,Debit Card,Completed
11689,888,175,2,45,2024-08-16,5,86.78,0.05,Cash,Returned
11690,701,278,11,12,2023-06-22,6,98.31,0.2,PayPal,Cancelled
11691,815,288,15,18,2024-08-06,5,367.22,0.0,Credit Card,Pending
11692,1500,190,15,44,2025-02-26,2,292.3,0.0,Cash,Cancelled
11693,925,187,8,19,2025-10-24,2,226.55,0.0,Cash,Completed
11694,1208,6,8,39,2025-04-06,4,628.51,0.15,Cash,Completed
11695,1060,75,14,47,2023-06-26,3,363.98,0.0,PayPal,Completed
11696,791,291,12,11,2024-04-03,3,9.1,0.0,Cash,Pending
11697,949,294,13,30,2025-10-01,5,345.43,0.15,Cash,Completed
11698,1264,283,14,8,2025-04-25,6,84.31,0.0,PayPal,Pending
11699,1202,48,7,2,2024-11-05,5,397.65,0.2,Cash,Completed
11700,653,236,8,24,2024-05-20,4,209.86,0.0,Debit Card,Shipped
11701,722,37,14,47,2024-02-22,1,91.98,0.2,Credit Card,Completed
11702,1739,58,13,13,2023-04-23,1,76.76,0.05,Gift Card,Completed
11703,1981,117,4,26,2023-05-29,1,77.12,0.0,Gift Card,Cancelled
11704,966,33,8,24,2023-05-30,6,422.83,0.0,Debit Card,Completed
11705,531,78,15,5,2025-06-23,1,176.26,0.0,Gift Card,Returned
11706,312,205,4,26,2025-04-20,2,370.78,0.0,Debit Card,Cancelled
11707,314,66,6,14,2025-03-25,3,330.95,0.0,Debit Card,Cancelled
11708,290,263,14,47,2023-05-03,4,47.7,0.15,Cash,Completed
11709,789,287,10,4,2025-05-15,4,173.87,0.0,PayPal,Completed
11710,1610,30,6,14,2023-11-26,1,544.88,0.05,PayPal,Completed
11711,1592,136,10,6,2023-03-10,3,266.29,0.0,Credit Card,Cancelled
11712,999,136,5,48,2025-04-17,2,266.29,0.2,PayPal,Shipped
11713,472,169,8,24,2024-05-12,4,446.78,0.0,Debit Card,Cancelled
11714,1729,175,6,9,2025-06-01,1,86.78,0.1,Gift Card,Shipped
11715,6,249,11,33,2023-06-27,1,471.0,0.05,Debit Card,Returned
11716,888,194,13,30,2023-07-26,5,35.78,0.15,Cash,Completed
11717,1204,151,2,37,2025-09-06,2,61.55,0.1,Credit Card,Shipped
11718,1870,164,3,43,2025-11-23,6,117.71,0.0,Credit Card,Completed
11719,824,97,2,28,2025-06-15,4,228.27,0.2,Credit Card,Completed
11720,753,180,6,14,2023-06-07,4,177.87,0.0,Credit Card,Completed
11721,1656,143,8,39,2024-03-04,5,511.76,0.0,Debit Card,Completed
11722,928,49,12,17,2024-12-18,6,148.66,0.0,Cash,Cancelled
11723,993,176,8,19,2024-09-11,6,171.51,0.05,Credit Card,Completed
11724,1079,282,10,29,2023-08-03,1,461.23,0.0,PayPal,Completed
11725,412,128,1,41,2025-10-18,1,257.64,0.05,PayPal,Completed
11726,1111,229,14,47,2024-01-13,5,321.97,0.15,Credit Card,Completed
11727,994,247,8,24,2024-04-30,6,58.54,0.0,Gift Card,Returned
11728,181,57,13,46,2025-10-20,5,207.9,0.15,Credit Card,Returned
11729,882,193,7,40,2025-08-31,6,248.63,0.0,Gift Card,Cancelled
11730,246,288,2,45,2023-10-18,1,367.22,0.0,PayPal,Pending
11731,995,173,14,8,2025-09-30,3,159.58,0.0,PayPal,Cancelled
11732,1819,289,7,2,2023-04-08,2,246.14,0.0,PayPal,Pending
11733,1445,218,4,34,2025-08-24,3,95.1,0.1,Credit Card,Cancelled
11734,180,97,9,38,2025-02-24,2,228.27,0.05,Credit Card,Completed
11735,1266,202,4,34,2024-02-20,1,211.09,0.0,Gift Card,Pending
11736,1669,162,13,30,2024-12-02,4,532.97,0.0,PayPal,Returned
11737,985,293,4,34,2024-06-28,3,54.25,0.0,Debit Card,Completed
11738,1813,233,4,34,2023-03-24,2,400.32,0.05,Debit Card,Completed
11739,810,35,14,47,2023-05-07,2,53.95,0.0,Debit Card,Completed
11740,167,6,11,7,2025-10-08,6,628.51,0.0,Credit Card,Pending
11741,511,121,2,3,2025-11-18,5,13.34,0.0,Gift Card,Completed
11742,136,3,4,34,2023-06-12,5,507.54,0.0,PayPal,Completed
11743,296,80,12,11,2025-04-16,1,249.35,0.15,PayPal,Completed
11744,222,265,6,14,2025-06-14,4,348.49,0.2,Gift Card,Returned
11745,616,293,15,18,2024-11-14,3,54.25,0.15,PayPal,Cancelled
11746,939,114,9,25,2023-10-02,2,356.17,0.05,Gift Card,Pending
11747,1126,113,11,33,2023-12-04,5,438.2,0.1,Debit Card,Returned
11748,789,61,2,37,2023-05-11,1,172.42,0.05,Credit Card,Cancelled
11749,1101,92,11,33,2024-12-16,2,665.8,0.15,PayPal,Returned
11750,1835,242,7,40,2024-08-09,3,378.8,0.05,PayPal,Cancelled
11751,1156,212,13,49,2023-01-06,2,26.85,0.2,Cash,Completed
11752,1924,130,7,2,2024-03-21,4,293.35,0.2,Debit Card,Cancelled
11753,871,232,4,26,2023-07-10,4,316.8,0.2,Cash,Shipped
11754,456,173,1,36,2025-10-04,6,159.58,0.0,Gift Card,Pending
11755,1851,194,3,31,2023-07-18,4,35.78,0.2,Gift Card,Shipped
11756,1810,32,3,20,2024-11-28,1,162.12,0.0,Debit Card,Completed
11757,1590,76,8,24,2024-03-29,6,46.89,0.2,Debit Card,Completed
11758,1269,107,11,33,2023-06-07,1,247.26,0.0,Gift Card,Completed
11759,407,56,13,42,2025-09-17,5,176.55,0.15,PayPal,Cancelled
11760,1469,179,13,30,2023-10-22,2,63.58,0.0,Credit Card,Completed
11761,1627,27,14,47,2023-01-10,2,565.88,0.2,Debit Card,Cancelled
11762,547,99,1,50,2024-08-07,4,384.25,0.0,PayPal,Completed
11763,263,184,7,40,2025-03-25,2,304.08,0.05,Debit Card,Pending
11764,1739,182,9,25,2023-12-11,3,543.63,0.2,PayPal,Completed
11765,713,203,12,11,2025-02-15,3,511.82,0.0,Debit Card,Completed
11766,905,87,13,42,2024-03-25,2,321.84,0.0,Gift Card,Pending
11767,1208,265,7,2,2023-04-27,4,348.49,0.1,Credit Card,Completed
11768,745,169,4,26,2023-06-03,4,446.78,0.0,Cash,Completed
11769,136,199,10,6,2024-08-18,5,314.59,0.15,Gift Card,Completed
11770,1088,184,9,25,2023-02-19,4,304.08,0.1,Credit Card,Completed
11771,1532,36,9,38,2024-10-30,4,480.04,0.0,Credit Card,Completed
11772,1835,100,10,29,2023-07-22,6,447.11,0.0,Credit Card,Completed
11773,707,46,1,36,2025-12-04,2,393.27,0.2,Gift Card,Completed
11774,1132,188,10,4,2024-06-19,4,448.74,0.05,Debit Card,Shipped
11775,1916,82,13,46,2023-06-14,6,166.87,0.05,Cash,Completed
11776,1888,237,14,8,2024-11-09,2,159.44,0.0,Cash,Completed
11777,1299,242,14,8,2024-03-01,3,378.8,0.0,Debit Card,Completed
11778,1747,184,12,10,2025-08-05,3,304.08,0.15,Cash,Returned
11779,1853,190,4,34,2023-11-23,6,292.3,0.0,PayPal,Completed
11780,95,138,1,41,2024-11-16,3,102.03,0.05,PayPal,Completed
11781,1110,298,3,43,2024-03-07,1,202.95,0.0,Cash,Pending
11782,1567,34,6,14,2023-09-27,1,71.12,0.2,PayPal,Completed
11783,1628,21,7,2,2023-12-14,2,407.45,0.0,Debit Card,Completed
11784,46,254,2,37,2025-10-25,1,307.61,0.0,Gift Card,Cancelled
11785,1476,130,2,45,2023-09-01,2,293.35,0.0,PayPal,Shipped
11786,411,67,11,7,2025-11-05,6,138.29,0.0,Gift Card,Completed
11787,163,18,8,39,2025-10-21,3,383.42,0.05,Debit Card,Shipped
11788,1868,197,6,9,2024-03-14,6,82.36,0.0,PayPal,Completed
11789,706,196,5,23,2024-06-27,6,222.19,0.15,Debit Card,Completed
11790,1501,190,3,31,2024-05-29,3,292.3,0.2,Credit Card,Shipped
11791,168,107,12,17,2024-11-24,3,247.26,0.15,Debit Card,Shipped
11792,290,206,3,31,2023-08-20,5,367.62,0.2,Debit Card,Completed
11793,1486,283,9,38,2024-02-16,3,84.31,0.1,Credit Card,Cancelled
11794,934,241,1,22,2023-05-16,1,108.19,0.0,Gift Card,Returned
11795,1942,162,3,31,2025-08-21,5,532.97,0.0,Debit Card,Pending
11796,214,284,12,17,2025-09-04,6,413.62,0.05,Cash,Completed
11797,1403,5,10,21,2025-11-04,6,136.89,0.1,Gift Card,Completed
11798,780,208,5,23,2023-03-20,1,146.45,0.05,Credit Card,Shipped
11799,1692,193,10,29,2025-05-17,2,248.63,0.0,Cash,Completed
11800,1176,231,7,2,2023-08-20,3,52.2,0.0,Debit Card,Shipped
11801,1812,255,1,22,2025-07-05,6,118.85,0.1,Credit Card,Returned
11802,1246,42,1,36,2025-05-23,1,483.01,0.05,Credit Card,Returned
11803,1471,129,1,50,2025-01-03,3,267.03,0.0,Gift Card,Completed
11804,1663,104,10,6,2025-12-07,2,61.42,0.1,Cash,Completed
11805,202,145,3,43,2023-04-26,5,328.64,0.0,Gift Card,Completed
11806,1689,107,5,48,2025-12-11,2,247.26,0.05,Debit Card,Completed
11807,247,113,12,17,2023-10-14,4,438.2,0.15,PayPal,Shipped
11808,447,2,1,50,2024-08-03,4,35.98,0.15,Gift Card,Completed
11809,712,100,5,23,2024-06-25,6,447.11,0.0,Gift Card,Cancelled
11810,16,191,15,18,2024-06-18,1,519.67,0.2,Cash,Completed
11811,749,127,1,36,2024-05-28,6,90.5,0.15,Debit Card,Completed
11812,244,299,9,38,2024-09-09,5,150.33,0.0,Debit Card,Returned
11813,1899,281,13,46,2023-04-27,4,125.56,0.0,Credit Card,Cancelled
11814,1361,170,6,14,2025-06-29,2,260.29,0.2,Gift Card,Completed
11815,1156,277,13,49,2025-01-12,1,320.72,0.0,Gift Card,Pending
11816,350,92,3,20,2025-03-03,4,665.8,0.0,Gift Card,Completed
11817,842,30,2,45,2023-06-30,6,544.88,0.1,Credit Card,Completed
11818,483,201,12,11,2023-02-02,2,307.14,0.0,PayPal,Shipped
11819,1617,5,3,20,2023-10-11,2,136.89,0.05,PayPal,Completed
11820,1290,241,10,6,2025-09-22,3,108.19,0.2,PayPal,Pending
11821,14,99,1,50,2023-10-26,1,384.25,0.1,Cash,Completed
11822,163,170,13,30,2024-11-27,4,260.29,0.0,Debit Card,Completed
11823,722,99,9,38,2024-01-05,5,384.25,0.15,Debit Card,Completed
11824,523,136,9,38,2023-08-15,3,266.29,0.0,PayPal,Completed
11825,1960,207,12,11,2025-05-30,5,245.28,0.0,PayPal,Completed
11826,1105,157,5,1,2024-04-05,4,110.95,0.15,Gift Card,Completed
11827,389,282,13,42,2023-03-11,5,461.23,0.0,Gift Card,Completed
11828,739,13,5,1,2024-02-22,3,127.76,0.0,Debit Card,Completed
11829,1112,128,13,13,2023-01-21,1,257.64,0.2,Credit Card,Shipped
11830,1678,218,10,21,2023-10-02,3,95.1,0.2,Cash,Shipped
11831,1428,173,13,42,2024-10-26,2,159.58,0.0,Cash,Completed
11832,1026,259,6,9,2024-12-28,6,395.59,0.0,Cash,Shipped
11833,1591,13,9,38,2023-02-23,4,127.76,0.0,Cash,Pending
11834,718,291,15,27,2023-06-01,4,9.1,0.1,Credit Card,Returned
11835,632,52,11,33,2023-05-30,1,120.46,0.2,Cash,Shipped
11836,112,244,11,33,2024-09-28,1,328.77,0.0,Debit Card,Completed
11837,1790,67,6,14,2025-01-03,5,138.29,0.0,Credit Card,Completed
11838,34,108,13,13,2025-08-12,3,603.53,0.0,Cash,Shipped
11839,922,166,6,9,2024-04-15,2,172.27,0.2,Debit Card,Returned
11840,1304,235,4,35,2023-05-13,2,265.0,0.05,Credit Card,Cancelled
11841,1510,299,15,27,2024-05-02,4,150.33,0.1,PayPal,Cancelled
11842,205,217,12,11,2024-02-29,3,80.74,0.1,Gift Card,Returned
11843,1679,207,14,47,2023-06-02,3,245.28,0.0,PayPal,Completed
11844,76,76,1,22,2023-10-14,5,46.89,0.0,PayPal,Pending
11845,1885,247,4,26,2024-07-19,5,58.54,0.0,Gift Card,Pending
11846,65,124,7,2,2024-01-19,3,311.92,0.05,Gift Card,Completed
11847,823,167,4,34,2025-05-13,1,87.74,0.1,Debit Card,Completed
11848,1801,59,4,34,2025-04-12,4,239.55,0.0,Cash,Completed
11849,910,118,11,12,2024-09-16,4,145.14,0.0,Gift Card,Completed
11850,333,102,2,45,2025-10-18,1,455.19,0.1,Debit Card,Completed
11851,1078,11,6,9,2025-12-28,5,289.37,0.2,Gift Card,Completed
11852,919,5,5,48,2025-03-01,3,136.89,0.0,PayPal,Pending
11853,216,79,14,47,2024-05-30,6,143.89,0.2,Debit Card,Completed
11854,405,72,12,10,2023-07-09,1,301.36,0.0,Credit Card,Returned
11855,1537,44,5,48,2023-09-13,4,317.68,0.05,Cash,Shipped
11856,1014,205,11,7,2024-02-18,1,370.78,0.1,Cash,Returned
11857,1894,155,1,22,2023-03-13,1,232.62,0.0,Cash,Returned
11858,1639,231,6,9,2025-07-13,5,52.2,0.0,PayPal,Completed
11859,251,141,5,48,2023-02-09,4,236.86,0.0,Debit Card,Completed
11860,555,78,11,7,2024-06-13,1,176.26,0.2,Credit Card,Completed
11861,1057,298,15,15,2025-09-05,4,202.95,0.0,Debit Card,Completed
11862,50,29,7,40,2025-07-15,6,197.73,0.0,Credit Card,Shipped
11863,222,66,7,2,2023-11-09,6,330.95,0.0,Credit Card,Completed
11864,952,88,15,27,2025-04-28,2,291.53,0.0,Debit Card,Pending
11865,1935,71,12,11,2023-01-30,4,251.36,0.2,Cash,Cancelled
11866,1871,152,14,8,2025-10-11,2,290.47,0.1,Debit Card,Returned
11867,1446,28,7,2,2023-11-22,2,360.14,0.2,Gift Card,Returned
11868,1950,75,15,32,2024-10-25,2,363.98,0.15,Credit Card,Completed
11869,910,17,12,17,2024-08-09,3,307.03,0.0,Gift Card,Completed
11870,1586,28,12,11,2024-04-12,3,360.14,0.05,Debit Card,Returned
11871,618,233,4,35,2024-12-20,5,400.32,0.15,PayPal,Shipped
11872,454,35,4,26,2025-06-10,5,53.95,0.05,Credit Card,Cancelled
11873,1145,90,13,30,2023-02-06,3,483.64,0.0,Credit Card,Pending
11874,1110,204,1,22,2025-08-07,4,142.23,0.0,PayPal,Returned
11875,566,265,12,17,2025-12-20,5,348.49,0.0,PayPal,Completed
11876,32,207,2,3,2023-09-13,1,245.28,0.0,PayPal,Cancelled
11877,97,241,14,8,2025-11-09,6,108.19,0.0,Gift Card,Completed
11878,1048,266,3,43,2024-11-02,4,140.34,0.0,PayPal,Shipped
11879,39,237,12,10,2024-12-23,3,159.44,0.1,PayPal,Shipped
11880,1153,96,13,42,2024-03-22,1,595.96,0.0,Credit Card,Pending
11881,1775,94,5,48,2025-02-01,1,325.59,0.15,PayPal,Cancelled
11882,1459,228,8,19,2025-12-02,6,247.35,0.0,Cash,Completed
11883,593,24,9,25,2023-11-28,4,129.26,0.2,Credit Card,Cancelled
11884,1674,13,2,28,2024-09-27,3,127.76,0.0,Cash,Completed
11885,1313,16,12,11,2024-01-25,2,561.32,0.1,Credit Card,Completed
11886,1480,132,5,23,2024-11-19,4,127.63,0.1,Cash,Pending
11887,611,6,5,23,2024-03-19,6,628.51,0.0,Gift Card,Completed
11888,897,212,14,8,2025-02-15,2,26.85,0.1,Cash,Pending
11889,501,93,10,21,2023-05-07,4,380.69,0.1,Gift Card,Shipped
11890,1087,150,10,4,2023-01-23,3,157.31,0.1,Gift Card,Pending
11891,637,171,4,34,2023-08-26,2,293.86,0.0,Credit Card,Completed
11892,570,37,1,22,2025-04-10,6,91.98,0.15,Cash,Pending
11893,908,136,11,33,2023-12-07,1,266.29,0.0,Cash,Shipped
11894,783,288,15,5,2025-05-23,3,367.22,0.0,Cash,Pending
11895,1814,216,11,12,2025-08-26,2,91.49,0.2,Cash,Completed
11896,1045,245,6,14,2023-10-02,6,328.64,0.1,Cash,Completed
11897,989,116,11,12,2025-07-12,3,365.71,0.15,Gift Card,Returned
11898,1713,254,10,21,2024-11-10,5,307.61,0.0,Gift Card,Shipped
11899,226,223,15,15,2024-11-14,1,162.74,0.0,Credit Card,Completed
11900,373,243,2,28,2023-12-17,1,523.63,0.15,Cash,Pending
11901,464,145,6,9,2023-12-17,6,328.64,0.05,PayPal,Returned
11902,1959,153,11,33,2023-07-07,4,238.04,0.0,Credit Card,Pending
11903,1924,111,10,29,2025-07-12,4,123.3,0.0,Gift Card,Completed
11904,1381,291,9,25,2024-05-10,4,9.1,0.05,Credit Card,Pending
11905,637,22,4,35,2025-01-24,1,90.87,0.0,Cash,Returned
11906,1825,277,11,7,2025-06-25,2,320.72,0.2,PayPal,Completed
11907,1429,293,10,29,2025-05-25,6,54.25,0.1,Credit Card,Returned
11908,1978,15,6,9,2025-04-26,6,454.62,0.0,Debit Card,Completed
11909,1626,61,13,30,2023-04-16,5,172.42,0.0,Gift Card,Completed
11910,1257,223,7,2,2024-09-27,6,162.74,0.1,Credit Card,Returned
11911,1878,124,15,32,2024-03-21,2,311.92,0.0,Cash,Completed
11912,1444,86,10,29,2025-07-11,5,302.91,0.0,Cash,Completed
11913,85,271,11,12,2023-01-18,3,316.69,0.2,PayPal,Completed
11914,1915,24,9,38,2024-01-09,1,129.26,0.2,Cash,Completed
11915,512,149,13,49,2024-01-10,2,431.72,0.15,Credit Card,Completed
11916,1025,73,6,14,2023-09-10,6,68.44,0.15,Credit Card,Completed
11917,374,106,15,44,2023-05-15,1,127.35,0.2,PayPal,Completed
11918,1026,199,15,5,2023-05-18,5,314.59,0.0,Cash,Returned
11919,468,99,10,4,2025-02-18,3,384.25,0.0,Debit Card,Completed
11920,698,249,1,36,2023-06-29,1,471.0,0.0,Gift Card,Completed
11921,482,46,3,43,2023-09-17,4,393.27,0.05,Debit Card,Cancelled
11922,632,272,7,2,2025-06-19,5,596.66,0.0,Gift Card,Cancelled
11923,1146,227,2,28,2024-08-27,5,225.3,0.1,Gift Card,Completed
11924,1810,23,14,47,2025-06-11,4,298.77,0.0,Cash,Cancelled
11925,52,52,5,1,2023-08-21,4,120.46,0.2,PayPal,Completed
11926,187,143,10,6,2025-04-28,1,511.76,0.0,PayPal,Completed
11927,416,293,13,49,2023-08-27,2,54.25,0.0,Debit Card,Completed
11928,436,19,2,37,2025-05-29,1,332.56,0.0,Debit Card,Shipped
11929,501,57,13,30,2023-11-17,3,207.9,0.1,Debit Card,Pending
11930,579,197,6,14,2023-10-18,3,82.36,0.1,Cash,Pending
11931,248,162,15,5,2023-07-30,4,532.97,0.15,Cash,Completed
11932,736,204,12,10,2023-11-03,3,173.7,0.0,Credit Card,Shipped
11933,701,222,9,25,2024-03-18,1,412.69,0.15,Cash,Completed
11934,715,53,11,33,2025-04-06,3,459.8,0.1,Gift Card,Pending
11935,883,262,8,24,2024-07-19,4,392.06,0.15,Gift Card,Completed
11936,765,37,14,8,2024-08-19,3,91.98,0.1,Credit Card,Completed
11937,1043,145,10,4,2025-12-30,3,328.64,0.0,Credit Card,Completed
11938,1010,18,12,10,2023-10-01,5,383.42,0.1,Gift Card,Completed
11939,796,102,2,37,2024-04-06,6,455.19,0.05,Cash,Shipped
11940,538,162,15,32,2023-02-06,5,532.97,0.0,Debit Card,Shipped
11941,1590,275,2,37,2023-06-14,5,255.49,0.05,Cash,Shipped
11942,1392,45,11,33,2025-03-19,2,107.36,0.0,Credit Card,Completed
11943,325,76,5,1,2025-08-15,4,46.89,0.0,Cash,Completed
11944,3,85,14,47,2023-12-03,1,347.38,0.15,PayPal,Completed
11945,247,300,2,3,2023-10-02,6,306.79,0.0,Debit Card,Cancelled
11946,29,59,1,22,2025-06-05,3,239.55,0.2,PayPal,Returned
11947,1674,195,6,14,2025-12-18,3,165.25,0.2,PayPal,Pending
11948,1933,242,12,17,2023-09-06,2,378.8,0.05,Gift Card,Pending
11949,978,34,8,19,2023-03-06,6,71.12,0.05,PayPal,Pending
11950,407,228,9,38,2025-04-27,5,247.35,0.0,Credit Card,Returned
11951,1909,207,7,40,2023-11-15,4,245.28,0.15,PayPal,Returned
11952,1923,242,4,35,2025-08-06,3,378.8,0.0,Debit Card,Shipped
11953,1214,296,12,10,2025-08-30,2,81.85,0.0,Cash,Returned
11954,1111,142,9,38,2025-03-29,4,306.71,0.1,PayPal,Returned
11955,536,17,2,28,2023-11-20,1,307.03,0.0,Debit Card,Completed
11956,477,223,2,3,2023-03-18,1,162.74,0.0,PayPal,Pending
11957,481,285,15,27,2025-01-31,1,313.87,0.0,Cash,Pending
11958,1171,154,11,7,2023-01-26,5,214.32,0.05,Credit Card,Completed
11959,1538,199,5,23,2025-01-09,5,314.59,0.0,Cash,Completed
11960,832,24,1,50,2025-05-27,3,129.26,0.05,PayPal,Pending
11961,817,260,14,8,2023-05-05,2,172.37,0.15,PayPal,Pending
11962,1666,228,5,1,2024-06-13,3,247.35,0.0,PayPal,Completed
11963,513,188,4,35,2025-10-21,5,448.74,0.0,Debit Card,Shipped
11964,568,35,4,34,2025-01-23,6,53.95,0.05,PayPal,Completed
11965,290,210,2,28,2024-06-22,4,77.07,0.1,Cash,Pending
11966,772,98,14,47,2023-10-28,6,263.06,0.1,Debit Card,Shipped
11967,1003,156,14,47,2024-05-09,6,64.7,0.1,Gift Card,Completed
11968,396,35,10,29,2023-01-04,1,53.95,0.0,Cash,Completed
11969,1949,157,4,34,2024-01-13,3,110.95,0.2,Cash,Cancelled
11970,828,155,10,6,2025-05-03,5,232.62,0.0,PayPal,Returned
11971,1608,299,4,26,2025-10-20,6,150.33,0.0,Credit Card,Completed
11972,1244,49,2,45,2024-05-25,3,148.66,0.1,Gift Card,Completed
11973,1277,277,7,40,2023-07-02,5,320.72,0.0,Credit Card,Pending
11974,97,265,8,19,2025-01-24,3,348.49,0.0,Credit Card,Shipped
11975,1419,238,15,44,2024-07-11,2,196.9,0.2,PayPal,Shipped
11976,1256,36,7,40,2024-02-16,5,480.04,0.05,Cash,Completed
11977,1752,205,14,8,2023-11-04,6,370.78,0.05,Debit Card,Completed
11978,1728,297,7,40,2023-05-25,1,334.26,0.15,Gift Card,Returned
11979,1975,48,2,28,2023-07-08,4,397.65,0.15,Credit Card,Shipped
11980,1796,102,1,41,2024-02-08,5,455.19,0.0,Credit Card,Returned
11981,367,79,9,38,2025-05-03,6,143.89,0.05,Credit Card,Pending
11982,249,20,10,4,2023-06-17,4,170.95,0.2,Gift Card,Completed
11983,749,90,1,22,2024-09-07,6,483.64,0.15,PayPal,Completed
11984,1893,25,4,34,2023-01-03,2,323.92,0.1,Credit Card,Completed
11985,1756,272,15,16,2025-05-15,2,596.66,0.15,Credit Card,Cancelled
11986,1879,118,1,22,2023-12-10,6,145.14,0.15,Cash,Cancelled
11987,1954,101,8,39,2023-09-22,4,314.94,0.1,Gift Card,Completed
11988,196,144,1,50,2024-11-06,5,296.96,0.2,Debit Card,Completed
11989,963,22,4,26,2024-03-01,5,90.87,0.0,Credit Card,Cancelled
11990,5,250,12,17,2023-08-01,6,120.54,0.0,Cash,Completed
11991,657,51,10,21,2024-10-30,5,190.91,0.05,Debit Card,Completed
11992,251,140,8,19,2023-01-17,5,257.08,0.2,PayPal,Completed
11993,1983,216,6,14,2023-01-28,4,91.49,0.2,Credit Card,Shipped
11994,1804,113,10,6,2025-07-05,6,438.2,0.0,Debit Card,Cancelled
11995,763,29,2,37,2023-12-15,4,197.73,0.0,Gift Card,Completed
11996,1313,246,15,27,2023-05-16,5,594.34,0.2,PayPal,Shipped
11997,434,140,6,9,2023-07-10,2,257.08,0.0,Debit Card,Returned
11998,1578,278,4,34,2025-10-27,2,98.31,0.15,PayPal,Completed
11999,1365,120,12,11,2023-01-17,3,346.06,0.0,Credit Card,Returned
12000,1284,194,6,14,2024-03-17,4,35.78,0.15,Debit Card,Completed
12001,83,82,8,24,2024-10-27,2,166.87,0.1,Cash,Completed
12002,1600,292,3,43,2025-07-25,4,398.38,0.0,Gift Card,Shipped
12003,600,194,15,44,2023-06-14,6,35.78,0.2,Gift Card,Completed
12004,693,15,6,9,2024-02-17,4,454.62,0.0,Gift Card,Completed
12005,351,98,14,8,2023-03-26,1,263.06,0.05,Cash,Returned
12006,1804,91,1,22,2025-12-18,6,406.77,0.05,Debit Card,Pending
12007,174,74,2,28,2023-09-19,4,292.63,0.05,Debit Card,Shipped
12008,359,159,6,9,2023-10-29,4,323.53,0.05,PayPal,Completed
12009,1601,57,1,41,2024-03-17,6,207.9,0.0,Debit Card,Completed
12010,810,49,12,11,2025-08-18,3,148.66,0.15,PayPal,Returned
12011,1411,220,15,32,2025-09-01,1,357.02,0.2,Credit Card,Returned
12012,679,219,4,35,2025-04-29,4,243.18,0.0,Cash,Cancelled
12013,338,265,7,2,2025-12-28,1,348.49,0.0,Debit Card,Completed
12014,945,187,10,6,2025-02-18,3,226.55,0.05,Credit Card,Completed
12015,1103,235,10,21,2023-04-07,1,265.0,0.0,Cash,Completed
12016,821,241,11,7,2025-10-28,6,108.19,0.05,Debit Card,Shipped
12017,1263,37,4,34,2024-02-17,6,91.98,0.0,Gift Card,Returned
12018,1853,249,9,38,2023-05-27,3,471.0,0.0,PayPal,Pending
12019,453,25,14,47,2025-09-06,1,323.92,0.0,Cash,Pending
12020,1225,200,3,31,2024-02-12,3,214.09,0.0,Debit Card,Cancelled
12021,1780,15,7,2,2024-10-06,1,454.62,0.0,Credit Card,Completed
12022,1473,177,2,37,2023-08-17,4,467.22,0.2,Cash,Completed
12023,705,170,2,37,2023-09-02,2,260.29,0.0,Debit Card,Shipped
12024,1648,295,13,30,2025-05-12,3,647.12,0.0,Credit Card,Completed
12025,140,220,7,40,2023-02-14,3,357.02,0.0,Cash,Pending
12026,9,237,2,37,2023-12-28,6,159.44,0.15,Cash,Cancelled
12027,905,168,3,43,2025-10-26,2,303.92,0.1,Credit Card,Completed
12028,1968,77,14,47,2023-03-09,4,442.92,0.15,Credit Card,Completed
12029,1901,139,4,26,2023-11-11,1,334.0,0.05,Debit Card,Cancelled
12030,67,119,13,49,2023-06-09,3,63.82,0.1,PayPal,Cancelled
12031,1309,123,7,2,2024-08-02,3,203.09,0.0,Credit Card,Pending
12032,641,271,14,47,2024-05-14,6,316.69,0.0,Gift Card,Completed
12033,39,25,8,24,2024-08-08,3,323.92,0.05,Gift Card,Completed
12034,570,285,15,18,2025-07-31,2,313.87,0.15,Debit Card,Shipped
12035,1631,152,3,43,2024-01-07,6,290.47,0.2,PayPal,Completed
12036,1786,184,9,25,2023-01-29,6,304.08,0.0,Credit Card,Completed
12037,438,210,5,23,2025-08-14,1,77.07,0.15,Cash,Shipped
12038,1042,297,14,47,2025-03-24,2,334.26,0.0,Gift Card,Completed
12039,200,185,8,24,2023-02-11,3,357.71,0.2,Gift Card,Completed
12040,812,66,12,10,2023-12-07,3,330.95,0.0,PayPal,Completed
12041,1783,34,9,25,2024-12-20,1,71.12,0.05,Gift Card,Pending
12042,333,14,4,26,2024-06-05,2,379.66,0.05,PayPal,Completed
12043,485,230,6,14,2024-10-12,4,49.56,0.1,Gift Card,Shipped
12044,279,184,10,29,2023-06-21,6,304.08,0.0,PayPal,Completed
12045,299,150,11,7,2023-01-04,3,157.31,0.15,Gift Card,Completed
12046,1394,146,15,15,2024-05-07,2,309.25,0.05,PayPal,Completed
12047,258,281,6,9,2023-09-06,5,125.56,0.0,Gift Card,Shipped
12048,1839,79,7,2,2025-11-03,4,143.89,0.1,Debit Card,Completed
12049,533,294,4,26,2025-01-24,1,345.43,0.15,Gift Card,Pending
12050,1885,192,6,14,2025-08-27,6,29.92,0.0,Debit Card,Completed
12051,323,277,2,45,2024-03-29,6,320.72,0.0,Credit Card,Completed
12052,1737,126,12,10,2024-11-22,6,333.86,0.0,Credit Card,Completed
12053,142,237,14,8,2025-08-31,3,159.44,0.0,Cash,Pending
12054,1039,189,9,25,2025-09-18,2,399.71,0.0,Cash,Completed
12055,1321,56,11,12,2025-06-09,4,176.55,0.15,PayPal,Completed
12056,1410,35,11,33,2024-04-09,6,53.95,0.15,Credit Card,Shipped
12057,466,181,15,16,2025-08-05,2,334.11,0.0,Gift Card,Cancelled
12058,1869,74,13,42,2024-02-14,4,292.63,0.05,PayPal,Cancelled
12059,727,164,14,8,2023-12-11,6,117.71,0.2,Credit Card,Shipped
12060,1612,233,13,49,2025-10-17,3,400.32,0.05,Credit Card,Returned
12061,1339,5,2,3,2025-10-26,3,136.89,0.0,PayPal,Completed
12062,789,162,12,11,2024-09-22,1,532.97,0.0,Gift Card,Completed
12063,565,121,14,8,2025-08-23,1,13.34,0.1,Debit Card,Completed
12064,1216,189,6,14,2023-10-28,3,399.71,0.1,Debit Card,Returned
12065,1012,212,11,7,2023-08-25,4,26.85,0.05,Credit Card,Shipped
12066,1063,120,12,11,2023-07-23,3,346.06,0.05,Cash,Completed
12067,854,31,12,10,2025-03-21,3,179.93,0.0,Credit Card,Completed
12068,1256,58,4,35,2023-03-27,4,76.76,0.1,Cash,Shipped
12069,1264,187,7,40,2025-06-12,1,226.55,0.0,Gift Card,Pending
12070,1351,153,9,25,2025-06-05,6,238.04,0.1,Debit Card,Completed
12071,20,177,4,26,2023-12-09,5,467.22,0.2,PayPal,Cancelled
12072,315,72,4,35,2023-01-24,4,301.36,0.15,Gift Card,Pending
12073,1558,264,12,11,2023-09-17,1,25.86,0.15,Cash,Completed
12074,72,81,8,39,2025-03-02,3,379.78,0.1,Credit Card,Completed
12075,1355,284,8,24,2025-04-18,2,413.62,0.1,PayPal,Pending
12076,1232,277,6,9,2023-04-06,4,320.72,0.05,Cash,Completed
12077,239,215,13,49,2025-04-20,5,108.22,0.0,PayPal,Completed
12078,491,289,15,15,2023-06-06,2,246.14,0.0,Cash,Completed
12079,1734,30,7,2,2025-08-23,3,544.88,0.15,PayPal,Cancelled
12080,1216,16,14,47,2025-03-15,2,561.32,0.1,Gift Card,Completed
12081,914,118,12,10,2024-02-24,5,145.14,0.0,PayPal,Completed
12082,461,91,9,25,2024-09-13,6,406.77,0.15,Debit Card,Completed
12083,141,76,7,2,2025-11-06,6,46.89,0.15,Debit Card,Completed
12084,536,17,1,41,2025-11-22,2,307.03,0.2,Cash,Shipped
12085,525,273,8,24,2025-06-12,5,265.88,0.1,PayPal,Returned
12086,1889,88,4,35,2023-10-23,4,291.53,0.15,Credit Card,Pending
12087,1696,134,12,10,2025-11-02,6,170.45,0.0,Cash,Shipped
12088,541,86,3,20,2023-10-30,6,302.91,0.0,Gift Card,Completed
12089,126,2,14,47,2024-02-04,4,35.98,0.1,Cash,Completed
12090,777,29,12,10,2024-11-04,4,197.73,0.0,Credit Card,Cancelled
12091,1028,141,13,46,2024-06-12,4,236.86,0.15,Credit Card,Completed
12092,1775,286,5,23,2023-12-09,4,217.06,0.2,Gift Card,Completed
12093,499,90,6,14,2023-03-05,1,483.64,0.0,Cash,Pending
12094,294,32,15,16,2023-07-25,3,162.12,0.05,PayPal,Completed
12095,1042,111,2,37,2023-10-15,6,123.3,0.0,Debit Card,Completed
12096,941,42,12,17,2025-06-19,2,483.01,0.0,Debit Card,Shipped
12097,263,125,3,20,2025-01-25,6,152.14,0.1,Gift Card,Completed
12098,1860,198,10,4,2023-03-14,1,125.5,0.0,Debit Card,Completed
12099,744,176,1,22,2025-03-28,2,171.51,0.15,Debit Card,Completed
12100,1572,164,4,35,2023-03-08,5,117.71,0.1,PayPal,Completed
12101,146,1,14,8,2024-11-12,4,31.01,0.15,PayPal,Pending
12102,888,74,9,25,2024-10-04,2,292.63,0.1,PayPal,Completed
12103,901,108,8,39,2024-06-25,2,603.53,0.2,Credit Card,Completed
12104,1012,19,4,34,2024-05-24,2,332.56,0.1,Credit Card,Cancelled
12105,1462,243,8,19,2025-04-21,4,523.63,0.15,Cash,Pending
12106,1023,238,10,21,2023-01-03,3,196.9,0.1,Debit Card,Completed
12107,1295,218,2,37,2024-01-27,2,95.1,0.15,Gift Card,Completed
12108,1258,34,4,35,2023-12-26,4,71.12,0.05,Gift Card,Completed
12109,82,248,11,33,2023-12-11,2,230.55,0.2,Credit Card,Completed
12110,1028,64,11,12,2024-10-25,6,566.62,0.0,Cash,Shipped
12111,1508,137,11,12,2024-12-18,6,47.19,0.15,Gift Card,Completed
12112,1825,157,14,47,2025-03-12,5,110.95,0.0,PayPal,Completed
12113,243,73,10,29,2024-12-16,4,68.44,0.2,Gift Card,Cancelled
12114,620,129,6,9,2024-06-21,1,267.03,0.1,Debit Card,Completed
12115,1588,117,1,22,2023-12-04,6,77.12,0.05,PayPal,Completed
12116,1478,111,12,17,2023-03-16,6,123.3,0.0,Credit Card,Pending
12117,606,157,5,1,2025-07-24,4,110.95,0.0,Gift Card,Pending
12118,655,273,1,41,2025-05-09,3,265.88,0.1,Cash,Completed
12119,1758,198,11,12,2023-04-21,2,125.5,0.05,PayPal,Completed
12120,16,139,14,8,2025-12-14,1,334.0,0.0,Cash,Completed
12121,1114,145,8,19,2025-09-06,3,328.64,0.1,Cash,Completed
12122,1921,261,10,4,2025-08-25,3,638.9,0.15,Cash,Pending
12123,545,295,13,46,2023-12-20,4,647.12,0.0,Debit Card,Completed
12124,1077,296,10,4,2024-06-16,1,81.85,0.2,Gift Card,Cancelled
12125,629,87,2,28,2024-09-16,1,321.84,0.0,Cash,Completed
12126,1766,261,9,25,2025-08-26,2,638.9,0.0,Gift Card,Completed
12127,1828,178,15,32,2025-03-13,6,41.87,0.05,Gift Card,Pending
12128,1401,14,9,38,2024-03-24,5,379.66,0.0,Debit Card,Completed
12129,32,57,7,40,2025-10-31,2,207.9,0.0,Credit Card,Shipped
12130,332,182,10,6,2023-05-23,3,543.63,0.0,Debit Card,Completed
12131,1377,188,1,22,2024-07-31,2,448.74,0.0,Credit Card,Completed
12132,124,54,1,50,2024-06-22,6,43.29,0.0,Gift Card,Completed
12133,1529,294,9,25,2025-09-04,2,345.43,0.1,Credit Card,Completed
12134,1590,200,10,4,2024-01-04,1,214.09,0.0,Gift Card,Completed
12135,893,123,4,26,2024-05-31,3,203.09,0.0,Debit Card,Returned
12136,390,300,10,4,2024-08-27,5,306.79,0.0,Credit Card,Completed
12137,986,217,3,43,2024-06-02,1,80.74,0.2,Debit Card,Pending
12138,1335,174,14,8,2023-08-11,3,62.11,0.1,Debit Card,Cancelled
12139,1799,163,4,26,2024-08-10,1,270.34,0.1,Cash,Shipped
12140,404,19,7,2,2023-07-30,1,332.56,0.0,Credit Card,Completed
12141,1109,290,9,38,2023-04-24,2,30.66,0.05,Gift Card,Completed
12142,1546,211,1,36,2023-07-04,4,199.85,0.0,Debit Card,Completed
12143,888,202,6,9,2023-11-16,5,211.09,0.1,Cash,Pending
12144,1304,273,15,5,2023-02-11,2,265.88,0.2,PayPal,Completed
12145,1994,91,14,47,2025-01-31,3,406.77,0.0,PayPal,Returned
12146,1217,49,5,23,2025-09-13,2,148.66,0.05,Debit Card,Completed
12147,1649,85,13,46,2024-05-31,1,347.38,0.2,Cash,Pending
12148,1591,79,7,2,2024-11-26,2,143.89,0.0,Credit Card,Completed
12149,1764,198,5,1,2025-09-03,4,125.5,0.0,Credit Card,Pending
12150,1358,14,14,8,2024-10-03,4,379.66,0.05,Credit Card,Completed
12151,1314,188,12,17,2023-12-03,2,448.74,0.0,Cash,Cancelled
12152,1950,42,11,33,2025-11-24,5,483.01,0.0,Cash,Cancelled
12153,1766,181,4,34,2025-09-10,3,334.11,0.0,Gift Card,Completed
12154,273,203,6,14,2023-12-13,5,511.82,0.2,Debit Card,Shipped
12155,361,46,1,36,2024-04-13,4,393.27,0.0,Gift Card,Cancelled
12156,931,83,11,33,2025-09-07,1,347.94,0.0,Gift Card,Completed
12157,1279,168,11,7,2024-02-06,3,303.92,0.2,Debit Card,Completed
12158,50,133,3,43,2025-08-15,4,321.54,0.0,Cash,Shipped
12159,306,287,6,14,2023-11-21,1,173.87,0.1,Gift Card,Returned
12160,1012,88,10,29,2025-10-02,2,291.53,0.0,PayPal,Shipped
12161,8,42,9,38,2025-10-20,4,483.01,0.0,Gift Card,Cancelled
12162,1507,64,3,20,2025-07-01,1,566.62,0.0,Gift Card,Returned
12163,1785,62,5,48,2023-02-17,3,539.25,0.0,PayPal,Cancelled
12164,1232,62,4,35,2024-07-19,4,539.25,0.0,PayPal,Completed
12165,1834,51,10,21,2025-09-08,5,190.91,0.0,Cash,Pending
12166,1311,53,9,25,2025-03-24,2,459.8,0.05,Gift Card,Completed
12167,1316,291,7,40,2024-02-11,6,9.1,0.05,Gift Card,Completed
12168,302,241,12,10,2023-07-27,3,108.19,0.0,PayPal,Completed
12169,1108,237,14,8,2024-04-20,2,159.44,0.2,Credit Card,Cancelled
12170,1835,146,5,23,2025-05-04,1,309.25,0.05,Gift Card,Completed
12171,544,13,13,46,2024-03-29,6,127.76,0.05,PayPal,Completed
12172,621,254,10,21,2023-03-18,4,307.61,0.0,Cash,Shipped
12173,565,287,15,32,2023-12-26,3,173.87,0.15,PayPal,Shipped
12174,728,289,8,39,2024-01-27,3,246.14,0.0,PayPal,Shipped
12175,1553,43,14,47,2023-12-23,6,121.68,0.15,Cash,Cancelled
12176,382,38,6,9,2024-09-08,4,142.98,0.0,PayPal,Completed
12177,1424,64,8,39,2023-06-03,4,566.62,0.0,PayPal,Cancelled
12178,1334,296,14,8,2023-07-31,2,81.85,0.0,PayPal,Completed
12179,321,103,14,8,2023-10-27,2,220.08,0.15,PayPal,Cancelled
12180,1303,198,2,45,2023-07-30,1,125.5,0.05,Gift Card,Shipped
12181,433,72,5,23,2023-01-22,4,301.36,0.0,Credit Card,Completed
12182,1422,283,5,48,2025-04-10,3,84.31,0.05,PayPal,Completed
12183,644,234,15,32,2025-12-24,4,314.58,0.05,Cash,Cancelled
12184,216,264,1,50,2023-06-08,6,25.86,0.0,Cash,Completed
12185,1111,154,6,9,2024-04-11,2,214.32,0.0,Cash,Shipped
12186,1604,81,10,29,2025-10-02,3,379.78,0.15,Cash,Cancelled
12187,1679,32,7,40,2025-09-17,1,162.12,0.1,Gift Card,Completed
12188,85,273,2,45,2024-07-20,4,265.88,0.0,Cash,Shipped
12189,748,285,7,40,2023-02-10,6,313.87,0.1,PayPal,Shipped
12190,48,34,4,35,2024-02-18,2,71.12,0.1,PayPal,Cancelled
12191,1388,173,1,50,2024-08-29,6,159.58,0.15,Credit Card,Completed
12192,1586,98,15,27,2023-11-12,1,263.06,0.15,Cash,Completed
12193,21,194,7,40,2024-04-04,3,35.78,0.1,Cash,Completed
12194,1245,21,15,5,2023-10-15,3,407.45,0.0,PayPal,Completed
12195,606,143,1,36,2023-06-13,2,511.76,0.05,Gift Card,Completed
12196,1776,221,8,19,2025-12-08,4,183.32,0.05,Credit Card,Completed
12197,1847,288,13,46,2024-05-23,6,367.22,0.0,PayPal,Shipped
12198,838,59,4,34,2023-07-25,4,239.55,0.15,Gift Card,Completed
12199,1328,263,4,26,2025-08-15,6,47.7,0.0,PayPal,Completed
12200,1037,239,13,30,2024-05-11,2,337.62,0.0,PayPal,Returned
12201,839,110,8,39,2025-07-11,4,570.1,0.0,Gift Card,Completed
12202,812,61,1,36,2025-09-16,5,172.42,0.0,Credit Card,Returned
12203,914,239,14,47,2024-05-02,2,337.62,0.05,Debit Card,Cancelled
12204,1582,6,9,25,2024-12-08,4,628.51,0.0,Cash,Completed
12205,1162,286,9,25,2025-08-18,1,217.06,0.15,PayPal,Pending
12206,1805,47,15,5,2025-01-01,6,126.89,0.1,Cash,Completed
12207,534,161,6,9,2024-07-21,4,322.86,0.05,Cash,Pending
12208,190,8,14,8,2025-12-23,1,143.64,0.1,Cash,Completed
12209,1120,10,4,35,2023-12-25,5,46.02,0.1,Gift Card,Returned
12210,1678,50,13,13,2023-08-06,4,564.26,0.0,Debit Card,Completed
12211,1623,174,7,40,2024-05-07,5,62.11,0.15,Debit Card,Cancelled
12212,1960,248,3,20,2023-02-21,6,230.55,0.1,Cash,Returned
12213,958,42,9,25,2024-03-04,6,483.01,0.0,Gift Card,Returned
12214,1869,64,7,40,2024-09-08,5,566.62,0.0,Cash,Returned
12215,1992,63,11,33,2023-08-30,6,63.8,0.2,PayPal,Cancelled
12216,1020,264,15,18,2023-06-15,6,25.86,0.0,Cash,Returned
12217,1264,235,13,49,2024-03-04,4,265.0,0.0,Gift Card,Completed
12218,988,268,1,22,2023-12-22,5,252.86,0.15,Cash,Pending
12219,1300,98,10,6,2023-01-28,3,263.06,0.05,PayPal,Cancelled
12220,446,295,9,38,2024-05-21,1,647.12,0.0,PayPal,Shipped
12221,1642,14,8,39,2025-08-23,6,379.66,0.0,Gift Card,Completed
12222,1373,152,14,8,2025-08-06,5,290.47,0.2,Debit Card,Shipped
12223,1339,92,14,8,2025-03-23,3,665.8,0.05,PayPal,Completed
12224,1959,268,11,12,2025-11-17,1,252.86,0.0,Credit Card,Returned
12225,943,290,9,25,2023-03-18,1,30.66,0.05,Cash,Pending
12226,218,17,9,38,2023-06-06,4,307.03,0.15,Credit Card,Cancelled
12227,786,281,7,40,2024-05-21,3,125.56,0.2,Gift Card,Completed
12228,1483,2,15,27,2024-05-14,3,35.98,0.1,Credit Card,Completed
12229,1942,144,1,22,2023-07-02,3,296.96,0.0,Debit Card,Completed
12230,1167,82,9,25,2025-04-20,3,166.87,0.05,Gift Card,Completed
12231,160,110,15,15,2023-01-24,3,570.1,0.2,Credit Card,Shipped
12232,1134,226,5,48,2024-08-17,4,522.95,0.1,Credit Card,Returned
12233,1330,165,13,13,2023-05-16,2,216.64,0.0,Gift Card,Pending
12234,278,256,8,24,2023-03-08,3,203.89,0.05,Cash,Returned
12235,9,168,6,9,2024-07-05,5,303.92,0.0,Cash,Pending
12236,871,155,7,2,2025-10-15,4,232.62,0.0,Cash,Completed
12237,1592,147,10,4,2024-06-24,1,433.97,0.15,Debit Card,Completed
12238,799,300,12,17,2023-10-31,1,306.79,0.0,Gift Card,Completed
12239,1634,153,1,50,2024-09-22,6,238.04,0.0,Debit Card,Returned
12240,398,134,3,20,2025-02-07,5,170.45,0.15,Debit Card,Shipped
12241,516,255,14,47,2025-07-04,6,118.85,0.0,Credit Card,Returned
12242,64,189,5,48,2025-08-17,2,399.71,0.0,Cash,Shipped
12243,1140,64,6,14,2023-09-16,3,566.62,0.05,Cash,Completed
12244,1199,274,8,19,2023-09-27,4,57.88,0.0,PayPal,Completed
12245,1205,16,10,6,2024-03-08,1,561.32,0.2,Debit Card,Completed
12246,1576,278,6,14,2023-07-14,1,98.31,0.15,PayPal,Completed
12247,1465,119,1,22,2023-12-16,3,63.82,0.0,PayPal,Completed
12248,1309,136,7,40,2024-06-07,5,266.29,0.2,Gift Card,Shipped
12249,1354,221,13,46,2023-07-03,3,183.32,0.0,PayPal,Cancelled
12250,1256,124,6,14,2024-09-12,4,311.92,0.0,Cash,Pending
12251,524,38,2,28,2025-06-23,5,142.98,0.0,Cash,Completed
12252,1206,72,6,9,2023-04-06,2,301.36,0.0,PayPal,Completed
12253,1620,71,6,9,2024-11-30,6,251.36,0.15,Cash,Completed
12254,744,86,8,19,2025-10-10,4,302.91,0.0,Gift Card,Returned
12255,51,300,14,47,2023-01-23,3,306.79,0.0,PayPal,Completed
12256,1948,129,4,35,2025-08-25,2,267.03,0.2,Gift Card,Completed
12257,1838,103,7,40,2025-03-27,5,220.08,0.2,Debit Card,Completed
12258,1169,260,3,43,2025-08-15,5,172.37,0.0,Gift Card,Completed
12259,91,114,10,29,2025-04-11,4,356.17,0.0,Debit Card,Completed
12260,1674,282,6,9,2024-12-20,4,461.23,0.05,PayPal,Cancelled
12261,650,290,13,42,2023-04-28,1,30.66,0.1,Debit Card,Cancelled
12262,1316,246,10,21,2023-01-18,3,594.34,0.05,Debit Card,Completed
12263,5,172,12,11,2023-10-03,6,70.42,0.1,Credit Card,Shipped
12264,1652,145,10,4,2024-11-14,5,328.64,0.0,Credit Card,Pending
12265,1732,87,11,33,2023-03-08,4,321.84,0.2,PayPal,Completed
12266,1582,110,13,46,2025-03-11,4,570.1,0.0,Debit Card,Completed
12267,472,21,12,10,2025-07-23,1,407.45,0.15,PayPal,Returned
12268,145,181,6,9,2025-03-25,6,334.11,0.0,Gift Card,Cancelled
12269,472,170,10,29,2023-10-10,4,260.29,0.1,PayPal,Completed
12270,143,156,14,8,2025-10-30,5,64.7,0.15,Cash,Pending
12271,569,43,5,48,2023-08-11,5,121.68,0.1,Gift Card,Shipped
12272,1848,118,6,14,2024-05-02,5,145.14,0.05,Debit Card,Completed
12273,711,208,3,20,2023-07-12,6,146.45,0.2,Gift Card,Completed
12274,1018,78,2,3,2025-04-18,3,176.26,0.0,Debit Card,Returned
12275,1549,50,10,6,2023-10-08,2,564.26,0.0,Gift Card,Completed
12276,422,237,10,21,2025-02-18,2,159.44,0.05,Cash,Completed
12277,1822,267,7,40,2025-09-28,5,139.61,0.2,Gift Card,Completed
12278,913,119,11,33,2024-10-22,5,63.82,0.15,Cash,Returned
12279,1904,93,12,17,2024-03-05,6,380.69,0.05,Credit Card,Completed
12280,852,67,15,44,2025-07-15,4,138.29,0.05,PayPal,Completed
12281,1109,51,4,35,2023-11-11,3,190.91,0.05,Debit Card,Completed
12282,770,191,2,3,2025-06-01,5,519.67,0.0,Debit Card,Completed
12283,997,290,3,31,2025-04-04,6,30.66,0.15,Gift Card,Completed
12284,1600,198,10,4,2024-06-21,4,125.5,0.1,PayPal,Shipped
12285,180,91,8,19,2024-10-25,4,406.77,0.2,Debit Card,Pending
12286,770,67,11,33,2025-07-28,4,138.29,0.0,Cash,Completed
12287,890,176,14,47,2024-03-29,5,171.51,0.15,Debit Card,Returned
12288,699,74,2,28,2024-06-24,5,292.63,0.0,Credit Card,Returned
12289,1434,96,7,2,2025-03-22,4,595.96,0.1,PayPal,Completed
12290,1249,89,3,20,2024-06-10,3,248.83,0.05,Cash,Returned
12291,341,94,13,49,2023-12-20,4,325.59,0.05,PayPal,Completed
12292,404,185,6,14,2024-09-02,1,357.71,0.0,PayPal,Completed
12293,1584,170,14,47,2025-01-03,3,260.29,0.0,Gift Card,Completed
12294,888,122,2,3,2024-08-09,6,203.86,0.0,Credit Card,Shipped
12295,4,91,4,35,2024-08-12,5,406.77,0.0,Debit Card,Pending
12296,870,51,15,44,2024-01-17,6,190.91,0.1,Debit Card,Completed
12297,435,85,8,24,2025-04-27,6,347.38,0.0,Credit Card,Returned
12298,65,167,15,15,2025-06-09,5,87.74,0.0,Gift Card,Pending
12299,796,231,5,23,2023-09-30,6,52.2,0.0,Cash,Shipped
12300,639,204,5,48,2025-05-21,2,14.1,0.0,Credit Card,Completed
12301,187,101,11,33,2023-10-28,1,314.94,0.0,Debit Card,Completed
12302,1642,173,4,34,2024-05-12,6,159.58,0.05,Credit Card,Cancelled
12303,208,1,3,43,2024-04-25,2,31.01,0.0,Credit Card,Shipped
12304,486,118,15,44,2023-10-30,6,145.14,0.0,Cash,Shipped
12305,1139,109,8,24,2024-03-09,4,33.31,0.1,Gift Card,Completed
12306,406,263,1,50,2023-10-16,5,47.7,0.2,Debit Card,Cancelled
12307,1326,294,15,16,2025-03-26,4,345.43,0.15,Credit Card,Completed
12308,416,90,2,3,2023-01-04,5,483.64,0.0,Cash,Cancelled
12309,1186,182,3,31,2023-02-10,1,543.63,0.2,PayPal,Completed
12310,1053,156,12,11,2025-05-25,5,64.7,0.05,Gift Card,Completed
12311,880,46,13,42,2025-05-07,5,393.27,0.2,Cash,Completed
12312,400,238,15,32,2024-12-14,4,196.9,0.0,Credit Card,Completed
12313,100,191,12,11,2023-10-03,3,519.67,0.0,Debit Card,Completed
12314,749,27,7,2,2023-12-22,4,565.88,0.1,Debit Card,Completed
12315,1122,25,15,18,2025-07-21,4,323.92,0.2,Debit Card,Returned
12316,363,253,1,36,2023-08-29,5,101.3,0.15,Debit Card,Shipped
12317,308,234,9,25,2024-12-09,6,314.58,0.05,PayPal,Completed
12318,34,149,13,46,2024-08-08,2,431.72,0.1,Gift Card,Pending
12319,521,217,1,36,2023-07-26,6,80.74,0.0,Debit Card,Pending
12320,420,180,9,38,2024-11-19,2,177.87,0.0,Cash,Cancelled
12321,55,154,14,8,2023-06-08,5,214.32,0.05,Credit Card,Completed
12322,1868,195,14,47,2025-08-04,2,165.25,0.1,PayPal,Completed
12323,101,144,11,12,2024-04-14,4,296.96,0.0,Debit Card,Completed
12324,1447,193,10,4,2024-04-29,1,248.63,0.0,PayPal,Pending
12325,472,297,2,37,2024-06-20,2,334.26,0.0,Gift Card,Pending
12326,1715,45,11,12,2024-03-21,5,107.36,0.15,Cash,Completed
12327,1961,83,5,23,2024-04-23,3,347.94,0.2,Cash,Cancelled
12328,335,213,13,46,2025-04-14,3,64.0,0.2,Cash,Pending
12329,187,238,5,1,2023-12-06,3,196.9,0.0,Debit Card,Completed
12330,1701,12,1,36,2024-10-22,3,582.22,0.1,Debit Card,Shipped
12331,638,55,15,5,2023-01-22,4,17.81,0.05,Debit Card,Shipped
12332,119,114,4,26,2023-09-08,6,356.17,0.0,Gift Card,Completed
12333,317,99,11,12,2023-11-09,2,384.25,0.0,Credit Card,Completed
12334,1936,86,5,48,2024-09-18,3,302.91,0.15,Cash,Completed
12335,928,58,10,4,2025-10-12,5,76.76,0.0,Debit Card,Completed
12336,1464,116,11,33,2023-09-27,6,365.71,0.2,Debit Card,Cancelled
12337,806,50,6,9,2023-12-09,2,564.26,0.05,PayPal,Cancelled
12338,1517,29,5,1,2025-07-28,3,197.73,0.0,Credit Card,Completed
12339,1594,76,11,12,2025-04-07,1,46.89,0.2,Gift Card,Completed
12340,287,85,2,28,2024-02-02,2,347.38,0.15,Gift Card,Completed
12341,246,62,9,38,2025-04-02,2,539.25,0.0,Credit Card,Pending
12342,1378,70,6,14,2025-09-04,4,42.41,0.15,Credit Card,Cancelled
12343,433,183,7,2,2023-02-26,1,70.12,0.1,PayPal,Returned
12344,610,223,8,24,2023-10-06,3,162.74,0.05,Debit Card,Cancelled
12345,65,112,3,43,2025-11-22,2,347.45,0.15,Cash,Cancelled
12346,559,121,1,50,2024-08-05,3,13.34,0.0,PayPal,Pending
12347,99,249,9,25,2023-05-24,6,471.0,0.1,Credit Card,Completed
12348,210,130,1,50,2023-06-06,6,293.35,0.1,Debit Card,Completed
12349,849,21,15,27,2024-06-22,2,407.45,0.15,Credit Card,Completed
12350,1170,28,15,32,2023-02-16,4,360.14,0.2,Cash,Cancelled
12351,1222,157,8,19,2023-05-02,4,110.95,0.0,Cash,Returned
12352,1727,263,9,25,2025-11-10,6,47.7,0.05,Debit Card,Shipped
12353,966,233,2,37,2023-11-23,3,400.32,0.0,Debit Card,Completed
12354,143,20,3,43,2025-04-07,4,170.95,0.1,Gift Card,Shipped
12355,1505,232,6,9,2025-08-22,6,316.8,0.05,Gift Card,Cancelled
12356,744,297,4,26,2025-03-03,2,334.26,0.0,Cash,Completed
12357,216,220,8,24,2025-09-23,2,357.02,0.05,Debit Card,Completed
12358,1588,154,15,15,2023-11-27,1,214.32,0.0,PayPal,Cancelled
12359,101,257,7,2,2023-09-20,4,29.22,0.15,Credit Card,Completed
12360,718,185,15,16,2023-03-11,1,357.71,0.0,Debit Card,Cancelled
12361,426,57,9,38,2024-01-28,3,207.9,0.1,Cash,Returned
12362,1008,194,15,32,2025-04-10,6,35.78,0.0,Credit Card,Shipped
12363,220,38,8,19,2024-11-16,4,142.98,0.15,Credit Card,Completed
12364,1028,231,1,50,2023-12-02,1,52.2,0.1,Credit Card,Shipped
12365,1453,158,10,29,2024-03-16,4,324.07,0.15,Gift Card,Completed
12366,1539,78,13,13,2023-05-27,2,176.26,0.05,Cash,Completed
12367,1730,103,6,9,2023-10-19,2,220.08,0.05,PayPal,Cancelled
12368,831,207,5,1,2023-05-10,2,245.28,0.2,Cash,Completed
12369,1902,56,11,12,2023-03-31,6,176.55,0.1,Credit Card,Cancelled
12370,1266,227,11,7,2025-05-16,6,225.3,0.05,PayPal,Shipped
12371,245,43,7,40,2025-05-04,1,121.68,0.0,Credit Card,Completed
12372,1801,196,5,23,2025-11-03,3,222.19,0.05,Debit Card,Shipped
12373,931,58,11,12,2024-11-10,6,76.76,0.0,Gift Card,Completed
12374,322,222,5,48,2023-11-10,4,412.69,0.0,Credit Card,Completed
12375,536,53,10,4,2025-09-07,4,459.8,0.0,Gift Card,Cancelled
12376,319,2,12,10,2023-07-07,5,35.98,0.0,PayPal,Completed
12377,674,195,1,41,2025-09-29,4,165.25,0.0,PayPal,Completed
12378,829,255,13,46,2023-08-07,3,118.85,0.15,Debit Card,Returned
12379,891,263,10,29,2024-09-20,3,47.7,0.05,PayPal,Shipped
12380,272,178,5,1,2023-08-17,6,41.87,0.05,Credit Card,Completed
12381,1370,42,15,18,2025-10-07,5,483.01,0.15,Debit Card,Cancelled
12382,502,105,6,14,2023-01-24,5,500.45,0.1,Credit Card,Completed
12383,1536,185,3,31,2023-03-13,1,357.71,0.1,PayPal,Completed
12384,663,162,14,8,2024-10-25,5,532.97,0.15,Debit Card,Returned
12385,1643,181,13,42,2024-01-21,5,334.11,0.05,Credit Card,Completed
12386,922,9,5,23,2023-03-04,6,307.63,0.2,PayPal,Completed
12387,1941,110,14,47,2023-01-25,1,570.1,0.0,Gift Card,Completed
12388,520,237,14,47,2024-07-05,4,159.44,0.1,Credit Card,Completed
12389,1001,238,3,20,2025-05-17,3,196.9,0.2,Credit Card,Completed
12390,970,22,2,45,2023-04-27,6,90.87,0.1,Cash,Completed
12391,563,223,6,14,2024-10-12,2,162.74,0.15,Debit Card,Completed
12392,364,179,1,22,2025-06-08,1,63.58,0.0,Debit Card,Completed
12393,786,190,4,35,2025-09-13,4,292.3,0.0,Cash,Completed
12394,1879,176,14,8,2025-09-06,1,171.51,0.2,Credit Card,Cancelled
12395,1172,70,13,30,2024-02-10,3,42.41,0.0,PayPal,Returned
12396,558,95,7,40,2024-06-08,3,435.89,0.1,Cash,Completed
12397,130,222,7,40,2024-10-07,1,412.69,0.0,Credit Card,Pending
12398,457,244,11,12,2024-06-17,5,328.77,0.2,Debit Card,Completed
12399,1739,169,3,43,2024-07-15,3,446.78,0.0,Credit Card,Completed
12400,841,195,7,40,2025-04-11,4,165.25,0.15,Cash,Completed
12401,1623,233,1,41,2023-06-26,5,400.32,0.1,Gift Card,Returned
12402,1293,220,9,25,2024-12-05,5,357.02,0.0,Gift Card,Completed
12403,1620,166,12,10,2023-10-01,6,172.27,0.0,Debit Card,Completed
12404,209,52,7,40,2023-12-27,5,120.46,0.2,Gift Card,Returned
12405,1632,217,10,6,2024-06-15,2,80.74,0.15,Debit Card,Completed
12406,994,66,15,15,2023-07-11,4,330.95,0.2,Debit Card,Completed
12407,411,200,8,19,2024-06-14,4,214.09,0.2,Debit Card,Completed
12408,406,115,4,34,2023-11-22,5,295.79,0.2,PayPal,Completed
12409,418,148,11,33,2024-10-19,6,293.31,0.0,Gift Card,Pending
12410,287,299,1,36,2023-08-09,3,150.33,0.1,Debit Card,Completed
12411,1829,78,13,42,2024-02-24,6,176.26,0.1,Debit Card,Cancelled
12412,790,294,9,38,2024-10-11,6,345.43,0.0,Debit Card,Completed
12413,1667,117,3,31,2024-04-12,6,77.12,0.05,Gift Card,Cancelled
12414,1433,246,2,45,2024-03-11,1,594.34,0.15,Debit Card,Completed
12415,505,44,8,19,2025-08-02,5,317.68,0.15,Credit Card,Shipped
12416,1612,93,13,49,2025-03-21,1,380.69,0.0,PayPal,Cancelled
12417,1405,114,12,10,2023-07-15,2,356.17,0.0,PayPal,Completed
12418,1764,210,15,27,2024-11-06,5,77.07,0.05,Gift Card,Returned
12419,254,21,15,27,2025-02-24,2,407.45,0.2,Debit Card,Completed
12420,587,205,14,47,2023-03-09,1,370.78,0.2,Gift Card,Pending
12421,1408,183,8,19,2025-04-12,3,70.12,0.0,PayPal,Shipped
12422,1295,279,8,39,2025-01-28,5,281.48,0.15,Credit Card,Returned
12423,1441,228,4,35,2023-04-06,4,247.35,0.15,Cash,Shipped
12424,533,208,11,33,2025-03-24,1,146.45,0.2,Cash,Returned
12425,1776,130,15,27,2025-09-05,3,293.35,0.2,Credit Card,Cancelled
12426,849,30,6,14,2023-04-30,5,544.88,0.05,Cash,Pending
12427,943,127,11,7,2025-12-28,3,90.5,0.15,Cash,Completed
12428,1131,193,13,46,2024-06-23,5,248.63,0.0,Gift Card,Completed
12429,1366,278,4,34,2025-04-16,2,98.31,0.15,PayPal,Returned
12430,73,176,2,3,2025-07-19,5,171.51,0.05,PayPal,Shipped
12431,1522,159,4,34,2023-05-26,1,323.53,0.2,Debit Card,Shipped
12432,896,213,4,34,2025-05-19,5,64.0,0.15,Gift Card,Completed
12433,275,72,13,46,2024-07-22,2,301.36,0.1,Gift Card,Pending
12434,487,244,3,43,2024-05-17,1,328.77,0.15,Credit Card,Completed
12435,275,125,6,9,2025-12-03,5,152.14,0.0,Gift Card,Shipped
12436,491,105,8,24,2024-05-30,1,500.45,0.0,Credit Card,Shipped
12437,1753,63,13,13,2023-12-11,3,63.8,0.0,PayPal,Pending
12438,831,47,15,32,2024-07-04,4,126.89,0.05,Cash,Completed
12439,374,279,13,49,2024-08-16,4,281.48,0.0,PayPal,Pending
12440,1579,15,12,17,2024-10-01,1,454.62,0.0,Gift Card,Completed
12441,1466,283,15,44,2023-04-14,1,84.31,0.0,Cash,Completed
12442,120,171,6,14,2024-07-04,3,293.86,0.0,PayPal,Shipped
12443,304,165,10,21,2025-12-27,6,216.64,0.1,Cash,Completed
12444,1138,104,5,48,2023-09-26,6,61.42,0.0,Gift Card,Completed
12445,1758,211,5,23,2024-06-17,5,199.85,0.15,Cash,Pending
12446,405,95,13,13,2025-01-20,5,435.89,0.0,Cash,Completed
12447,962,179,1,41,2024-12-15,3,63.58,0.1,Cash,Returned
12448,256,89,2,28,2025-12-20,1,248.83,0.15,Credit Card,Cancelled
12449,432,272,2,37,2025-01-15,2,596.66,0.05,Debit Card,Completed
12450,852,243,9,38,2025-01-24,6,523.63,0.2,Cash,Pending
12451,1185,91,14,8,2024-06-21,4,406.77,0.0,Credit Card,Shipped
12452,1033,40,6,9,2023-10-24,2,408.98,0.15,Debit Card,Completed
12453,127,176,12,17,2025-10-11,3,171.51,0.0,Debit Card,Completed
12454,1238,252,8,19,2024-11-03,6,163.4,0.2,PayPal,Completed
12455,928,230,4,26,2024-05-22,2,49.56,0.1,Cash,Returned
12456,1295,193,8,39,2023-12-22,6,248.63,0.15,Credit Card,Pending
12457,1033,133,15,15,2023-02-11,3,321.54,0.2,Cash,Cancelled
12458,488,67,5,1,2025-08-21,2,138.29,0.1,Credit Card,Pending
12459,1091,205,3,31,2024-07-08,5,370.78,0.0,Debit Card,Completed
12460,1590,203,15,5,2023-05-27,6,511.82,0.0,Debit Card,Cancelled
12461,1786,276,12,17,2025-06-18,3,394.14,0.05,Cash,Completed
12462,1720,181,6,9,2024-07-16,1,334.11,0.0,Cash,Returned
12463,942,47,12,10,2025-11-01,1,126.89,0.0,Debit Card,Cancelled
12464,1841,100,13,46,2024-04-07,4,447.11,0.1,Credit Card,Returned
12465,1411,130,3,20,2023-01-02,6,293.35,0.2,Cash,Completed
12466,553,177,2,28,2025-08-10,6,467.22,0.1,Cash,Returned
12467,218,53,9,38,2024-06-16,1,459.8,0.0,Credit Card,Completed
12468,654,8,13,42,2025-06-06,1,143.64,0.05,Cash,Completed
12469,378,292,1,50,2023-08-01,5,398.38,0.05,Gift Card,Completed
12470,553,150,15,5,2024-08-20,6,157.31,0.1,Debit Card,Completed
12471,1984,242,1,36,2025-07-31,3,378.8,0.0,Credit Card,Shipped
12472,1185,296,14,8,2024-05-06,3,81.85,0.1,Debit Card,Cancelled
12473,574,62,3,31,2025-04-08,3,539.25,0.2,Credit Card,Pending
12474,166,70,10,6,2025-11-21,6,42.41,0.1,Gift Card,Cancelled
12475,190,198,15,44,2024-04-10,1,125.5,0.0,Credit Card,Completed
12476,1667,109,2,3,2024-02-02,6,33.31,0.1,Credit Card,Pending
12477,1559,54,4,34,2025-02-03,3,43.29,0.05,Debit Card,Cancelled
12478,540,78,12,11,2023-05-19,6,176.26,0.0,PayPal,Pending
12479,1490,162,2,3,2025-03-07,5,532.97,0.1,Credit Card,Pending
12480,1790,288,6,9,2024-06-12,1,367.22,0.05,Gift Card,Returned
12481,1244,56,14,47,2025-09-06,5,176.55,0.0,Cash,Pending
12482,1929,125,7,40,2025-10-25,6,152.14,0.15,Debit Card,Completed
12483,1293,238,15,18,2023-10-21,2,196.9,0.0,Gift Card,Completed
12484,691,129,10,4,2025-02-09,6,267.03,0.2,Gift Card,Completed
12485,197,175,11,7,2024-08-08,6,86.78,0.1,Gift Card,Completed
12486,374,5,14,8,2023-02-03,4,136.89,0.15,PayPal,Pending
12487,1614,257,13,46,2024-07-31,5,29.22,0.2,Credit Card,Completed
12488,1089,206,11,33,2024-05-27,4,367.62,0.05,Debit Card,Cancelled
12489,940,163,9,25,2024-08-04,2,270.34,0.2,Credit Card,Completed
12490,354,298,12,11,2025-04-21,5,202.95,0.1,Gift Card,Cancelled
12491,1438,112,11,33,2024-04-01,3,347.45,0.0,PayPal,Completed
12492,1263,58,2,28,2024-08-10,1,76.76,0.0,Cash,Shipped
12493,328,168,7,2,2024-06-23,1,303.92,0.0,Cash,Completed
12494,1389,259,4,35,2023-10-21,5,395.59,0.05,Debit Card,Completed
12495,247,281,7,2,2024-11-03,6,125.56,0.05,PayPal,Pending
12496,193,81,15,16,2024-08-27,1,379.78,0.05,Debit Card,Shipped
12497,1771,288,4,35,2024-01-01,1,367.22,0.15,Cash,Completed
12498,1178,86,12,10,2023-12-16,3,302.91,0.0,Cash,Returned
12499,491,159,5,1,2023-09-09,4,323.53,0.1,Credit Card,Pending
12500,205,38,3,43,2025-03-13,4,142.98,0.0,Debit Card,Completed
12501,1560,91,3,20,2024-06-10,4,406.77,0.0,Gift Card,Pending
12502,421,80,3,31,2025-07-09,3,249.35,0.1,Cash,Completed
12503,345,276,7,2,2024-10-22,2,394.14,0.1,Debit Card,Completed
12504,498,89,2,3,2023-04-12,1,248.83,0.1,Credit Card,Completed
12505,1467,190,15,32,2023-07-29,1,292.3,0.15,Gift Card,Pending
12506,1111,45,10,6,2024-05-23,4,107.36,0.0,PayPal,Completed
12507,233,218,2,45,2023-07-25,5,95.1,0.0,Gift Card,Pending
12508,1016,78,3,31,2025-08-29,6,176.26,0.0,PayPal,Completed
12509,1063,45,13,13,2024-11-04,5,107.36,0.0,Credit Card,Completed
12510,104,285,4,26,2023-11-20,4,313.87,0.0,Gift Card,Completed
12511,1195,255,5,1,2024-11-02,4,118.85,0.0,Credit Card,Shipped
12512,407,146,1,22,2023-02-02,5,309.25,0.0,Cash,Shipped
12513,1213,135,12,17,2025-06-19,2,126.8,0.0,PayPal,Pending
12514,1134,166,9,38,2024-03-04,2,172.27,0.1,Gift Card,Cancelled
12515,378,118,13,49,2025-07-06,1,145.14,0.0,Cash,Pending
12516,805,113,14,47,2025-01-11,2,438.2,0.15,Credit Card,Completed
12517,1500,48,2,37,2024-03-15,1,397.65,0.2,Gift Card,Completed
12518,870,201,5,48,2024-09-11,5,307.14,0.1,PayPal,Cancelled
12519,858,78,11,12,2025-11-16,1,176.26,0.0,Cash,Completed
12520,1500,222,3,43,2025-05-05,1,412.69,0.1,Credit Card,Completed
12521,1649,299,1,36,2024-10-04,4,150.33,0.0,PayPal,Completed
12522,679,104,4,34,2024-02-20,6,61.42,0.05,Cash,Completed
12523,1282,263,4,34,2024-12-15,1,47.7,0.0,Credit Card,Completed
12524,1837,108,11,7,2025-01-03,3,603.53,0.0,Cash,Completed
12525,1128,56,9,25,2024-08-14,4,176.55,0.15,Debit Card,Completed
12526,1619,1,2,45,2023-03-08,5,31.01,0.0,Credit Card,Completed
12527,436,239,15,32,2025-10-17,2,337.62,0.15,PayPal,Completed
12528,163,140,8,19,2023-05-18,2,257.08,0.0,PayPal,Completed
12529,1378,253,4,35,2024-07-28,4,101.3,0.15,PayPal,Cancelled
12530,505,254,7,2,2024-10-23,3,307.61,0.1,Debit Card,Completed
12531,387,157,1,41,2024-05-04,4,110.95,0.0,Credit Card,Completed
12532,602,125,11,7,2023-03-22,5,152.14,0.15,Credit Card,Completed
12533,1736,226,6,9,2024-03-24,3,522.95,0.05,PayPal,Completed
12534,1943,90,10,4,2023-09-22,3,483.64,0.15,PayPal,Shipped
12535,997,16,15,15,2025-07-28,6,561.32,0.2,Cash,Pending
12536,1365,16,5,1,2024-07-17,3,561.32,0.0,Credit Card,Shipped
12537,933,44,11,7,2023-04-26,6,317.68,0.2,Gift Card,Completed
12538,1287,233,10,21,2023-06-18,6,400.32,0.2,PayPal,Completed
12539,965,106,3,20,2025-01-10,2,127.35,0.2,Cash,Shipped
12540,140,198,14,8,2025-04-29,3,125.5,0.2,PayPal,Pending
12541,994,26,15,15,2025-12-24,4,68.26,0.0,PayPal,Completed
12542,213,68,6,14,2024-04-15,4,15.0,0.05,Debit Card,Completed
12543,115,129,8,24,2023-03-10,6,267.03,0.05,Cash,Shipped
12544,1304,233,8,24,2023-05-30,3,400.32,0.15,Gift Card,Pending
12545,1699,193,1,22,2024-02-21,3,248.63,0.0,Cash,Pending
12546,368,208,12,10,2024-05-17,1,146.45,0.1,Debit Card,Completed
12547,1219,289,4,35,2024-11-26,2,246.14,0.15,Cash,Completed
12548,169,286,13,30,2024-10-04,3,217.06,0.05,Cash,Pending
12549,597,229,2,37,2024-02-25,5,321.97,0.2,Cash,Completed
12550,556,108,13,49,2025-01-04,5,603.53,0.15,Gift Card,Completed
12551,1600,41,3,20,2025-10-05,3,441.65,0.0,Credit Card,Shipped
12552,1792,75,13,13,2025-11-26,3,363.98,0.05,Cash,Completed
12553,1594,3,14,8,2024-12-17,4,507.54,0.05,Debit Card,Cancelled
12554,950,124,7,2,2023-05-05,2,311.92,0.0,Cash,Cancelled
12555,389,253,15,15,2023-10-02,2,101.3,0.0,Gift Card,Cancelled
12556,379,260,15,5,2024-06-09,1,172.37,0.0,PayPal,Completed
12557,839,49,2,28,2023-09-02,2,148.66,0.0,Debit Card,Pending
12558,4,54,10,6,2025-06-13,1,43.29,0.0,Credit Card,Shipped
12559,111,134,5,1,2024-06-04,3,170.45,0.2,Gift Card,Pending
12560,418,67,11,7,2024-02-23,2,138.29,0.05,PayPal,Completed
12561,490,59,2,45,2023-04-28,5,239.55,0.0,Cash,Shipped
12562,767,137,1,36,2023-12-04,5,47.19,0.2,Cash,Pending
12563,767,164,7,2,2024-04-20,4,117.71,0.0,Credit Card,Completed
12564,247,50,4,26,2024-03-23,3,564.26,0.15,Debit Card,Completed
12565,136,191,8,39,2024-12-05,4,519.67,0.1,Debit Card,Returned
12566,582,4,13,42,2024-04-05,4,355.19,0.0,Credit Card,Shipped
12567,1844,82,9,38,2024-04-14,1,166.87,0.0,Credit Card,Pending
12568,562,125,15,32,2023-08-08,1,152.14,0.0,Debit Card,Completed
12569,54,89,5,23,2024-11-25,5,248.83,0.0,PayPal,Completed
12570,1457,111,9,38,2025-12-23,3,123.3,0.0,PayPal,Shipped
12571,215,278,13,30,2025-11-02,4,98.31,0.0,PayPal,Returned
12572,1560,51,11,12,2023-12-28,3,190.91,0.0,PayPal,Completed
12573,1934,170,3,43,2024-07-31,3,260.29,0.1,Gift Card,Completed
12574,153,173,3,31,2023-11-13,5,159.58,0.15,Credit Card,Returned
12575,1067,178,13,13,2023-02-19,2,41.87,0.0,Gift Card,Pending
12576,109,179,1,36,2024-07-01,3,63.58,0.2,PayPal,Cancelled
12577,818,148,5,1,2025-02-05,1,293.31,0.0,PayPal,Cancelled
12578,578,174,2,37,2024-06-14,2,62.11,0.0,Debit Card,Completed
12579,1704,156,5,1,2023-01-02,1,64.7,0.0,Cash,Completed
12580,806,81,10,29,2023-10-10,3,379.78,0.0,PayPal,Returned
12581,1049,51,12,11,2023-02-20,3,190.91,0.0,Cash,Completed
12582,1191,158,8,39,2024-01-30,5,324.07,0.0,PayPal,Completed
12583,674,115,3,43,2025-12-11,1,295.79,0.0,Cash,Pending
12584,986,85,1,50,2025-09-28,5,347.38,0.1,PayPal,Completed
12585,29,293,9,25,2023-08-06,1,54.25,0.2,Gift Card,Pending
12586,789,124,3,43,2025-09-02,5,311.92,0.1,Credit Card,Completed
12587,1384,8,1,22,2023-07-08,5,143.64,0.0,PayPal,Completed
12588,1570,212,13,30,2025-10-23,3,26.85,0.0,Cash,Completed
12589,1014,103,10,6,2024-07-11,5,220.08,0.0,Cash,Shipped
12590,1405,106,7,40,2024-07-11,3,127.35,0.2,PayPal,Pending
12591,1120,36,1,41,2023-01-21,5,480.04,0.0,Gift Card,Cancelled
12592,775,119,6,14,2025-05-01,3,63.82,0.0,Gift Card,Returned
12593,1843,191,11,12,2025-01-15,6,519.67,0.0,Gift Card,Completed
12594,226,26,11,12,2025-10-13,4,68.26,0.0,Gift Card,Completed
12595,163,262,8,19,2023-07-22,6,392.06,0.0,Cash,Completed
12596,1379,214,11,12,2025-02-21,3,264.25,0.1,Debit Card,Completed
12597,1120,244,4,35,2023-06-18,5,328.77,0.05,Gift Card,Completed
12598,819,242,7,40,2025-12-01,1,378.8,0.15,Debit Card,Completed
12599,769,55,2,37,2023-05-20,5,17.81,0.15,Debit Card,Completed
12600,628,205,5,48,2024-03-30,4,370.78,0.0,Cash,Completed
12601,1441,212,12,11,2024-07-09,6,26.85,0.0,PayPal,Completed
12602,1962,197,2,37,2024-09-29,2,82.36,0.2,Credit Card,Completed
12603,209,106,2,28,2024-03-30,1,127.35,0.1,PayPal,Completed
12604,792,251,12,10,2025-06-26,3,355.21,0.05,Debit Card,Completed
12605,2,244,13,49,2024-12-17,1,328.77,0.0,PayPal,Completed
12606,1286,295,11,33,2023-03-26,6,647.12,0.2,Credit Card,Shipped
12607,854,250,7,2,2024-09-11,5,120.54,0.0,Cash,Pending
12608,660,148,12,11,2025-04-24,5,293.31,0.0,PayPal,Cancelled
12609,903,204,13,42,2025-04-22,2,77.05,0.05,Gift Card,Returned
12610,69,129,4,35,2025-06-04,6,267.03,0.05,PayPal,Completed
12611,467,77,11,7,2023-02-28,3,442.92,0.0,Gift Card,Completed
12612,1158,17,15,16,2025-10-23,3,307.03,0.1,PayPal,Pending
12613,1541,153,5,1,2025-11-06,5,238.04,0.0,Debit Card,Completed
12614,555,283,12,17,2025-12-29,4,84.31,0.05,Gift Card,Shipped
12615,472,84,2,3,2025-11-24,2,38.26,0.0,Credit Card,Returned
12616,1532,31,7,40,2023-02-11,4,179.93,0.15,Credit Card,Completed
12617,908,174,12,11,2025-11-10,2,62.11,0.2,PayPal,Completed
12618,1571,104,15,27,2024-07-10,2,61.42,0.15,Debit Card,Completed
12619,835,298,9,25,2025-01-23,1,202.95,0.0,PayPal,Completed
12620,1870,46,12,10,2025-10-03,4,393.27,0.1,Credit Card,Completed
12621,69,116,14,8,2023-08-12,6,365.71,0.0,Debit Card,Completed
12622,972,291,15,18,2024-02-16,3,9.1,0.15,Credit Card,Pending
12623,889,107,2,45,2023-06-15,6,247.26,0.1,Gift Card,Pending
12624,1072,202,2,28,2023-05-06,6,211.09,0.05,Credit Card,Completed
12625,334,21,8,24,2025-03-06,2,407.45,0.1,Cash,Completed
12626,87,163,6,9,2025-02-13,2,270.34,0.0,Cash,Shipped
12627,61,281,15,27,2025-09-15,5,125.56,0.0,Cash,Completed
12628,1121,12,9,38,2023-08-03,3,582.22,0.0,PayPal,Completed
12629,281,169,10,4,2023-01-26,2,446.78,0.05,Cash,Cancelled
12630,759,281,6,9,2023-04-02,6,125.56,0.1,Credit Card,Completed
12631,1366,161,6,14,2024-12-03,3,322.86,0.1,Debit Card,Completed
12632,1858,290,5,23,2024-08-16,4,30.66,0.05,Cash,Returned
12633,1014,246,7,2,2023-10-31,2,594.34,0.05,Cash,Shipped
12634,1335,240,13,13,2025-07-16,4,196.7,0.0,Cash,Completed
12635,132,173,10,6,2024-02-03,1,159.58,0.0,Credit Card,Shipped
12636,500,121,3,43,2023-08-13,4,13.34,0.15,PayPal,Completed
12637,816,151,11,7,2023-09-16,6,61.55,0.2,Cash,Cancelled
12638,649,115,13,13,2023-04-25,4,295.79,0.0,Gift Card,Completed
12639,1764,53,8,19,2023-01-19,5,459.8,0.0,Debit Card,Completed
12640,1798,115,9,25,2025-10-29,6,295.79,0.2,Credit Card,Shipped
12641,1149,109,14,8,2025-05-19,3,33.31,0.0,Credit Card,Cancelled
12642,1285,6,2,45,2025-12-10,4,628.51,0.0,Gift Card,Pending
12643,1308,238,14,47,2024-09-04,3,196.9,0.05,Credit Card,Completed
12644,1325,24,7,2,2023-06-14,1,129.26,0.2,PayPal,Completed
12645,1113,190,10,21,2023-01-11,5,292.3,0.0,Cash,Completed
12646,310,73,14,8,2025-09-08,4,68.44,0.15,Debit Card,Completed
12647,553,232,5,48,2025-12-23,5,316.8,0.0,Cash,Completed
12648,1374,132,8,19,2025-01-27,4,127.63,0.0,Gift Card,Completed
12649,348,271,8,24,2023-01-15,4,316.69,0.15,Credit Card,Completed
12650,132,178,1,22,2024-07-29,4,41.87,0.05,Gift Card,Completed
12651,929,279,13,49,2024-06-20,2,281.48,0.15,Cash,Cancelled
12652,1415,204,4,35,2023-06-29,1,86.55,0.1,Gift Card,Shipped
12653,1048,22,15,32,2024-09-26,1,90.87,0.0,Debit Card,Pending
12654,1600,174,15,16,2025-12-07,3,62.11,0.15,PayPal,Completed
12655,682,102,7,40,2025-08-23,3,455.19,0.05,PayPal,Completed
12656,280,194,14,47,2025-02-15,1,35.78,0.0,PayPal,Cancelled
12657,1397,123,13,30,2023-01-11,3,203.09,0.15,PayPal,Completed
12658,1352,297,9,25,2024-02-12,4,334.26,0.0,Cash,Pending
12659,1753,251,10,6,2023-05-15,6,355.21,0.0,Gift Card,Shipped
12660,397,149,13,49,2024-09-16,2,431.72,0.15,Gift Card,Completed
12661,1642,185,12,11,2024-09-29,2,357.71,0.0,Debit Card,Completed
12662,1334,230,7,2,2025-11-19,4,49.56,0.2,Cash,Completed
12663,582,223,2,37,2025-06-03,3,162.74,0.0,Debit Card,Cancelled
12664,52,249,11,12,2025-01-25,2,471.0,0.0,PayPal,Completed
12665,1177,114,6,9,2024-01-15,1,356.17,0.2,Cash,Returned
12666,56,84,7,40,2025-10-14,2,,0.2,Gift Card,Pending
12667,534,268,14,8,2023-07-07,2,252.86,0.1,Gift Card,Completed
12668,1737,259,10,4,2025-11-12,6,395.59,0.1,Gift Card,Completed
12669,1441,223,12,11,2025-06-26,2,162.74,0.05,Gift Card,Completed
12670,1198,287,3,20,2025-07-02,6,173.87,0.15,Gift Card,Completed
12671,91,66,13,13,2023-04-04,1,330.95,0.0,Credit Card,Cancelled
12672,1544,142,6,9,2023-12-17,5,306.71,0.1,Credit Card,Completed
12673,751,181,5,1,2025-11-05,6,334.11,0.0,Debit Card,Cancelled
12674,560,248,2,45,2023-01-22,6,230.55,0.0,PayPal,Completed
12675,1773,212,12,11,2024-09-24,1,26.85,0.05,Credit Card,Cancelled
12676,752,276,5,23,2024-07-14,4,394.14,0.0,Cash,Completed
12677,22,72,3,20,2023-07-25,2,301.36,0.15,Gift Card,Completed
12678,1573,216,12,11,2023-07-25,4,91.49,0.0,Cash,Returned
12679,987,37,12,11,2023-11-14,2,91.98,0.1,Gift Card,Completed
12680,59,30,15,32,2024-01-15,5,544.88,0.0,PayPal,Cancelled
12681,345,117,3,20,2025-11-08,1,77.12,0.05,Credit Card,Completed
12682,505,122,10,4,2023-10-06,6,203.86,0.05,Gift Card,Completed
12683,1606,220,14,47,2025-02-18,3,357.02,0.2,Gift Card,Completed
12684,285,105,4,34,2023-03-06,6,500.45,0.1,PayPal,Pending
12685,1919,297,2,3,2024-06-16,3,334.26,0.0,PayPal,Shipped
12686,1108,247,9,25,2024-04-16,6,58.54,0.05,Debit Card,Completed
12687,1738,53,11,12,2024-01-01,6,459.8,0.05,PayPal,Completed
12688,405,192,9,25,2023-05-01,3,29.92,0.2,Gift Card,Completed
12689,950,220,8,24,2024-03-08,6,357.02,0.1,Gift Card,Cancelled
12690,895,78,14,8,2025-04-17,1,176.26,0.0,Credit Card,Returned
12691,1140,77,5,1,2024-03-29,3,442.92,0.0,Credit Card,Completed
12692,1459,85,10,29,2023-12-08,3,347.38,0.2,Cash,Completed
12693,857,120,1,50,2025-07-06,6,346.06,0.0,Credit Card,Completed
12694,1026,294,4,26,2023-11-29,1,345.43,0.05,Credit Card,Shipped
12695,164,13,10,29,2023-11-14,3,127.76,0.2,Credit Card,Cancelled
12696,979,119,10,4,2024-05-09,1,63.82,0.05,Cash,Pending
12697,1735,88,11,12,2025-08-03,6,291.53,0.1,Gift Card,Pending
12698,74,294,11,33,2023-07-01,6,345.43,0.1,Cash,Completed
12699,1283,18,11,33,2025-03-01,4,383.42,0.05,Debit Card,Cancelled
12700,459,125,4,34,2023-02-16,1,152.14,0.1,Cash,Returned
12701,617,215,8,19,2025-08-09,3,108.22,0.15,PayPal,Returned
12702,71,51,14,47,2025-06-07,2,190.91,0.15,Credit Card,Returned
12703,1627,263,11,12,2023-08-20,3,47.7,0.0,Debit Card,Completed
12704,359,91,14,8,2024-11-17,1,406.77,0.05,Credit Card,Cancelled
12705,367,69,10,21,2023-06-17,3,444.45,0.2,Cash,Completed
12706,1018,130,15,32,2024-07-03,3,293.35,0.0,Credit Card,Completed
12707,202,33,10,29,2023-03-20,6,422.83,0.0,Cash,Cancelled
12708,684,235,15,5,2025-07-28,4,265.0,0.15,Cash,Completed
12709,1252,205,6,14,2023-03-07,1,370.78,0.0,PayPal,Cancelled
12710,1186,81,13,49,2025-10-11,1,379.78,0.0,Cash,Pending
12711,469,100,13,30,2025-01-15,6,447.11,0.05,Cash,Cancelled
12712,1906,263,10,21,2024-07-25,4,47.7,0.0,Cash,Cancelled
12713,199,125,12,11,2024-01-17,4,152.14,0.2,Cash,Completed
12714,468,161,14,47,2023-11-12,2,322.86,0.0,Gift Card,Cancelled
12715,1843,181,2,3,2023-12-27,4,334.11,0.05,PayPal,Completed
12716,297,205,3,20,2024-06-10,1,370.78,0.05,Cash,Returned
12717,1788,280,12,11,2023-03-15,2,59.78,0.1,PayPal,Cancelled
12718,342,5,12,11,2023-05-04,1,136.89,0.0,Debit Card,Completed
12719,181,147,13,42,2024-02-25,2,433.97,0.0,Debit Card,Cancelled
12720,723,227,14,47,2025-01-12,3,225.3,0.0,Debit Card,Shipped
12721,1603,117,12,10,2024-05-09,5,77.12,0.0,Gift Card,Completed
12722,1044,138,10,4,2025-02-15,1,102.03,0.1,Gift Card,Completed
12723,905,161,12,17,2025-11-10,3,322.86,0.0,Gift Card,Pending
12724,167,161,10,21,2025-04-24,4,322.86,0.15,Cash,Returned
12725,1284,43,2,3,2025-09-23,1,121.68,0.0,Debit Card,Completed
12726,1039,256,13,49,2023-05-21,4,203.89,0.1,Cash,Shipped
12727,739,143,14,47,2025-12-24,2,511.76,0.15,Cash,Shipped
12728,332,85,4,26,2023-02-14,6,347.38,0.15,Gift Card,Pending
12729,598,206,11,12,2023-09-15,5,367.62,0.05,Cash,Completed
12730,192,171,8,19,2023-03-01,5,293.86,0.0,Credit Card,Completed
12731,147,25,5,23,2023-03-14,5,323.92,0.05,Cash,Completed
12732,76,19,3,20,2025-03-08,2,332.56,0.0,PayPal,Completed
12733,961,5,11,33,2023-04-28,1,136.89,0.05,Credit Card,Completed
12734,1963,60,13,30,2025-02-06,1,307.03,0.0,Debit Card,Cancelled
12735,1639,178,13,13,2025-04-22,1,41.87,0.1,Cash,Pending
12736,187,279,15,44,2024-12-26,5,281.48,0.15,Cash,Cancelled
12737,792,270,8,24,2024-06-27,4,17.58,0.0,Gift Card,Completed
12738,59,265,14,47,2025-09-07,6,348.49,0.15,Credit Card,Completed
12739,1052,270,5,1,2024-02-23,2,17.58,0.0,Gift Card,Completed
12740,942,237,13,42,2023-11-05,2,159.44,0.0,PayPal,Shipped
12741,1065,33,12,10,2023-07-18,6,422.83,0.15,Gift Card,Completed
12742,1980,90,7,40,2023-12-05,6,483.64,0.05,Credit Card,Completed
12743,510,12,11,33,2024-06-05,3,582.22,0.15,Credit Card,Pending
12744,762,72,10,21,2023-11-01,2,301.36,0.2,Credit Card,Returned
12745,1456,142,11,33,2025-10-10,4,306.71,0.2,Debit Card,Shipped
12746,1484,276,9,25,2024-02-04,1,394.14,0.2,Cash,Completed
12747,452,146,5,1,2025-08-07,1,309.25,0.0,Cash,Completed
12748,680,86,4,34,2023-12-06,4,302.91,0.2,Debit Card,Completed
12749,1694,263,2,3,2024-11-16,6,47.7,0.0,PayPal,Completed
12750,1165,281,12,10,2024-01-28,3,125.56,0.2,Gift Card,Completed
12751,1941,163,9,38,2024-05-22,4,270.34,0.0,Cash,Completed
12752,1036,104,13,42,2024-08-16,3,61.42,0.15,Credit Card,Returned
12753,1482,1,10,21,2024-05-15,5,31.01,0.05,Credit Card,Completed
12754,1978,78,14,47,2023-07-31,1,176.26,0.0,PayPal,Returned
12755,1243,129,13,49,2025-01-22,1,267.03,0.2,Gift Card,Returned
12756,1438,16,6,14,2024-11-06,4,561.32,0.1,Debit Card,Cancelled
12757,606,105,13,42,2024-09-03,4,500.45,0.05,PayPal,Shipped
12758,320,96,9,25,2023-11-10,5,595.96,0.2,Debit Card,Returned
12759,190,155,6,14,2025-08-23,4,232.62,0.2,Debit Card,Returned
12760,1540,274,5,48,2024-01-14,4,57.88,0.2,Gift Card,Pending
12761,1194,101,6,9,2024-02-08,1,314.94,0.15,Debit Card,Completed
12762,1794,142,13,42,2025-03-12,3,306.71,0.05,Credit Card,Completed
12763,1706,79,11,12,2024-07-24,6,143.89,0.05,Gift Card,Shipped
12764,78,31,11,12,2023-02-03,3,179.93,0.05,Gift Card,Completed
12765,775,151,2,37,2025-12-12,6,61.55,0.05,Gift Card,Completed
12766,1622,23,9,38,2025-12-21,2,298.77,0.0,Debit Card,Completed
12767,1336,94,10,29,2024-03-28,3,325.59,0.15,PayPal,Completed
12768,536,205,2,3,2023-12-07,5,370.78,0.1,Credit Card,Cancelled
12769,1784,21,7,40,2024-08-21,2,407.45,0.0,Gift Card,Completed
12770,564,276,14,8,2025-04-04,5,394.14,0.0,Gift Card,Cancelled
12771,1584,158,3,20,2025-07-31,5,324.07,0.15,Cash,Returned
12772,1899,298,15,18,2023-01-25,1,202.95,0.2,Gift Card,Shipped
12773,1983,291,9,38,2023-08-22,1,9.1,0.0,PayPal,Returned
12774,282,210,7,40,2023-01-24,5,77.07,0.0,Debit Card,Completed
12775,389,207,2,45,2023-09-08,2,245.28,0.0,Gift Card,Pending
12776,538,215,9,38,2023-06-24,6,108.22,0.2,Debit Card,Pending
12777,1307,134,13,30,2025-06-28,5,170.45,0.0,Debit Card,Shipped
12778,1614,124,12,17,2025-12-07,2,311.92,0.05,Gift Card,Cancelled
12779,1327,167,8,39,2024-08-05,2,87.74,0.0,Cash,Completed
12780,784,271,11,7,2025-01-03,6,316.69,0.0,Credit Card,Cancelled
12781,1199,241,3,43,2025-07-10,2,108.19,0.0,Credit Card,Completed
12782,692,292,4,34,2025-09-14,3,398.38,0.0,Cash,Completed
12783,182,99,2,28,2023-12-24,5,384.25,0.2,Cash,Completed
12784,436,231,14,8,2023-12-20,1,52.2,0.15,Gift Card,Shipped
12785,678,221,8,19,2024-11-28,3,183.32,0.15,Cash,Completed
12786,1323,76,7,2,2025-12-12,5,46.89,0.2,PayPal,Completed
12787,796,259,2,28,2024-04-13,2,395.59,0.15,Cash,Returned
12788,4,266,3,43,2024-05-31,4,140.34,0.2,Cash,Cancelled
12789,51,46,15,32,2025-08-28,2,393.27,0.05,Gift Card,Completed
12790,1705,240,1,36,2024-05-17,6,196.7,0.0,Debit Card,Completed
12791,1175,171,8,24,2025-04-02,4,293.86,0.15,Cash,Completed
12792,1521,143,4,26,2024-09-16,6,511.76,0.1,PayPal,Cancelled
12793,914,219,7,40,2023-08-16,6,243.18,0.2,Credit Card,Returned
12794,432,60,6,9,2025-02-04,6,307.03,0.0,PayPal,Completed
12795,519,192,8,19,2025-03-02,4,29.92,0.15,Credit Card,Completed
12796,733,30,7,2,2025-11-07,2,544.88,0.15,Gift Card,Completed
12797,906,22,9,25,2023-07-23,4,90.87,0.0,Cash,Shipped
12798,997,129,15,16,2025-05-12,1,267.03,0.2,PayPal,Completed
12799,1282,4,3,43,2025-12-06,1,355.19,0.0,Gift Card,Completed
12800,1348,194,10,6,2025-04-24,5,35.78,0.1,PayPal,Completed
12801,1530,124,6,9,2025-12-30,1,311.92,0.2,Debit Card,Completed
12802,604,122,9,38,2023-06-02,6,203.86,0.0,Credit Card,Completed
12803,1329,50,5,23,2024-02-14,6,564.26,0.0,Debit Card,Shipped
12804,1517,204,10,6,2024-05-04,4,67.4,0.05,Gift Card,Completed
12805,103,133,1,50,2023-10-04,6,321.54,0.0,Credit Card,Returned
12806,560,254,3,20,2023-07-07,4,307.61,0.05,Credit Card,Pending
12807,1539,153,4,26,2024-06-06,3,238.04,0.0,Debit Card,Completed
12808,981,81,15,15,,5,379.78,0.2,Debit Card,Pending
12809,151,277,14,8,2023-01-30,1,320.72,0.1,Debit Card,Shipped
12810,1694,274,9,38,2023-12-20,2,57.88,0.1,Cash,Completed
12811,282,265,14,8,2023-11-25,3,348.49,0.15,Gift Card,Pending
12812,1025,27,7,2,2023-09-09,2,565.88,0.05,Gift Card,Shipped
12813,235,31,6,14,2025-03-22,5,179.93,0.0,Gift Card,Completed
12814,181,296,7,40,2023-07-03,1,81.85,0.1,PayPal,Completed
12815,237,115,8,39,2025-06-21,6,295.79,0.0,Credit Card,Returned
12816,1493,118,10,29,2023-03-23,3,145.14,0.0,Cash,Completed
12817,1864,5,10,29,2025-08-16,5,136.89,0.0,Credit Card,Returned
12818,1203,166,14,47,2025-07-08,6,172.27,0.2,Credit Card,Completed
12819,303,245,5,1,2024-09-27,5,328.64,0.0,Gift Card,Cancelled
12820,1096,118,2,37,2023-02-10,3,145.14,0.2,Cash,Completed
12821,708,211,14,47,2025-04-02,4,199.85,0.2,PayPal,Completed
12822,176,247,5,48,2025-10-06,1,58.54,0.0,Debit Card,Completed
12823,970,48,8,19,2023-04-15,4,397.65,0.05,Credit Card,Cancelled
12824,1133,253,13,46,2023-09-10,2,101.3,0.0,Credit Card,Completed
12825,935,292,1,22,2023-08-04,3,398.38,0.0,Gift Card,Returned
12826,1042,141,8,24,2025-01-10,2,236.86,0.1,Credit Card,Completed
12827,1400,230,6,14,2025-06-05,4,49.56,0.0,Credit Card,Completed
12828,1207,220,2,3,2023-10-28,1,357.02,0.15,Cash,Returned
12829,1770,49,1,50,2023-11-13,5,148.66,0.1,PayPal,Shipped
12830,82,172,7,40,2024-06-24,2,70.42,0.0,Credit Card,Cancelled
12831,1511,212,7,40,2024-08-27,6,26.85,0.2,Gift Card,Completed
12832,231,224,8,19,2024-05-15,1,190.7,0.05,Gift Card,Completed
12833,1916,125,5,48,2023-11-01,2,152.14,0.15,Credit Card,Completed
12834,721,106,2,37,2025-05-19,3,127.35,0.0,Debit Card,Completed
12835,619,105,12,11,2025-03-21,6,500.45,0.0,Cash,Shipped
12836,276,150,9,25,2025-07-12,5,157.31,0.0,Credit Card,Completed
12837,21,296,15,15,2023-10-02,4,81.85,0.0,PayPal,Shipped
12838,20,42,8,24,2023-07-28,1,483.01,0.0,Cash,Returned
12839,1622,72,14,47,2023-02-19,2,301.36,0.0,PayPal,Pending
12840,1271,52,6,14,2024-06-17,5,120.46,0.1,Debit Card,Pending
12841,1763,64,3,20,2025-03-26,3,566.62,0.0,Credit Card,Completed
12842,77,133,12,17,2023-05-07,4,321.54,0.15,Gift Card,Returned
12843,520,80,8,19,2025-03-03,3,249.35,0.2,Credit Card,Pending
12844,1042,4,6,14,2025-03-10,4,355.19,0.0,Credit Card,Completed
12845,206,287,3,43,2025-03-28,3,173.87,0.0,Gift Card,Completed
12846,760,187,5,48,2025-03-04,2,226.55,0.0,Debit Card,Shipped
12847,721,13,3,31,2025-04-15,2,127.76,0.0,Cash,Shipped
12848,1720,239,2,45,2023-12-21,5,337.62,0.0,Debit Card,Cancelled
12849,1316,70,13,42,2024-11-06,6,42.41,0.15,Credit Card,Completed
12850,772,51,13,30,2025-04-10,6,190.91,0.0,Cash,Pending
12851,1761,183,1,50,2023-03-23,4,70.12,0.0,PayPal,Cancelled
12852,1289,72,3,20,2025-09-28,3,301.36,0.15,Debit Card,Completed
12853,3,202,10,4,2025-09-25,3,211.09,0.0,Cash,Returned
12854,947,252,10,29,2024-02-25,1,163.4,0.0,PayPal,Returned
12855,635,17,4,26,2025-12-27,5,307.03,0.0,Credit Card,Completed
12856,750,60,6,9,2024-07-16,4,307.03,0.0,PayPal,Completed
12857,81,21,9,25,2025-04-18,2,407.45,0.1,PayPal,Completed
12858,1903,88,12,17,2023-04-10,1,291.53,0.0,Gift Card,Pending
12859,1563,32,14,47,2023-10-28,2,162.12,0.0,Credit Card,Completed
12860,695,141,6,14,2024-12-11,1,236.86,0.0,Debit Card,Shipped
12861,1452,195,7,2,2023-01-20,4,165.25,0.05,Debit Card,Completed
12862,164,130,2,28,2024-02-16,4,293.35,0.05,Debit Card,Completed
12863,1517,115,6,14,2024-03-31,4,295.79,0.15,Cash,Completed
12864,358,203,12,17,2025-05-25,4,511.82,0.0,Debit Card,Completed
12865,1953,167,15,5,2023-06-13,1,87.74,0.0,Credit Card,Completed
12866,845,227,12,11,2023-11-13,1,225.3,0.0,Debit Card,Pending
12867,356,122,3,31,2024-07-08,2,203.86,0.15,Debit Card,Completed
12868,1307,42,1,41,2023-09-30,3,483.01,0.05,Credit Card,Shipped
12869,991,173,11,7,2024-06-25,2,159.58,0.05,Cash,Cancelled
12870,1208,299,3,31,2025-10-21,3,150.33,0.0,PayPal,Completed
12871,440,240,15,44,2024-05-24,6,196.7,0.15,Gift Card,Pending
12872,1907,219,10,21,2023-02-10,5,243.18,0.0,Gift Card,Shipped
12873,219,12,5,1,2023-04-24,3,582.22,0.0,Credit Card,Completed
12874,692,263,3,20,2025-01-31,2,47.7,0.05,Cash,Cancelled
12875,679,293,5,1,2023-11-24,4,54.25,0.0,PayPal,Completed
12876,860,152,8,39,2023-10-17,2,290.47,0.15,Cash,Completed
12877,530,99,2,45,2025-07-28,1,384.25,0.0,Credit Card,Returned
12878,408,105,2,37,2024-05-12,6,500.45,0.0,Debit Card,Shipped
12879,1197,262,5,1,2024-03-17,6,392.06,0.1,Debit Card,Cancelled
12880,310,215,13,42,2024-01-27,1,108.22,0.0,Gift Card,Cancelled
12881,1190,139,14,47,2023-03-03,5,334.0,0.15,Cash,Completed
12882,1955,210,11,33,2023-02-04,2,77.07,0.2,Credit Card,Pending
12883,1185,2,4,35,2025-08-23,4,35.98,0.1,PayPal,Completed
12884,278,100,5,1,2025-04-10,1,447.11,0.15,Credit Card,Completed
12885,880,246,14,8,2024-03-03,5,594.34,0.0,Credit Card,Returned
12886,194,189,14,8,2024-12-12,3,399.71,0.05,PayPal,Shipped
12887,892,245,9,38,2024-09-06,5,328.64,0.1,Cash,Cancelled
12888,1671,39,5,1,2024-02-13,1,340.31,0.05,Cash,Completed
12889,1069,299,15,32,2024-12-21,4,150.33,0.2,Cash,Shipped
12890,787,80,8,24,2024-04-23,1,249.35,0.0,Debit Card,Completed
12891,1665,58,1,41,2023-04-20,1,76.76,0.15,Credit Card,Completed
12892,653,106,1,36,2023-12-28,1,127.35,0.0,Debit Card,Returned
12893,464,52,15,32,2025-08-19,4,120.46,0.2,Debit Card,Returned
12894,121,236,4,26,2023-09-09,6,209.86,0.0,PayPal,Returned
12895,1032,281,4,35,2023-07-08,5,125.56,0.0,Cash,Completed
12896,1732,281,5,23,2024-03-17,1,125.56,0.05,Credit Card,Completed
12897,1348,86,8,19,2023-12-20,4,302.91,0.0,Gift Card,Completed
12898,1155,91,14,47,2024-08-25,1,406.77,0.0,Credit Card,Pending
12899,1070,155,14,8,2025-05-14,6,232.62,0.1,Gift Card,Completed
12900,1557,296,5,23,2023-05-12,3,81.85,0.0,Cash,Completed
12901,1590,32,14,8,2024-05-23,1,162.12,0.1,Cash,Completed
12902,1667,127,12,10,2024-12-21,1,90.5,0.1,Credit Card,Completed
12903,544,255,8,24,2023-08-17,6,118.85,0.2,PayPal,Pending
12904,532,27,13,42,2024-11-24,6,565.88,0.2,Cash,Completed
12905,1052,252,12,17,2024-02-21,3,163.4,0.15,Cash,Cancelled
12906,1396,119,3,20,2024-01-12,4,63.82,0.0,Cash,Completed
12907,583,74,4,26,2023-12-25,2,292.63,0.0,PayPal,Returned
12908,1082,219,1,50,2023-01-11,1,243.18,0.1,Credit Card,Cancelled
12909,1653,98,14,8,2023-02-01,1,263.06,0.1,Debit Card,Returned
12910,1387,271,1,36,2024-08-27,1,316.69,0.1,Cash,Cancelled
12911,251,46,3,43,2025-12-27,4,393.27,0.1,Gift Card,Completed
12912,321,203,7,40,2024-07-08,5,511.82,0.0,PayPal,Completed
12913,387,207,12,17,2024-10-05,4,245.28,0.0,Gift Card,Completed
12914,1785,142,11,7,2024-09-07,1,306.71,0.0,Gift Card,Cancelled
12915,63,2,6,9,2025-01-27,2,35.98,0.15,Debit Card,Completed
12916,1316,133,9,38,2024-05-04,5,321.54,0.1,Debit Card,Returned
12917,513,274,12,10,2023-08-16,3,57.88,0.2,Gift Card,Completed
12918,878,146,13,46,2025-01-01,1,309.25,0.2,PayPal,Pending
12919,99,234,7,40,2025-10-03,4,314.58,0.05,Cash,Pending
12920,1395,157,8,19,2023-12-19,6,110.95,0.0,Cash,Shipped
12921,256,41,15,27,2023-11-20,2,441.65,0.0,Debit Card,Completed
12922,1688,154,7,40,2025-05-04,6,214.32,0.05,Gift Card,Cancelled
12923,1954,185,4,35,2024-08-07,1,357.71,0.2,Gift Card,Completed
12924,1580,175,14,8,2023-09-03,3,86.78,0.2,Gift Card,Completed
12925,876,51,13,13,2024-05-03,2,190.91,0.0,Gift Card,Completed
12926,992,32,10,4,2023-02-14,2,162.12,0.0,Cash,Completed
12927,909,284,6,14,2024-10-23,1,413.62,0.15,Debit Card,Returned
12928,1130,196,2,37,2023-09-25,5,222.19,0.0,Debit Card,Completed
12929,443,43,12,10,2023-06-15,4,121.68,0.0,Gift Card,Shipped
12930,1677,255,8,39,2025-03-17,5,118.85,0.1,PayPal,Completed
12931,82,199,3,31,2024-10-06,6,314.59,0.0,Credit Card,Completed
12932,1817,19,15,15,2023-11-29,2,332.56,0.0,PayPal,Completed
12933,1736,88,1,36,2024-06-25,6,291.53,0.0,Cash,Completed
12934,848,201,5,48,2023-11-01,5,307.14,0.1,PayPal,Pending
12935,227,193,9,25,2025-04-15,6,248.63,0.0,Cash,Completed
12936,1882,3,6,14,2024-07-06,5,507.54,0.1,Gift Card,Cancelled
12937,1620,143,8,39,2023-02-13,6,511.76,0.2,Debit Card,Shipped
12938,1770,44,6,9,2023-04-01,5,317.68,0.15,PayPal,Completed
12939,832,254,6,14,2023-10-26,2,307.61,0.2,Credit Card,Pending
12940,1513,282,10,4,2025-05-09,4,461.23,0.0,Cash,Completed
12941,1892,1,12,11,2025-09-01,3,31.01,0.2,Gift Card,Pending
12942,987,290,12,10,2025-05-06,6,30.66,0.0,Debit Card,Completed
12943,1204,88,9,38,2023-10-13,2,291.53,0.0,Gift Card,Completed
12944,1198,72,5,1,2024-10-28,4,301.36,0.05,Gift Card,Completed
12945,1004,24,7,40,2025-07-05,3,129.26,0.0,PayPal,Returned
12946,514,16,2,45,2025-02-25,2,561.32,0.1,Cash,Cancelled
12947,641,89,3,31,2024-09-13,1,248.83,0.0,Credit Card,Completed
12948,1393,20,8,24,2024-10-02,5,170.95,0.0,Gift Card,Completed
12949,785,92,2,37,2023-01-27,1,665.8,0.1,Credit Card,Returned
12950,1304,164,2,37,2023-08-28,6,117.71,0.2,Gift Card,Returned
12951,1424,71,3,31,2025-04-30,3,251.36,0.1,Credit Card,Returned
12952,643,27,7,2,2024-01-03,2,565.88,0.0,Credit Card,Completed
12953,314,101,5,1,2024-12-14,1,314.94,0.15,Cash,Completed
12954,78,51,10,29,2024-09-15,3,190.91,0.05,Debit Card,Cancelled
12955,1543,163,9,25,2025-07-27,5,270.34,0.2,Credit Card,Shipped
12956,1633,120,12,10,2024-04-10,2,346.06,0.1,Cash,Completed
12957,225,4,9,38,2024-02-17,4,355.19,0.2,PayPal,Completed
12958,1081,94,14,47,2023-02-05,1,325.59,0.1,Gift Card,Cancelled
12959,732,110,6,14,2024-09-27,2,570.1,0.05,Cash,Completed
12960,1512,1,14,47,2024-02-02,6,31.01,0.15,Gift Card,Shipped
12961,1119,80,3,43,2024-07-13,3,249.35,0.05,PayPal,Returned
12962,1924,69,4,26,2023-07-23,1,444.45,0.15,Gift Card,Completed
12963,249,140,10,6,2023-10-25,4,257.08,0.05,Cash,Completed
12964,13,175,10,4,2024-05-20,3,86.78,0.0,Debit Card,Completed
12965,1172,297,3,43,2025-07-24,2,334.26,0.05,PayPal,Pending
12966,1741,216,4,34,2023-06-18,3,91.49,0.15,PayPal,Cancelled
12967,91,11,4,26,2023-11-11,6,289.37,0.1,PayPal,Completed
12968,810,176,7,2,2023-09-07,5,171.51,0.0,Debit Card,Completed
12969,1679,96,9,25,2024-07-13,3,595.96,0.1,Cash,Completed
12970,1534,92,15,16,2024-08-10,6,665.8,0.1,PayPal,Completed
12971,1882,196,9,38,2024-03-24,4,222.19,0.0,Cash,Pending
12972,1727,209,7,2,2023-06-08,2,193.95,0.0,Gift Card,Completed
12973,134,44,3,43,2025-10-03,5,317.68,0.05,Debit Card,Shipped
12974,961,234,5,23,2023-11-06,6,314.58,0.05,Debit Card,Cancelled
12975,1133,239,12,10,2024-04-03,4,337.62,0.0,PayPal,Pending
12976,464,7,3,43,2023-09-12,2,279.59,0.2,Gift Card,Pending
12977,1140,65,9,38,2023-11-08,2,543.26,0.0,Cash,Completed
12978,812,159,3,20,2024-08-29,4,323.53,0.2,Credit Card,Completed
12979,1283,69,2,28,2024-05-24,3,444.45,0.2,Debit Card,Completed
12980,712,51,2,28,2023-10-07,3,190.91,0.1,PayPal,Cancelled
12981,1495,27,13,49,2023-12-24,6,565.88,0.0,Gift Card,Returned
12982,1648,16,7,40,2025-04-21,5,561.32,0.15,Debit Card,Shipped
12983,1112,32,1,50,2023-10-11,6,162.12,0.1,PayPal,Completed
12984,40,168,8,19,2024-04-24,1,303.92,0.0,Gift Card,Completed
12985,1271,100,6,9,2024-05-14,1,447.11,0.2,Credit Card,Completed
12986,442,263,7,2,2025-12-21,3,47.7,0.0,Credit Card,Completed
12987,748,256,9,38,2024-08-08,4,203.89,0.0,Gift Card,Returned
12988,3,8,1,41,2025-02-24,5,143.64,0.2,Debit Card,Returned
12989,1019,169,8,19,2023-10-05,1,446.78,0.15,Gift Card,Completed
12990,158,124,13,42,2025-02-07,4,311.92,0.15,Cash,Pending
12991,120,183,13,42,2024-01-30,1,70.12,0.1,Credit Card,Shipped
12992,947,140,10,29,2025-01-16,5,257.08,0.0,PayPal,Returned
12993,575,121,12,10,2024-08-13,2,13.34,0.0,Debit Card,Completed
12994,47,299,2,28,2023-10-30,3,150.33,0.05,Gift Card,Returned
12995,193,256,12,10,2024-07-24,3,203.89,0.0,Credit Card,Returned
12996,86,99,8,19,2023-08-24,4,384.25,0.0,PayPal,Cancelled
12997,1833,257,2,3,2025-03-02,1,29.22,0.1,PayPal,Shipped
12998,345,256,4,26,2024-02-21,1,203.89,0.05,Credit Card,Completed
12999,822,183,1,50,2024-01-31,2,70.12,0.0,Gift Card,Returned
13000,597,111,3,20,2025-12-28,5,123.3,0.1,Cash,Completed
13001,252,51,1,22,2025-04-07,1,190.91,0.1,Cash,Completed
13002,26,297,6,9,2025-04-02,3,334.26,0.0,Credit Card,Completed
13003,653,120,12,11,2023-03-24,3,346.06,0.15,Gift Card,Pending
13004,1920,17,7,40,2023-04-10,6,307.03,0.0,Debit Card,Pending
13005,52,242,6,9,2024-09-13,1,378.8,0.2,Debit Card,Completed
13006,787,195,4,34,2024-09-08,5,165.25,0.0,Cash,Pending
13007,95,212,14,8,2024-05-12,4,26.85,0.05,Gift Card,Completed
13008,1768,263,2,45,2024-06-21,4,47.7,0.0,PayPal,Completed
13009,42,153,15,27,2024-03-09,4,238.04,0.15,PayPal,Pending
13010,117,203,12,10,2023-06-21,4,511.82,0.2,Gift Card,Cancelled
13011,1084,238,11,33,2025-12-08,6,196.9,0.0,Gift Card,Returned
13012,307,160,1,50,2023-08-30,2,466.97,0.15,Cash,Completed
13013,1329,176,11,12,2024-02-16,4,171.51,0.05,Gift Card,Completed
13014,656,218,8,24,2023-11-01,5,95.1,0.0,Gift Card,Completed
13015,1936,228,6,9,2025-08-30,5,247.35,0.05,PayPal,Cancelled
13016,14,222,9,38,2024-07-30,3,412.69,0.1,Debit Card,Completed
13017,1609,70,3,20,2024-03-26,4,42.41,0.15,Cash,Cancelled
13018,804,235,14,47,2025-03-01,1,265.0,0.0,Debit Card,Pending
13019,1487,38,11,33,2023-11-11,5,142.98,0.0,Debit Card,Returned
13020,1985,223,14,8,2024-11-28,4,162.74,0.2,PayPal,Returned
13021,1273,262,12,17,2024-03-06,6,392.06,0.15,Gift Card,Completed
13022,1536,203,6,14,2023-06-11,1,511.82,0.1,Credit Card,Completed
13023,1365,172,11,7,2025-10-13,5,70.42,0.0,Debit Card,Cancelled
13024,761,162,14,8,2024-04-05,3,532.97,0.2,Credit Card,Returned
13025,1210,167,11,12,2023-03-09,1,87.74,0.0,Credit Card,Shipped
13026,287,9,3,31,2024-09-19,3,307.63,0.05,Gift Card,Shipped
13027,1296,259,11,12,2023-06-23,4,395.59,0.0,Credit Card,Returned
13028,1982,195,8,19,2025-10-14,1,165.25,0.05,Cash,Shipped
13029,1833,140,15,32,2024-03-02,5,257.08,0.2,Cash,Shipped
13030,978,71,5,23,2024-06-11,2,251.36,0.0,Cash,Cancelled
13031,1825,148,5,48,2024-07-03,2,293.31,0.0,Debit Card,Completed
13032,997,291,13,49,2025-11-01,4,9.1,0.15,Debit Card,Pending
13033,1250,149,7,2,2023-10-01,5,431.72,0.1,Credit Card,Pending
13034,1650,17,4,34,2024-03-25,2,307.03,0.0,PayPal,Pending
13035,1242,264,3,43,2024-06-05,2,25.86,0.05,Cash,Cancelled
13036,1055,135,8,19,2025-02-10,2,126.8,0.0,PayPal,Completed
13037,681,289,10,6,2024-05-10,3,246.14,0.05,Cash,Returned
13038,180,97,9,38,2024-04-06,1,228.27,0.15,Gift Card,Completed
13039,1130,196,12,10,2023-01-22,2,222.19,0.05,Debit Card,Pending
13040,615,220,1,41,2024-01-30,5,357.02,0.1,Gift Card,Completed
13041,730,270,2,3,2023-09-06,1,17.58,0.0,Gift Card,Completed
13042,997,137,12,17,2024-04-08,1,47.19,0.0,Cash,Completed
13043,1046,33,4,26,2023-10-22,1,422.83,0.15,PayPal,Completed
13044,972,177,1,36,2025-08-03,1,467.22,0.0,Debit Card,Returned
13045,1940,246,6,9,2023-06-01,4,594.34,0.05,Credit Card,Cancelled
13046,1848,297,2,28,2025-05-20,2,334.26,0.15,Gift Card,Pending
13047,1119,222,3,31,2024-11-02,4,412.69,0.0,Debit Card,Returned
13048,1297,131,7,2,2023-01-03,4,582.03,0.0,Debit Card,Cancelled
13049,1878,130,15,44,2023-02-18,6,293.35,0.1,Cash,Completed
13050,1157,165,2,45,2023-07-18,3,216.64,0.0,Debit Card,Cancelled
13051,1136,160,4,35,2024-08-25,4,466.97,0.0,Debit Card,Completed
13052,1292,130,12,17,2023-07-03,4,293.35,0.15,Cash,Pending
13053,1837,286,2,3,2024-07-18,2,217.06,0.15,Gift Card,Pending
13054,1108,89,15,15,2024-08-03,5,248.83,0.05,Cash,Pending
13055,58,27,4,26,2023-01-22,4,565.88,0.0,PayPal,Pending
13056,984,64,2,37,2025-01-19,1,566.62,0.05,Debit Card,Pending
13057,107,70,5,48,2024-10-17,1,42.41,0.2,Debit Card,Returned
13058,1396,104,8,39,2025-08-13,1,61.42,0.05,Cash,Cancelled
13059,1293,130,1,41,2024-09-22,6,293.35,0.0,Cash,Cancelled
13060,394,47,4,34,2024-02-28,2,126.89,0.15,Debit Card,Completed
13061,165,81,14,47,2025-09-19,6,379.78,0.05,Debit Card,Cancelled
13062,1024,143,6,14,2025-11-07,6,511.76,0.05,PayPal,Completed
13063,1407,252,3,20,2025-08-26,4,163.4,0.0,Gift Card,Completed
13064,741,260,11,7,2023-05-21,6,172.37,0.0,Debit Card,Completed
13065,994,33,13,46,2023-02-19,4,422.83,0.0,Gift Card,Cancelled
13066,589,195,12,10,2023-12-30,1,165.25,0.15,Credit Card,Completed
13067,1387,292,9,38,2025-03-23,6,398.38,0.0,Credit Card,Completed
13068,40,33,9,38,2023-04-01,2,422.83,0.15,Cash,Returned
13069,1246,62,13,30,2024-11-12,6,539.25,0.0,PayPal,Completed
13070,117,234,8,39,2025-10-04,4,314.58,0.0,Cash,Cancelled
13071,1939,56,6,9,2025-07-23,1,176.55,0.2,Cash,Pending
13072,429,150,15,27,2024-09-26,6,157.31,0.05,Gift Card,Completed
13073,1982,186,8,24,2024-06-19,3,39.01,0.15,PayPal,Completed
13074,1846,234,4,26,2024-04-14,4,314.58,0.0,Debit Card,Completed
13075,1392,293,12,11,2024-06-12,5,54.25,0.0,Cash,Shipped
13076,1419,187,7,2,2024-12-27,6,226.55,0.0,Gift Card,Cancelled
13077,1097,80,6,14,2024-08-02,2,249.35,0.0,Debit Card,Cancelled
13078,1831,202,13,13,2025-08-22,2,211.09,0.0,Debit Card,Pending
13079,1071,198,4,35,2023-10-20,1,125.5,0.0,Cash,Completed
13080,1968,48,6,14,2024-12-04,3,397.65,0.0,Gift Card,Shipped
13081,1713,103,1,36,2025-10-11,2,220.08,0.0,Debit Card,Cancelled
13082,662,77,3,20,2024-05-03,3,442.92,0.1,Debit Card,Completed
13083,1345,162,6,9,2025-04-21,6,532.97,0.15,Gift Card,Completed
13084,1779,76,11,7,2023-09-21,1,46.89,0.05,Gift Card,Completed
13085,99,29,8,19,2023-02-08,4,197.73,0.1,Gift Card,Completed
13086,164,15,13,13,2024-09-15,5,454.62,0.0,Credit Card,Pending
13087,1936,296,12,10,2024-10-02,2,81.85,0.0,Debit Card,Completed
13088,1776,181,11,7,2024-01-17,6,334.11,0.0,Gift Card,Shipped
13089,1085,93,6,14,2025-05-02,4,380.69,0.0,Gift Card,Shipped
13090,134,120,1,36,2023-10-28,5,346.06,0.2,Debit Card,Completed
13091,268,140,15,27,2023-02-08,5,257.08,0.2,Credit Card,Cancelled
13092,185,199,5,1,2024-06-21,5,314.59,0.0,Cash,Completed
13093,619,195,5,1,2024-02-08,3,165.25,0.0,PayPal,Returned
13094,861,209,12,17,2025-10-19,4,193.95,0.0,Cash,Shipped
13095,1150,28,6,9,2024-10-06,4,360.14,0.2,Credit Card,Shipped
13096,321,160,15,32,2025-07-06,4,466.97,0.1,Credit Card,Pending
13097,1249,51,11,7,2025-01-27,5,190.91,0.0,Gift Card,Pending
13098,1622,132,12,10,2025-02-08,2,127.63,0.05,Gift Card,Pending
13099,1741,86,3,31,2023-10-07,5,302.91,0.0,Cash,Returned
13100,1834,266,10,29,2024-03-12,1,140.34,0.15,Credit Card,Cancelled
13101,313,20,7,40,2023-04-10,1,170.95,0.0,Debit Card,Completed
13102,939,150,12,10,2024-01-26,5,157.31,0.1,Cash,Completed
13103,1796,1,9,25,2024-01-13,6,31.01,0.15,Credit Card,Completed
13104,1057,226,9,38,2023-01-04,3,522.95,0.0,Cash,Cancelled
13105,1364,203,10,29,2024-01-27,2,511.82,0.15,PayPal,Completed
13106,885,62,8,24,2024-02-03,1,539.25,0.2,Credit Card,Completed
13107,1581,68,6,14,2024-11-27,3,15.0,0.0,PayPal,Completed
13108,1770,38,4,26,2024-10-06,5,142.98,0.15,Cash,Completed
13109,1548,47,8,19,2024-10-26,5,126.89,0.1,Gift Card,Completed
13110,697,154,3,43,2025-07-06,5,214.32,0.2,Credit Card,Shipped
13111,1011,72,1,50,2025-08-27,1,301.36,0.0,Gift Card,Completed
13112,862,239,11,12,2023-09-01,2,337.62,0.2,Gift Card,Returned
13113,1388,81,6,9,2025-08-24,6,379.78,0.0,Credit Card,Returned
13114,922,199,9,38,2025-06-12,3,314.59,0.15,PayPal,Shipped
13115,304,267,7,40,2023-05-16,5,139.61,0.0,PayPal,Cancelled
13116,784,74,12,10,2024-08-19,2,292.63,0.1,Cash,Completed
13117,176,26,10,21,2023-03-12,5,68.26,0.0,Gift Card,Pending
13118,662,228,8,24,2024-04-11,6,247.35,0.1,PayPal,Returned
13119,41,98,4,26,2024-03-30,3,263.06,0.0,PayPal,Completed
13120,212,32,11,12,2023-06-16,6,162.12,0.15,Cash,Pending
13121,425,251,11,7,2024-02-19,6,355.21,0.1,Credit Card,Completed
13122,359,253,11,33,2025-05-06,3,101.3,0.2,Debit Card,Completed
13123,1041,35,8,24,2024-10-14,6,53.95,0.05,PayPal,Cancelled
13124,1161,263,3,20,2024-11-13,1,47.7,0.0,PayPal,Pending
13125,404,66,1,36,2025-02-08,1,330.95,0.0,Credit Card,Cancelled
13126,150,209,1,36,2025-07-26,1,193.95,0.1,Credit Card,Returned
13127,1227,27,12,17,2025-09-02,6,565.88,0.1,Gift Card,Pending
13128,1107,276,2,37,2025-05-24,6,394.14,0.05,Cash,Completed
13129,1585,132,15,44,2025-01-10,3,127.63,0.0,PayPal,Cancelled
13130,642,14,15,16,2023-07-04,4,379.66,0.05,Gift Card,Cancelled
13131,1297,199,9,38,2025-07-08,5,314.59,0.15,Gift Card,Completed
13132,344,261,9,38,2025-07-30,5,638.9,0.2,Cash,Pending
13133,1581,127,7,40,2023-02-12,4,90.5,0.0,Credit Card,Shipped
13134,1771,248,6,14,2025-04-15,3,230.55,0.2,Gift Card,Pending
13135,1582,292,14,8,2025-04-27,1,398.38,0.0,Debit Card,Completed
13136,1857,111,15,44,2025-01-15,5,123.3,0.2,Gift Card,Shipped
13137,831,88,8,24,2025-01-01,3,291.53,0.0,Cash,Pending
13138,1713,267,3,43,2025-10-18,5,139.61,0.05,Gift Card,Shipped
13139,1682,194,4,26,2024-06-23,2,35.78,0.0,Cash,Completed
13140,174,123,14,47,2025-09-14,6,203.09,0.2,Cash,Completed
13141,376,158,2,3,2025-04-02,2,324.07,0.0,Credit Card,Completed
13142,1872,253,5,48,2023-05-07,6,101.3,0.0,Cash,Completed
13143,169,245,10,6,2023-05-07,1,328.64,0.0,Debit Card,Completed
13144,741,40,9,25,2023-02-19,4,408.98,0.05,Cash,Shipped
13145,150,61,12,17,2025-06-27,5,172.42,0.0,Debit Card,Pending
13146,1208,69,1,36,2025-09-20,6,444.45,0.15,PayPal,Cancelled
13147,85,65,13,46,2024-08-09,3,543.26,0.0,PayPal,Completed
13148,381,23,10,21,2025-06-25,6,298.77,0.1,Debit Card,Completed
13149,479,103,7,40,2025-01-21,4,220.08,0.0,Credit Card,Cancelled
13150,658,238,9,25,2023-12-09,1,196.9,0.15,Gift Card,Completed
13151,1206,12,13,30,2025-07-26,1,582.22,0.0,Credit Card,Completed
13152,873,154,11,7,2023-06-07,6,214.32,0.1,PayPal,Cancelled
13153,1719,110,1,36,2023-11-26,2,570.1,0.05,Debit Card,Returned
13154,598,92,1,22,2023-06-03,6,665.8,0.0,Gift Card,Pending
13155,551,273,12,10,2025-10-31,6,265.88,0.0,Cash,Cancelled
13156,1004,53,1,22,2024-12-01,1,459.8,0.0,Credit Card,Cancelled
13157,1313,139,5,23,2024-08-23,6,334.0,0.0,Gift Card,Completed
13158,1882,6,12,11,2023-09-27,1,628.51,0.05,Credit Card,Returned
13159,308,226,8,24,2025-08-02,6,522.95,0.15,Debit Card,Returned
13160,1160,17,1,22,2023-05-08,2,307.03,0.05,PayPal,Returned
13161,379,243,11,7,2024-06-24,6,523.63,0.05,Cash,Shipped
13162,1715,269,10,4,2025-10-08,4,260.22,0.0,Cash,Pending
13163,197,288,13,46,2024-03-09,5,367.22,0.0,Gift Card,Shipped
13164,1642,215,4,34,2025-02-17,5,108.22,0.1,Debit Card,Returned
13165,165,90,10,4,2023-09-01,3,483.64,0.2,Gift Card,Shipped
13166,331,29,8,24,2024-07-30,4,197.73,0.15,Gift Card,Shipped
13167,377,147,1,36,2023-09-17,4,433.97,0.0,PayPal,Shipped
13168,1753,218,8,39,2025-02-11,-3,95.1,0.05,PayPal,Returned
13169,279,215,4,34,2024-09-13,1,108.22,0.2,Credit Card,Shipped
13170,886,229,3,31,2025-02-11,6,321.97,0.0,Cash,Completed
13171,1075,8,9,25,2023-11-05,6,143.64,0.0,Cash,Completed
13172,1134,294,4,34,2024-09-29,2,345.43,0.0,Gift Card,Pending
13173,1271,234,1,41,2025-12-03,4,314.58,0.0,Gift Card,Returned
13174,742,187,5,48,2024-02-05,4,226.55,0.0,PayPal,Completed
13175,539,69,3,43,2024-12-05,5,444.45,0.15,Cash,Completed
13176,876,38,6,9,2023-07-01,3,142.98,0.0,PayPal,Completed
13177,1980,163,8,19,2025-02-03,2,270.34,0.15,Gift Card,Completed
13178,1274,244,1,50,2023-10-05,3,328.77,0.1,Gift Card,Completed
13179,1714,16,4,34,2023-04-06,5,561.32,0.0,Credit Card,Cancelled
13180,118,52,14,47,2024-03-23,1,120.46,0.2,Credit Card,Completed
13181,1550,99,9,25,2025-12-28,3,384.25,0.2,Gift Card,Shipped
13182,569,74,15,16,2024-01-04,4,292.63,0.1,Gift Card,Cancelled
13183,1395,168,6,14,2025-09-09,3,303.92,0.1,Cash,Returned
13184,1458,22,10,21,2023-06-02,5,90.87,0.0,PayPal,Completed
13185,417,247,14,47,2025-03-05,2,58.54,0.05,Cash,Pending
13186,417,181,9,38,2023-11-26,3,334.11,0.0,Credit Card,Pending
13187,1108,111,10,4,2025-02-11,2,123.3,0.2,Cash,Pending
13188,1646,149,5,1,2025-01-18,2,431.72,0.1,Debit Card,Pending
13189,1273,289,8,24,2025-01-07,5,246.14,0.2,Debit Card,Completed
13190,1943,87,11,12,2025-03-13,1,321.84,0.2,Gift Card,Shipped
13191,1871,283,10,29,2023-07-16,3,84.31,0.05,Gift Card,Completed
13192,1467,113,1,50,2023-05-21,3,438.2,0.0,Credit Card,Returned
13193,31,29,9,25,2025-12-26,3,197.73,0.2,Gift Card,Completed
13194,949,281,14,47,2023-06-19,1,125.56,0.05,Gift Card,Completed
13195,449,273,2,28,2024-04-29,5,265.88,0.0,PayPal,Completed
13196,818,52,1,41,2023-04-09,3,120.46,0.15,Cash,Completed
13197,890,202,4,35,2024-09-30,2,211.09,0.05,Cash,Pending
13198,153,179,14,8,2023-09-23,2,63.58,0.1,Gift Card,Cancelled
13199,1590,205,3,20,2023-04-14,1,370.78,0.1,Debit Card,Completed
13200,1092,64,2,3,2024-03-25,3,566.62,0.0,Debit Card,Completed
13201,1477,112,12,11,2023-04-08,6,347.45,0.0,Cash,Returned
13202,1257,262,3,31,2024-03-25,5,392.06,0.0,Gift Card,Completed
13203,782,104,8,24,2025-09-12,3,61.42,0.0,Gift Card,Completed
13204,576,215,9,25,2024-05-25,3,108.22,0.0,Cash,Shipped
13205,1698,41,7,40,2024-09-04,4,441.65,0.1,PayPal,Completed
13206,675,272,9,38,2024-12-06,2,596.66,0.0,Cash,Shipped
13207,195,93,12,17,2024-12-01,5,380.69,0.0,PayPal,Completed
13208,1609,109,12,17,2025-06-21,6,33.31,0.0,Cash,Returned
13209,356,171,11,7,2025-06-30,4,293.86,0.2,Gift Card,Completed
13210,1089,166,6,9,2024-10-14,6,172.27,0.1,Credit Card,Shipped
13211,542,165,9,25,2023-09-19,4,216.64,0.0,PayPal,Completed
13212,1398,151,3,43,2024-02-02,5,61.55,0.0,Cash,Shipped
13213,272,49,13,42,2023-06-19,4,148.66,0.0,Gift Card,Shipped
13214,1768,214,9,25,2023-12-25,2,264.25,0.1,Debit Card,Completed
13215,938,266,7,40,2024-11-26,2,140.34,0.15,Debit Card,Completed
13216,8,49,13,42,2023-07-07,1,148.66,0.05,Cash,Completed
13217,298,77,14,47,2025-06-20,6,442.92,0.05,PayPal,Completed
13218,902,246,10,6,2024-10-13,5,594.34,0.1,Cash,Returned
13219,497,58,3,20,2023-10-12,5,76.76,0.1,Gift Card,Completed
13220,844,228,8,24,2024-02-16,1,247.35,0.05,Gift Card,Completed
13221,534,27,10,4,2023-08-22,2,565.88,0.2,PayPal,Pending
13222,77,159,5,1,2025-03-31,4,323.53,0.15,Cash,Cancelled
13223,186,110,7,2,2024-12-12,1,570.1,0.0,Debit Card,Completed
13224,351,26,7,40,2025-07-18,6,68.26,0.2,Cash,Completed
13225,535,292,1,50,2025-07-24,4,398.38,0.0,Gift Card,Pending
13226,242,61,4,35,2025-07-15,1,172.42,0.0,Credit Card,Cancelled
13227,1072,58,15,32,2023-08-09,5,76.76,0.1,Gift Card,Pending
13228,1113,200,9,25,2023-10-05,6,214.09,0.0,Credit Card,Completed
13229,1329,232,4,35,2023-12-18,4,316.8,0.05,Credit Card,Pending
13230,1430,1,6,9,2023-11-16,1,31.01,0.0,PayPal,Completed
13231,1142,107,4,35,2024-07-29,6,247.26,0.0,Debit Card,Completed
13232,1943,211,11,33,2025-08-22,1,199.85,0.2,Debit Card,Shipped
13233,683,157,15,44,2025-10-13,1,110.95,0.15,Gift Card,Returned
13234,1784,288,7,2,2025-12-18,1,367.22,0.0,Credit Card,Completed
13235,957,298,8,19,2025-03-25,3,202.95,0.1,Debit Card,Completed
13236,1968,208,5,23,2023-12-17,4,146.45,0.0,PayPal,Pending
13237,1932,121,6,14,2023-09-29,5,13.34,0.0,Cash,Completed
13238,274,37,10,4,2023-08-18,3,91.98,0.1,Debit Card,Completed
13239,1265,266,5,1,2023-07-07,1,140.34,0.1,Cash,Shipped
13240,1377,263,2,28,2024-08-15,4,47.7,0.0,Gift Card,Completed
13241,579,85,3,20,2024-12-25,4,347.38,0.0,Cash,Shipped
13242,1712,124,12,11,2025-05-15,5,311.92,0.15,Cash,Completed
13243,675,81,12,11,2025-04-12,4,379.78,0.1,Cash,Cancelled
13244,1682,268,4,35,2024-03-27,2,252.86,0.0,Debit Card,Completed
13245,361,32,6,9,2024-06-30,1,162.12,0.05,Credit Card,Completed
13246,617,296,6,9,2023-01-06,3,81.85,0.0,Gift Card,Shipped
13247,1925,283,10,6,2025-02-20,5,84.31,0.15,Cash,Shipped
13248,1471,241,8,39,2024-07-01,2,108.19,0.2,Credit Card,Completed
13249,1769,281,11,12,2023-07-19,2,125.56,0.05,PayPal,Completed
13250,316,290,4,35,2023-04-06,1,30.66,0.15,Debit Card,Pending
13251,899,261,2,28,2025-10-12,1,638.9,0.15,Credit Card,Completed
13252,1509,257,4,35,2023-09-03,4,29.22,0.2,Debit Card,Pending
13253,502,179,15,16,2023-06-25,5,63.58,0.2,Cash,Completed
13254,1059,256,13,42,2024-06-27,1,203.89,0.2,Cash,Returned
13255,70,260,14,8,2024-02-27,3,172.37,0.1,PayPal,Completed
13256,269,96,14,8,2025-03-24,6,595.96,0.1,PayPal,Completed
13257,1103,142,15,16,2023-01-03,3,306.71,0.05,Gift Card,Completed
13258,536,92,9,38,2024-04-21,3,665.8,0.15,Debit Card,Completed
13259,1862,162,4,35,2025-11-28,4,532.97,0.05,Cash,Returned
13260,251,146,5,1,2023-06-03,5,309.25,0.0,PayPal,Cancelled
13261,794,251,10,29,2025-02-08,4,355.21,0.15,Cash,Returned
13262,840,242,2,28,2025-09-30,2,378.8,0.05,PayPal,Completed
13263,1596,116,4,35,2025-09-28,2,365.71,0.2,Credit Card,Shipped
13264,1613,196,11,33,2024-11-02,6,222.19,0.0,Gift Card,Returned
13265,830,295,3,31,2023-06-25,5,647.12,0.0,PayPal,Completed
13266,539,91,10,21,2023-03-07,5,406.77,0.1,Gift Card,Completed
13267,1067,174,10,29,2024-07-01,3,62.11,0.15,Credit Card,Cancelled
13268,335,103,10,6,2023-03-10,6,220.08,0.05,Gift Card,Completed
13269,618,51,15,5,2024-08-18,3,190.91,0.1,Credit Card,Completed
13270,470,182,1,41,2025-09-13,2,543.63,0.1,Cash,Completed
13271,878,109,4,35,2023-12-19,4,33.31,0.0,PayPal,Cancelled
13272,545,153,6,9,2025-11-13,1,238.04,0.0,Debit Card,Cancelled
13273,859,141,10,29,2023-06-21,3,236.86,0.05,Cash,Pending
13274,200,279,15,5,2023-06-04,6,281.48,0.2,Gift Card,Cancelled
13275,1713,58,9,38,2024-11-01,3,76.76,0.15,Credit Card,Shipped
13276,1851,156,12,17,2024-05-08,5,64.7,0.1,Debit Card,Pending
13277,441,163,15,27,2025-02-15,4,270.34,0.05,Credit Card,Shipped
13278,1371,245,4,35,2023-06-15,3,328.64,0.0,PayPal,Pending
13279,1024,97,12,10,2024-06-17,5,228.27,0.05,Debit Card,Completed
13280,1118,268,4,35,2025-12-30,4,252.86,0.2,Cash,Completed
13281,136,9,1,50,2023-11-20,6,307.63,0.1,Credit Card,Completed
13282,989,222,8,24,2024-10-27,4,412.69,0.0,Gift Card,Shipped
13283,388,228,11,33,2023-02-19,4,247.35,0.0,Gift Card,Cancelled
13284,845,24,12,17,2025-04-21,6,129.26,0.0,Cash,Completed
13285,442,220,2,37,2024-12-22,5,357.02,0.0,PayPal,Shipped
13286,973,56,15,5,2025-01-19,3,176.55,0.0,Credit Card,Cancelled
13287,1534,225,13,49,2023-08-22,3,131.27,0.1,Gift Card,Pending
13288,984,72,12,17,2025-02-18,1,301.36,0.0,Debit Card,Completed
13289,106,291,8,19,2023-09-02,1,9.1,0.05,Gift Card,Cancelled
13290,317,137,15,32,2023-12-19,1,47.19,0.0,PayPal,Shipped
13291,1100,247,15,44,2023-03-10,2,58.54,0.0,PayPal,Cancelled
13292,1714,68,11,33,2025-06-24,5,15.0,0.0,Gift Card,Shipped
13293,640,42,6,14,2023-11-14,1,483.01,0.05,Debit Card,Cancelled
13294,414,25,4,34,2024-11-16,3,323.92,0.0,Debit Card,Completed
13295,73,108,9,38,2023-03-31,3,603.53,0.15,Debit Card,Completed
13296,1499,296,4,35,2023-09-13,6,81.85,0.0,Credit Card,Completed
13297,636,6,5,48,2024-04-25,2,628.51,0.15,PayPal,Shipped
13298,1382,2,11,33,2023-04-19,3,35.98,0.05,Cash,Completed
13299,178,81,12,11,2023-02-16,5,379.78,0.05,Debit Card,Completed
13300,135,234,3,43,2024-07-09,1,314.58,0.05,Gift Card,Cancelled
13301,856,55,15,16,2025-04-05,4,17.81,0.0,Debit Card,Completed
13302,1789,50,15,18,2024-10-28,3,564.26,0.1,Credit Card,Shipped
13303,1421,7,2,28,2023-10-14,2,279.59,0.0,PayPal,Completed
13304,1403,256,6,9,2025-11-20,5,203.89,0.0,Cash,Completed
13305,1973,76,6,9,2024-12-08,5,46.89,0.2,Gift Card,Completed
13306,841,227,2,37,2024-10-30,1,225.3,0.05,Cash,Completed
13307,951,70,10,6,2025-01-25,4,42.41,0.15,Credit Card,Completed
13308,1252,164,1,22,2024-10-28,6,117.71,0.0,Cash,Completed
13309,325,257,10,4,2023-01-04,5,29.22,0.1,Gift Card,Cancelled
13310,872,79,8,19,2025-05-29,1,143.89,0.05,PayPal,Completed
13311,1443,172,4,26,2023-08-22,4,70.42,0.15,Cash,Returned
13312,524,45,1,50,2024-02-11,2,107.36,0.05,PayPal,Pending
13313,942,94,11,33,2025-09-20,6,325.59,0.0,Cash,Completed
13314,478,64,2,3,2023-02-19,6,566.62,0.05,Cash,Completed
13315,1732,142,5,1,2024-04-29,6,306.71,0.05,PayPal,Completed
13316,1321,263,2,45,2024-05-14,4,47.7,0.0,Credit Card,Pending
13317,1012,73,5,23,2023-07-13,1,68.44,0.15,Cash,Completed
13318,1145,7,10,6,2023-02-21,5,279.59,0.1,Gift Card,Completed
13319,2,222,14,47,2024-12-22,6,412.69,0.0,Credit Card,Shipped
13320,1322,194,12,10,2023-07-20,1,35.78,0.0,Debit Card,Completed
13321,306,137,9,25,2023-03-22,1,47.19,0.1,Credit Card,Cancelled
13322,1217,143,6,9,2025-04-26,4,511.76,0.1,Cash,Returned
13323,428,253,1,50,2024-12-11,6,101.3,0.0,Debit Card,Cancelled
13324,794,254,13,46,2023-11-18,1,307.61,0.05,Cash,Cancelled
13325,357,145,4,34,2025-08-27,2,328.64,0.0,Credit Card,Cancelled
13326,1832,31,5,1,2024-04-25,2,179.93,0.1,Cash,Completed
13327,1688,116,13,30,2024-03-16,3,365.71,0.0,PayPal,Completed
13328,1134,247,8,24,2024-04-23,6,58.54,0.0,Debit Card,Completed
13329,660,185,6,9,2024-02-08,3,357.71,0.0,PayPal,Cancelled
13330,169,30,8,24,2024-07-29,3,544.88,0.1,PayPal,Pending
13331,1885,290,9,38,2023-10-10,2,30.66,0.0,Cash,Cancelled
13332,1155,26,4,26,2025-02-19,4,68.26,0.1,Credit Card,Completed
13333,1147,37,3,31,2025-06-13,1,91.98,0.0,Cash,Cancelled
13334,555,204,6,14,2024-10-17,3,171.96,0.1,Gift Card,Returned
13335,1042,238,14,47,2025-01-01,5,196.9,0.0,PayPal,Shipped
13336,92,235,14,8,2025-11-19,5,265.0,0.15,Cash,Completed
13337,591,294,12,10,2024-03-01,3,345.43,0.2,Debit Card,Completed
13338,24,296,3,43,2025-05-23,3,81.85,0.0,Debit Card,Returned
13339,1654,105,7,40,2025-06-16,4,500.45,0.1,Cash,Completed
13340,1115,298,13,42,2024-05-24,1,202.95,0.05,PayPal,Completed
13341,1692,1,14,8,2024-09-14,5,31.01,0.0,Cash,Completed
13342,1307,269,2,28,2023-04-08,3,260.22,0.2,Gift Card,Cancelled
13343,252,202,9,25,2025-08-02,5,211.09,0.2,Debit Card,Completed
13344,1577,256,4,26,2024-11-22,4,203.89,0.0,Debit Card,Completed
13345,92,219,11,33,2024-08-06,6,243.18,0.0,Cash,Completed
13346,511,223,13,30,2023-11-05,3,162.74,0.1,Credit Card,Shipped
13347,709,65,7,2,2023-01-19,1,543.26,0.15,PayPal,Pending
13348,1060,248,14,47,2024-01-04,1,230.55,0.0,Credit Card,Completed
13349,1378,185,5,1,2024-11-14,1,357.71,0.1,Debit Card,Completed
13350,1826,256,2,45,2024-01-01,4,203.89,0.0,Cash,Completed
13351,350,161,1,36,2023-02-21,4,322.86,0.0,Credit Card,Pending
13352,1567,271,9,25,2024-06-08,4,316.69,0.15,PayPal,Pending
13353,1101,75,4,35,2025-12-23,1,363.98,0.0,Gift Card,Cancelled
13354,260,117,3,31,2025-06-26,4,77.12,0.0,Cash,Returned
13355,1074,43,13,42,2025-10-16,3,121.68,0.15,Cash,Completed
13356,238,206,12,11,2025-01-19,5,367.62,0.05,Cash,Completed
13357,1477,251,5,48,2024-05-22,2,355.21,0.05,Cash,Completed
13358,626,130,10,4,2024-01-29,1,293.35,0.0,Debit Card,Shipped
13359,1738,214,9,38,2024-03-30,4,264.25,0.2,Gift Card,Shipped
13360,1996,124,7,40,2023-01-27,3,311.92,0.05,Cash,Shipped
13361,392,110,6,9,2024-04-10,4,570.1,0.15,Credit Card,Shipped
13362,1244,107,10,4,2025-07-24,1,247.26,0.0,Cash,Completed
13363,1374,21,1,22,2025-03-14,1,407.45,0.0,PayPal,Completed
13364,684,49,15,27,2025-02-10,5,148.66,0.2,PayPal,Pending
13365,887,261,12,10,2025-04-27,3,638.9,0.05,Credit Card,Completed
13366,158,235,15,27,2023-09-17,2,265.0,0.15,Debit Card,Completed
13367,1531,194,2,37,2025-11-25,3,35.78,0.0,Debit Card,Completed
13368,271,268,9,25,2024-01-23,1,252.86,0.2,Cash,Shipped
13369,1648,291,6,14,2024-07-30,2,9.1,0.2,PayPal,Cancelled
13370,1363,194,3,20,2024-09-24,5,35.78,0.05,Credit Card,Completed
13371,168,153,11,12,2023-12-28,6,238.04,0.0,Cash,Completed
13372,1434,145,3,20,2023-06-01,6,328.64,0.1,PayPal,Completed
13373,1137,218,5,23,2023-10-19,1,95.1,0.1,Debit Card,Completed
13374,104,211,6,9,2023-12-25,3,199.85,0.0,Gift Card,Completed
13375,1352,212,6,14,2023-11-08,1,26.85,0.0,Cash,Completed
13376,601,241,3,31,2025-06-14,2,108.19,0.15,Gift Card,Pending
13377,1347,91,12,10,2024-08-08,5,406.77,0.0,PayPal,Completed
13378,1280,31,3,43,2024-11-26,3,179.93,0.0,Credit Card,Completed
13379,181,185,5,48,2025-02-15,1,357.71,0.1,Debit Card,Pending
13380,758,184,6,14,2023-03-01,3,304.08,0.0,Credit Card,Completed
13381,1776,176,13,42,2023-12-23,3,171.51,0.0,PayPal,Pending
13382,242,290,5,48,2023-12-09,3,30.66,0.15,Cash,Cancelled
13383,466,133,14,47,2025-07-05,2,321.54,0.2,Gift Card,Completed
13384,1250,185,8,39,2024-08-13,2,357.71,0.0,Cash,Completed
13385,537,180,13,49,2024-12-31,2,177.87,0.0,Cash,Completed
13386,1339,296,6,9,2025-08-12,3,81.85,0.0,Cash,Completed
13387,605,291,12,10,2024-08-24,6,9.1,0.0,PayPal,Completed
13388,334,167,12,11,2025-08-13,4,87.74,0.15,Cash,Completed
13389,334,130,15,44,2023-06-13,2,293.35,0.15,Cash,Completed
13390,771,214,10,29,2025-06-18,3,264.25,0.05,PayPal,Completed
13391,1893,204,13,46,2024-02-08,6,104.95,0.0,PayPal,Completed
13392,316,181,9,38,2025-10-21,3,334.11,0.0,Debit Card,Completed
13393,262,159,4,34,2024-09-27,2,323.53,0.0,Gift Card,Completed
13394,1776,148,3,31,2023-02-22,1,293.31,0.0,Debit Card,Pending
13395,1774,70,11,7,2023-12-28,5,42.41,0.0,Cash,Completed
13396,1217,282,15,16,2023-07-22,5,461.23,0.0,Credit Card,Cancelled
13397,1344,244,13,42,2025-12-26,3,328.77,0.05,PayPal,Completed
13398,1963,74,6,14,2024-08-04,5,292.63,0.05,Debit Card,Completed
13399,945,144,10,21,2023-12-12,1,296.96,0.0,Debit Card,Returned
13400,1201,295,2,37,2023-07-23,6,647.12,0.2,Credit Card,Completed
13401,452,276,7,40,2023-07-02,4,394.14,0.05,Debit Card,Cancelled
13402,980,242,9,38,2025-11-12,3,378.8,0.0,Credit Card,Completed
13403,1554,150,1,50,2025-07-06,1,157.31,0.05,Gift Card,Shipped
13404,393,146,11,7,2023-05-12,3,309.25,0.0,Gift Card,Shipped
13405,1377,183,14,8,2025-04-29,1,70.12,0.1,Gift Card,Returned
13406,675,181,15,18,2024-05-30,5,334.11,0.0,Debit Card,Completed
13407,38,50,12,17,2024-07-01,2,564.26,0.0,PayPal,Completed
13408,411,170,8,24,2025-08-25,1,260.29,0.0,Gift Card,Completed
13409,1815,95,8,39,2024-07-30,6,435.89,0.0,Cash,Completed
13410,1373,218,8,19,2025-06-18,3,95.1,0.2,Credit Card,Pending
13411,1251,176,15,18,2025-06-03,6,171.51,0.1,Credit Card,Returned
13412,945,280,2,45,2024-12-02,4,59.78,0.05,Debit Card,Shipped
13413,678,222,14,8,2025-06-29,2,412.69,0.2,Debit Card,Cancelled
13414,1970,8,13,46,2023-12-09,6,143.64,0.0,Cash,Pending
13415,1527,65,12,11,2023-12-18,1,543.26,0.15,Credit Card,Returned
13416,1737,133,5,1,2023-11-02,3,321.54,0.05,Cash,Returned
13417,1651,280,13,13,2023-10-25,6,59.78,0.0,Debit Card,Completed
13418,729,233,7,2,2025-05-15,5,400.32,0.05,Cash,Completed
13419,1944,183,12,17,2023-09-16,2,70.12,0.0,Credit Card,Shipped
13420,59,152,8,39,2023-02-01,5,290.47,0.0,Debit Card,Completed
13421,984,163,4,35,2024-01-18,6,270.34,0.15,Credit Card,Completed
13422,402,55,10,21,2023-12-26,6,17.81,0.0,PayPal,Returned
13423,1898,220,5,1,2024-11-25,6,357.02,0.2,Credit Card,Pending
13424,982,232,13,49,2023-03-28,3,316.8,0.15,Credit Card,Completed
13425,1893,13,5,1,2023-02-23,3,127.76,0.0,PayPal,Completed
13426,895,175,11,12,2025-12-16,3,86.78,0.0,Gift Card,Returned
13427,1008,196,5,48,2023-04-11,2,222.19,0.15,Credit Card,Shipped
13428,887,232,12,11,2023-09-24,1,316.8,0.0,Credit Card,Pending
13429,1423,17,8,24,2023-08-29,6,307.03,0.05,Cash,Completed
13430,1797,86,2,3,2025-11-10,2,302.91,0.0,Credit Card,Pending
13431,835,276,4,34,2023-12-27,5,394.14,0.0,PayPal,Completed
13432,159,214,11,12,2025-03-02,4,264.25,0.05,Credit Card,Completed
13433,1766,266,6,9,2023-02-20,2,140.34,0.0,Gift Card,Pending
13434,1972,193,2,37,2023-07-25,1,248.63,0.2,Gift Card,Pending
13435,881,107,6,14,2023-01-28,3,247.26,0.0,PayPal,Completed
13436,1020,13,13,42,2023-05-21,1,127.76,0.15,Cash,Cancelled
13437,1307,274,9,25,2023-07-27,3,57.88,0.0,PayPal,Pending
13438,388,100,1,22,2024-09-17,2,447.11,0.1,Cash,Completed
13439,1437,285,7,40,2025-02-21,3,313.87,0.2,PayPal,Completed
13440,645,88,5,1,2024-01-17,6,291.53,0.0,Gift Card,Shipped
13441,1093,266,12,10,2025-05-11,6,140.34,0.0,Debit Card,Cancelled
13442,1964,177,7,40,2024-02-26,3,467.22,0.2,PayPal,Completed
13443,69,38,13,46,2024-05-26,4,142.98,0.0,PayPal,Completed
13444,187,47,8,19,2025-12-14,4,126.89,0.0,Gift Card,Completed
13445,1182,50,2,45,2024-07-20,1,564.26,0.1,Debit Card,Shipped
13446,696,165,7,40,2023-01-21,4,216.64,0.15,Debit Card,Completed
13447,1034,230,10,4,2024-08-27,1,49.56,0.05,Credit Card,Completed
13448,609,119,3,31,2025-11-04,1,63.82,0.15,Cash,Completed
13449,67,246,1,41,2024-03-16,1,594.34,0.0,Credit Card,Completed
13450,1066,160,5,48,2023-12-04,5,466.97,0.0,Debit Card,Completed
13451,1279,97,1,36,2024-03-10,3,228.27,0.15,Cash,Completed
13452,96,246,2,28,2024-06-01,1,594.34,0.2,Debit Card,Completed
13453,1066,137,13,30,2023-11-26,5,47.19,0.15,Cash,Returned
13454,1716,2,3,20,2025-01-01,2,35.98,0.1,PayPal,Returned
13455,54,207,14,8,2023-10-08,4,245.28,0.0,Cash,Completed
13456,429,155,9,25,2023-01-24,3,232.62,0.1,Cash,Cancelled
13457,716,14,12,11,2023-11-26,6,379.66,0.05,Gift Card,Completed
13458,1504,14,12,11,2023-07-14,3,379.66,0.05,Credit Card,Completed
13459,740,193,5,23,2025-04-18,5,248.63,0.0,PayPal,Cancelled
13460,587,2,12,10,2024-09-10,5,35.98,0.2,PayPal,Completed
13461,1400,292,7,40,2024-11-18,1,398.38,0.05,Cash,Completed
13462,278,181,5,23,2024-04-17,1,334.11,0.0,PayPal,Completed
13463,1186,202,4,26,2024-06-09,2,211.09,0.0,PayPal,Pending
13464,359,258,9,25,2023-07-12,4,270.37,0.1,Cash,Completed
13465,1845,192,6,14,2023-12-13,5,29.92,0.1,PayPal,Completed
13466,780,229,14,47,2024-08-30,3,321.97,0.1,PayPal,Cancelled
13467,254,3,9,38,2025-09-07,4,507.54,0.1,Credit Card,Returned
13468,1087,30,9,38,2025-03-01,6,544.88,0.05,Gift Card,Returned
13469,1815,85,11,7,2023-03-25,4,347.38,0.05,PayPal,Cancelled
13470,1223,6,6,14,2025-02-10,3,628.51,0.15,Gift Card,Completed
13471,461,258,14,47,2024-03-17,4,270.37,0.2,Cash,Completed
13472,786,200,6,9,2025-05-29,6,214.09,0.1,Gift Card,Completed
13473,1476,5,12,10,2023-02-19,1,136.89,0.05,Debit Card,Completed
13474,774,194,6,9,2023-01-11,4,35.78,0.0,Cash,Pending
13475,720,148,12,11,2024-03-28,6,293.31,0.15,Cash,Completed
13476,1218,214,5,1,2024-07-30,6,264.25,0.0,Credit Card,Cancelled
13477,552,65,12,17,2024-11-05,2,543.26,0.0,PayPal,Completed
13478,625,76,4,34,2025-03-06,6,46.89,0.0,Cash,Pending
13479,267,287,11,12,2025-10-26,2,173.87,0.05,Credit Card,Returned
13480,1477,233,4,26,2024-11-23,5,400.32,0.15,PayPal,Completed
13481,27,205,12,10,2023-03-11,1,370.78,0.0,Credit Card,Completed
13482,1425,222,11,7,2024-05-27,2,412.69,0.0,Debit Card,Completed
13483,1710,174,3,20,2024-11-22,6,62.11,0.05,Credit Card,Cancelled
13484,1798,151,15,27,2023-01-14,5,61.55,0.2,PayPal,Shipped
13485,637,252,10,21,2023-12-20,6,163.4,0.05,Cash,Shipped
13486,1379,117,11,33,2024-04-11,1,77.12,0.0,Gift Card,Completed
13487,717,41,2,28,2023-07-20,4,441.65,0.0,Cash,Returned
13488,1966,53,11,7,2025-04-12,2,459.8,0.1,PayPal,Shipped
13489,1849,271,3,20,2023-11-13,2,316.69,0.0,Gift Card,Completed
13490,1257,68,13,30,2024-08-04,4,15.0,0.2,PayPal,Shipped
13491,1877,126,4,35,2024-03-24,3,333.86,0.1,Cash,Completed
13492,1038,235,13,49,2023-02-08,1,265.0,0.0,Gift Card,Completed
13493,1439,232,4,35,2025-11-15,1,316.8,0.1,Credit Card,Pending
13494,1665,62,4,35,2025-07-13,3,539.25,0.05,Cash,Completed
13495,1170,221,9,38,2023-03-12,1,183.32,0.05,PayPal,Completed
13496,203,228,5,23,2024-02-13,2,247.35,0.2,PayPal,Returned
13497,905,299,15,27,2025-03-31,4,150.33,0.15,PayPal,Shipped
13498,783,27,2,28,2024-09-03,3,565.88,0.0,Cash,Completed
13499,601,242,7,40,2023-02-03,2,378.8,0.1,Cash,Pending
13500,1050,2,15,32,2023-04-15,1,35.98,0.0,Gift Card,Shipped
13501,1288,90,7,2,2024-05-21,5,483.64,0.0,Gift Card,Completed
13502,733,9,10,29,2025-11-29,6,307.63,0.1,Credit Card,Completed
13503,1108,154,10,21,2024-09-12,5,214.32,0.0,Cash,Completed
13504,304,81,10,29,2024-11-28,4,379.78,0.05,Gift Card,Completed
13505,1960,229,11,7,2024-02-21,6,321.97,0.2,Debit Card,Cancelled
13506,1295,146,8,19,2024-02-16,2,309.25,0.0,Debit Card,Pending
13507,804,19,6,14,2024-05-15,1,332.56,0.0,PayPal,Completed
13508,818,270,1,41,2023-03-16,2,17.58,0.1,Debit Card,Cancelled
13509,1960,57,5,23,2025-07-10,3,207.9,0.0,Cash,Shipped
13510,1791,87,10,4,2025-10-29,3,321.84,0.0,Credit Card,Shipped
13511,1480,46,14,47,2025-12-13,3,393.27,0.05,Gift Card,Completed
13512,1753,201,11,33,2023-09-11,3,307.14,0.05,Cash,Completed
13513,1533,164,5,1,2024-07-12,1,117.71,0.2,Credit Card,Returned
13514,1491,244,5,1,2025-12-28,2,328.77,0.2,Gift Card,Completed
13515,971,83,14,8,2023-08-28,5,347.94,0.0,Cash,Completed
13516,830,228,10,4,2024-12-20,5,247.35,0.15,Cash,Completed
13517,1794,201,11,33,2025-06-06,4,307.14,0.0,PayPal,Shipped
13518,1233,26,12,10,2023-02-08,3,68.26,0.2,Gift Card,Pending
13519,1417,33,10,21,2025-03-19,6,422.83,0.1,Gift Card,Returned
13520,1102,62,7,40,2025-08-28,4,539.25,0.05,PayPal,Shipped
13521,1242,232,12,17,2025-05-19,4,316.8,0.15,Gift Card,Pending
13522,215,158,13,49,2024-01-27,4,324.07,0.15,Debit Card,Pending
13523,398,118,7,2,2024-04-30,3,145.14,0.0,Credit Card,Completed
13524,605,151,10,4,2025-03-02,3,61.55,0.1,Credit Card,Pending
13525,112,1,2,37,2023-02-16,2,31.01,0.05,Cash,Cancelled
13526,446,18,2,45,2025-12-28,6,383.42,0.15,Gift Card,Shipped
13527,344,265,11,12,2025-02-28,3,348.49,0.0,PayPal,Cancelled
13528,1520,292,5,1,2024-10-02,3,398.38,0.0,Credit Card,Cancelled
13529,1,42,8,19,2024-02-19,3,483.01,0.0,PayPal,Completed
13530,195,127,1,50,2023-07-30,2,90.5,0.0,Gift Card,Shipped
13531,830,219,10,6,2023-11-23,2,243.18,0.0,PayPal,Completed
13532,732,14,14,8,2023-08-21,3,379.66,0.15,Cash,Completed
13533,1195,231,6,14,2024-02-27,4,52.2,0.2,Debit Card,Shipped
13534,930,117,1,50,2024-12-28,6,77.12,0.05,Credit Card,Returned
13535,852,119,3,43,2024-10-23,1,63.82,0.05,Cash,Completed
13536,729,181,12,10,2025-04-19,5,334.11,0.0,PayPal,Completed
13537,1061,124,7,2,2024-10-16,3,311.92,0.0,Cash,Cancelled
13538,723,102,4,34,2025-04-06,5,455.19,0.15,Gift Card,Pending
13539,340,199,3,20,2024-08-30,1,314.59,0.1,PayPal,Completed
13540,1624,138,13,30,2025-06-16,6,102.03,0.0,Debit Card,Completed
13541,1203,131,6,9,2025-06-01,5,582.03,0.15,PayPal,Cancelled
13542,1742,26,13,46,2024-10-22,2,68.26,0.1,Gift Card,Pending
13543,638,90,3,20,2025-12-04,6,483.64,0.15,Credit Card,Shipped
13544,1794,258,8,19,2023-02-23,1,270.37,0.05,PayPal,Shipped
13545,794,50,8,39,2024-12-12,4,564.26,0.0,PayPal,Cancelled
13546,981,152,14,47,2023-01-06,3,290.47,0.15,PayPal,Completed
13547,1573,287,12,11,2024-07-19,6,173.87,0.05,Debit Card,Completed
13548,1080,52,2,3,2024-04-15,1,120.46,0.1,PayPal,Completed
13549,1516,181,5,48,2023-05-25,3,334.11,0.15,Credit Card,Completed
13550,1791,35,11,33,2023-12-06,5,53.95,0.2,PayPal,Returned
13551,983,200,3,43,2023-09-03,3,214.09,0.0,Cash,Completed
13552,1937,185,10,4,2024-11-17,6,357.71,0.0,Debit Card,Shipped
13553,1727,201,5,48,2023-06-13,4,307.14,0.1,Gift Card,Completed
13554,1252,208,11,33,2023-03-19,2,146.45,0.05,Gift Card,Pending
13555,1499,208,4,34,2025-08-05,2,146.45,0.2,Gift Card,Completed
13556,1536,266,5,23,2024-07-16,6,140.34,0.0,Gift Card,Completed
13557,1022,8,3,31,2023-08-20,3,143.64,0.1,Debit Card,Completed
13558,401,212,1,22,2024-11-15,5,26.85,0.1,Cash,Completed
13559,1395,175,10,4,2025-04-16,2,86.78,0.0,Gift Card,Cancelled
13560,950,34,12,17,2024-03-10,6,71.12,0.0,Cash,Completed
13561,32,247,6,9,2023-03-07,2,58.54,0.0,Cash,Completed
13562,1589,109,5,48,2023-04-02,6,33.31,0.0,Cash,Completed
13563,385,80,3,43,2025-02-25,2,249.35,0.0,Cash,Returned
13564,489,99,14,47,2025-04-04,4,384.25,0.0,Credit Card,Completed
13565,1405,41,10,21,2024-08-28,1,441.65,0.1,PayPal,Shipped
13566,561,121,2,28,2023-06-11,2,13.34,0.05,Cash,Cancelled
13567,753,205,11,12,2025-06-18,6,370.78,0.15,Gift Card,Completed
13568,989,27,15,32,2025-03-27,6,565.88,0.05,Credit Card,Returned
13569,1126,228,3,43,2025-06-16,6,247.35,0.15,Debit Card,Shipped
13570,740,132,4,35,2025-01-01,5,127.63,0.15,Cash,Cancelled
13571,1221,218,12,11,2024-12-01,1,95.1,0.0,Gift Card,Shipped
13572,78,46,13,49,2023-01-22,3,393.27,0.05,Cash,Pending
13573,1019,40,6,14,2023-09-12,6,408.98,0.1,Debit Card,Completed
13574,1961,34,9,25,2025-12-25,5,71.12,0.1,PayPal,Shipped
13575,475,269,7,40,2025-11-28,1,260.22,0.0,PayPal,Pending
13576,993,120,6,14,2025-12-19,3,346.06,0.0,Debit Card,Shipped
13577,746,217,2,3,2025-06-14,4,80.74,0.0,Debit Card,Shipped
13578,543,35,3,31,2025-09-28,4,53.95,0.15,Credit Card,Completed
13579,137,289,13,49,2023-11-30,6,246.14,0.0,PayPal,Pending
13580,628,74,13,42,2023-12-16,3,292.63,0.2,Cash,Completed
13581,1649,114,1,22,2024-09-16,5,356.17,0.1,Gift Card,Pending
13582,1432,109,15,32,2023-11-21,4,33.31,0.2,Debit Card,Cancelled
13583,1831,60,1,41,2024-05-11,6,307.03,0.1,Gift Card,Pending
13584,103,128,10,21,2023-01-18,3,257.64,0.15,Credit Card,Completed
13585,1210,159,6,9,2025-09-15,4,323.53,0.0,Cash,Cancelled
13586,294,276,12,10,2023-12-11,5,394.14,0.15,Debit Card,Completed
13587,586,58,3,20,2024-08-02,3,76.76,0.1,Credit Card,Completed
13588,540,276,3,31,2025-09-15,3,394.14,0.0,Debit Card,Shipped
13589,1938,194,7,2,2025-02-22,4,35.78,0.0,Gift Card,Completed
13590,1030,119,10,29,2023-06-23,2,63.82,0.0,PayPal,Pending
13591,1701,70,15,18,2025-07-02,6,42.41,0.1,Debit Card,Completed
13592,391,16,13,13,2023-05-29,4,561.32,0.0,Gift Card,Completed
13593,1819,141,11,7,2024-04-12,3,236.86,0.15,Credit Card,Completed
13594,126,219,12,10,2023-11-19,3,243.18,0.2,Debit Card,Cancelled
13595,214,282,9,25,2024-01-12,2,461.23,0.05,Credit Card,Completed
13596,1578,162,10,4,2024-11-22,3,532.97,0.15,Cash,Completed
13597,1438,243,2,28,2025-11-26,3,523.63,0.0,PayPal,Pending
13598,454,113,2,37,2024-10-16,2,438.2,0.0,Debit Card,Completed
13599,1185,218,5,48,2025-06-11,1,95.1,0.15,Cash,Pending
13600,1397,92,7,40,2024-11-15,4,665.8,0.0,Debit Card,Completed
13601,1130,119,2,37,2023-05-06,3,63.82,0.0,Gift Card,Completed
13602,1930,277,9,25,2024-02-24,1,320.72,0.2,Credit Card,Returned
13603,1997,148,3,43,2024-06-25,5,293.31,0.05,Credit Card,Shipped
13604,133,209,14,8,2025-09-29,5,193.95,0.15,Cash,Returned
13605,629,104,3,43,2024-01-14,4,61.42,0.0,Debit Card,Shipped
13606,899,158,5,23,2023-03-01,1,324.07,0.0,Debit Card,Shipped
13607,1748,89,9,38,2024-01-01,1,248.83,0.0,Gift Card,Completed
13608,272,127,2,3,2025-11-02,4,90.5,0.05,Credit Card,Completed
13609,997,130,4,35,2025-07-10,5,293.35,0.0,Cash,Completed
13610,357,118,4,34,2024-07-18,6,145.14,0.1,Debit Card,Returned
13611,1580,240,11,33,2025-09-24,2,196.7,0.15,Gift Card,Shipped
13612,1211,85,13,42,2025-11-29,1,347.38,0.05,Gift Card,Completed
13613,1652,269,1,50,2024-05-03,5,260.22,0.0,Cash,Completed
13614,373,76,14,8,2025-06-11,3,46.89,0.2,Gift Card,Pending
13615,1968,5,15,18,2025-08-24,5,136.89,0.15,Cash,Returned
13616,1977,227,13,49,2024-02-10,2,225.3,0.0,PayPal,Completed
13617,1893,261,2,28,2024-08-31,1,638.9,0.1,Debit Card,Shipped
13618,61,81,9,38,2025-05-22,5,379.78,0.05,Cash,Cancelled
13619,1259,50,8,19,2025-09-15,3,564.26,0.15,PayPal,Completed
13620,594,29,7,2,2024-06-04,3,197.73,0.0,PayPal,Completed
13621,605,234,8,19,2024-12-20,5,314.58,0.1,Credit Card,Completed
13622,1835,78,7,2,2025-01-31,2,176.26,0.0,Credit Card,Shipped
13623,422,202,8,24,2023-06-22,3,211.09,0.1,Cash,Shipped
13624,871,110,7,40,2025-08-20,1,570.1,0.15,Debit Card,Pending
13625,1568,273,7,40,2025-12-11,1,265.88,0.05,Credit Card,Pending
13626,8,118,13,46,2024-04-20,1,145.14,0.05,Debit Card,Returned
13627,935,134,12,17,2025-10-10,4,170.45,0.1,Gift Card,Cancelled
13628,1322,60,5,1,2023-02-17,6,307.03,0.2,Credit Card,Completed
13629,174,105,9,38,2025-12-13,2,500.45,0.1,Gift Card,Cancelled
13630,1635,90,11,33,2025-02-04,1,483.64,0.0,Debit Card,Completed
13631,476,232,11,33,2023-11-28,4,316.8,0.1,Credit Card,Shipped
13632,295,201,10,4,2024-04-04,5,307.14,0.15,Credit Card,Completed
13633,486,247,2,3,2023-04-24,5,58.54,0.0,PayPal,Pending
13634,146,294,11,33,2023-02-14,6,345.43,0.0,Cash,Completed
13635,1776,128,3,31,2023-07-09,4,257.64,0.0,Credit Card,Shipped
13636,1271,246,9,25,2024-06-21,3,594.34,0.1,PayPal,Completed
13637,1285,144,6,14,2024-09-19,5,296.96,0.0,Cash,Completed
13638,1478,258,8,24,2024-06-18,1,270.37,0.0,PayPal,Completed
13639,1809,94,1,41,2025-07-06,2,325.59,0.0,Credit Card,Cancelled
13640,1278,40,11,33,2024-07-21,2,408.98,0.0,Gift Card,Completed
13641,772,112,15,5,2025-05-20,3,347.45,0.2,Cash,Completed
13642,503,216,2,37,2023-12-21,1,91.49,0.2,Debit Card,Cancelled
13643,1435,259,14,8,2023-12-30,3,395.59,0.2,Credit Card,Completed
13644,450,5,5,23,2024-08-29,4,136.89,0.1,Cash,Shipped
13645,573,70,2,37,2024-11-09,3,42.41,0.15,Gift Card,Completed
13646,1422,135,6,9,2023-08-15,1,126.8,0.05,Cash,Completed
13647,1074,266,10,6,2025-10-26,4,140.34,0.0,Gift Card,Returned
13648,1795,196,4,34,2023-12-22,5,222.19,0.0,Cash,Completed
13649,164,284,1,36,2025-09-20,6,413.62,0.0,Gift Card,Pending
13650,19,67,4,34,2024-05-25,4,138.29,0.0,PayPal,Pending
13651,912,147,3,20,2024-12-14,1,433.97,0.0,Debit Card,Cancelled
13652,1607,46,3,43,2025-01-02,5,393.27,0.0,Cash,Completed
13653,359,27,9,25,2023-10-30,5,565.88,0.05,PayPal,Pending
13654,846,11,5,1,2023-03-16,4,289.37,0.0,Credit Card,Completed
13655,402,184,14,8,2025-06-28,4,304.08,0.0,Credit Card,Completed
13656,1838,295,7,40,2024-05-19,4,647.12,0.1,PayPal,Completed
13657,362,203,12,17,2024-11-12,6,511.82,0.0,Cash,Completed
13658,115,8,4,35,2025-07-30,2,143.64,0.0,PayPal,Completed
13659,301,246,1,50,2023-06-28,4,594.34,0.1,Cash,Completed
13660,1274,299,1,36,2025-08-15,1,150.33,0.05,Credit Card,Pending
13661,1447,132,13,42,2024-09-29,6,127.63,0.15,Cash,Cancelled
13662,820,63,1,41,2025-08-26,1,63.8,0.0,Cash,Returned
13663,1788,258,1,50,2023-12-04,4,270.37,0.05,Credit Card,Completed
13664,1797,75,14,47,2025-05-09,6,363.98,0.0,Gift Card,Cancelled
13665,1714,127,1,22,2023-01-31,5,90.5,0.15,Cash,Returned
13666,1150,263,7,40,2025-08-28,3,47.7,0.0,Cash,Completed
13667,1626,92,3,31,2024-12-18,3,665.8,0.1,Gift Card,Returned
13668,1306,230,13,49,2023-06-20,1,49.56,0.1,Cash,Pending
13669,1291,205,1,22,2025-08-24,4,370.78,0.2,Credit Card,Cancelled
13670,399,91,15,15,2024-06-17,3,406.77,0.0,Debit Card,Cancelled
13671,1437,84,14,8,2023-07-04,2,38.26,0.1,PayPal,Completed
13672,1616,127,14,8,2024-11-26,3,90.5,0.0,Gift Card,Completed
13673,84,229,11,33,2025-04-21,3,321.97,0.05,Gift Card,Completed
13674,259,127,4,26,2025-03-22,5,90.5,0.0,Cash,Completed
13675,603,73,2,45,2023-01-05,1,68.44,0.0,PayPal,Shipped
13676,1384,74,11,7,2023-05-11,1,292.63,0.0,Gift Card,Shipped
13677,1078,173,7,2,2023-04-20,3,159.58,0.1,PayPal,Completed
13678,466,156,14,8,2023-10-01,4,64.7,0.0,Cash,Completed
13679,1788,274,1,22,2025-06-15,1,57.88,0.05,Debit Card,Completed
13680,847,77,11,12,2025-09-30,3,442.92,0.0,Cash,Completed
13681,151,207,11,7,2024-05-24,2,245.28,0.0,Credit Card,Shipped
13682,1289,197,5,1,2025-01-22,1,82.36,0.0,Debit Card,Completed
13683,77,36,9,38,2024-12-29,2,480.04,0.0,Cash,Completed
13684,926,230,1,50,2023-05-10,5,49.56,0.2,Cash,Cancelled
13685,1396,48,4,35,2023-05-30,6,397.65,0.0,Gift Card,Completed
13686,379,21,5,48,2023-05-26,3,407.45,0.0,Cash,Returned
13687,1877,217,3,20,2025-02-08,2,80.74,0.0,Gift Card,Shipped
13688,1294,127,7,2,2024-10-04,5,90.5,0.0,Credit Card,Shipped
13689,781,199,8,24,2023-08-23,2,314.59,0.2,Debit Card,Completed
13690,1750,156,8,39,2024-04-29,2,64.7,0.2,Credit Card,Returned
13691,571,72,1,36,2024-01-10,5,301.36,0.05,Cash,Completed
13692,1186,37,10,6,2025-06-20,3,91.98,0.0,PayPal,Returned
13693,1477,257,7,2,2025-01-18,6,29.22,0.15,Debit Card,Completed
13694,28,100,9,38,2024-02-20,4,447.11,0.0,Debit Card,Returned
13695,298,182,7,40,2024-08-02,4,543.63,0.1,Credit Card,Returned
13696,1608,51,4,26,2024-06-17,1,190.91,0.1,Cash,Shipped
13697,783,265,1,36,2024-07-22,1,348.49,0.1,Debit Card,Completed
13698,1108,179,5,1,2025-05-14,6,63.58,0.15,PayPal,Completed
13699,1486,240,14,8,2024-11-07,2,196.7,0.0,Debit Card,Completed
13700,1009,210,8,24,2024-11-11,1,77.07,0.15,Debit Card,Completed
13701,817,162,7,40,2024-02-28,5,532.97,0.0,Debit Card,Shipped
13702,1301,72,11,12,2023-06-13,3,301.36,0.0,PayPal,Completed
13703,112,158,6,9,2023-09-06,5,324.07,0.15,Credit Card,Pending
13704,1457,26,2,45,2023-12-21,6,68.26,0.0,Credit Card,Completed
13705,442,242,9,38,2023-03-20,2,378.8,0.0,Cash,Pending
13706,955,89,14,8,2023-12-22,5,248.83,0.0,PayPal,Returned
13707,1018,182,12,10,2024-01-23,5,543.63,0.2,PayPal,Completed
13708,426,94,3,31,2024-11-12,2,325.59,0.1,PayPal,Returned
13709,1923,229,11,7,2025-02-20,1,321.97,0.1,PayPal,Completed
13710,464,147,9,25,2025-10-21,3,433.97,0.2,Credit Card,Completed
13711,394,224,6,14,2024-07-07,4,190.7,0.05,Cash,Completed
13712,1639,231,1,36,2024-03-29,2,52.2,0.2,Debit Card,Completed
13713,97,148,5,1,2025-01-01,5,293.31,0.0,PayPal,Completed
13714,1548,268,14,47,2024-12-27,3,252.86,0.0,Gift Card,Shipped
13715,1858,286,15,27,2023-08-09,5,217.06,0.0,PayPal,Pending
13716,1525,297,15,16,2024-05-12,6,334.26,0.05,Gift Card,Completed
13717,1695,219,7,2,2025-02-02,6,243.18,0.0,Gift Card,Pending
13718,443,300,5,48,2025-10-05,6,306.79,0.0,PayPal,Completed
13719,1706,246,1,36,2023-01-16,5,594.34,0.15,PayPal,Shipped
13720,1459,192,15,44,2024-09-05,6,29.92,0.15,Cash,Cancelled
13721,540,56,14,8,2023-07-28,4,176.55,0.1,Gift Card,Pending
13722,1460,108,15,27,2023-04-02,3,603.53,0.0,PayPal,Shipped
13723,1742,284,6,14,2024-02-21,1,413.62,0.1,PayPal,Completed
13724,1639,109,3,31,2023-03-04,2,33.31,0.1,Cash,Shipped
13725,1982,150,8,39,2024-05-08,1,157.31,0.15,Debit Card,Shipped
13726,1492,200,14,8,2024-12-13,1,214.09,0.0,PayPal,Completed
13727,66,9,10,4,2023-06-21,1,307.63,0.15,Gift Card,Pending
13728,716,24,14,47,2025-06-18,1,129.26,0.15,Cash,Pending
13729,1692,83,15,18,2024-07-03,2,347.94,0.2,Credit Card,Completed
13730,645,23,13,46,2024-02-27,6,298.77,0.1,Credit Card,Completed
13731,1657,137,4,35,2023-05-21,2,47.19,0.1,Cash,Shipped
13732,1444,237,14,8,2024-05-15,6,159.44,0.0,Debit Card,Returned
13733,452,141,8,24,2024-05-06,1,236.86,0.2,Cash,Completed
13734,1889,132,5,23,2024-02-20,4,127.63,0.05,Cash,Cancelled
13735,407,253,5,48,2023-02-05,4,101.3,0.1,Cash,Cancelled
13736,1217,224,6,14,2023-05-13,1,190.7,0.0,PayPal,Shipped
13737,1225,186,15,32,2023-01-24,1,39.01,0.05,Credit Card,Completed
13738,1821,86,12,10,2023-09-16,3,302.91,0.1,Gift Card,Cancelled
13739,545,211,14,47,2023-02-09,2,199.85,0.0,Gift Card,Pending
13740,1409,213,1,41,2024-08-10,6,64.0,0.0,PayPal,Completed
13741,1366,230,12,11,2025-12-20,2,49.56,0.0,Debit Card,Shipped
13742,1727,277,5,48,2023-06-25,4,320.72,0.0,PayPal,Completed
13743,916,127,1,50,2024-09-16,3,90.5,0.15,Debit Card,Completed
13744,669,209,1,36,2023-10-13,4,193.95,0.2,PayPal,Completed
13745,1276,110,4,34,2024-07-13,6,570.1,0.0,PayPal,Completed
13746,988,131,8,19,2025-05-11,5,582.03,0.15,PayPal,Shipped
13747,1374,97,6,9,2023-05-07,1,228.27,0.0,Gift Card,Completed
13748,808,60,9,25,2025-03-29,2,307.03,0.0,Debit Card,Completed
13749,1018,252,13,30,2025-10-20,4,163.4,0.0,Gift Card,Pending
13750,792,4,12,10,2023-05-19,5,355.19,0.05,PayPal,Completed
13751,1203,211,2,28,2023-07-30,2,199.85,0.15,Gift Card,Cancelled
13752,1450,198,13,49,2024-07-26,1,125.5,0.2,Gift Card,Completed
13753,747,191,4,26,2025-07-15,5,519.67,0.0,Debit Card,Completed
13754,1183,155,13,49,2024-07-31,6,232.62,0.1,Debit Card,Completed
13755,1862,26,7,2,2023-10-30,3,68.26,0.2,PayPal,Shipped
13756,750,239,11,33,2024-10-23,2,337.62,0.2,Gift Card,Completed
13757,1664,59,2,37,2025-12-11,1,239.55,0.1,Gift Card,Cancelled
13758,234,157,2,37,2025-08-10,5,110.95,0.2,Cash,Shipped
13759,468,49,4,34,2023-09-23,2,148.66,0.0,Debit Card,Completed
13760,1971,59,2,37,2025-07-25,3,239.55,0.0,Cash,Completed
13761,1341,156,10,6,2025-04-08,5,64.7,0.0,Credit Card,Completed
13762,1998,65,10,21,2023-02-18,3,543.26,0.1,Gift Card,Completed
13763,363,285,9,38,2024-05-27,5,313.87,0.05,Cash,Returned
13764,1151,152,6,14,2025-10-04,1,290.47,0.0,Gift Card,Completed
13765,1279,47,2,28,2023-05-15,3,126.89,0.0,Gift Card,Pending
13766,786,173,4,26,2025-08-09,1,159.58,0.0,Gift Card,Completed
13767,813,228,2,3,2024-04-21,5,247.35,0.15,Gift Card,Returned
13768,369,211,10,6,2023-09-23,5,199.85,0.0,Debit Card,Pending
13769,1267,288,3,20,2023-08-23,2,367.22,0.15,PayPal,Shipped
13770,619,22,10,21,2025-02-05,2,90.87,0.0,Gift Card,Completed
13771,1341,263,1,41,2024-11-11,4,47.7,0.05,PayPal,Completed
13772,1146,232,6,9,2024-07-01,6,316.8,0.05,Cash,Shipped
13773,398,98,2,3,2025-06-30,2,263.06,0.05,Credit Card,Completed
13774,1285,191,11,12,2025-01-25,4,519.67,0.15,Debit Card,Shipped
13775,456,18,2,45,2023-01-04,4,383.42,0.1,Cash,Returned
13776,668,214,1,36,2024-02-28,1,264.25,0.15,Gift Card,Pending
13777,307,158,4,35,2025-06-22,4,324.07,0.0,Cash,Completed
13778,1742,218,4,35,2024-02-04,1,95.1,0.05,Credit Card,Completed
13779,1296,296,6,9,2023-09-22,6,81.85,0.0,Credit Card,Completed
13780,511,239,10,29,2023-08-22,3,337.62,0.15,Cash,Pending
13781,1867,268,13,49,2023-10-20,3,252.86,0.15,Gift Card,Completed
13782,418,89,15,32,2023-01-26,3,248.83,0.15,Cash,Completed
13783,305,88,11,12,2024-02-11,5,291.53,0.0,Debit Card,Completed
13784,1102,160,14,8,2024-05-09,2,466.97,0.05,Debit Card,Returned
13785,947,58,9,38,2023-12-14,4,76.76,0.15,Debit Card,Pending
13786,1560,101,4,26,2023-12-23,4,314.94,0.15,PayPal,Pending
13787,825,298,8,24,2023-04-18,2,202.95,0.2,Credit Card,Completed
13788,1882,163,8,24,2024-08-14,1,270.34,0.0,PayPal,Completed
13789,1426,227,6,9,2024-08-24,4,225.3,0.0,Debit Card,Pending
13790,1879,298,10,4,2023-12-08,1,202.95,0.15,Gift Card,Completed
13791,1714,196,6,9,2023-06-08,6,222.19,0.15,Cash,Completed
13792,1890,206,12,17,2025-03-11,2,367.62,0.2,Credit Card,Completed
13793,470,265,8,19,2024-06-19,4,348.49,0.15,PayPal,Cancelled
13794,1391,24,5,48,2025-05-10,1,129.26,0.2,Cash,Completed
13795,1872,81,3,43,2023-09-17,3,379.78,0.2,PayPal,Completed
13796,248,168,3,43,2023-08-20,5,303.92,0.2,Credit Card,Completed
13797,1677,134,13,13,2024-09-27,2,170.45,0.0,PayPal,Cancelled
13798,554,264,4,26,2024-06-14,1,25.86,0.05,PayPal,Cancelled
13799,1964,135,1,36,2024-08-02,4,126.8,0.05,Credit Card,Completed
13800,1824,155,11,7,2025-12-31,5,232.62,0.1,PayPal,Pending
13801,1019,53,1,22,2024-08-16,2,459.8,0.1,PayPal,Cancelled
13802,722,263,8,19,2025-02-19,5,47.7,0.1,Cash,Shipped
13803,1908,60,11,33,2023-10-18,1,307.03,0.0,Credit Card,Completed
13804,1682,299,10,4,2024-05-12,4,150.33,0.0,Cash,Cancelled
13805,1883,239,3,20,2024-02-19,4,337.62,0.2,PayPal,Completed
13806,1341,144,1,36,2023-10-14,5,296.96,0.1,Debit Card,Completed
13807,462,93,8,19,2023-08-01,1,380.69,0.0,Credit Card,Completed
13808,1881,185,12,10,2025-01-14,2,357.71,0.15,Cash,Returned
13809,723,166,13,30,2023-05-08,5,172.27,0.05,Gift Card,Completed
13810,1523,150,4,35,2023-05-21,4,157.31,0.1,Debit Card,Pending
13811,161,86,1,36,2023-09-30,5,302.91,0.0,Cash,Completed
13812,721,163,12,11,2025-01-27,6,270.34,0.0,Cash,Completed
13813,928,266,15,27,2024-05-02,5,140.34,0.0,Cash,Cancelled
13814,447,225,1,50,2025-04-01,4,131.27,0.1,PayPal,Returned
13815,133,42,12,11,2024-02-28,5,483.01,0.2,PayPal,Completed
13816,194,105,4,35,2025-12-19,2,500.45,0.0,Cash,Pending
13817,1905,103,13,49,2023-11-04,1,220.08,0.0,Debit Card,Cancelled
13818,176,155,11,12,2024-05-28,2,232.62,0.0,Credit Card,Completed
13819,249,78,12,17,2023-10-10,1,176.26,0.05,Gift Card,Completed
13820,425,138,15,27,2025-09-07,2,102.03,0.05,Gift Card,Shipped
13821,1373,253,3,31,2025-03-13,5,101.3,0.0,Debit Card,Completed
13822,26,226,3,43,2024-07-20,1,522.95,0.2,Debit Card,Completed
13823,1640,212,5,48,2024-12-14,4,26.85,0.1,Debit Card,Completed
13824,539,194,14,8,2025-10-02,6,35.78,0.0,PayPal,Returned
13825,1715,177,13,42,2024-05-31,5,467.22,0.1,PayPal,Completed
13826,898,28,5,48,2023-01-28,2,360.14,0.0,Gift Card,Completed
13827,1451,233,8,24,2024-04-28,1,400.32,0.0,Cash,Completed
13828,1277,71,5,48,2025-06-18,1,251.36,0.2,Debit Card,Cancelled
13829,1429,100,4,35,2025-05-13,1,447.11,0.1,Gift Card,Completed
13830,600,164,9,25,2024-07-05,6,117.71,0.1,Debit Card,Completed
13831,498,126,4,34,2024-12-15,5,333.86,0.05,Debit Card,Completed
13832,1516,187,3,31,2023-05-20,2,226.55,0.2,Cash,Shipped
13833,1964,152,4,35,2023-02-23,3,290.47,0.1,Debit Card,Completed
13834,157,191,13,46,2025-01-10,1,519.67,0.1,Gift Card,Pending
13835,1796,89,11,7,2024-07-15,2,248.83,0.2,Debit Card,Pending
13836,1564,162,3,20,2025-09-04,1,532.97,0.05,Credit Card,Completed
13837,484,218,7,2,2023-04-06,5,95.1,0.0,Credit Card,Completed
13838,117,120,8,39,2024-09-19,4,346.06,0.05,Debit Card,Cancelled
13839,378,299,15,5,2025-03-26,6,150.33,0.0,PayPal,Pending
13840,963,101,3,43,2025-08-15,1,314.94,0.15,Debit Card,Completed
13841,1795,62,15,27,2024-02-17,1,539.25,0.0,Credit Card,Completed
13842,1987,65,12,10,2023-11-19,5,543.26,0.0,Cash,Cancelled
13843,904,184,7,2,2023-09-05,3,304.08,0.15,Gift Card,Completed
13844,134,273,8,24,2024-02-09,6,265.88,0.0,Cash,Returned
13845,1461,144,1,50,2024-09-07,6,296.96,0.1,Debit Card,Returned
13846,1969,247,12,17,2023-01-11,1,58.54,0.15,Gift Card,Completed
13847,1133,20,12,17,2025-03-27,1,170.95,0.0,Gift Card,Completed
13848,1336,183,14,47,2023-03-24,4,70.12,0.0,Gift Card,Completed
13849,1723,151,12,10,2024-04-10,4,61.55,0.0,Debit Card,Cancelled
13850,1037,106,13,30,2023-10-27,3,127.35,0.05,Debit Card,Completed
13851,872,87,4,35,2024-01-30,5,321.84,0.0,Gift Card,Completed
13852,1167,263,8,19,2025-11-27,4,47.7,0.15,Gift Card,Cancelled
13853,300,247,3,43,2023-10-15,1,58.54,0.0,Debit Card,Completed
13854,623,270,2,37,2023-04-02,3,17.58,0.15,Gift Card,Completed
13855,1652,286,4,34,2023-06-07,3,217.06,0.0,Credit Card,Completed
13856,558,257,14,8,2024-04-06,2,29.22,0.1,Gift Card,Shipped
13857,1329,37,15,5,2023-09-24,5,91.98,0.15,PayPal,Completed
13858,638,266,13,46,2023-06-04,2,140.34,0.0,Credit Card,Completed
13859,443,280,13,30,2024-04-08,6,59.78,0.0,Gift Card,Completed
13860,1626,171,1,50,2023-12-23,1,293.86,0.2,Credit Card,Shipped
13861,1180,28,9,25,2023-06-07,5,360.14,0.2,Cash,Completed
13862,1349,199,14,47,2024-10-26,3,314.59,0.1,PayPal,Completed
13863,759,296,8,39,2024-03-23,5,81.85,0.0,Gift Card,Completed
13864,1974,195,3,43,2023-08-22,3,165.25,0.2,Credit Card,Completed
13865,1462,85,13,30,2024-12-17,3,347.38,0.0,PayPal,Cancelled
13866,489,115,8,39,2025-01-04,2,295.79,0.1,Cash,Completed
13867,752,236,15,18,2025-01-02,2,209.86,0.0,Debit Card,Pending
13868,250,126,14,47,2023-09-06,5,333.86,0.05,Debit Card,Cancelled
13869,887,241,10,4,2025-10-14,6,108.19,0.0,PayPal,Completed
13870,1549,272,2,45,2025-01-30,2,596.66,0.0,PayPal,Completed
13871,1396,207,2,37,2024-02-27,4,245.28,0.0,PayPal,Cancelled
13872,69,238,10,21,2023-10-25,3,196.9,0.05,Debit Card,Returned
13873,1493,297,4,35,2024-02-20,4,334.26,0.0,Debit Card,Completed
13874,1998,109,5,23,2024-12-13,6,33.31,0.2,PayPal,Completed
13875,1580,284,10,6,2024-06-25,3,413.62,0.2,Debit Card,Completed
13876,1716,186,6,14,2025-05-05,2,39.01,0.0,Debit Card,Shipped
13877,94,3,5,1,2025-03-07,5,507.54,0.0,Credit Card,Shipped
13878,369,176,6,9,2025-10-30,1,171.51,0.0,Credit Card,Pending
13879,924,168,7,2,2024-01-18,3,303.92,0.2,Credit Card,Shipped
13880,998,291,13,13,2025-09-28,6,9.1,0.1,Debit Card,Completed
13881,412,147,2,37,2023-11-21,3,433.97,0.0,Debit Card,Returned
13882,608,207,11,12,2023-10-16,4,245.28,0.2,Gift Card,Completed
13883,1384,140,8,39,2024-07-28,2,257.08,0.0,PayPal,Completed
13884,1600,218,2,28,2023-07-29,6,95.1,0.0,Credit Card,Completed
13885,1067,15,9,38,2025-05-05,4,454.62,0.1,Debit Card,Completed
13886,1388,103,9,25,2025-03-08,5,220.08,0.15,Credit Card,Completed
13887,1706,2,15,18,2024-03-25,4,35.98,0.0,Gift Card,Completed
13888,1108,181,12,11,2025-04-03,2,334.11,0.0,PayPal,Completed
13889,69,286,11,7,2024-12-09,4,217.06,0.1,Gift Card,Shipped
13890,4,131,9,38,2024-12-29,2,582.03,0.2,PayPal,Completed
13891,1586,155,15,15,2025-10-14,5,232.62,0.1,Debit Card,Cancelled
13892,13,28,5,48,2023-09-08,6,360.14,0.0,Credit Card,Cancelled
13893,1965,8,13,49,2023-12-20,4,143.64,0.05,Cash,Completed
13894,111,251,5,1,2025-04-07,1,355.21,0.0,Credit Card,Completed
13895,1018,234,3,31,2025-02-02,2,314.58,0.1,Gift Card,Completed
13896,1862,299,6,9,2025-09-22,6,150.33,0.15,Credit Card,Returned
13897,361,148,13,30,2023-02-25,3,293.31,0.1,Debit Card,Completed
13898,379,258,2,37,2024-09-04,6,270.37,0.15,Cash,Cancelled
13899,1439,196,6,14,2025-02-04,1,222.19,0.2,Credit Card,Completed
13900,484,109,2,45,2024-04-25,3,33.31,0.1,Debit Card,Returned
13901,1960,170,11,12,2025-11-11,6,260.29,0.2,Debit Card,Completed
13902,938,157,7,2,2023-05-30,1,110.95,0.05,Cash,Shipped
13903,1917,176,1,22,2023-06-03,6,171.51,0.15,PayPal,Completed
13904,1033,72,1,41,2024-10-31,6,301.36,0.05,Cash,Completed
13905,337,33,13,42,2025-07-26,1,422.83,0.2,Credit Card,Cancelled
13906,747,19,9,38,2025-04-05,1,332.56,0.2,Debit Card,Cancelled
13907,128,104,1,22,2023-03-10,1,61.42,0.0,Debit Card,Cancelled
13908,1669,69,15,32,2024-08-30,3,444.45,0.0,Debit Card,Shipped
13909,1901,42,6,14,2025-01-05,2,483.01,0.1,Cash,Returned
13910,446,214,8,19,2024-12-13,6,264.25,0.05,Gift Card,Returned
13911,843,13,14,47,2023-03-14,3,127.76,0.1,Gift Card,Shipped
13912,210,276,9,25,2024-09-09,4,394.14,0.1,Cash,Completed
13913,869,146,7,40,2023-06-11,5,309.25,0.05,Gift Card,Completed
13914,782,73,8,19,2023-03-17,4,68.44,0.15,Credit Card,Shipped
13915,1758,125,12,10,2023-01-10,3,152.14,0.15,Cash,Completed
13916,1506,229,10,29,2023-05-23,3,321.97,0.2,Credit Card,Completed
13917,97,251,10,29,2024-01-09,1,355.21,0.0,Credit Card,Completed
13918,629,265,1,22,2025-01-28,6,348.49,0.1,Credit Card,Completed
13919,1521,123,8,19,2025-09-07,6,203.09,0.05,Cash,Shipped
13920,127,3,4,35,2024-12-25,2,507.54,0.1,Debit Card,Completed
13921,1542,175,7,40,2023-08-25,1,86.78,0.05,PayPal,Returned
13922,165,272,14,8,2025-10-15,2,596.66,0.0,Debit Card,Completed
13923,874,243,9,25,2023-09-09,3,523.63,0.0,Cash,Cancelled
13924,1773,57,3,43,2024-01-26,6,207.9,0.1,Debit Card,Returned
13925,1810,278,6,14,2023-05-27,6,98.31,0.0,Credit Card,Shipped
13926,371,129,14,47,2023-10-03,5,267.03,0.2,Gift Card,Completed
13927,1036,104,10,6,2023-04-13,3,61.42,0.0,Credit Card,Pending
13928,1682,111,3,43,2024-09-05,1,123.3,0.0,Cash,Cancelled
13929,119,165,14,47,2023-06-29,2,216.64,0.1,Debit Card,Completed
13930,1244,5,10,4,2023-06-30,6,136.89,0.05,Credit Card,Cancelled
13931,183,213,12,10,2023-03-11,6,64.0,0.0,Cash,Returned
13932,1657,206,12,11,2024-10-11,4,367.62,0.0,Debit Card,Cancelled
13933,355,295,8,39,2023-05-13,1,647.12,0.0,Credit Card,Returned
13934,378,204,15,18,2024-07-01,5,133.71,0.0,Gift Card,Completed
13935,1962,192,3,43,2023-04-13,5,29.92,0.15,PayPal,Shipped
13936,1505,162,13,49,2025-08-19,1,532.97,0.15,Credit Card,Pending
13937,944,1,13,46,2025-09-12,3,31.01,0.15,Gift Card,Completed
13938,20,233,15,15,2023-03-13,5,400.32,0.0,Credit Card,Completed
13939,129,87,13,13,2023-01-06,6,321.84,0.0,PayPal,Cancelled
13940,934,32,8,24,2024-05-16,2,162.12,0.0,Credit Card,Completed
13941,1018,262,3,43,2025-03-12,5,392.06,0.0,PayPal,Shipped
13942,386,138,10,29,2025-03-15,2,102.03,0.1,PayPal,Completed
13943,915,108,4,35,2024-03-21,4,603.53,0.0,Debit Card,Returned
13944,1546,148,2,37,2024-05-28,1,293.31,0.0,Gift Card,Completed
13945,769,204,10,29,2025-01-09,6,39.71,0.05,Credit Card,Cancelled
13946,1322,300,13,13,2023-11-15,1,306.79,0.2,Debit Card,Completed
13947,1872,171,1,36,2024-10-21,5,293.86,0.05,Cash,Returned
13948,1376,90,1,36,2024-08-09,3,483.64,0.15,Gift Card,Returned
13949,1026,238,3,31,2025-06-24,2,196.9,0.0,Gift Card,Returned
13950,1019,168,7,2,2024-12-18,5,303.92,0.0,Cash,Completed
13951,1057,156,8,24,2023-10-30,5,64.7,0.1,Debit Card,Completed
13952,1109,296,11,33,2025-02-04,4,81.85,0.0,Debit Card,Completed
13953,1837,71,7,2,2024-07-12,5,251.36,0.0,Cash,Completed
13954,474,212,2,37,2024-04-07,2,26.85,0.2,Gift Card,Pending
13955,394,107,9,38,2024-02-12,3,247.26,0.0,Credit Card,Pending
13956,434,281,5,1,2023-03-14,1,125.56,0.0,Debit Card,Shipped
13957,277,38,7,40,2023-09-11,3,142.98,0.1,Credit Card,Pending
13958,1247,222,9,25,2025-07-12,6,412.69,0.15,Gift Card,Pending
13959,393,205,4,34,2023-10-28,3,370.78,0.15,Gift Card,Completed
13960,1418,2,7,2,2025-05-28,3,35.98,0.0,Gift Card,Completed
13961,269,9,4,26,2025-03-04,2,307.63,0.15,PayPal,Pending
13962,524,91,15,32,2023-02-14,6,406.77,0.05,PayPal,Returned
13963,1947,296,6,9,2023-02-12,1,81.85,0.1,Credit Card,Completed
13964,593,108,10,6,2024-06-02,6,603.53,0.05,Gift Card,Returned
13965,369,260,7,40,2025-08-15,2,172.37,0.15,Cash,Shipped
13966,92,149,14,47,2024-06-08,5,431.72,0.0,Gift Card,Completed
13967,1700,86,4,34,2023-10-01,5,302.91,0.1,Credit Card,Completed
13968,620,245,5,23,2024-06-02,6,328.64,0.0,PayPal,Completed
13969,338,36,9,38,2023-11-29,5,480.04,0.15,Credit Card,Completed
13970,45,23,4,34,2024-10-14,4,298.77,0.15,Debit Card,Shipped
13971,291,270,14,8,2024-06-03,6,17.58,0.0,Debit Card,Completed
13972,1724,86,2,45,2023-08-02,6,302.91,0.0,Credit Card,Shipped
13973,446,42,1,36,2024-03-30,6,483.01,0.0,PayPal,Returned
13974,1101,240,12,10,2024-04-20,6,196.7,0.15,Cash,Completed
13975,1888,72,4,35,2023-04-25,2,301.36,0.0,PayPal,Pending
13976,1495,221,10,21,2023-12-12,4,183.32,0.0,Debit Card,Completed
13977,1169,80,7,40,2024-04-27,6,249.35,0.1,PayPal,Completed
13978,239,281,3,43,2023-01-15,6,125.56,0.05,Credit Card,Shipped
13979,1433,88,1,22,2023-04-20,5,291.53,0.0,Cash,Completed
13980,560,262,13,49,2025-07-20,2,392.06,0.0,Gift Card,Cancelled
13981,600,247,15,15,2023-02-12,5,58.54,0.0,Gift Card,Pending
13982,872,65,12,17,2023-07-01,3,543.26,0.0,PayPal,Completed
13983,1622,38,11,7,2025-08-31,4,142.98,0.0,Cash,Cancelled
13984,1003,300,6,14,2025-05-11,4,306.79,0.0,Cash,Completed
13985,216,38,6,14,2023-10-27,6,142.98,0.2,Credit Card,Returned
13986,1008,232,11,33,2023-03-25,2,316.8,0.1,PayPal,Completed
13987,479,106,6,9,2025-03-28,3,127.35,0.05,Gift Card,Completed
13988,235,188,2,45,2023-03-21,1,448.74,0.15,PayPal,Completed
13989,662,238,15,5,2024-05-23,1,196.9,0.15,PayPal,Completed
13990,107,36,11,12,2024-01-07,5,480.04,0.0,Credit Card,Pending
13991,212,248,13,30,2024-08-23,2,230.55,0.0,Debit Card,Shipped
13992,1468,190,12,10,2025-08-10,1,292.3,0.0,Gift Card,Completed
13993,847,67,14,47,2023-04-28,1,138.29,0.2,Debit Card,Completed
13994,186,260,14,47,2024-04-03,4,172.37,0.2,Gift Card,Completed
13995,1401,191,14,47,2023-06-20,4,519.67,0.0,Debit Card,Shipped
13996,1478,231,12,11,2024-07-10,5,52.2,0.0,Cash,Completed
13997,510,279,7,40,2024-08-20,3,281.48,0.0,Gift Card,Pending
13998,497,90,14,8,2025-01-03,2,483.64,0.0,Debit Card,Completed
13999,1385,139,8,19,2025-11-25,3,334.0,0.05,Gift Card,Shipped
14000,776,129,10,6,2023-09-19,4,267.03,0.15,PayPal,Completed
14001,1326,131,15,27,2024-04-03,5,582.03,0.15,Credit Card,Completed
14002,1448,276,4,26,2023-09-30,3,394.14,0.0,Debit Card,Shipped
14003,873,168,6,9,2024-01-08,2,303.92,0.1,PayPal,Shipped
14004,916,91,13,30,2024-05-24,5,406.77,0.1,Gift Card,Returned
14005,525,134,13,30,2025-03-27,1,170.45,0.0,Credit Card,Shipped
14006,1861,260,5,23,2025-05-01,3,172.37,0.05,PayPal,Completed
14007,1725,244,9,25,2023-03-08,2,328.77,0.05,PayPal,Shipped
14008,1441,168,1,22,2023-03-12,6,303.92,0.15,Debit Card,Returned
14009,1563,62,2,45,2023-05-30,4,539.25,0.0,Gift Card,Completed
14010,459,5,12,10,2025-09-02,2,136.89,0.0,Debit Card,Completed
14011,891,131,6,9,2023-10-15,6,582.03,0.0,Debit Card,Pending
14012,1051,166,7,2,2025-05-16,4,172.27,0.1,PayPal,Pending
14013,1026,106,5,48,2025-04-27,2,127.35,0.0,Credit Card,Completed
14014,1763,262,6,9,2025-03-19,5,392.06,0.15,Cash,Completed
14015,1239,201,10,29,2025-05-05,2,307.14,0.15,Credit Card,Completed
14016,1399,166,8,19,2023-07-18,3,172.27,0.05,Cash,Returned
14017,708,148,4,34,2025-07-07,4,293.31,0.15,Credit Card,Shipped
14018,1306,36,11,7,2025-06-12,2,480.04,0.2,PayPal,Completed
14019,405,131,3,43,2025-02-01,6,582.03,0.0,Cash,Completed
14020,235,43,14,8,2024-12-20,1,121.68,0.0,PayPal,Completed
14021,1607,192,14,8,2023-08-15,1,29.92,0.2,Credit Card,Pending
14022,1774,243,3,20,2025-12-17,3,523.63,0.0,PayPal,Completed
14023,701,84,8,39,2025-05-20,1,38.26,0.0,Credit Card,Completed
14024,1073,11,4,35,2023-04-10,6,289.37,0.0,PayPal,Completed
14025,645,289,8,24,2025-12-04,6,246.14,0.0,Debit Card,Completed
14026,1070,76,1,22,2024-12-04,5,46.89,0.05,Cash,Shipped
14027,229,258,7,40,2025-01-04,4,270.37,0.05,PayPal,Completed
14028,1997,151,3,20,2024-04-13,1,61.55,0.2,Gift Card,Shipped
14029,295,75,1,41,2024-11-26,5,363.98,0.0,Credit Card,Cancelled
14030,334,53,3,20,2025-04-29,6,459.8,0.0,Credit Card,Completed
14031,1776,232,7,40,2024-11-09,3,316.8,0.0,Cash,Pending
14032,1280,170,7,2,2024-03-04,6,260.29,0.0,Debit Card,Pending
14033,1790,43,4,34,2024-07-16,4,121.68,0.0,PayPal,Completed
14034,1392,9,10,6,2024-04-24,5,307.63,0.2,PayPal,Completed
14035,818,269,11,7,2023-09-10,3,260.22,0.0,PayPal,Shipped
14036,1782,107,2,45,2025-11-15,1,247.26,0.0,PayPal,Completed
14037,1342,233,15,16,2025-01-25,5,400.32,0.05,Debit Card,Cancelled
14038,455,146,8,24,2025-04-12,4,309.25,0.15,Debit Card,Completed
14039,787,250,3,31,2024-05-30,3,120.54,0.0,Cash,Pending
14040,1009,54,12,10,2023-05-21,6,43.29,0.15,Credit Card,Completed
14041,1234,47,4,34,2024-10-29,6,126.89,0.0,PayPal,Completed
14042,681,263,2,3,2023-03-18,5,47.7,0.05,Credit Card,Shipped
14043,145,102,2,45,2024-09-08,3,455.19,0.05,Debit Card,Completed
14044,196,116,2,45,2025-06-17,4,365.71,0.0,Debit Card,Completed
14045,1806,141,2,28,2023-02-11,3,236.86,0.05,Gift Card,Shipped
14046,1357,104,14,47,2024-02-28,2,61.42,0.15,PayPal,Shipped
14047,1358,173,10,21,2024-02-18,4,159.58,0.2,Credit Card,Completed
14048,1509,33,1,36,2024-09-08,6,422.83,0.0,PayPal,Completed
14049,803,109,7,40,2025-01-15,6,33.31,0.2,Credit Card,Completed
14050,1399,215,14,47,2023-10-11,2,108.22,0.0,Gift Card,Completed
14051,291,1,5,1,2025-10-13,3,31.01,0.2,PayPal,Shipped
14052,962,166,5,1,2025-07-08,5,172.27,0.0,Debit Card,Returned
14053,610,170,12,10,2025-01-13,6,260.29,0.05,PayPal,Cancelled
14054,200,271,15,16,2025-08-30,6,316.69,0.1,Gift Card,Cancelled
14055,1947,63,11,33,2024-01-30,5,63.8,0.0,Credit Card,Completed
14056,942,146,8,39,2025-10-24,1,309.25,0.0,PayPal,Completed
14057,1634,188,14,8,2024-12-14,5,448.74,0.15,Debit Card,Completed
14058,1949,179,3,31,2023-09-14,2,63.58,0.2,Cash,Completed
14059,863,112,1,41,2023-05-22,3,347.45,0.05,Cash,Cancelled
14060,1755,114,15,44,2025-03-31,4,356.17,0.0,Credit Card,Completed
14061,120,95,8,24,2023-08-04,4,435.89,0.0,Credit Card,Returned
14062,28,269,15,27,2025-11-08,2,260.22,0.1,PayPal,Cancelled
14063,1881,257,5,1,2025-01-05,3,29.22,0.1,PayPal,Pending
14064,635,250,2,45,2023-07-13,1,120.54,0.05,Debit Card,Completed
14065,585,40,6,9,2025-07-24,5,408.98,0.0,Credit Card,Cancelled
14066,1239,134,5,1,2023-05-31,3,170.45,0.0,Gift Card,Completed
14067,492,70,8,39,2024-07-17,3,42.41,0.2,Debit Card,Shipped
14068,1789,5,9,38,2024-10-23,5,136.89,0.05,Credit Card,Returned
14069,1151,145,7,2,2025-05-25,4,328.64,0.0,PayPal,Completed
14070,1424,203,5,23,2023-06-27,1,511.82,0.2,Credit Card,Returned
14071,830,66,6,9,2023-05-04,4,330.95,0.1,Credit Card,Cancelled
14072,1748,153,3,43,2025-06-10,5,238.04,0.0,Debit Card,Pending
14073,1687,16,13,46,2024-12-26,5,561.32,0.0,Debit Card,Pending
14074,356,126,2,28,2025-04-30,6,333.86,0.0,Credit Card,Completed
14075,232,16,15,44,2023-05-25,2,561.32,0.2,PayPal,Completed
14076,189,206,8,24,2025-07-15,5,367.62,0.1,Debit Card,Returned
14077,238,91,12,17,2023-05-10,5,406.77,0.1,Credit Card,Completed
14078,1183,123,2,45,2025-05-20,4,203.09,0.1,Debit Card,Completed
14079,687,194,1,36,2024-04-21,6,35.78,0.15,PayPal,Pending
14080,724,73,12,10,2025-03-04,5,68.44,0.15,Gift Card,Pending
14081,916,295,1,22,2024-02-02,1,647.12,0.15,Gift Card,Shipped
14082,320,29,12,17,2025-07-25,1,197.73,0.05,Cash,Shipped
14083,1464,227,7,2,2025-12-11,5,225.3,0.0,Cash,Returned
14084,749,151,7,2,2025-10-15,5,61.55,0.15,PayPal,Completed
14085,1238,110,4,26,2023-06-05,6,570.1,0.1,Credit Card,Completed
14086,462,219,5,48,2025-04-01,3,243.18,0.0,Credit Card,Shipped
14087,960,13,1,50,2023-05-21,6,127.76,0.15,PayPal,Returned
14088,1508,138,7,40,2024-12-07,3,102.03,0.05,Debit Card,Pending
14089,136,56,4,35,2025-07-22,4,176.55,0.2,Cash,Shipped
14090,1649,296,11,33,2025-08-28,6,81.85,0.05,Cash,Completed
14091,305,21,3,43,2023-07-03,5,407.45,0.0,Debit Card,Returned
14092,14,225,8,19,2024-01-16,1,131.27,0.05,Gift Card,Cancelled
14093,305,168,14,47,2024-11-19,1,303.92,0.0,PayPal,Shipped
14094,354,110,4,26,2024-04-11,2,570.1,0.0,Gift Card,Completed
14095,1586,71,13,49,2025-12-06,6,251.36,0.0,Debit Card,Shipped
14096,1338,145,5,48,2024-10-23,3,328.64,0.0,Gift Card,Completed
14097,1067,202,11,12,2023-07-18,6,211.09,0.2,Gift Card,Completed
14098,1355,37,15,44,2024-04-20,6,91.98,0.05,Cash,Returned
14099,433,207,2,3,2023-01-05,1,245.28,0.0,Cash,Completed
14100,1503,151,5,48,2023-08-30,3,61.55,0.0,PayPal,Shipped
14101,1542,227,2,37,2024-07-06,3,225.3,0.0,Gift Card,Pending
14102,1842,277,13,49,2024-06-26,5,320.72,0.0,Credit Card,Pending
14103,1754,17,9,38,2025-10-06,3,307.03,0.05,Gift Card,Completed
14104,411,4,13,13,2024-07-02,3,355.19,0.1,PayPal,Completed
14105,771,5,15,18,2024-11-20,5,136.89,0.0,Debit Card,Returned
14106,817,109,12,11,2024-02-08,3,33.31,0.05,PayPal,Completed
14107,631,185,4,34,2023-10-27,2,357.71,0.0,Cash,Returned
14108,722,298,5,23,2025-07-20,6,202.95,0.1,PayPal,Shipped
14109,488,193,14,47,2025-08-26,2,248.63,0.1,Gift Card,Completed
14110,983,199,9,38,2023-10-26,3,314.59,0.0,PayPal,Completed
14111,944,235,3,31,2024-03-27,3,265.0,0.0,PayPal,Completed
14112,760,141,5,23,2023-10-10,3,236.86,0.05,Credit Card,Completed
14113,1339,243,5,1,2024-07-22,5,523.63,0.05,Debit Card,Pending
14114,839,193,12,11,2023-07-07,4,248.63,0.1,Debit Card,Completed
14115,1073,247,10,29,2025-01-29,3,58.54,0.05,PayPal,Completed
14116,623,49,12,10,2025-03-28,3,148.66,0.15,Credit Card,Completed
14117,214,145,15,32,2025-12-28,3,328.64,0.0,Credit Card,Completed
14118,1800,278,9,38,2024-05-23,1,98.31,0.15,Credit Card,Completed
14119,1885,140,10,4,2025-05-12,6,257.08,0.0,Gift Card,Returned
14120,626,234,12,11,2023-08-28,4,314.58,0.1,Credit Card,Returned
14121,701,21,8,19,2023-05-12,5,407.45,0.1,Debit Card,Completed
14122,693,298,4,26,2025-07-04,2,202.95,0.05,PayPal,Returned
14123,1615,177,8,39,2024-11-30,4,467.22,0.05,Credit Card,Completed
14124,1233,81,12,17,2025-07-06,2,379.78,0.0,PayPal,Shipped
14125,1943,150,11,7,2023-12-12,3,157.31,0.0,Debit Card,Returned
14126,1411,145,11,33,2024-03-30,3,328.64,0.0,Gift Card,Pending
14127,1829,206,13,42,2024-04-06,5,367.62,0.15,PayPal,Completed
14128,217,110,11,33,2023-02-28,2,570.1,0.0,Cash,Cancelled
14129,545,195,15,18,2024-11-08,2,165.25,0.15,Cash,Completed
14130,1096,89,9,25,2023-02-09,6,248.83,0.0,Debit Card,Pending
14131,1771,136,14,47,2023-02-10,1,266.29,0.15,Cash,Cancelled
14132,717,83,15,15,2025-09-23,6,347.94,0.1,PayPal,Completed
14133,742,20,14,47,2024-04-13,2,170.95,0.0,Gift Card,Shipped
14134,887,125,6,9,2023-02-11,5,152.14,0.15,PayPal,Completed
14135,976,260,4,35,2024-09-30,2,172.37,0.0,Debit Card,Completed
14136,1805,69,6,14,2023-10-28,1,444.45,0.0,PayPal,Completed
14137,1922,289,3,43,2024-04-05,5,246.14,0.05,Debit Card,Completed
14138,1709,290,5,1,2025-06-04,2,30.66,0.15,Debit Card,Completed
14139,1716,196,13,13,2024-03-19,1,222.19,0.2,Debit Card,Shipped
14140,746,148,14,8,2023-08-24,1,293.31,0.0,PayPal,Completed
14141,1933,233,5,48,2023-01-03,1,400.32,0.2,PayPal,Returned
14142,1280,31,3,20,2024-08-25,4,179.93,0.1,Debit Card,Cancelled
14143,1237,278,10,29,2023-01-18,5,98.31,0.0,Cash,Shipped
14144,1532,36,7,2,2023-06-22,2,480.04,0.0,Credit Card,Returned
14145,1469,185,3,20,2024-06-27,2,357.71,0.0,Cash,Shipped
14146,550,39,5,1,2024-02-11,1,340.31,0.0,Credit Card,Returned
14147,1741,110,10,4,2023-06-11,5,570.1,0.0,Cash,Cancelled
14148,1773,20,2,3,2024-01-29,3,170.95,0.1,Credit Card,Cancelled
14149,1454,73,10,4,2023-06-02,6,68.44,0.1,Credit Card,Completed
14150,1040,251,7,2,2025-03-12,5,355.21,0.0,Debit Card,Completed
14151,338,200,5,23,2025-12-07,2,214.09,0.15,Cash,Completed
14152,1289,95,10,21,2024-04-23,4,435.89,0.05,Debit Card,Completed
14153,549,47,14,47,2024-04-15,3,126.89,0.05,Debit Card,Cancelled
14154,448,161,1,41,2023-10-08,4,322.86,0.0,Cash,Completed
14155,1127,211,13,49,2023-06-27,5,199.85,0.0,Cash,Shipped
14156,1342,208,3,20,2025-01-26,4,146.45,0.05,PayPal,Pending
14157,983,148,2,37,2024-07-13,4,293.31,0.0,Gift Card,Completed
14158,701,239,7,2,2023-09-15,1,337.62,0.1,Cash,Shipped
14159,534,3,13,49,2024-08-01,5,507.54,0.15,Debit Card,Completed
14160,1984,202,7,2,2023-08-02,1,211.09,0.0,Gift Card,Completed
14161,507,13,7,2,2024-01-23,6,127.76,0.0,Cash,Completed
14162,45,277,5,1,2024-01-11,5,320.72,0.0,Gift Card,Completed
14163,1113,12,4,26,2025-12-05,5,582.22,0.0,Cash,Cancelled
14164,1241,251,13,13,2023-07-20,4,355.21,0.2,Debit Card,Pending
14165,1988,174,10,21,2023-06-26,4,62.11,0.05,Debit Card,Returned
14166,1188,136,11,7,2025-07-03,6,266.29,0.05,Gift Card,Completed
14167,710,97,10,21,2023-11-07,3,228.27,0.05,PayPal,Completed
14168,774,283,4,35,2023-02-21,5,84.31,0.0,Cash,Cancelled
14169,1906,279,10,4,2025-03-08,5,281.48,0.1,Debit Card,Completed
14170,659,197,7,40,2023-08-07,3,82.36,0.2,Credit Card,Completed
14171,478,123,13,42,2024-08-03,1,203.09,0.1,PayPal,Returned
14172,505,283,4,35,2024-03-12,5,84.31,0.15,Cash,Completed
14173,1372,173,1,41,2025-01-02,1,159.58,0.15,Debit Card,Completed
14174,398,16,14,8,2023-10-31,4,561.32,0.0,PayPal,Shipped
14175,663,228,7,40,2023-06-02,2,247.35,0.15,Cash,Returned
14176,1655,61,4,26,2025-01-30,1,172.42,0.0,Cash,Completed
14177,632,111,4,26,2025-01-03,4,123.3,0.0,PayPal,Cancelled
14178,1018,104,13,49,2024-06-15,3,61.42,0.0,Debit Card,Returned
14179,1736,55,3,43,2023-03-26,4,17.81,0.15,Credit Card,Completed
14180,568,190,8,19,2024-09-06,5,292.3,0.05,Debit Card,Returned
14181,1296,159,7,40,2025-07-30,4,323.53,0.2,Cash,Pending
14182,781,253,8,24,2023-10-11,6,101.3,0.05,PayPal,Returned
14183,124,137,14,8,2024-03-03,2,47.19,0.2,Cash,Pending
14184,418,241,10,29,2023-07-22,3,108.19,0.0,PayPal,Completed
14185,405,36,11,7,2025-09-23,4,480.04,0.1,Cash,Shipped
14186,514,205,5,23,2023-06-12,2,370.78,0.05,Gift Card,Completed
14187,624,219,6,14,2023-08-28,3,243.18,0.15,Cash,Completed
14188,1306,215,14,47,2023-01-22,6,108.22,0.0,Cash,Cancelled
14189,1036,61,2,37,2025-01-16,3,172.42,0.1,Credit Card,Returned
14190,1511,209,1,36,2025-06-17,4,193.95,0.15,PayPal,Returned
14191,1102,295,3,31,2024-12-23,6,647.12,0.15,Debit Card,Cancelled
14192,1300,79,3,43,2025-12-16,2,143.89,0.05,Debit Card,Completed
14193,1992,214,5,1,2024-02-10,5,264.25,0.0,Cash,Returned
14194,1946,49,10,6,2025-02-24,2,148.66,0.05,Gift Card,Completed
14195,1232,163,12,11,2024-02-19,6,270.34,0.0,Credit Card,Completed
14196,365,154,6,14,2023-03-10,4,214.32,0.2,Credit Card,Completed
14197,1005,213,13,13,2025-05-21,3,64.0,0.2,Cash,Shipped
14198,380,73,1,41,2025-12-02,6,68.44,0.0,Gift Card,Cancelled
14199,563,118,5,23,2023-05-25,2,145.14,0.1,Credit Card,Completed
14200,450,158,6,9,2024-07-03,5,324.07,0.2,PayPal,Completed
14201,1402,131,5,1,2025-08-24,2,582.03,0.0,Gift Card,Completed
14202,148,238,1,22,2023-06-15,2,196.9,0.0,PayPal,Shipped
14203,1904,260,11,12,2025-05-28,1,172.37,0.0,PayPal,Completed
14204,1161,186,7,40,2023-04-03,3,39.01,0.0,Cash,Completed
14205,1597,33,10,21,2023-05-03,6,422.83,0.15,Cash,Completed
14206,260,170,6,14,2025-02-06,2,260.29,0.1,Gift Card,Completed
14207,1476,43,3,31,2025-02-07,3,121.68,0.1,PayPal,Pending
14208,1257,222,11,12,2024-02-17,6,412.69,0.1,Gift Card,Completed
14209,876,68,8,24,2025-09-06,1,15.0,0.0,Gift Card,Completed
14210,769,244,12,10,2023-11-13,2,328.77,0.0,Cash,Completed
14211,1627,77,6,9,2024-05-04,3,442.92,0.0,Gift Card,Completed
14212,69,285,4,26,2023-12-23,2,313.87,0.1,PayPal,Cancelled
14213,21,241,2,28,2024-10-12,1,108.19,0.15,Credit Card,Shipped
14214,409,46,12,11,2023-07-22,5,393.27,0.05,Credit Card,Completed
14215,1841,238,12,11,2023-08-08,3,196.9,0.1,Gift Card,Completed
14216,1859,294,7,2,2023-02-19,6,345.43,0.0,Debit Card,Completed
14217,415,280,4,34,2024-12-01,6,59.78,0.0,PayPal,Completed
14218,1591,48,15,5,2024-01-02,5,397.65,0.2,Debit Card,Completed
14219,1692,115,5,23,2025-11-11,5,295.79,0.05,Gift Card,Completed
14220,472,254,14,8,2025-12-05,6,307.61,0.15,Gift Card,Completed
14221,840,70,2,3,2023-06-22,1,42.41,0.0,Gift Card,Cancelled
14222,1535,106,8,24,2023-03-23,3,127.35,0.2,PayPal,Cancelled
14223,134,44,12,17,2024-07-17,4,317.68,0.0,Cash,Returned
14224,1829,294,2,3,2023-05-20,4,345.43,0.05,Credit Card,Pending
14225,1900,1,13,42,2024-05-26,4,31.01,0.0,Gift Card,Completed
14226,580,226,15,15,2023-01-28,2,522.95,0.05,PayPal,Returned
14227,419,35,2,3,2024-06-12,5,53.95,0.0,PayPal,Returned
14228,1901,211,7,40,2025-08-16,1,199.85,0.0,Debit Card,Shipped
14229,1452,275,3,31,2024-03-02,4,255.49,0.15,Credit Card,Completed
14230,417,300,14,47,2023-11-21,6,306.79,0.1,Credit Card,Completed
14231,1051,246,6,14,2025-04-09,5,594.34,0.0,Debit Card,Completed
14232,436,76,4,35,2025-02-08,2,46.89,0.0,Cash,Returned
14233,1787,250,15,32,2024-03-19,2,120.54,0.0,Cash,Completed
14234,729,216,2,3,2024-02-08,3,91.49,0.0,Cash,Pending
14235,1560,198,9,38,2023-07-02,6,125.5,0.0,Debit Card,Completed
14236,1100,165,12,10,2025-06-20,5,216.64,0.1,PayPal,Completed
14237,1496,151,9,25,2024-08-16,5,61.55,0.1,Gift Card,Completed
14238,1464,43,15,16,2024-10-06,4,121.68,0.05,Gift Card,Pending
14239,549,152,11,12,2023-08-22,4,290.47,0.0,PayPal,Cancelled
14240,1375,23,8,39,2024-06-16,4,298.77,0.0,Credit Card,Pending
14241,635,280,13,30,2024-01-24,3,59.78,0.2,Cash,Shipped
14242,190,178,3,20,2024-03-06,3,41.87,0.05,Debit Card,Completed
14243,840,272,2,3,2023-10-29,2,596.66,0.0,Cash,Pending
14244,608,147,13,49,2024-06-19,2,433.97,0.0,Debit Card,Cancelled
14245,1679,171,11,12,2024-03-31,3,293.86,0.0,Cash,Completed
14246,1242,205,15,27,2024-02-22,1,370.78,0.0,Gift Card,Cancelled
14247,1868,13,11,7,2024-01-30,4,127.76,0.1,Gift Card,Pending
14248,1594,147,3,43,2025-04-26,4,433.97,0.0,PayPal,Cancelled
14249,1840,79,1,41,2024-06-09,3,143.89,0.0,Debit Card,Returned
14250,978,127,9,25,2025-12-03,3,90.5,0.1,Credit Card,Cancelled
14251,308,183,13,30,2024-09-27,6,70.12,0.15,PayPal,Shipped
14252,1475,29,8,39,2025-03-10,2,197.73,0.15,Gift Card,Shipped
14253,388,295,11,33,2025-11-27,1,647.12,0.1,PayPal,Completed
14254,756,266,1,22,2023-12-28,4,140.34,0.2,Credit Card,Completed
14255,1574,106,14,47,2025-03-31,3,127.35,0.15,Debit Card,Completed
14256,1747,148,6,9,2025-02-24,6,293.31,0.1,PayPal,Completed
14257,1027,222,6,9,2025-05-01,3,412.69,0.0,Gift Card,Completed
14258,704,132,4,34,2025-07-18,4,127.63,0.2,Debit Card,Completed
14259,1763,16,9,25,2024-06-11,3,561.32,0.05,Cash,Returned
14260,181,48,4,26,2023-06-14,2,397.65,0.1,PayPal,Completed
14261,1333,72,6,9,2023-03-27,5,301.36,0.0,Credit Card,Completed
14262,1737,182,4,26,2024-03-09,5,543.63,0.05,Credit Card,Cancelled
14263,1678,144,9,25,2025-01-29,1,296.96,0.0,Credit Card,Completed
14264,181,220,2,37,2025-07-26,5,357.02,0.0,Cash,Cancelled
14265,1520,8,15,16,2025-08-15,5,143.64,0.15,Cash,Completed
14266,1990,112,10,29,2025-10-03,5,347.45,0.0,Debit Card,Completed
14267,1745,5,2,3,2024-04-18,6,136.89,0.1,Debit Card,Returned
14268,1305,60,13,46,2023-03-05,3,307.03,0.2,Cash,Completed
14269,1970,224,2,45,2025-09-25,3,190.7,0.15,Debit Card,Cancelled
14270,1308,109,7,2,2023-10-26,2,33.31,0.2,Credit Card,Pending
14271,881,220,9,38,2023-11-27,6,357.02,0.05,Cash,Completed
14272,415,144,2,28,2025-08-28,4,296.96,0.15,Debit Card,Completed
14273,710,11,4,35,2025-04-27,3,289.37,0.0,PayPal,Completed
14274,1612,104,11,12,2023-08-27,4,61.42,0.1,Debit Card,Pending
14275,499,121,6,9,2023-06-16,4,13.34,0.1,PayPal,Completed
14276,1861,161,4,34,2025-09-13,6,322.86,0.1,Debit Card,Completed
14277,978,117,2,3,2024-12-22,2,77.12,0.1,Cash,Completed
14278,429,170,2,45,2025-10-20,5,260.29,0.0,Debit Card,Completed
14279,1510,7,8,39,2025-06-14,5,279.59,0.15,Debit Card,Completed
14280,1564,235,11,33,2025-10-21,4,265.0,0.0,Gift Card,Pending
14281,493,184,14,8,2023-07-31,6,304.08,0.15,Gift Card,Cancelled
14282,1610,149,14,47,2025-04-04,4,431.72,0.0,Credit Card,Returned
14283,1786,11,2,45,2025-02-28,2,289.37,0.0,Gift Card,Completed
14284,1656,220,1,41,2023-06-29,6,357.02,0.0,Debit Card,Completed
14285,1923,159,2,45,2025-12-02,6,323.53,0.05,PayPal,Cancelled
14286,1563,13,5,48,2024-10-13,1,127.76,0.0,Credit Card,Completed
14287,655,84,4,26,2024-10-04,1,38.26,0.0,Cash,Shipped
14288,14,123,13,42,2024-02-06,5,203.09,0.1,PayPal,Cancelled
14289,577,268,3,31,2024-11-15,1,252.86,0.0,Cash,Completed
14290,1112,169,15,5,2025-10-05,1,446.78,0.0,Credit Card,Pending
14291,1642,42,11,33,2023-09-04,2,483.01,0.0,Credit Card,Completed
14292,957,231,9,25,2023-09-27,2,52.2,0.0,Credit Card,Completed
14293,1470,166,14,8,2025-06-23,2,172.27,0.2,Cash,Completed
14294,1707,164,7,40,2025-09-30,3,117.71,0.15,Credit Card,Completed
14295,94,28,5,48,2024-07-28,1,360.14,0.15,Gift Card,Shipped
14296,127,53,12,11,2023-01-11,5,459.8,0.0,Gift Card,Completed
14297,1774,124,13,13,2025-01-02,1,311.92,0.1,Debit Card,Cancelled
14298,962,186,8,39,2023-05-08,3,39.01,0.0,Cash,Completed
14299,877,255,9,38,2023-11-21,6,118.85,0.05,Credit Card,Completed
14300,290,19,14,8,2025-03-06,3,332.56,0.0,PayPal,Completed
14301,639,67,8,19,2025-01-10,6,138.29,0.15,Debit Card,Returned
14302,321,233,9,38,2025-07-27,6,400.32,0.0,Gift Card,Pending
14303,731,199,15,16,2025-06-08,6,314.59,0.1,Cash,Completed
14304,1584,230,7,2,2023-01-15,3,49.56,0.1,Cash,Cancelled
14305,751,50,4,35,2023-07-01,6,564.26,0.2,PayPal,Cancelled
14306,230,213,8,39,2023-09-25,4,64.0,0.0,Credit Card,Completed
14307,1401,184,5,1,2024-07-21,3,304.08,0.0,Cash,Completed
14308,820,253,10,29,2023-10-03,4,101.3,0.0,Gift Card,Completed
14309,1275,293,14,8,2025-09-07,1,54.25,0.0,Cash,Completed
14310,1764,43,14,47,2025-06-10,6,121.68,0.0,Debit Card,Pending
14311,536,284,2,3,2023-02-16,2,413.62,0.0,Credit Card,Completed
14312,1706,192,9,38,2023-12-10,5,29.92,0.0,Cash,Shipped
14313,1667,240,6,9,2024-12-15,5,196.7,0.0,Gift Card,Pending
14314,1147,163,4,26,2023-07-15,1,270.34,0.15,PayPal,Pending
14315,1999,131,9,25,2024-01-23,1,582.03,0.0,Cash,Cancelled
14316,751,192,10,21,2023-03-17,1,29.92,0.05,Debit Card,Completed
14317,1556,128,6,14,2025-12-24,6,257.64,0.0,Credit Card,Pending
14318,91,112,12,10,2025-07-12,4,347.45,0.0,Gift Card,Returned
14319,501,229,11,7,2025-05-21,2,321.97,0.0,Debit Card,Pending
14320,960,144,8,39,2024-01-04,5,296.96,0.0,Gift Card,Completed
14321,1996,218,7,2,2025-04-10,4,95.1,0.1,PayPal,Completed
14322,1112,279,9,25,2024-09-19,3,281.48,0.0,Cash,Cancelled
14323,1944,137,4,34,2023-01-20,1,47.19,0.2,Gift Card,Pending
14324,739,288,11,33,2024-03-10,3,367.22,0.0,Gift Card,Completed
14325,443,133,11,33,2023-08-25,2,321.54,0.0,Gift Card,Pending
14326,1707,44,10,21,2025-11-30,6,317.68,0.0,Cash,Cancelled
14327,186,180,2,37,2025-03-24,5,177.87,0.0,Cash,Completed
14328,467,275,3,31,2024-08-14,3,255.49,0.1,PayPal,Cancelled
14329,869,282,13,49,2025-03-30,2,461.23,0.0,Debit Card,Completed
14330,355,81,8,39,2023-06-01,5,379.78,0.0,Debit Card,Completed
14331,1555,103,3,20,2025-10-02,1,220.08,0.0,PayPal,Completed
14332,1874,149,8,24,2025-11-22,1,431.72,0.05,Credit Card,Completed
14333,299,237,10,4,2024-03-24,5,159.44,0.1,Cash,Cancelled
14334,1502,183,12,17,2024-07-04,1,70.12,0.0,Credit Card,Completed
14335,1345,54,2,45,2025-04-27,5,43.29,0.15,Gift Card,Pending
14336,1871,127,14,47,2025-08-29,2,90.5,0.1,PayPal,Completed
14337,586,164,5,48,2025-06-10,5,117.71,0.1,Gift Card,Shipped
14338,1498,171,11,33,2024-06-29,2,293.86,0.1,Credit Card,Completed
14339,50,130,9,38,2024-02-01,2,293.35,0.0,PayPal,Cancelled
14340,810,259,3,43,2024-06-10,5,395.59,0.0,Cash,Cancelled
14341,728,45,11,7,2024-11-06,1,107.36,0.2,Debit Card,Completed
14342,1295,76,3,31,2024-01-06,3,46.89,0.0,Cash,Completed
14343,360,272,2,45,2024-02-14,6,596.66,0.0,Gift Card,Cancelled
14344,376,152,9,38,2025-12-30,1,290.47,0.0,Gift Card,Completed
14345,1011,39,12,10,2024-09-06,5,340.31,0.0,Credit Card,Pending
14346,438,277,6,9,2023-01-25,3,320.72,0.05,Gift Card,Completed
14347,666,167,3,31,2024-10-09,5,87.74,0.0,PayPal,Completed
14348,495,224,9,25,2024-11-18,1,190.7,0.0,Cash,Shipped
14349,1448,246,15,27,2025-01-04,3,594.34,0.0,Cash,Completed
14350,1576,273,7,2,2023-03-27,6,265.88,0.2,PayPal,Pending
14351,635,223,8,19,2025-11-09,3,162.74,0.2,Cash,Completed
14352,589,226,13,46,2024-01-16,4,522.95,0.1,PayPal,Completed
14353,1828,93,14,8,2023-04-01,1,380.69,0.0,Credit Card,Pending
14354,1987,246,3,43,2025-07-12,5,594.34,0.2,Gift Card,Cancelled
14355,1662,90,2,3,2025-05-24,3,483.64,0.05,Credit Card,Completed
14356,337,66,5,48,2025-10-18,5,330.95,0.1,Debit Card,Completed
14357,1819,247,12,10,2025-08-02,5,58.54,0.0,Credit Card,Shipped
14358,702,208,4,35,2023-05-02,6,146.45,0.1,Gift Card,Returned
14359,895,95,6,9,2023-09-12,1,435.89,0.1,Credit Card,Pending
14360,189,250,6,14,2023-04-09,6,120.54,0.05,Gift Card,Completed
14361,1356,249,4,34,2025-03-04,2,471.0,0.0,PayPal,Cancelled
14362,1960,97,11,12,2024-07-16,1,228.27,0.0,Gift Card,Completed
14363,635,109,15,27,2024-09-06,6,33.31,0.05,Gift Card,Returned
14364,1549,285,3,43,2025-08-19,1,313.87,0.0,PayPal,Completed
14365,320,216,11,12,2025-02-19,1,91.49,0.2,PayPal,Returned
14366,836,146,12,17,2024-02-11,1,309.25,0.0,Cash,Cancelled
14367,461,112,14,8,2024-02-18,4,347.45,0.05,Debit Card,Cancelled
14368,992,56,8,39,2024-12-03,4,176.55,0.15,PayPal,Completed
14369,932,104,1,50,2023-01-13,3,61.42,0.0,Credit Card,Completed
14370,1866,70,7,40,2025-07-10,4,42.41,0.1,Gift Card,Cancelled
14371,562,216,4,34,2025-03-28,3,91.49,0.0,Cash,Shipped
14372,435,251,4,26,2023-12-10,3,355.21,0.05,PayPal,Shipped
14373,273,4,5,48,2023-10-03,6,355.19,0.2,Credit Card,Returned
14374,1389,271,5,23,2023-07-22,3,316.69,0.0,Debit Card,Completed
14375,1982,182,12,11,2024-06-10,6,543.63,0.0,Gift Card,Completed
14376,1444,17,5,23,2023-03-31,6,307.03,0.0,Debit Card,Returned
14377,1307,121,15,16,2024-01-16,6,13.34,0.1,PayPal,Pending
14378,1350,242,8,39,2024-01-20,5,378.8,0.0,Gift Card,Completed
14379,1161,299,3,43,2025-12-01,6,150.33,0.0,Credit Card,Returned
14380,944,114,6,14,2025-07-26,5,356.17,0.05,Credit Card,Returned
14381,1577,21,13,42,2023-02-12,5,407.45,0.0,Cash,Completed
14382,333,271,7,2,2023-09-16,5,316.69,0.0,Cash,Cancelled
14383,217,204,2,28,2023-05-03,6,154.71,0.05,Gift Card,Completed
14384,1873,189,2,45,2024-07-31,3,399.71,0.15,PayPal,Returned
14385,1356,253,8,24,2023-02-26,5,101.3,0.0,Credit Card,Completed
14386,92,234,12,10,2023-07-13,5,314.58,0.2,Cash,Completed
14387,712,286,4,34,2024-06-10,6,217.06,0.05,PayPal,Pending
14388,876,4,12,10,2025-11-10,3,355.19,0.05,Credit Card,Completed
14389,1377,82,11,12,2023-01-02,1,166.87,0.0,Gift Card,Shipped
14390,944,298,7,2,2023-07-22,6,202.95,0.05,Credit Card,Cancelled
14391,204,208,6,14,2023-09-06,4,146.45,0.1,Credit Card,Shipped
14392,400,244,1,36,2023-03-17,1,328.77,0.0,Credit Card,Completed
14393,1922,208,5,23,2024-07-01,5,146.45,0.0,Credit Card,Completed
14394,697,75,3,31,2024-02-28,4,363.98,0.05,Credit Card,Completed
14395,1987,257,2,45,2025-03-22,3,29.22,0.1,Debit Card,Pending
14396,61,190,2,28,2025-09-17,2,292.3,0.05,PayPal,Completed
14397,1186,216,1,41,2023-09-11,5,91.49,0.0,Gift Card,Completed
14398,864,173,1,41,2024-04-01,5,159.58,0.05,Gift Card,Completed
14399,613,277,5,23,2023-06-11,4,320.72,0.0,Gift Card,Returned
14400,683,111,15,16,2025-12-15,3,123.3,0.15,PayPal,Pending
14401,1140,32,9,25,2023-03-02,3,162.12,0.15,Cash,Returned
14402,1669,95,1,22,2025-10-02,6,435.89,0.0,Gift Card,Pending
14403,1756,297,12,17,2023-04-13,1,334.26,0.15,PayPal,Completed
14404,1466,240,15,44,2025-02-18,1,196.7,0.05,Cash,Cancelled
14405,488,144,14,47,2025-01-04,1,296.96,0.0,Debit Card,Shipped
14406,958,217,12,11,2025-01-01,2,80.74,0.15,Credit Card,Returned
14407,1478,58,8,39,2024-04-09,2,76.76,0.1,Gift Card,Pending
14408,923,213,12,11,2024-01-16,1,64.0,0.2,Gift Card,Shipped
14409,1969,21,15,18,2024-07-22,3,407.45,0.2,PayPal,Completed
14410,1373,138,12,11,2025-03-12,4,102.03,0.0,PayPal,Returned
14411,1771,51,7,40,2025-06-11,6,190.91,0.0,PayPal,Completed
14412,1324,8,8,19,2023-09-06,2,143.64,0.1,Credit Card,Returned
14413,1245,136,4,34,2024-07-03,2,266.29,0.2,Gift Card,Pending
14414,793,267,7,2,2025-06-02,4,139.61,0.15,Debit Card,Completed
14415,647,11,10,29,2024-07-15,5,289.37,0.1,PayPal,Cancelled
14416,787,75,7,40,2024-09-03,6,363.98,0.0,Credit Card,Completed
14417,101,133,4,34,2024-12-28,3,321.54,0.0,Gift Card,Cancelled
14418,1457,16,2,37,2025-12-08,6,561.32,0.0,PayPal,Returned
14419,396,231,5,48,2023-09-14,2,52.2,0.1,Credit Card,Completed
14420,1195,128,7,40,2024-10-24,1,257.64,0.0,Credit Card,Shipped
14421,877,112,5,23,2024-09-05,1,347.45,0.1,PayPal,Completed
14422,1369,271,3,31,2023-11-17,5,316.69,0.0,Cash,Cancelled
14423,1626,4,10,6,2025-06-01,2,355.19,0.0,Credit Card,Completed
14424,1773,60,5,48,2023-04-08,1,307.03,0.15,Debit Card,Shipped
14425,331,281,11,7,2025-10-06,3,125.56,0.0,PayPal,Completed
14426,1944,193,12,17,2025-12-09,3,248.63,0.2,Credit Card,Pending
14427,725,153,11,33,2023-06-03,5,238.04,0.15,Cash,Completed
14428,1129,1,7,2,2025-11-15,1,31.01,0.2,Debit Card,Shipped
14429,751,106,6,9,2023-11-13,2,127.35,0.2,Gift Card,Shipped
14430,1357,68,15,44,2025-01-21,4,15.0,0.1,Gift Card,Completed
14431,5,46,10,29,2023-01-12,5,393.27,0.0,Cash,Completed
14432,1794,22,9,25,2024-05-19,6,90.87,0.15,Cash,Completed
14433,704,76,15,15,2023-06-20,2,46.89,0.0,Cash,Returned
14434,954,174,4,34,2025-12-31,6,62.11,0.2,PayPal,Completed
14435,1867,266,8,39,2024-05-23,3,140.34,0.05,Credit Card,Returned
14436,103,41,12,11,2025-07-29,5,441.65,0.0,Credit Card,Cancelled
14437,1815,167,3,31,2023-07-09,2,87.74,0.0,Cash,Completed
14438,988,148,11,33,2023-03-14,5,293.31,0.0,PayPal,Completed
14439,1838,44,11,7,2023-06-13,2,317.68,0.15,Cash,Completed
14440,1315,54,12,10,2024-08-15,5,43.29,0.0,Credit Card,Completed
14441,700,294,8,24,2024-09-11,2,345.43,0.0,Credit Card,Cancelled
14442,212,218,11,33,2024-08-23,1,95.1,0.05,Credit Card,Completed
14443,444,181,15,18,2025-02-10,1,334.11,0.15,Credit Card,Returned
14444,914,146,2,3,2023-11-11,1,309.25,0.1,Cash,Completed
14445,613,143,14,47,2023-03-27,2,511.76,0.0,Gift Card,Shipped
14446,1360,197,8,39,2025-12-05,1,82.36,0.15,Credit Card,Cancelled
14447,1026,3,5,1,2024-06-21,1,507.54,0.0,Cash,Pending
14448,574,134,15,32,2024-01-19,2,170.45,0.0,Credit Card,Completed
14449,1415,98,11,12,2023-12-15,1,263.06,0.05,Cash,Completed
14450,569,34,3,43,2024-05-29,1,71.12,0.2,Debit Card,Cancelled
14451,1395,280,1,50,2024-02-09,1,59.78,0.2,Debit Card,Completed
14452,973,45,2,37,2023-01-13,2,107.36,0.1,Credit Card,Returned
14453,360,139,12,17,2024-03-27,4,334.0,0.05,Cash,Completed
14454,1714,98,11,7,2023-02-16,6,263.06,0.0,Credit Card,Returned
14455,927,71,14,8,2024-04-26,5,251.36,0.0,Gift Card,Shipped
14456,1333,26,15,27,2023-07-25,3,68.26,0.15,Cash,Pending
14457,235,239,10,21,2025-05-16,5,337.62,0.0,Gift Card,Completed
14458,9,231,6,14,2025-06-21,4,52.2,0.0,Cash,Cancelled
14459,1936,108,5,48,2024-04-13,1,603.53,0.0,Debit Card,Completed
14460,1926,47,3,43,2025-06-17,3,126.89,0.2,Gift Card,Completed
14461,580,19,6,9,2025-07-30,1,332.56,0.0,Gift Card,Completed
14462,1590,297,7,2,2024-12-22,5,334.26,0.0,Gift Card,Completed
14463,1210,57,6,14,2023-12-01,2,207.9,0.0,Cash,Completed
14464,1855,207,13,42,2023-02-17,3,245.28,0.0,Debit Card,Shipped
14465,1767,83,10,29,2025-01-18,5,347.94,0.0,Gift Card,Cancelled
14466,367,214,8,39,2025-11-05,4,264.25,0.0,Debit Card,Completed
14467,1106,9,10,21,2023-10-27,1,307.63,0.0,PayPal,Cancelled
14468,1708,26,15,44,2023-04-27,3,68.26,0.2,Gift Card,Pending
14469,16,101,6,9,2024-08-28,6,314.94,0.15,Cash,Pending
14470,1366,249,6,9,2023-12-28,1,471.0,0.2,Credit Card,Completed
14471,399,234,2,3,2025-05-31,1,314.58,0.1,PayPal,Pending
14472,804,212,2,37,2024-07-08,4,26.85,0.15,Gift Card,Returned
14473,1537,104,14,8,2023-02-07,1,61.42,0.0,PayPal,Shipped
14474,1782,129,13,13,2023-09-11,5,267.03,0.0,Credit Card,Returned
14475,1070,70,4,34,2025-09-30,3,42.41,0.15,Credit Card,Returned
14476,455,298,13,49,2023-07-11,4,202.95,0.2,Debit Card,Completed
14477,1751,205,8,24,2023-09-22,5,370.78,0.0,Cash,Cancelled
14478,1254,59,10,29,2025-06-23,1,239.55,0.15,Gift Card,Completed
14479,161,99,5,23,2023-01-31,3,384.25,0.05,Credit Card,Pending
14480,894,214,15,18,2023-12-04,2,264.25,0.0,Credit Card,Completed
14481,1418,186,4,34,2024-03-23,3,39.01,0.0,Cash,Completed
14482,705,9,6,14,2024-05-22,4,307.63,0.1,Gift Card,Completed
14483,1390,140,12,17,2023-01-20,5,257.08,0.2,Debit Card,Completed
14484,1928,155,6,9,2024-04-24,2,232.62,0.1,Credit Card,Completed
14485,89,299,2,3,2023-08-31,3,150.33,0.15,Credit Card,Pending
14486,1782,21,1,36,2023-03-12,1,407.45,0.2,Credit Card,Completed
14487,1898,246,9,25,2025-02-20,3,594.34,0.15,Cash,Completed
14488,662,52,1,22,2023-09-27,1,120.46,0.2,PayPal,Completed
14489,899,203,1,50,2023-04-15,2,511.82,0.1,Credit Card,Cancelled
14490,1720,183,6,14,2025-11-04,1,70.12,0.15,Debit Card,Returned
14491,274,151,3,20,2025-05-23,4,61.55,0.05,PayPal,Returned
14492,1198,202,8,24,2023-05-24,3,211.09,0.0,Cash,Completed
14493,1800,104,8,19,2025-09-04,3,61.42,0.1,Debit Card,Cancelled
14494,368,8,13,13,2025-11-21,6,143.64,0.0,Cash,Completed
14495,503,97,9,25,2025-12-07,5,228.27,0.2,Credit Card,Completed
14496,1364,37,8,24,2024-04-29,4,91.98,0.2,PayPal,Shipped
14497,1774,61,13,49,2023-04-13,6,172.42,0.05,Cash,Completed
14498,1405,107,3,20,2025-11-01,5,247.26,0.05,PayPal,Completed
14499,1594,66,10,4,2025-06-16,1,330.95,0.05,Credit Card,Completed
14500,28,129,15,15,2025-11-14,4,267.03,0.0,PayPal,Completed
14501,964,10,2,28,2025-03-31,4,46.02,0.2,Cash,Completed
14502,1384,288,6,14,2023-06-15,3,367.22,0.1,Credit Card,Completed
14503,1822,89,1,22,2023-07-30,3,248.83,0.2,Debit Card,Completed
14504,1928,138,10,4,2023-09-15,5,102.03,0.15,Cash,Shipped
14505,1448,270,7,2,2023-08-22,5,17.58,0.15,Gift Card,Completed
14506,1881,147,7,2,2024-04-10,6,433.97,0.0,Cash,Completed
14507,615,159,6,9,2025-04-29,6,323.53,0.0,Debit Card,Completed
14508,1859,259,11,12,2024-11-07,3,395.59,0.0,PayPal,Cancelled
14509,261,265,2,3,2023-04-22,5,348.49,0.2,Gift Card,Completed
14510,420,157,1,22,2025-06-19,3,110.95,0.05,PayPal,Shipped
14511,1315,296,11,7,2023-01-14,2,81.85,0.0,Cash,Completed
14512,493,259,10,29,2024-06-23,5,395.59,0.15,Debit Card,Completed
14513,363,42,12,17,2025-05-03,2,483.01,0.0,PayPal,Cancelled
14514,1183,16,8,24,2024-02-09,6,561.32,0.0,Debit Card,Completed
14515,441,289,5,1,2023-05-23,1,246.14,0.1,Gift Card,Completed
14516,1072,245,5,48,2023-08-01,1,328.64,0.2,PayPal,Shipped
14517,837,30,12,11,2025-04-06,6,544.88,0.0,Gift Card,Returned
14518,190,271,8,19,2023-09-06,5,316.69,0.0,Gift Card,Completed
14519,1658,65,12,10,2023-01-15,3,543.26,0.0,Cash,Completed
14520,291,154,6,9,2024-07-06,3,214.32,0.0,PayPal,Completed
14521,662,215,13,46,2024-12-16,2,108.22,0.0,PayPal,Completed
14522,873,11,12,10,2023-08-03,4,289.37,0.0,Debit Card,Shipped
14523,1751,201,14,8,2023-07-14,1,307.14,0.2,Gift Card,Shipped
14524,48,244,15,5,2023-04-10,3,328.77,0.0,Debit Card,Completed
14525,444,227,12,10,2024-06-28,6,225.3,0.0,Gift Card,Completed
14526,1785,49,6,9,2025-08-09,1,148.66,0.05,Cash,Completed
14527,210,157,4,34,2025-11-26,4,110.95,0.0,Gift Card,Completed
14528,690,166,1,50,2023-07-25,6,172.27,0.0,Cash,Returned
14529,1533,44,5,23,2024-12-13,6,317.68,0.1,Debit Card,Cancelled
14530,1153,120,7,40,2024-04-02,1,346.06,0.05,Credit Card,Returned
14531,616,34,8,39,2024-07-16,5,71.12,0.15,Cash,Completed
14532,1580,228,7,40,2023-05-13,2,247.35,0.0,Debit Card,Completed
14533,868,222,11,7,2023-12-28,1,412.69,0.05,PayPal,Completed
14534,1248,111,1,22,2024-05-21,3,123.3,0.2,Gift Card,Completed
14535,848,79,9,38,2025-07-27,3,143.89,0.1,Credit Card,Completed
14536,98,152,9,25,2024-03-25,1,290.47,0.05,Debit Card,Returned
14537,1640,194,1,50,2023-08-11,6,35.78,0.2,Gift Card,Completed
14538,1622,43,9,25,2024-02-04,4,121.68,0.05,Debit Card,Pending
14539,1302,100,2,45,2024-02-07,3,447.11,0.2,Credit Card,Cancelled
14540,1010,186,4,35,2024-06-01,4,39.01,0.05,PayPal,Cancelled
14541,576,284,1,22,2024-08-24,3,413.62,0.0,Gift Card,Completed
14542,263,94,7,2,2024-03-10,2,325.59,0.05,PayPal,Pending
14543,1405,67,14,47,2023-11-08,4,138.29,0.0,Credit Card,Shipped
14544,865,155,4,26,2024-01-15,2,232.62,0.0,PayPal,Returned
14545,209,60,2,45,2023-02-14,4,307.03,0.0,Cash,Completed
14546,1008,211,13,13,2024-04-08,5,199.85,0.0,PayPal,Completed
14547,386,106,10,6,2024-08-27,1,127.35,0.15,Cash,Pending
14548,441,179,1,41,2025-08-30,1,63.58,0.0,Credit Card,Completed
14549,234,16,8,19,2025-06-20,2,561.32,0.0,Credit Card,Shipped
14550,893,68,12,11,2023-09-26,3,15.0,0.0,Credit Card,Completed
14551,517,57,7,40,2023-12-23,3,207.9,0.15,Cash,Returned
14552,1209,134,1,36,2023-09-30,3,170.45,0.0,Cash,Pending
14553,110,150,4,26,2025-08-18,4,157.31,0.0,Cash,Shipped
14554,955,104,15,16,2025-07-05,3,61.42,0.0,Gift Card,Completed
14555,122,21,13,42,2024-12-13,5,407.45,0.1,Gift Card,Returned
14556,272,160,11,12,2023-01-03,4,466.97,0.2,PayPal,Completed
14557,1184,195,4,34,2024-07-25,3,165.25,0.05,Credit Card,Shipped
14558,170,83,13,30,2024-05-15,5,347.94,0.1,Credit Card,Pending
14559,1113,264,13,49,2025-07-27,1,25.86,0.0,Cash,Shipped
14560,971,34,9,25,2023-09-02,5,71.12,0.05,PayPal,Cancelled
14561,387,66,5,1,2025-06-25,6,330.95,0.0,PayPal,Completed
14562,825,39,4,26,2023-07-14,6,340.31,0.15,Gift Card,Shipped
14563,1915,173,10,21,2024-12-03,6,159.58,0.1,Credit Card,Shipped
14564,1996,60,9,38,2025-12-12,4,307.03,0.0,Credit Card,Completed
14565,375,206,4,26,2023-04-23,4,367.62,0.0,Cash,Shipped
14566,495,64,12,17,2023-11-14,3,566.62,0.2,PayPal,Returned
14567,1143,161,7,2,2023-03-05,5,322.86,0.2,Cash,Completed
14568,891,7,9,25,2025-05-29,2,279.59,0.05,Gift Card,Completed
14569,462,145,8,24,2023-12-15,1,328.64,0.15,Gift Card,Shipped
14570,1623,250,12,17,2023-02-23,3,120.54,0.0,Cash,Shipped
14571,1562,273,5,1,2024-06-19,5,265.88,0.0,Gift Card,Pending
14572,1146,86,11,33,2025-04-09,2,302.91,0.0,Credit Card,Completed
14573,268,143,15,18,2023-02-27,4,511.76,0.0,Gift Card,Cancelled
14574,832,182,13,13,2025-10-09,2,543.63,0.1,PayPal,Cancelled
14575,1131,213,8,19,2025-10-31,2,64.0,0.0,Cash,Cancelled
14576,912,89,9,25,2023-05-14,2,248.83,0.0,Gift Card,Completed
14577,16,114,8,19,2023-04-04,1,356.17,0.0,Debit Card,Returned
14578,1912,174,13,30,2024-02-07,3,62.11,0.0,Debit Card,Completed
14579,542,186,15,16,2025-08-08,5,39.01,0.15,PayPal,Shipped
14580,305,149,5,48,2023-09-23,2,431.72,0.0,Debit Card,Pending
14581,895,163,13,30,2024-06-19,1,270.34,0.2,Credit Card,Returned
14582,1172,84,9,38,2024-11-28,5,38.26,0.1,Gift Card,Completed
14583,389,278,14,8,2024-08-25,5,98.31,0.0,Debit Card,Completed
14584,849,21,3,20,2025-11-08,3,407.45,0.15,PayPal,Returned
14585,748,52,2,28,2023-02-19,4,120.46,0.1,Credit Card,Completed
14586,1036,6,8,24,2024-12-20,1,628.51,0.0,Credit Card,Pending
14587,1011,294,9,25,2025-04-08,3,345.43,0.0,Credit Card,Completed
14588,234,151,9,38,2023-03-28,4,61.55,0.2,Credit Card,Completed
14589,1636,92,6,9,2025-11-15,3,665.8,0.15,Credit Card,Pending
14590,173,229,1,22,2025-10-21,4,321.97,0.0,Gift Card,Completed
14591,1239,278,3,43,2025-08-20,2,98.31,0.0,PayPal,Completed
14592,963,139,10,29,2025-07-21,2,334.0,0.05,Cash,Completed
14593,30,86,10,6,2025-08-28,2,302.91,0.2,Debit Card,Completed
14594,1228,80,12,17,2024-05-16,5,249.35,0.2,Gift Card,Shipped
14595,1490,2,11,7,2024-02-06,5,35.98,0.15,Credit Card,Returned
14596,333,7,5,48,2023-05-01,5,279.59,0.15,Gift Card,Completed
14597,1053,194,5,23,2023-02-03,3,35.78,0.0,Debit Card,Cancelled
14598,28,83,6,9,2024-06-18,2,347.94,0.0,Debit Card,Shipped
14599,654,275,13,49,2023-06-25,4,255.49,0.0,Cash,Pending
14600,499,268,6,14,2024-04-08,2,252.86,0.1,PayPal,Completed
14601,1794,255,15,27,2025-08-23,6,118.85,0.2,Credit Card,Completed
14602,381,142,5,1,2023-04-16,3,306.71,0.0,PayPal,Shipped
14603,586,124,15,18,2023-02-04,4,311.92,0.05,PayPal,Completed
14604,256,191,12,11,2025-01-20,5,519.67,0.2,Debit Card,Shipped
14605,1081,161,9,25,2023-02-23,1,322.86,0.1,Credit Card,Returned
14606,143,211,2,37,2024-08-18,3,199.85,0.0,PayPal,Completed
14607,1162,7,4,34,2025-12-09,4,279.59,0.2,Credit Card,Cancelled
14608,243,25,3,20,2023-03-27,5,323.92,0.2,PayPal,Completed
14609,1882,158,3,20,2025-03-25,2,324.07,0.0,Credit Card,Completed
14610,1375,197,14,8,2023-03-17,5,82.36,0.0,Gift Card,Completed
14611,1728,72,14,8,2024-10-13,2,301.36,0.1,PayPal,Completed
14612,1722,278,5,48,2023-11-07,2,98.31,0.0,Gift Card,Completed
14613,835,87,15,18,2025-09-11,1,321.84,0.15,Gift Card,Pending
14614,1284,153,8,24,2023-12-10,4,238.04,0.1,PayPal,Shipped
14615,525,284,8,19,2025-08-03,1,413.62,0.0,PayPal,Shipped
14616,305,75,9,38,2024-07-18,1,363.98,0.0,Debit Card,Completed
14617,146,118,15,32,2024-09-08,3,145.14,0.0,Cash,Completed
14618,906,120,15,32,2024-04-28,4,346.06,0.05,Gift Card,Returned
14619,1988,233,5,48,2025-05-20,4,400.32,0.0,Debit Card,Pending
14620,246,29,15,16,2025-07-06,1,197.73,0.15,Credit Card,Shipped
14621,1220,162,11,33,2023-12-04,5,532.97,0.0,Cash,Completed
14622,815,38,5,48,2024-09-24,6,142.98,0.05,Debit Card,Cancelled
14623,359,40,14,8,2025-10-27,1,408.98,0.15,PayPal,Returned
14624,441,76,6,14,2024-06-01,6,46.89,0.0,PayPal,Pending
14625,1368,197,7,2,2024-04-23,2,82.36,0.05,Cash,Cancelled
14626,339,199,12,17,2024-04-07,2,314.59,0.05,Gift Card,Shipped
14627,1269,124,3,20,2023-08-08,4,311.92,0.0,Gift Card,Completed
14628,1340,32,1,36,2025-09-03,4,162.12,0.0,Gift Card,Completed
14629,1539,209,5,23,2023-03-26,1,193.95,0.0,Debit Card,Cancelled
14630,1864,219,7,40,2024-11-24,5,243.18,0.1,Credit Card,Cancelled
14631,1535,107,14,8,2024-08-08,5,247.26,0.1,Credit Card,Cancelled
14632,72,130,13,42,2024-07-28,2,293.35,0.1,Credit Card,Returned
14633,1015,221,3,20,2023-01-27,2,183.32,0.0,Credit Card,Completed
14634,1426,132,15,15,2025-01-10,4,127.63,0.0,Gift Card,Completed
14635,585,2,1,50,2023-02-27,5,35.98,0.0,PayPal,Returned
14636,1035,256,12,11,2023-01-04,3,203.89,0.05,Cash,Shipped
14637,266,263,7,40,2025-04-30,5,47.7,0.0,Cash,Completed
14638,1120,210,14,8,2024-08-01,3,77.07,0.0,Credit Card,Completed
14639,803,72,13,30,2025-07-09,3,301.36,0.0,Debit Card,Returned
14640,1259,237,3,43,2025-06-21,4,159.44,0.05,PayPal,Shipped
14641,1928,215,2,28,2023-04-18,2,108.22,0.0,Credit Card,Returned
14642,961,50,4,35,2023-11-09,6,564.26,0.0,Cash,Returned
14643,1299,59,3,43,2025-12-17,3,239.55,0.0,Debit Card,Pending
14644,605,274,13,49,2024-03-22,2,57.88,0.15,Gift Card,Completed
14645,1306,113,10,6,2023-05-30,3,438.2,0.0,Credit Card,Shipped
14646,1170,265,7,40,2024-07-01,5,348.49,0.15,Gift Card,Completed
14647,592,139,2,37,2024-06-27,1,334.0,0.0,Cash,Pending
14648,1038,91,8,24,2023-10-01,2,406.77,0.0,Credit Card,Completed
14649,1976,1,3,31,2023-12-07,3,31.01,0.0,Gift Card,Pending
14650,869,219,2,3,2025-06-27,3,243.18,0.2,Cash,Completed
14651,561,19,7,40,2024-03-02,4,332.56,0.2,Debit Card,Shipped
14652,733,166,9,25,2023-07-25,5,172.27,0.15,Debit Card,Pending
14653,966,139,14,8,2024-03-21,2,334.0,0.2,Credit Card,Returned
14654,1470,296,9,38,2024-02-20,6,81.85,0.05,Cash,Completed
14655,683,205,14,47,2025-02-25,1,370.78,0.1,Credit Card,Completed
14656,1165,12,7,2,2025-10-19,3,582.22,0.2,PayPal,Returned
14657,1988,72,8,19,2025-04-07,4,301.36,0.15,Credit Card,Completed
14658,774,19,14,47,2023-02-26,4,332.56,0.15,Credit Card,Completed
14659,1654,180,9,38,2025-09-14,5,177.87,0.2,Cash,Completed
14660,606,13,1,50,2025-04-20,4,127.76,0.15,Gift Card,Cancelled
14661,1361,105,9,38,2025-04-10,3,500.45,0.15,PayPal,Completed
14662,514,266,6,9,2024-04-04,6,140.34,0.1,PayPal,Completed
14663,516,241,4,26,2024-03-11,4,108.19,0.05,Debit Card,Completed
14664,781,216,11,12,2024-11-24,4,91.49,0.05,Gift Card,Pending
14665,1838,14,10,6,2023-10-19,5,379.66,0.0,Debit Card,Completed
14666,388,290,6,9,2024-08-13,3,30.66,0.15,Credit Card,Completed
14667,40,137,1,50,2023-01-21,3,47.19,0.0,Gift Card,Pending
14668,1892,39,1,22,2025-11-26,4,340.31,0.1,Credit Card,Cancelled
14669,1597,234,9,38,2023-12-20,5,314.58,0.05,Debit Card,Completed
14670,101,89,1,36,2024-04-26,2,248.83,0.0,Gift Card,Completed
14671,743,260,8,24,2025-09-17,3,172.37,0.0,Debit Card,Completed
14672,567,237,4,26,2025-06-16,5,159.44,0.05,Gift Card,Returned
14673,1680,94,7,2,2024-12-14,1,325.59,0.2,PayPal,Returned
14674,420,25,3,43,2024-06-08,1,323.92,0.0,Gift Card,Completed
14675,544,163,14,8,2025-12-28,1,270.34,0.0,PayPal,Pending
14676,305,45,5,48,2024-06-08,2,107.36,0.0,Gift Card,Returned
14677,1631,291,10,21,2024-02-16,5,9.1,0.2,Debit Card,Cancelled
14678,651,180,15,5,2023-06-03,5,177.87,0.0,PayPal,Completed
14679,877,217,11,12,2023-10-17,5,80.74,0.0,Cash,Pending
14680,1998,215,1,22,2024-09-12,1,108.22,0.05,Gift Card,Completed
14681,1840,81,7,2,2024-08-01,2,379.78,0.0,PayPal,Completed
14682,1085,205,1,36,2023-07-14,4,370.78,0.15,PayPal,Pending
14683,45,58,8,19,2025-05-12,5,76.76,0.0,PayPal,Returned
14684,1665,276,6,14,2025-04-15,4,394.14,0.0,Gift Card,Completed
14685,343,256,8,39,2023-01-23,3,203.89,0.0,Credit Card,Pending
14686,491,145,7,2,2025-07-08,2,328.64,0.0,Credit Card,Completed
14687,1350,272,4,35,2024-05-19,6,596.66,0.0,Cash,Completed
14688,1244,261,3,20,2025-05-10,6,638.9,0.0,PayPal,Completed
14689,132,194,7,40,2025-07-13,3,35.78,0.1,Debit Card,Completed
14690,1066,251,15,18,2025-11-23,6,355.21,0.05,PayPal,Completed
14691,1157,255,6,9,2024-03-05,5,118.85,0.0,Cash,Completed
14692,429,208,10,21,2024-02-01,2,146.45,0.1,PayPal,Returned
14693,1978,293,15,27,2024-02-17,5,54.25,0.0,Credit Card,Shipped
14694,1556,84,13,13,2025-07-31,5,38.26,0.0,Cash,Completed
14695,108,89,5,23,2024-01-20,4,248.83,0.0,Gift Card,Shipped
14696,671,149,8,19,2024-10-30,4,431.72,0.0,Debit Card,Cancelled
14697,1714,162,10,21,2025-10-30,2,532.97,0.15,Debit Card,Completed
14698,1805,211,10,4,2024-04-28,1,199.85,0.05,Debit Card,Completed
14699,1660,161,9,25,2025-02-15,5,322.86,0.0,Debit Card,Completed
14700,1849,99,2,3,2025-01-23,3,384.25,0.0,Credit Card,Cancelled
14701,1521,19,3,20,2023-02-04,4,332.56,0.0,Credit Card,Completed
14702,173,11,9,25,2024-02-18,2,289.37,0.2,PayPal,Completed
14703,362,103,15,15,2025-06-21,3,220.08,0.2,Debit Card,Completed
14704,181,99,5,1,2023-12-12,2,384.25,0.1,Gift Card,Completed
14705,549,162,11,7,2025-11-05,1,532.97,0.2,Debit Card,Completed
14706,146,143,8,39,2023-06-04,4,511.76,0.0,Cash,Pending
14707,217,260,2,45,2024-01-02,4,172.37,0.15,Gift Card,Cancelled
14708,258,157,15,15,2025-12-14,3,110.95,0.2,Cash,Shipped
14709,426,275,12,17,2023-08-29,2,255.49,0.2,Cash,Completed
14710,1345,262,14,8,2023-02-24,4,392.06,0.0,Credit Card,Completed
14711,1411,24,13,30,2025-03-02,1,129.26,0.0,Credit Card,Completed
14712,24,5,9,25,2025-05-28,2,136.89,0.2,Cash,Shipped
14713,521,156,9,25,2023-12-13,2,64.7,0.0,Cash,Completed
14714,731,195,13,42,2023-11-23,3,165.25,0.0,Cash,Pending
14715,1510,150,15,27,2024-09-12,4,157.31,0.1,Credit Card,Completed
14716,1020,26,11,7,2024-04-14,5,68.26,0.0,Debit Card,Completed
14717,1331,288,12,11,2024-01-16,1,367.22,0.0,Gift Card,Completed
14718,625,241,1,22,2023-03-01,3,108.19,0.1,Debit Card,Returned
14719,192,178,7,40,2023-05-16,5,41.87,0.15,Cash,Completed
14720,1864,200,1,41,2024-03-21,6,214.09,0.2,Gift Card,Pending
14721,617,159,6,9,2025-06-26,6,323.53,0.0,Debit Card,Returned
14722,1634,42,13,49,2025-11-01,3,483.01,0.0,Cash,Pending
14723,1571,239,13,49,2024-03-30,5,337.62,0.1,PayPal,Pending
14724,832,188,12,10,2025-06-17,6,448.74,0.0,Debit Card,Pending
14725,254,156,11,7,2024-03-30,4,64.7,0.0,Gift Card,Pending
14726,1483,214,10,21,2025-06-29,2,264.25,0.15,Gift Card,Cancelled
14727,1069,165,2,28,2025-12-25,1,216.64,0.0,Debit Card,Pending
14728,1798,51,5,48,2023-06-01,4,190.91,0.0,Credit Card,Cancelled
14729,1697,109,5,48,2023-03-10,5,33.31,0.0,Cash,Pending
14730,1701,111,14,8,2025-04-24,4,123.3,0.0,Gift Card,Completed
14731,776,184,6,9,2024-10-06,2,304.08,0.0,Debit Card,Completed
14732,1198,128,2,45,2024-06-15,3,257.64,0.0,Cash,Returned
14733,973,226,9,38,2023-09-24,2,522.95,0.1,Gift Card,Returned
14734,752,145,3,43,2024-12-25,2,328.64,0.1,Credit Card,Pending
14735,1146,191,2,28,2024-10-19,6,519.67,0.1,PayPal,Completed
14736,1565,69,7,2,2025-07-19,4,444.45,0.0,Debit Card,Completed
14737,1223,294,11,12,2024-12-13,5,345.43,0.1,Debit Card,Completed
14738,825,283,6,9,2023-01-24,3,84.31,0.15,Credit Card,Completed
14739,1054,238,10,6,2024-08-28,6,196.9,0.15,Gift Card,Returned
14740,1903,164,3,43,2024-03-31,3,117.71,0.2,Debit Card,Completed
14741,1917,220,4,26,2023-03-15,4,357.02,0.05,Gift Card,Completed
14742,984,122,4,35,2025-03-17,3,203.86,0.15,Debit Card,Completed
14743,1391,161,8,39,2024-08-16,4,322.86,0.0,Gift Card,Completed
14744,1526,150,5,1,2023-12-14,3,157.31,0.05,PayPal,Pending
14745,277,73,6,9,2024-06-14,1,68.44,0.0,Debit Card,Shipped
14746,1812,175,6,9,2023-07-03,1,86.78,0.0,Cash,Completed
14747,5,23,4,26,2024-12-17,4,298.77,0.2,Cash,Completed
14748,20,57,15,15,2023-10-05,6,207.9,0.0,Gift Card,Pending
14749,1621,152,9,38,2025-11-12,6,290.47,0.0,PayPal,Completed
14750,1373,95,7,2,2023-04-01,6,435.89,0.15,Cash,Completed
14751,1690,156,12,10,2023-02-02,1,64.7,0.0,Debit Card,Completed
14752,1339,231,3,31,2023-07-07,4,52.2,0.05,Credit Card,Completed
14753,1574,85,10,4,2025-01-22,5,347.38,0.2,Cash,Returned
14754,1087,272,13,13,2023-12-17,2,596.66,0.15,PayPal,Pending
14755,1738,110,4,34,2025-09-13,3,570.1,0.0,Gift Card,Completed
14756,1761,273,9,25,2023-02-28,4,265.88,0.0,PayPal,Completed
14757,867,62,5,23,2024-12-15,4,539.25,0.0,Debit Card,Completed
14758,252,271,6,9,2024-05-01,4,316.69,0.2,Cash,Completed
14759,307,254,11,12,2023-04-05,4,307.61,0.2,Debit Card,Completed
14760,1531,70,12,17,2023-11-25,6,42.41,0.0,Credit Card,Completed
14761,1116,158,8,19,2025-11-10,1,324.07,0.0,Debit Card,Pending
14762,872,218,8,19,2024-01-29,2,95.1,0.1,PayPal,Completed
14763,992,60,15,44,2023-01-09,3,307.03,0.0,Credit Card,Returned
14764,1960,34,14,47,2023-03-24,3,71.12,0.05,Gift Card,Completed
14765,459,135,9,38,2023-09-07,2,126.8,0.2,Debit Card,Completed
14766,110,181,8,24,2025-04-07,4,334.11,0.15,Gift Card,Completed
14767,1706,61,8,39,2024-06-22,5,172.42,0.05,Cash,Cancelled
14768,1357,295,12,10,2025-10-21,6,647.12,0.0,Gift Card,Shipped
14769,1982,120,7,2,2025-05-17,6,346.06,0.05,Credit Card,Completed
14770,456,18,14,47,2025-07-11,5,383.42,0.05,Debit Card,Completed
14771,1960,166,12,10,2024-08-06,1,172.27,0.05,PayPal,Shipped
14772,1853,291,2,37,2025-11-06,6,9.1,0.05,PayPal,Shipped
14773,1606,206,8,19,2023-01-26,3,367.62,0.1,PayPal,Completed
14774,1823,35,14,8,2025-01-31,2,53.95,0.2,Credit Card,Completed
14775,931,118,12,17,2025-10-14,4,145.14,0.15,Gift Card,Pending
14776,1560,191,15,27,2024-11-27,1,519.67,0.0,Credit Card,Returned
14777,1349,200,10,29,2025-10-03,1,214.09,0.05,PayPal,Completed
14778,891,128,13,13,2025-12-29,6,257.64,0.0,Debit Card,Pending
14779,49,129,7,40,2025-08-29,3,267.03,0.1,Gift Card,Completed
14780,1650,62,5,1,2025-11-10,6,539.25,0.1,Debit Card,Completed
14781,498,241,13,30,2024-08-26,6,108.19,0.0,Gift Card,Completed
14782,154,167,11,7,2025-10-16,2,87.74,0.0,Debit Card,Returned
14783,1446,2,7,40,2025-04-23,6,35.98,0.0,PayPal,Shipped
14784,262,39,5,23,2025-04-02,3,340.31,0.0,Credit Card,Completed
14785,284,252,14,8,2023-03-26,1,163.4,0.0,Gift Card,Completed
14786,1289,4,12,11,2024-08-25,6,355.19,0.05,Debit Card,Shipped
14787,1943,242,11,33,2025-05-12,6,378.8,0.2,Gift Card,Completed
14788,1862,249,9,38,2023-05-25,3,471.0,0.1,PayPal,Completed
14789,687,71,15,32,2025-06-13,5,251.36,0.0,Credit Card,Completed
14790,10,259,12,10,2024-06-29,5,395.59,0.15,Cash,Shipped
14791,304,143,6,9,2023-09-05,3,511.76,0.2,PayPal,Completed
14792,1926,18,6,14,2024-11-19,1,383.42,0.05,Cash,Shipped
14793,204,68,10,6,2024-02-28,6,15.0,0.0,Credit Card,Shipped
14794,881,143,9,38,2024-04-12,6,511.76,0.15,Credit Card,Completed
14795,1549,292,1,22,2025-02-24,6,398.38,0.1,PayPal,Completed
14796,613,78,1,22,2024-01-22,4,176.26,0.15,Debit Card,Shipped
14797,392,125,3,20,2023-03-06,5,152.14,0.15,Debit Card,Pending
14798,333,60,5,23,2024-07-14,3,307.03,0.2,Gift Card,Completed
14799,970,136,14,8,2025-08-24,5,266.29,0.05,Debit Card,Cancelled
14800,1125,288,15,15,2023-03-21,5,367.22,0.1,PayPal,Completed
14801,23,124,4,26,2025-04-20,4,311.92,0.0,Gift Card,Completed
14802,1850,265,14,8,2025-09-14,5,348.49,0.0,PayPal,Pending
14803,754,258,13,49,2024-02-08,6,270.37,0.05,PayPal,Completed
14804,1228,106,4,26,2024-09-12,2,127.35,0.0,Cash,Completed
14805,1606,220,1,41,2023-04-25,1,357.02,0.15,Gift Card,Pending
14806,1554,253,3,31,2025-02-22,3,101.3,0.15,Credit Card,Pending
14807,575,117,11,7,2023-02-01,1,77.12,0.0,Debit Card,Completed
14808,635,166,3,20,2024-01-31,2,172.27,0.1,Cash,Cancelled
14809,1258,128,1,41,2024-10-26,4,257.64,0.2,Gift Card,Completed
14810,442,130,8,24,2025-09-06,1,293.35,0.2,PayPal,Returned
14811,1427,111,7,2,2023-04-29,3,123.3,0.0,Credit Card,Returned
14812,399,187,8,39,2024-05-25,5,226.55,0.15,Credit Card,Shipped
14813,1188,175,7,2,2024-07-09,2,86.78,0.0,PayPal,Completed
14814,963,133,15,15,2024-05-25,1,321.54,0.2,Gift Card,Completed
14815,1182,245,11,7,2023-03-24,5,328.64,0.0,Credit Card,Cancelled
14816,288,27,7,2,2025-12-03,6,565.88,0.0,Gift Card,Cancelled
14817,1454,67,4,35,2024-12-03,3,138.29,0.2,PayPal,Completed
14818,1712,239,1,36,2025-03-04,5,337.62,0.15,Gift Card,Pending
14819,772,186,8,39,2023-05-10,5,39.01,0.0,PayPal,Completed
14820,1882,55,2,45,2025-04-22,2,17.81,0.2,Credit Card,Shipped
14821,409,98,15,16,2025-12-08,4,263.06,0.05,PayPal,Shipped
14822,768,208,9,38,2023-01-05,1,146.45,0.0,Cash,Returned
14823,72,55,15,44,2025-02-08,1,17.81,0.05,Cash,Completed
14824,345,54,14,8,2025-08-02,3,43.29,0.1,Credit Card,Returned
14825,97,23,1,36,2024-05-29,4,298.77,0.0,Cash,Pending
14826,1072,32,13,42,2025-04-10,1,162.12,0.0,Credit Card,Cancelled
14827,1028,175,4,35,2025-11-09,4,86.78,0.1,Debit Card,Shipped
14828,139,1,9,25,2023-01-09,3,31.01,0.0,Credit Card,Cancelled
14829,118,200,14,8,2024-12-18,6,214.09,0.15,Gift Card,Returned
14830,1741,253,6,14,2024-12-22,3,101.3,0.0,PayPal,Completed
14831,1530,26,7,2,2025-10-06,2,68.26,0.2,Gift Card,Completed
14832,297,23,1,41,2024-10-10,2,298.77,0.05,Cash,Completed
14833,402,268,12,17,2023-01-09,4,252.86,0.15,PayPal,Completed
14834,1459,110,2,37,2025-06-14,2,570.1,0.0,Cash,Completed
14835,1061,113,14,47,2024-04-02,1,438.2,0.15,Gift Card,Returned
14836,710,12,15,15,2025-08-24,2,582.22,0.2,PayPal,Cancelled
14837,1420,147,3,31,2024-06-21,2,433.97,0.05,PayPal,Completed
14838,1363,261,7,40,2024-01-03,2,638.9,0.0,Debit Card,Pending
14839,269,255,13,13,2023-07-14,3,118.85,0.2,Gift Card,Returned
14840,411,140,3,43,2024-05-16,1,257.08,0.15,Gift Card,Completed
14841,1886,267,2,28,2024-05-03,4,139.61,0.0,Cash,Returned
14842,668,95,1,41,2025-04-16,1,435.89,0.15,Debit Card,Completed
14843,1916,218,15,27,2024-03-22,4,95.1,0.1,Debit Card,Shipped
14844,1904,261,6,14,2025-07-06,4,638.9,0.15,Gift Card,Completed
14845,619,220,4,35,2023-07-07,6,357.02,0.05,PayPal,Completed
14846,123,154,10,21,2025-09-20,2,214.32,0.05,Gift Card,Completed
14847,137,209,3,20,2023-10-14,2,193.95,0.2,PayPal,Pending
14848,477,128,9,25,2025-07-28,3,257.64,0.15,Credit Card,Completed
14849,898,282,10,6,2025-02-09,4,461.23,0.0,Debit Card,Completed
14850,835,169,11,7,2025-06-01,6,446.78,0.2,Credit Card,Completed
14851,899,154,14,8,2023-02-02,4,214.32,0.0,PayPal,Cancelled
14852,1337,47,5,23,2025-12-20,6,126.89,0.05,Cash,Pending
14853,1576,198,4,34,2025-08-07,4,125.5,0.15,Credit Card,Shipped
14854,401,231,2,37,2024-06-20,5,52.2,0.0,Debit Card,Cancelled
14855,1999,172,4,34,2025-01-31,1,70.42,0.0,Debit Card,Completed
14856,1157,210,12,11,2024-10-15,5,77.07,0.1,PayPal,Shipped
14857,1226,122,1,22,2023-01-03,1,203.86,0.0,Gift Card,Completed
14858,279,180,6,9,2023-12-14,2,177.87,0.2,Cash,Completed
14859,122,61,11,7,2024-07-19,5,172.42,0.05,Cash,Cancelled
14860,1859,116,14,47,2025-04-19,3,365.71,0.0,PayPal,Completed
14861,1058,118,14,47,2025-10-30,6,145.14,0.05,Debit Card,Completed
14862,920,150,9,38,2023-07-04,2,157.31,0.0,Debit Card,Pending
14863,98,266,12,11,2025-05-20,1,140.34,0.0,Gift Card,Completed
14864,1351,98,5,23,2025-07-09,1,263.06,0.0,Credit Card,Shipped
14865,1851,120,6,9,2023-08-09,3,346.06,0.0,PayPal,Returned
14866,1557,211,6,9,2024-08-28,1,199.85,0.0,Gift Card,Completed
14867,1868,178,7,2,2023-09-21,5,41.87,0.15,Gift Card,Completed
14868,1673,217,6,14,2024-12-09,5,80.74,0.0,Cash,Completed
14869,301,19,13,46,2025-10-16,2,332.56,0.0,Cash,Pending
14870,1084,78,15,44,2024-11-15,6,176.26,0.0,Credit Card,Shipped
14871,415,114,15,18,2024-10-11,1,356.17,0.0,Gift Card,Completed
14872,1785,30,1,41,2025-02-06,6,544.88,0.2,Cash,Completed
14873,1431,219,8,19,2025-04-22,5,243.18,0.2,Debit Card,Pending
14874,905,181,8,24,2024-09-14,5,334.11,0.05,Credit Card,Returned
14875,1286,296,2,28,2025-09-05,5,81.85,0.2,Debit Card,Shipped
14876,641,278,3,31,2024-09-13,3,98.31,0.0,PayPal,Shipped
14877,117,110,3,31,2024-08-20,3,570.1,0.1,PayPal,Completed
14878,1634,247,8,19,2025-05-18,1,58.54,0.0,PayPal,Pending
14879,1422,98,11,33,2025-01-06,1,263.06,0.05,Credit Card,Shipped
14880,188,238,14,8,2023-06-07,1,196.9,0.0,Cash,Cancelled
14881,601,204,12,10,2024-04-18,2,121.26,0.0,Debit Card,Returned
14882,284,48,11,12,2024-05-04,1,397.65,0.0,Gift Card,Cancelled
14883,1738,208,9,25,2024-01-13,5,146.45,0.05,PayPal,Cancelled
14884,1163,216,9,38,2023-06-28,5,91.49,0.0,Cash,Completed
14885,200,135,7,2,2025-09-13,3,126.8,0.2,Cash,Pending
14886,725,198,10,6,2023-03-21,6,125.5,0.0,Cash,Pending
14887,565,84,13,13,2023-04-29,5,38.26,0.15,PayPal,Cancelled
14888,441,286,7,40,2025-02-02,2,217.06,0.05,Cash,Returned
14889,1482,133,4,26,2025-06-12,5,321.54,0.1,Debit Card,Completed
14890,1143,131,7,40,2024-08-08,5,582.03,0.0,Cash,Completed
14891,1189,264,9,38,2023-05-05,6,25.86,0.05,Debit Card,Completed
14892,60,295,4,34,2025-12-10,5,647.12,0.0,Debit Card,Completed
14893,1460,136,13,30,2024-01-20,2,266.29,0.0,Gift Card,Completed
14894,1243,41,1,22,2025-04-18,3,441.65,0.1,Cash,Cancelled
14895,1606,261,7,2,2023-12-16,6,638.9,0.2,Gift Card,Completed
14896,1164,279,2,3,2023-03-10,1,281.48,0.15,Credit Card,Shipped
14897,1648,294,13,42,2023-05-07,4,345.43,0.2,PayPal,Pending
14898,1570,98,7,2,2024-01-31,2,263.06,0.05,Credit Card,Returned
14899,968,60,4,34,2024-11-02,2,307.03,0.2,Credit Card,Completed
14900,1450,42,5,1,2023-01-04,4,483.01,0.0,PayPal,Completed
14901,968,231,12,11,2024-07-15,5,52.2,0.05,Cash,Cancelled
14902,673,264,11,33,2023-12-16,6,25.86,0.1,Debit Card,Completed
14903,921,66,11,12,2023-07-29,3,330.95,0.1,Debit Card,Completed
14904,1121,75,1,36,2025-11-26,6,363.98,0.0,Cash,Completed
14905,1927,214,3,20,2024-11-15,1,264.25,0.0,Debit Card,Returned
14906,86,24,13,49,2024-10-24,4,129.26,0.05,Credit Card,Shipped
14907,308,148,11,12,2024-07-31,6,293.31,0.0,Debit Card,Completed
14908,930,188,15,16,2024-11-28,2,448.74,0.15,Debit Card,Completed
14909,1849,31,2,3,2023-02-18,5,179.93,0.0,Gift Card,Completed
14910,1599,153,5,48,2023-03-11,4,238.04,0.05,Debit Card,Returned
14911,1779,208,2,45,2025-02-02,1,146.45,0.05,Gift Card,Shipped
14912,967,190,9,38,2023-07-06,6,292.3,0.1,Gift Card,Pending
14913,335,79,4,34,2024-11-16,5,143.89,0.1,Debit Card,Completed
14914,1828,97,6,9,2024-03-08,6,228.27,0.0,Cash,Completed
14915,1479,201,6,9,2024-06-29,1,307.14,0.0,Debit Card,Pending
14916,570,195,4,26,2023-02-06,2,165.25,0.15,PayPal,Returned
14917,1170,88,10,6,2023-02-28,4,291.53,0.0,Gift Card,Cancelled
14918,1298,40,11,33,2023-01-07,4,408.98,0.15,PayPal,Returned
14919,1857,178,14,8,2024-08-21,5,41.87,0.0,Gift Card,Completed
14920,1140,202,5,48,2025-12-10,1,211.09,0.15,Debit Card,Cancelled
14921,120,18,7,40,2024-10-18,6,383.42,0.0,PayPal,Completed
14922,1397,107,6,9,2023-05-20,1,247.26,0.1,Cash,Returned
14923,1426,247,15,5,2023-09-24,3,58.54,0.15,Debit Card,Pending
14924,1457,218,9,25,2024-07-04,5,95.1,0.05,Cash,Returned
14925,1881,153,14,8,2023-01-22,2,238.04,0.0,Debit Card,Pending
14926,1099,119,8,24,2025-03-27,5,63.82,0.0,Debit Card,Pending
14927,257,187,1,41,2023-09-02,1,226.55,0.1,PayPal,Completed
14928,1578,19,11,33,2023-06-19,1,332.56,0.0,Debit Card,Pending
14929,1914,38,11,12,2025-12-31,6,142.98,0.1,Gift Card,Shipped
14930,1518,56,5,48,2023-08-22,5,176.55,0.05,Credit Card,Pending
14931,613,284,4,34,2024-03-08,3,413.62,0.0,Cash,Completed
14932,258,15,13,46,2023-01-04,1,454.62,0.15,PayPal,Completed
14933,600,12,3,20,2025-01-13,1,582.22,0.05,PayPal,Shipped
14934,1542,193,8,39,2024-08-04,2,248.63,0.15,Debit Card,Completed
14935,1847,88,8,19,2024-12-28,4,291.53,0.1,Cash,Cancelled
14936,1470,58,11,12,2025-06-24,3,76.76,0.05,PayPal,Pending
14937,1609,251,11,12,2023-05-23,2,355.21,0.1,Credit Card,Shipped
14938,1638,280,2,37,2023-10-12,3,59.78,0.0,Debit Card,Completed
14939,1775,243,3,43,2024-10-21,1,523.63,0.0,Debit Card,Completed
14940,1756,187,14,8,2024-04-03,5,226.55,0.05,PayPal,Completed
14941,606,268,12,11,2024-02-09,2,252.86,0.0,Gift Card,Pending
14942,1860,77,5,23,2025-01-09,4,442.92,0.0,PayPal,Shipped
14943,1776,115,2,45,2025-09-29,1,295.79,0.0,Cash,Completed
14944,1707,132,13,42,2024-07-09,5,127.63,0.0,Debit Card,Pending
14945,1855,18,1,22,2024-08-09,5,383.42,0.05,Cash,Returned
14946,84,166,14,47,2024-05-24,3,172.27,0.2,Debit Card,Returned
14947,1946,166,12,10,2023-10-04,3,172.27,0.0,PayPal,Completed
14948,1945,204,8,19,2025-01-31,1,178.09,0.1,Gift Card,Completed
14949,80,3,6,14,2025-09-19,3,507.54,0.0,Credit Card,Completed
14950,72,102,13,30,2025-05-11,5,455.19,0.0,Cash,Completed
14951,688,273,15,27,2023-07-15,2,265.88,0.1,PayPal,Pending
14952,1065,229,10,21,2024-12-10,4,321.97,0.0,Cash,Shipped
14953,105,243,3,31,2024-11-18,3,523.63,0.1,Credit Card,Completed
14954,273,270,14,47,2024-01-24,2,17.58,0.0,Gift Card,Completed
14955,1250,30,14,8,2023-05-18,4,544.88,0.0,Credit Card,Cancelled
14956,1399,15,11,7,2023-01-29,4,454.62,0.0,Cash,Returned
14957,1660,261,5,23,2024-03-27,2,638.9,0.05,Credit Card,Cancelled
14958,1273,223,12,10,2024-12-14,1,162.74,0.1,PayPal,Returned
14959,1072,178,2,45,2025-03-09,3,41.87,0.0,Debit Card,Shipped
14960,1513,173,7,40,2025-03-05,5,159.58,0.0,PayPal,Completed
14961,151,221,7,2,2023-12-07,4,183.32,0.2,Gift Card,Completed
14962,423,226,3,43,2024-02-29,3,522.95,0.1,PayPal,Completed
14963,781,219,1,36,2023-03-16,5,243.18,0.0,Gift Card,Returned
14964,1028,144,15,15,2025-04-27,4,296.96,0.0,Debit Card,Completed
14965,1018,215,10,29,2023-11-08,2,108.22,0.15,Debit Card,Returned
14966,923,84,6,14,2025-05-07,3,38.26,0.15,Credit Card,Completed
14967,724,235,14,47,2024-11-23,2,265.0,0.2,Cash,Shipped
14968,1270,47,6,9,2024-12-20,2,126.89,0.0,Cash,Pending
14969,43,88,10,29,2025-01-05,5,291.53,0.15,Gift Card,Shipped
14970,790,8,6,14,2024-01-11,2,143.64,0.0,Credit Card,Cancelled
14971,687,237,8,24,2025-04-15,1,159.44,0.0,Gift Card,Completed
14972,669,205,3,31,2024-12-03,2,370.78,0.1,Credit Card,Completed
14973,1034,283,5,23,2025-10-30,6,84.31,0.0,Gift Card,Completed
14974,866,86,7,2,2024-06-06,1,302.91,0.0,Gift Card,Cancelled
14975,1415,82,8,19,2024-07-04,3,166.87,0.0,Gift Card,Shipped
14976,1860,298,12,10,2025-05-12,4,202.95,0.0,Gift Card,Completed
14977,208,31,13,42,2025-03-06,2,179.93,0.05,PayPal,Returned
14978,557,216,12,10,2023-01-03,1,91.49,0.2,Cash,Completed
14979,1437,237,5,23,2025-09-25,3,159.44,0.0,PayPal,Completed
14980,124,176,10,4,2023-05-08,2,171.51,0.0,Credit Card,Cancelled
14981,1277,57,1,50,2025-07-16,5,207.9,0.0,Credit Card,Completed
14982,255,246,15,32,2025-12-01,3,594.34,0.05,Credit Card,Cancelled
14983,1219,120,8,39,2024-03-03,6,346.06,0.0,Gift Card,Returned
14984,217,180,7,40,2025-08-14,1,177.87,0.15,Credit Card,Completed
14985,1481,222,7,40,2025-12-13,6,412.69,0.05,Credit Card,Pending
14986,1177,60,10,6,2025-05-23,2,307.03,0.15,Gift Card,Cancelled
14987,1395,296,11,33,2024-01-07,6,81.85,0.05,Cash,Completed
14988,932,86,12,11,2024-02-17,2,302.91,0.05,Credit Card,Returned
14989,594,188,13,49,2024-10-24,3,448.74,0.15,Debit Card,Shipped
14990,1529,13,12,10,2024-11-21,6,127.76,0.2,Gift Card,Returned
14991,1998,275,1,36,2025-07-12,1,255.49,0.05,PayPal,Completed
14992,1285,247,9,38,2025-03-04,3,58.54,0.15,Credit Card,Shipped
14993,1501,165,4,26,2025-04-29,2,216.64,0.15,Gift Card,Returned
14994,1302,223,1,36,2024-02-23,1,162.74,0.15,Cash,Pending
14995,81,232,3,31,2023-07-13,2,316.8,0.2,Gift Card,Completed
14996,1311,248,11,12,2024-01-20,2,230.55,0.05,Cash,Completed
14997,1577,62,6,9,2023-06-11,3,539.25,0.1,Cash,Completed
14998,1161,117,8,24,2023-01-31,5,77.12,0.05,Credit Card,Completed
14999,1467,291,8,19,2024-01-01,6,9.1,0.1,PayPal,Pending
15000,368,227,11,7,2023-01-25,1,225.3,0.1,Cash,Pending
